1629013127.723922968 -0.0008078398998608854 -0.0010103939926094168 0.0 0.0 0.0 -2.025240558007241e-08 0.9999999999999998
1629013127.723922968 -0.0008858584452359136 -0.007821112205194757 0.0 0.0 0.0 -2.549456762318998e-08 0.9999999999999997
1629013127.723922968 -0.0010532485851896028 -0.002704571856681821 0.0 0.0 0.0 2.4117188512461865e-09 1.0
1629013127.723922968 -0.001162726508390665 0.00021267330571233788 0.0 0.0 0.0 -4.3727082467132944e-08 0.999999999999999
1629013127.723922968 -0.001420534713184682 0.00022122503950596666 0.0 0.0 0.0 -3.761626739109676e-08 0.9999999999999993
1629013127.723922968 -0.002247074669502218 -0.007449358175681228 0.0 0.0 0.0 1.5115124478801063e-08 0.9999999999999999
1629013128.224887848 -0.00018902132267702536 9.846654496998116e-06 0.0 0.0 0.0 4.0046866855657514e-08 0.9999999999999992
1629013128.224887848 -0.000503746031706416 0.004186890119038762 0.0 0.0 0.0 0.000517936266754126 0.9999998658710028
1629013128.325093031 -0.003514149389418869 -0.004667861292163584 0.0 0.0 0.0 0.0005179455347131452 0.9999998658662025
1629013128.325093031 8.324831042136246e-05 3.483921044771291e-05 0.0 0.0 0.0 0.0005180021590039747 0.9999998658368726
1629013128.425327301 -0.0008099810920797729 0.009511733563581577 0.0 0.0 0.0 -0.0003956096438649845 0.9999999217465018
1629013128.425327301 -0.003976185071592907 -0.0015696078813603384 0.0 0.0 0.0 -0.0003955335477988207 0.9999999217766032
1629013128.525490284 -0.00023141032752966575 0.009643441786373457 0.0 0.0 0.0 0.00012226574298528688 0.9999999925255441
1629013128.525490284 0.007169464759200233 0.0029077637681626523 0.0 0.0 0.0 0.00012240452032661836 0.9999999925085666
1629013128.625700474 0.007985003212767721 0.0033644116312695274 0.0 0.0 0.0 0.0008129580446940649 0.9999996695495542
1629013128.625700474 0.009119418894397893 0.0026799732242505933 0.0 0.0 0.0 0.0008129596832155601 0.9999996695482222
1629013128.926275730 0.0023150574431879383 -0.010656763431943356 0.0 0.0 0.0 0.00029492643229957866 0.9999999565091988
1629013128.926275730 0.007598563110348759 0.004627254863669382 0.0 0.0 0.0 0.0002950659330124261 0.9999999564680466
1629013128.926275730 0.008152863175252743 0.005096715559943266 0.0 0.0 0.0 0.00029508096746523534 0.9999999564636104
1629013128.926275730 -0.008259932402485968 -0.0064446415275797005 0.0 0.0 0.0 0.00029506627552145843 0.9999999564679456
1629013128.926275730 0.008739434384836015 0.0029739107169384675 0.0 0.0 0.0 0.0008129901423676076 0.9999996695234596
1629013128.926275730 0.009613759385668875 0.003689966356091849 0.0 0.0 0.0 0.000813021195568493 0.9999996694982132
1629013129.327075481 0.0025804011712705936 -0.010315848325612775 0.0 0.0 0.0 0.000717860312945334 0.9999997423382524
1629013129.327075481 0.002604305230459371 -0.010649219507104037 0.0 0.0 0.0 0.00029496139436137136 0.999999956498887
1629013129.327075481 0.0029458120506036774 -0.010281330212750435 0.0 0.0 0.0 0.0007178809141538378 0.9999997423234633
1629013129.327075481 0.003375307833013944 -0.010139108340779183 0.0 0.0 0.0 0.0007178972649559317 0.9999997423117253
1629013129.727863789 0.007748822204408224 0.009981750906829416 0.0 0.0 0.0 0.0007179796645330154 0.9999997422525675
1629013129.727863789 0.008922822556932998 0.01010419140335597 0.0 0.0 0.0 0.0007179867077539609 0.9999997422475105
1629013129.727863789 0.013072277480832069 -0.0008230042849973708 0.0 0.0 0.0 0.0007177532764972986 0.9999997424150838
1629013129.928267002 -0.009499251382721003 0.008556986161099338 0.0 0.0 0.0 0.000717914522294902 0.9999997422993361
1629013129.928267002 -0.009938695405045028 0.008958788165206726 0.0 0.0 0.0 0.0007179199827898858 0.999999742295416
1629013129.928267002 -0.010635802462150012 0.008840496116373595 0.0 0.0 0.0 0.0007178744112420989 0.9999997423281316
1629013129.928267002 -0.010882664995764724 0.008633308770172503 0.0 0.0 0.0 0.0007178861320845995 0.9999997423197174
1629013130.128615141 0.007252755668499417 0.013550008074891533 0.0 0.0 0.0 0.0007179613539044538 0.999999742265714
1629013130.128615141 -0.012496115043442911 -0.010695707127312756 0.0 0.0 0.0 0.0007178171089554437 0.9999997423692658
1629013130.128615141 0.01575245616726224 -0.0020760966473423394 0.0 0.0 0.0 0.0007177723943911402 0.9999997424013618
1629013130.128615141 0.016705812089486693 -0.0015128609243389636 0.0 0.0 0.0 0.0007177929362806287 0.9999997423866172
1629013130.128615141 0.016721228085895164 -0.000300296823086402 0.0 0.0 0.0 0.0007177667498310881 0.9999997424054132
1629013130.128615141 0.01763272083338738 0.0011618812629609746 0.0 0.0 0.0 0.0007177538367756139 0.9999997424146817
1629013130.729794502 -0.011865567571745726 -0.01392987540603012 0.0 0.0 0.0 0.0007178554344732163 0.9999997423417544
1629013130.729794502 -0.01250900801335591 -0.01722798264270657 0.0 0.0 0.0 0.0014296360041807328 0.9999989780699257
1629013130.830001831 -0.011020921522839766 -0.019815133044060514 0.0 0.0 0.0 0.0026005000674548693 0.9999966186939829
1629013130.830001831 -0.011826952168240555 -0.02048869169013468 0.0 0.0 0.0 0.0026004582516896404 0.9999966188027244
1629013130.830001831 -0.012188468996712673 -0.01483713837057746 0.0 0.0 0.0 0.0007178562771584143 0.9999997423411495
1629013130.830001831 -0.012553352765734547 -0.014496694450243281 0.0 0.0 0.0 0.0007178874523092146 0.9999997423187698
1629013130.830001831 -0.012623619835152495 -0.01973104021470034 0.0 0.0 0.0 0.0026004159812678456 0.9999966189126464
1629013131.230769873 -0.011204173608427596 0.012672729397287254 0.0 0.0 0.0 0.0026004276372160904 0.9999966188823358
1629013131.230769873 -0.011987352296300092 0.012487846212424984 0.0 0.0 0.0 0.002600463739147478 0.9999966187884544
1629013131.230769873 0.035009036930734885 0.008413178288898817 0.0 0.0 0.0 0.007141653428727439 0.9999744980679777
1629013131.230769873 0.03501992406442365 0.0070292351163074715 0.0 0.0 0.0 0.007141705520472723 0.9999744976959457
1629013131.230769873 0.04383200646984915 0.0064442317800758615 0.0 0.0 0.0 0.007141452949960565 0.999974499499744
1629013131.230769873 0.0715958588388535 -0.012274696616664546 0.0 0.0 0.0 0.007141633863664527 0.999974498207708
1629013131.631546736 0.06903674830545307 -0.013824022708611498 0.0 0.0 0.0 0.0071417194682049595 0.9999744975963324
1629013131.631546736 0.09820294439333299 -7.809635933788642e-05 0.0 0.0 0.0 0.014620237038722544 0.9998931186226514
1629013131.731744289 0.030200054856995746 0.001846238961249465 0.0 0.0 0.0 0.007141428039611277 0.9999744996776443
1629013131.731744289 0.13487387562072617 -0.007923180155096481 0.0 0.0 0.0 0.016276087150081178 0.9998675357201487
1629013131.831948757 0.1091990181217597 -0.0046527211640760785 0.0 0.0 0.0 0.01800243930094943 0.9998379429583655
1629013131.831948757 0.1092764647643919 -0.004848896858695611 0.0 0.0 0.0 0.018002358978041273 0.9998379444046048
1629013131.831948757 0.13149640967144732 -0.0016763535841428992 0.0 0.0 0.0 0.014620470982619548 0.9998931152019431
1629013131.831948757 0.13268899537804202 -0.008437358178064399 0.0 0.0 0.0 0.016276031887883343 0.9998675366197187
1629013131.831948757 0.13411722778193677 -0.012039281648850353 0.0 0.0 0.0 0.018002152141428075 0.9998379481287339
1629013131.831948757 0.13449607333415534 -0.013113695451221666 0.0 0.0 0.0 0.018002133401536193 0.9998379484661468
1629013132.533311367 0.10849615345691496 -0.004758324136607442 0.0 0.0 0.0 0.01800242144444704 0.999837943279878
1629013132.533311367 0.10863945264639488 -0.004571502265924326 0.0 0.0 0.0 0.018002400929980247 0.9998379436492477
1629013132.533311367 0.10901405082851598 -0.005209503641958954 0.0 0.0 0.0 0.018002386039232123 0.9998379439173603
1629013132.533311367 0.10910938907553266 -0.005459740742268292 0.0 0.0 0.0 0.018002468597121193 0.999837942430877
1629013132.533311367 0.10957327600006779 -0.005208278259858171 0.0 0.0 0.0 0.01800237152473101 0.9998379441786982
1629013132.533311367 0.12934463687978281 -0.021169928021825123 0.0 0.0 0.0 0.0232457790336678 0.9997297803692345
1629013132.934135914 0.10844585700110071 -0.004090007427516771 0.0 0.0 0.0 0.018002303583354723 0.999837945402
1629013132.934135914 0.10871387072175565 -0.004808415878930957 0.0 0.0 0.0 0.018002339929939045 0.999837944747571
1629013132.934135914 0.14521398548622166 -0.021828295560441833 0.0 0.0 0.0 0.0246793802186052 0.9996954177108274
1629013133.134488583 0.10855230508215526 -0.006671137193152046 0.0 0.0 0.0 0.018002278436521857 0.9998379458547739
1629013133.134488583 0.10881319658640186 -0.005945517033480284 0.0 0.0 0.0 0.018002294999129045 0.9998379455565608
1629013133.134488583 0.10897839728469115 -0.005313286104469334 0.0 0.0 0.0 0.01800231520415235 0.9998379451927649
1629013133.134488583 0.10903618433254335 -0.00381080582438493 0.0 0.0 0.0 0.018002303329327517 0.9998379454065738
1629013133.134488583 0.10907106245444967 -0.005809953469206579 0.0 0.0 0.0 0.018002288343929716 0.9998379456763891
1629013133.134488583 0.14598853771559853 -0.023666648124341178 0.0 0.0 0.0 0.024334159833356944 0.99970388048922
1629013133.635461807 0.14750625077554483 -0.02640549439630817 0.0 0.0 0.0 0.01860725349109564 0.9998268700717731
1629013135.038238049 0.15021380003490464 -0.04344286285402046 0.0 0.0 0.0 -0.027559094940827835 0.9996201760098895
1629013135.243909359 0.15512364980103105 -0.05722129408751769 0.0 0.0 0.0 -0.03705691382876468 0.9993131566918788
1629013135.639563084 0.16478538004675855 -0.07982049507766754 0.0 0.0 0.0 -0.05373498652409197 0.9985552319342459
1629013135.739579201 0.16573296424980036 -0.08533604103019185 0.0 0.0 0.0 -0.05823299853378672 0.9983030190687414
1629013136.140389442 0.17539278214535714 -0.11471240189198448 0.0 0.0 0.0 -0.07539284336677367 0.9971539094688809
1629013136.240868092 0.10764707729701838 -0.005866759094758926 0.0 0.0 0.0 0.0180023141373541 0.9998379452119729
1629013136.240868092 0.17554982523171517 -0.12235480511514954 0.0 0.0 0.0 -0.0796367554188117 0.99682394994621
1629013136.340748310 0.1083099004038685 -0.005857548831465371 0.0 0.0 0.0 0.018002270075558168 0.9998379460053147
1629013136.340748310 0.10862832131429806 -0.005774611727991448 0.0 0.0 0.0 0.018002296169043155 0.9998379455354963
1629013136.340748310 0.17623968074007623 -0.1268848851220325 0.0 0.0 0.0 -0.0844664784475059 0.9964263214200421
1629013136.541119576 0.10803009973585605 -0.006392587039466633 0.0 0.0 0.0 0.01800221051038793 0.999837947077795
1629013136.541119576 0.10850131625497517 -0.005818461901905972 0.0 0.0 0.0 0.018002252362979535 0.9998379463242328
1629013141.250308990 0.10666972486973253 -0.007337427420257112 0.0 0.0 0.0 0.018002184274843253 0.9998379475501691
1629013141.250308990 0.10691511458380414 -0.006733331296543723 0.0 0.0 0.0 0.01800214213839884 0.9998379483088391
1629013141.250308990 0.10771838277037046 -0.007089174844631132 0.0 0.0 0.0 0.01800212418719232 0.9998379486320516
1629013141.250308990 0.10774887711413565 -0.006554679220602838 0.0 0.0 0.0 0.01800216475611231 0.9998379479016056
1629013141.751293659 0.10641487707794287 -0.00802230949212355 0.0 0.0 0.0 0.018002185961313005 0.999837947519804
1629013141.751293659 0.10645403249867423 -0.00788228474405552 0.0 0.0 0.0 0.018002178180405035 0.9998379476599
1629013141.751293659 0.10685478911306216 -0.007398918695994626 0.0 0.0 0.0 0.018002175496032325 0.9998379477082324
1629013146.961471319 0.10564802993382412 -0.008531051972885048 0.0 0.0 0.0 0.018002167074710407 0.999837947859859
1629013147.963420868 0.1055592461548654 -0.008694133212541123 0.0 0.0 0.0 0.01800211500531155 0.9998379487973716
1629013148.163911819 0.1063026703143035 -0.00942817211325872 0.0 0.0 0.0 0.01800212515033894 0.99983794861471
1629013148.967636585 0.10586599057157489 -0.009535740673721453 0.0 0.0 0.0 0.018002137935018783 0.9998379483845212
1629013148.967636585 0.17617764283647913 -0.12830106287270543 0.0 0.0 0.0 -0.08446647201617924 0.9964263219652219
1629013149.566569805 0.1744284060402621 -0.12764612534174755 0.0 0.0 0.0 -0.08446650148259459 0.9964263194673708
1629013149.566569805 0.17461976745340274 -0.12801269448872532 0.0 0.0 0.0 -0.08446652492333763 0.9964263174803119
1629013149.566569805 3.2555621240145807 -0.746885212096795 0.0 0.0 0.0 0.09195252071239937 0.995763392545958
1629013149.566569805 3.2559946519840985 -0.7473021858658568 0.0 0.0 0.0 0.09195246025249822 0.9957633981290499
1629013149.566569805 3.256104982938172 -0.7454382784168349 0.0 0.0 0.0 0.09195247962143223 0.995763396340451
1629013149.566569805 3.2562706463120437 -0.7484031213264215 0.0 0.0 0.0 0.09195251115678482 0.9957633934283593
1629013149.566569805 3.256563977900202 -0.7471544441524312 0.0 0.0 0.0 0.09195249375894653 0.9957633950349405
1629013150.267954588 3.2562749234854955 -0.7478283409438331 0.0 0.0 0.0 0.09195247583389927 0.9957633966902059
1629013150.267954588 3.507450201361505 -0.6924347574443126 0.0 0.0 0.0 0.10027543547710058 0.9949597162900002
1629013150.368111134 3.5091786220628083 -0.6919032055369925 0.0 0.0 0.0 0.10027542401966608 0.9949597174447196
1629013150.368111134 3.5841245538676136 -0.6763099669658477 0.0 0.0 0.0 0.10446778484978485 0.9945282710554684
1629013150.468353271 3.5846320572718624 -0.6766436009292368 0.0 0.0 0.0 0.10446775402532792 0.9945282742933473
1629013150.468353271 3.6051540852155957 -0.677020401794081 0.0 0.0 0.0 0.10915595376696598 0.994024636393497
1629013150.571737289 3.6054419940422386 -0.6764900901559966 0.0 0.0 0.0 0.10915598836166732 0.9940246325945788
1629013150.571737289 3.612956971260737 -0.679633052254772 0.0 0.0 0.0 0.11586573309488031 0.9932648850605693
1629013150.668736935 3.611003517407863 -0.674608295070789 0.0 0.0 0.0 0.12371239882269457 0.9923181155141403
1629013150.668736935 3.612204899810035 -0.6809598231349316 0.0 0.0 0.0 0.11586570440501397 0.9932648884072818
1629013150.768898010 3.6101247795406097 -0.6752778301114964 0.0 0.0 0.0 0.13310697535675042 0.9911016764749101
1629013150.768898010 3.610569046534878 -0.675259514926211 0.0 0.0 0.0 0.12371244054438202 0.9923181103126923
1629013150.869095564 3.609046802569688 -0.6736938739336787 0.0 0.0 0.0 0.14272479618506811 0.9897624121747253
1629013150.869095564 3.6100769755758195 -0.6744401954100954 0.0 0.0 0.0 0.14272475255158795 0.9897624184667188
1629013150.869095564 3.6107254567474563 -0.6749559332158742 0.0 0.0 0.0 0.1331069479814513 0.9911016801514683
1629013150.869095564 3.6107821880546025 -0.6734828905875841 0.0 0.0 0.0 0.1427247516737465 0.9897624185933044
1629013150.869095564 3.6108840922372165 -0.6732274818461441 0.0 0.0 0.0 0.14272477523863902 0.9897624151952225
1629013150.869095564 3.6116684723419574 -0.6737650684159056 0.0 0.0 0.0 0.1427247739585662 0.9897624153798104
1629013151.470263958 3.6062308524760214 -0.6266198625334265 0.0 0.0 0.0 0.20885952572036903 0.9779456521278994
1629013151.470263958 3.6086722959538236 -0.6717117188903325 0.0 0.0 0.0 0.14272479676114871 0.9897624120916538
1629013151.470263958 3.6096029340027096 -0.671850946179888 0.0 0.0 0.0 0.14272480289881753 0.9897624112065955
1629013151.570468903 3.605698243003621 -0.6278761349790399 0.0 0.0 0.0 0.20885949692815073 0.9779456582770434
1629013151.570468903 3.606211166123244 -0.6252961732509569 0.0 0.0 0.0 0.21932424606849962 0.9756520256149137
1629013151.570468903 3.6064824395801556 -0.6247253775683004 0.0 0.0 0.0 0.2193242223230012 0.9756520309528448
1629013151.770849705 3.606614112137612 -0.6021435563170466 0.0 0.0 0.0 0.24154954780848975 0.9703884871295176
1629013151.770849705 3.606661061496019 -0.6258879307105775 0.0 0.0 0.0 0.2193242418864605 0.9756520265550261
1629013151.971232891 3.60702458969966 -0.5689416403064227 0.0 0.0 0.0 0.26402203699263094 0.9645166478512758
1629013151.971232891 3.608117346913511 -0.6024394690638183 0.0 0.0 0.0 0.2415495507407352 0.9703884863996218
1629013151.971232891 3.608763115810646 -0.6021003215979077 0.0 0.0 0.0 0.24154952789248266 0.970388492087019
1629013152.171621323 3.606988714738982 -0.5686979664129854 0.0 0.0 0.0 0.26402203021543164 0.9645166497064328
1629013152.171621323 3.6072923390526936 -0.5686928713539723 0.0 0.0 0.0 0.2640220396339452 0.9645166471282554
1629013152.171621323 3.6081382124963643 -0.5546674547547843 0.0 0.0 0.0 0.28583764210441676 0.9582780610846663
1629013152.171621323 3.6081558060175585 -0.5531245033184065 0.0 0.0 0.0 0.28583763956613784 0.9582780618417907
1629013152.171621323 3.608240373666753 -0.553282901979216 0.0 0.0 0.0 0.2858376553966879 0.9582780571198134
1629013152.171621323 3.6083943812277353 -0.5533947594340299 0.0 0.0 0.0 0.2858376569558509 0.9582780566547422
1629013152.672604084 3.6073839544004174 -0.5526629944492844 0.0 0.0 0.0 0.2858376487946113 0.9582780590890978
1629013152.672604084 3.623956478979003 -0.4556930551554789 0.0 0.0 0.0 0.3408365155135997 0.9401225822692207
1629013152.772806168 3.606946762242302 -0.5532187840143862 0.0 0.0 0.0 0.28583764716378124 0.958278059575546
1629013152.772806168 3.63141509955917 -0.42676263345334625 0.0 0.0 0.0 0.35124300329698854 0.9362843332209034
1629013152.872993946 3.622827110247593 -0.4549631321894675 0.0 0.0 0.0 0.34083652110457563 0.9401225802422417
1629013152.872993946 3.629678532258356 -0.4067146986874941 0.0 0.0 0.0 0.3624660824721533 0.9319969630086196
1629013152.872993946 3.630266650927917 -0.40739206332597305 0.0 0.0 0.0 0.362466087651737 0.9319969609942101
1629013152.872993946 3.6319595950157266 -0.42790273627367414 0.0 0.0 0.0 0.35124304867531253 0.9362843161974209
1629013153.073383331 3.6314912752627055 -0.4062000630091745 0.0 0.0 0.0 0.36246609643836253 0.9319969575769739
1629013153.073383331 3.655631344659596 -0.357182341479662 0.0 0.0 0.0 0.3843839028855772 0.9231733397376958
1629013153.073383331 3.6559763479846636 -0.3577130585337277 0.0 0.0 0.0 0.38438389450010774 0.9231733432291739
1629013153.073383331 3.6561173455087426 -0.35733167718730774 0.0 0.0 0.0 0.38438388533555684 0.9231733470450398
1629013153.073383331 3.6561860673201294 -0.3583489543188522 0.0 0.0 0.0 0.3843838882937693 0.9231733458133218
1629013153.574472904 3.6545154998597256 -0.3571417228180432 0.0 0.0 0.0 0.38438386737222363 0.9231733545244755
1629013153.574472904 3.654708688563497 -0.35705941877771225 0.0 0.0 0.0 0.3843838916136092 0.9231733444310322
1629013153.574472904 3.8113437402150883 -0.17986441475545573 0.0 0.0 0.0 0.43865665304457585 0.898654739452105
1629013153.574472904 3.8117900901310104 -0.17987050568403526 0.0 0.0 0.0 0.4386566911743213 0.8986547208399877
1629013153.874973774 3.8101653319314606 -0.18009764448109977 0.0 0.0 0.0 0.4386566349536095 0.8986547482827739
1629013153.874973774 3.888193604452746 -0.06731657581668873 0.0 0.0 0.0 0.47011592407363884 0.8826046781727303
1629013153.975163460 3.809700695414167 -0.17960383198584257 0.0 0.0 0.0 0.4386566462925688 0.8986547427479344
1629013153.975163460 3.888635548678161 -0.06752286753328797 0.0 0.0 0.0 0.47011591090887583 0.8826046851848895
1629013153.975163460 3.908274369174999 -0.0337570422880385 0.0 0.0 0.0 0.48057612977098124 0.8769530109956548
1629013153.975163460 3.9085345816741817 -0.03351007745533066 0.0 0.0 0.0 0.4805761200221349 0.8769530163380879
1629013154.278061152 3.90840720239928 -0.03380194353869979 0.0 0.0 0.0 0.48057611386512916 0.8769530197121682
1629013154.278061152 3.9731868492838327 0.09243143030360963 0.0 0.0 0.0 0.5109453160063218 0.8596132177038694
1629013154.375954628 3.9728986698514674 0.09270628796514084 0.0 0.0 0.0 0.5109453009191381 0.8596132266715371
1629013154.375954628 3.9795494448142774 0.12762418590368074 0.0 0.0 0.0 0.5210271232439501 0.8535401202311076
1629013154.375954628 3.9800480032317243 0.12849776791500106 0.0 0.0 0.0 0.521027120735723 0.8535401217622065
1629013154.576766491 3.978698318192509 0.1277311679210046 0.0 0.0 0.0 0.5210271350622313 0.8535401130168654
1629013154.576766491 4.020980147056823 0.20975465503745028 0.0 0.0 0.0 0.5399639552192497 0.8416881412162014
1629013154.678047657 4.021025188387878 0.2099960959104601 0.0 0.0 0.0 0.5399639376163843 0.8416881525088787
1629013154.678047657 4.0386859777409 0.24746077943922853 0.0 0.0 0.0 0.5498338841113752 0.8352740268217363
1629013154.678047657 4.039552748418935 0.24737280738383396 0.0 0.0 0.0 0.5498338733693204 0.8352740338928837
1629013154.878062725 4.038551507267509 0.24816846567205858 0.0 0.0 0.0 0.5498338801325614 0.8352740294408608
1629013154.878062725 4.044338057093924 0.33443473484630143 0.0 0.0 0.0 0.5688477643370575 0.8224428375326345
1629013154.878062725 4.0444582272194305 0.3345120807005117 0.0 0.0 0.0 0.5688477819268275 0.8224428253665591
1629013154.878062725 4.044559942134795 0.33404242398179806 0.0 0.0 0.0 0.5688477805842835 0.8224428262951382
1629013154.878062725 4.045611954888819 0.33412176123061604 0.0 0.0 0.0 0.5688478013536851 0.8224428119298499
1629013154.878062725 4.045700768741578 0.33358106851990094 0.0 0.0 0.0 0.5688478164604076 0.822442801481189
1629013155.377923250 4.044477169776481 0.3344722329826696 0.0 0.0 0.0 0.5688477484239258 0.8224428485390519
1629013155.377923250 4.045871394147706 0.333868333142443 0.0 0.0 0.0 0.5688477454498633 0.822442850596081
1629013155.377923250 4.065942698110348 0.5299925699672972 0.0 0.0 0.0 0.615356076664512 0.7882492619165966
1629013155.578306198 4.0471806272456785 0.33356459568495034 0.0 0.0 0.0 0.568847750760012 0.8224428469232833
1629013155.578306198 4.047906055925605 0.33382707667500844 0.0 0.0 0.0 0.5688477783198302 0.8224428278613616
1629013155.578306198 4.075270357465841 0.6153033408707977 0.0 0.0 0.0 0.6327792973666223 0.7743322031429429
1629013155.778695822 4.047944973047318 0.3348250192421059 0.0 0.0 0.0 0.5688477796137893 0.8224428269663866
1629013155.778695822 4.071583547181528 0.7025557603985743 0.0 0.0 0.0 0.650182494657893 0.7597780752564783
1629013155.878878117 4.048484743557248 0.33484152600189565 0.0 0.0 0.0 0.5688477770975418 0.8224428287067651
1629013155.878878117 4.068272937169262 0.7423838306892644 0.0 0.0 0.0 0.6589887359355715 0.7521528075531179
1629013155.979108810 4.047999910357548 0.33390818702416936 0.0 0.0 0.0 0.5688477607634882 0.8224428400043162
1629013155.979108810 4.064851343534983 0.7843440216920787 0.0 0.0 0.0 0.6676520398735772 0.7444734741094885
1629013156.079273701 4.046080829752441 0.33431638514507733 0.0 0.0 0.0 0.5688477264031879 0.8224428637698329
1629013156.079273701 4.047798429835965 0.33387883366286747 0.0 0.0 0.0 0.5688477453342551 0.8224428506760421
1629013156.079273701 4.060137910224387 0.8258837821941053 0.0 0.0 0.0 0.67553989549017 0.7373234362212625
1629013156.279649734 4.045564986122654 0.33350847463249594 0.0 0.0 0.0 0.5688477105226151 0.8224428747537297
1629013156.279649734 4.055868089565 0.913407905168338 0.0 0.0 0.0 0.6921851993682978 0.7217199247460678
1629013156.379860163 4.051706319578872 0.9549396256669933 0.0 0.0 0.0 0.6998274248770525 0.7143119594336591
1629013156.480060577 4.047323347258837 0.9944135687614961 0.0 0.0 0.0 0.7075760817915133 0.7066371689039359
1629013156.581030369 4.047954149733816 1.0360799317939724 0.0 0.0 0.0 0.7155823804236251 0.6985283507684268
1629013156.680430412 4.043077213547915 1.0763027421715492 0.0 0.0 0.0 0.7238918867235958 0.6899134266962433
1629013157.686052322 4.045348767441686 0.33359392479590994 0.0 0.0 0.0 0.5688477134634422 0.8224428727196884
1629013157.982985973 4.042085258639031 1.076055213078518 0.0 0.0 0.0 0.7238918344411664 0.6899134815535951
1629013157.982985973 4.042713494613033 1.0755911320100613 0.0 0.0 0.0 0.7238918282437654 0.6899134880562191
1629013157.982985973 4.042807929978559 1.076223621800709 0.0 0.0 0.0 0.7238918543294376 0.6899134606858228
1629013157.982985973 4.04521700638865 0.3337041307510555 0.0 0.0 0.0 0.5688477443822657 0.8224428513344916
1629013158.684444427 3.9552790472314907 1.9771218431549602 0.0 0.0 0.0 0.8806891838279399 0.47369458672068127
1629013158.684444427 4.041312575709084 1.0754916870991653 0.0 0.0 0.0 0.723891803793571 0.6899135137105883
1629013158.784572601 3.9551273836645313 1.976707831527646 0.0 0.0 0.0 0.8806891985017328 0.4736945594392821
1629013158.784572601 3.956578551893186 2.060930220886144 0.0 0.0 0.0 0.8932429637503302 0.44957425160981623
1629013158.784572601 3.9571405616852298 2.061708577994213 0.0 0.0 0.0 0.8932429645788034 0.44957424996375256
1629013158.984942913 3.9477245784764294 2.1465720267968926 0.0 0.0 0.0 0.9037918268223792 0.4279723516409285
1629013158.984942913 3.9571569015083883 2.06120656188395 0.0 0.0 0.0 0.8932429628207985 0.4495742534566694
1629013159.085130692 3.9448994522518257 2.1754115600363484 0.0 0.0 0.0 0.9066142213182865 0.4219604883202182
1629013159.085130692 3.945021374069216 2.1763882772563137 0.0 0.0 0.0 0.9066142119549828 0.42196050843798816
1629013159.085130692 3.945120097532999 2.1759816545350072 0.0 0.0 0.0 0.9066142195694378 0.42196049207775277
1629013159.085130692 3.945294181305502 2.17569686424365 0.0 0.0 0.0 0.9066142143986452 0.42196050318759387
1629013159.085130692 3.948509262034128 2.147138180766321 0.0 0.0 0.0 0.9037918366427244 0.42797233090232706
1629013159.485904694 3.9240911714005384 2.311758777991802 0.0 0.0 0.0 0.9075448610508178 0.41995514662907973
1629013159.485904694 3.94421743671346 2.1768291159332747 0.0 0.0 0.0 0.9066142100900454 0.42196051244494787
1629013159.485904694 3.9446175270269923 2.177271420856183 0.0 0.0 0.0 0.9066142059786847 0.42196052127851846
1629013159.485904694 3.944923947349416 2.1759182139598727 0.0 0.0 0.0 0.9066142128500225 0.4219605065149273
1629013159.686296701 3.9229829768032003 2.343594090492669 0.0 0.0 0.0 0.9060749523281624 0.423117218703657
1629013159.686296701 3.924031123682634 2.312679612009355 0.0 0.0 0.0 0.9075448612518834 0.4199551461945665
1629013159.886710405 3.9208881930160744 2.3580247608024467 0.0 0.0 0.0 0.905408377294805 0.4245417180023514
1629013159.886710405 3.9226760803898704 2.359719108935823 0.0 0.0 0.0 0.9054083932523254 0.42454168397018743
1629013159.886710405 3.922702060423569 2.3592062491499384 0.0 0.0 0.0 0.9054083901638081 0.4245416905569834
1629013159.886710405 3.9229816961563886 2.34326890169938 0.0 0.0 0.0 0.9060749820389769 0.42311715508008857
1629013160.187287807 3.92186081758312 2.3571550985911998 0.0 0.0 0.0 0.9054083714858727 0.42454173039090026
1629013160.187287807 3.922956132568917 2.3364326165745872 0.0 0.0 0.0 0.9070339452591808 0.4210575045615093
1629013160.287604094 3.92291981557832 2.3275844788765143 0.0 0.0 0.0 0.9080968659442722 0.41876017248801317
1629013160.287604094 3.923035465437674 2.336710866469905 0.0 0.0 0.0 0.9070339403651863 0.4210575151040576
1629013160.287604094 3.9230956270232715 2.3268532456827047 0.0 0.0 0.0 0.9080968543261237 0.4187601976823952
1629013160.287604094 3.9236796645628145 2.326989812753311 0.0 0.0 0.0 0.9080968663254914 0.41876017166132534
1629013160.490854502 3.923188145287016 2.327869710925619 0.0 0.0 0.0 0.9080968573355037 0.41876019115644436
1629013160.490854502 3.9285099520021034 2.2969725470185547 0.0 0.0 0.0 0.911993171837788 0.41020538090236075
1629013160.588062286 3.9284141128778254 2.2958852408904153 0.0 0.0 0.0 0.911993173034097 0.41020537824265485
1629013160.588062286 3.9313242473708003 2.2698831800377812 0.0 0.0 0.0 0.9147163559577873 0.40409650845225886
1629013160.788452625 3.9308697587088184 2.269375622388707 0.0 0.0 0.0 0.9147163376023941 0.4040965500016833
1629013160.788452625 3.93101087568594 2.269489969109827 0.0 0.0 0.0 0.9147163411346529 0.4040965420060325
1629013160.788452625 3.9318100993788927 2.2691772862875292 0.0 0.0 0.0 0.9147163551137375 0.40409651036285743
1629013160.788452625 3.9404376115342195 2.1935273774713866 0.0 0.0 0.0 0.9227305349647371 0.3854456639316234
1629013161.089177847 3.931658225565456 2.2702900165196107 0.0 0.0 0.0 0.9147163286595658 0.404096570244744
1629013161.089177847 3.9318798561874644 2.268654573227904 0.0 0.0 0.0 0.9147163343271718 0.40409655741550393
1629013161.089177847 3.9321239320974275 2.2676454781661324 0.0 0.0 0.0 0.914716347681384 0.4040965271867966
1629013161.089177847 3.932132910100351 2.2682177073499297 0.0 0.0 0.0 0.9147163422520169 0.40409653947675794
1629013161.089177847 3.932376403170605 2.2692783469870013 0.0 0.0 0.0 0.9147163148502739 0.40409660150356924
1629013161.089177847 3.9695012044916065 2.0537739173742744 0.0 0.0 0.0 0.9381089744370448 0.3463402259060824
1629013161.590049744 3.9311778633019934 2.270978568637399 0.0 0.0 0.0 0.9147163265159288 0.4040965750970982
1629013161.590049744 3.932932603234484 2.2707028415773842 0.0 0.0 0.0 0.9147162946393984 0.40409664725306654
1629013161.590049744 4.04219586132154 1.8267077426112088 0.0 0.0 0.0 0.964492062696042 0.2641118342602884
1629013161.790414810 3.9336111128403286 2.271944971180722 0.0 0.0 0.0 0.9147162860078493 0.40409666679150724
1629013161.790414810 3.934017309651005 2.2711251858952965 0.0 0.0 0.0 0.9147162829012313 0.4040966738236714
1629013161.790414810 3.934117902376157 2.2710549974339735 0.0 0.0 0.0 0.9147162915513382 0.4040966542432234
1629013161.790414810 4.0815857414179275 1.735769100429611 0.0 0.0 0.0 0.9700724948030897 0.24281547484975
1629013161.990804672 3.9341966730943776 2.2714361293352536 0.0 0.0 0.0 0.9147162775493755 0.4040966859381723
1629013161.990804672 3.9347129570490202 2.2722931275333704 0.0 0.0 0.0 0.9147162593728503 0.40409672708268807
1629013161.990804672 3.9348339575829994 2.271423528668544 0.0 0.0 0.0 0.9147162630698898 0.4040967187140426
1629013161.990804672 4.142230003381065 1.6560304762673226 0.0 0.0 0.0 0.9690129683476538 0.24700985238259
1629013162.391571283 3.9315161521780833 2.2717944967465895 0.0 0.0 0.0 0.9147162721543751 0.4040966981503353
1629013162.391571283 3.932398566528174 2.2712988321165324 0.0 0.0 0.0 0.9147162694868053 0.404096704188666
1629013162.391571283 3.9335394280360565 2.271840415781568 0.0 0.0 0.0 0.914716254739305 0.40409673757121456
1629013162.391571283 4.259933312181437 1.5514752535464273 0.0 0.0 0.0 0.9609600857391817 0.27668703189008426
1629013162.792377234 3.931495053392974 2.2719397845348186 0.0 0.0 0.0 0.9147162739445791 0.40409669409801635
1629013162.792377234 4.286899073155837 1.5335327086084072 0.0 0.0 0.0 0.9591547692326613 0.28288182808063217
1629013162.992767334 3.9321316817008043 2.2729296985832033 0.0 0.0 0.0 0.9147162778014892 0.40409668536748566
1629013162.992767334 4.280473983637497 1.54335570857215 0.0 0.0 0.0 0.9608856198617489 0.2769455281150115
1629013162.992767334 4.286792396338924 1.532950923802976 0.0 0.0 0.0 0.9591547591149089 0.2828818623864406
1629013162.992767334 4.287046224094844 1.5337094749777633 0.0 0.0 0.0 0.9591547582867073 0.2828818651945864
1629013162.992767334 4.2873526121340335 1.533474372094501 0.0 0.0 0.0 0.9591547553220965 0.28288187524655806
1629013162.992767334 4.288500241747664 1.532865957074954 0.0 0.0 0.0 0.9591547531184328 0.28288188271842063
1629013163.794341564 4.237343875371303 1.6622050728370603 0.0 0.0 0.0 0.9762690605779666 0.21656112614736447
1629013163.794341564 4.288680585935277 1.533209314377046 0.0 0.0 0.0 0.9591547480399272 0.2828818999378784
1629013163.994716644 4.18963510287773 1.6962681674145856 0.0 0.0 0.0 0.9808703785106356 0.19466201622402438
1629013163.994716644 4.287085267804221 1.530165227965835 0.0 0.0 0.0 0.959154753677979 0.2828818808211927
1629013163.994716644 4.287977998508689 1.5317214784531286 0.0 0.0 0.0 0.9591547504813126 0.28288189165998395
1629013163.994716644 4.288908467134489 1.5312844265824195 0.0 0.0 0.0 0.9591547643871979 0.28288184450992754
1629013164.297129869 4.162974325554492 1.7489707116217632 0.0 0.0 0.0 0.9869198084732937 0.16121194634094965
1629013164.297129869 4.286509075510463 1.5304455842371514 0.0 0.0 0.0 0.9591547374505505 0.28288193584279214
1629013164.395480871 4.160599757242849 1.7682611148489973 0.0 0.0 0.0 0.9887013666791075 0.14989865752189038
1629013164.395480871 4.285869947672991 1.5300528803633138 0.0 0.0 0.0 0.9591547336483307 0.28288194873480293
1629013164.395480871 4.285900795701652 1.5314924102168568 0.0 0.0 0.0 0.9591547288823933 0.2828819648944462
1629013164.395480871 4.285924348197668 1.5307519783619847 0.0 0.0 0.0 0.9591547275354679 0.2828819694614032
1629013164.796288013 4.107120576999866 1.8193085942599017 0.0 0.0 0.0 0.994073674051429 0.10870846589798457
1629013165.197075605 3.9970502429544505 1.8470385293202074 0.0 0.0 0.0 0.9972887761205689 0.07358734282427748
1629013165.597881317 3.897224034503042 1.8615854435117234 0.0 0.0 0.0 0.9990835277967619 0.04280308966858472
1629013165.898430824 3.825563120466967 1.8651026906659176 0.0 0.0 0.0 0.9997558817668933 0.022094724992668176
1629013165.998615742 3.7926834855784386 1.863007261898636 0.0 0.0 0.0 0.9998904396918474 0.014802317819987776
1629013166.299229145 3.737276821004648 1.8738680676134052 0.0 0.0 0.0 -0.9999579897323397 0.009166175345147578
1629013171.309024096 4.2859551065584975 1.5304167370718647 0.0 0.0 0.0 0.9591547302748608 0.28288196017307143
1629013171.709802628 4.284739825653072 1.5309632714700747 0.0 0.0 0.0 0.9591547419915746 0.28288192044575045
1629013172.310935020 4.2848119918788585 1.531095433523642 0.0 0.0 0.0 0.9591547406585124 0.28288192496570347
1629013172.811977863 3.7374297336293454 1.873475715841546 0.0 0.0 0.0 -0.9999579900708745 0.009166138413574583
1629013172.811977863 4.284844506123044 1.5301455437789357 0.0 0.0 0.0 0.959154740191098 0.28288192655054367
1629013172.811977863 4.285203011008803 1.5308844920808062 0.0 0.0 0.0 0.9591547395530312 0.2828819287140077
1629013173.112493277 2.866154076516262 0.405574916802597 0.0 0.0 0.0 -0.9665852314608658 0.25634545114307083
1629013173.112493277 3.7382126677460277 1.873541423285514 0.0 0.0 0.0 -0.9999579900102362 0.009166145028767506
1629013173.212690830 2.8382693708848277 0.3815632490346422 0.0 0.0 0.0 -0.9688051345947153 0.2478237502397937
1629013173.212690830 3.7375352275451053 1.8730939330212455 0.0 0.0 0.0 -0.9999579900272014 0.00916614317798424
1629013173.312892914 2.8220902848801446 0.35289445217839505 0.0 0.0 0.0 -0.9709176695267584 0.23941361490259577
1629013173.312892914 3.738696062857406 1.8719494182743766 0.0 0.0 0.0 -0.99995798976617 0.009166171654530719
1629013173.413134813 2.805434630791702 0.33002702516024485 0.0 0.0 0.0 -0.9730265895743974 0.23069299075008146
1629013173.413134813 3.738768097025437 1.8715919069375124 0.0 0.0 0.0 -0.9999579898565665 0.009166161792970228
1629013173.413134813 3.7403091446149554 1.8709941690164422 0.0 0.0 0.0 -0.9999579897221682 0.009166176454783528
1629013173.413134813 3.740543371913869 1.8724039671434725 0.0 0.0 0.0 -0.9999579894602288 0.009166205030258924
1629013173.413134813 3.7408144641602807 1.8733248026309697 0.0 0.0 0.0 -0.9999579893751855 0.009166214307786922
1629013173.413134813 3.741080680871213 1.8735704863379494 0.0 0.0 0.0 -0.9999579898008005 0.009166167876610475
1629013174.114495277 2.5972912476585592 0.1709463972329896 0.0 0.0 0.0 -0.9856238520852775 0.16895449742631596
1629013174.114495277 3.7410813339133044 1.8736976128828235 0.0 0.0 0.0 -0.999957990187063 0.009166125738265385
1629013174.314868450 2.489890760906931 0.1243751610642464 0.0 0.0 0.0 -0.9887497526207855 0.14957916530164048
1629013174.314868450 3.7401929676836434 1.8753819481910248 0.0 0.0 0.0 -0.999957990632677 0.009166077124872466
1629013174.314868450 3.7412181943930043 1.8740919241211516 0.0 0.0 0.0 -0.9999579902461065 0.009166119297037544
1629013174.415051937 2.432880513764048 0.10441311878325261 0.0 0.0 0.0 -0.9900912881524666 0.14042521541585518
1629013174.415051937 3.739892726274575 1.8749880835049462 0.0 0.0 0.0 -0.9999579907243059 0.009166067128757924
1629013174.916043282 2.207563333359291 0.026354919154152175 0.0 0.0 0.0 -0.9955844184289512 0.09387047342741574
1629013175.116446972 2.0751533909999624 -0.000435767185009728 0.0 0.0 0.0 -0.9972336401427087 0.07433079420887855
1629013175.216599941 2.025514593320073 -0.010571603827901557 0.0 0.0 0.0 -0.9979602835223076 0.06383786111764246
1629013175.517198086 1.8624912870787305 -0.034659718931233714 0.0 0.0 0.0 -0.999621209192903 0.027521593916750003
1629013179.925849915 1.862263929614304 -0.03540441756758842 0.0 0.0 0.0 -0.9996212099937767 0.02752156482792932
1629013179.925849915 1.8624179730774344 -0.035733365606181525 0.0 0.0 0.0 -0.9996212093680306 0.02752158755588023
1629013179.925849915 3.7408402478055014 1.8753322807301602 0.0 0.0 0.0 -0.9999579908899529 0.009166049057740364
1629013179.925849915 3.741123158894673 1.875687746911029 0.0 0.0 0.0 -0.9999579906586713 0.009166074289059002
1629013179.925849915 3.741351934418851 1.8762994571751381 0.0 0.0 0.0 -0.9999579906966277 0.009166070148267168
1629013180.627175808 -0.12432972015118303 0.6390666534019506 0.0 0.0 0.0 -0.993949618771203 0.10983694890418326
1629013180.627175808 -0.12433723191894326 0.6399483361198163 0.0 0.0 0.0 -0.9939496114079402 0.10983701553667868
1629013180.627175808 1.861058483287788 -0.0371883553975451 0.0 0.0 0.0 -0.9996212076254674 0.027521650848054923
1629013180.828376532 -0.12393348060171684 0.6389543969505692 0.0 0.0 0.0 -0.9939496201260332 0.10983693664389227
1629013180.828376532 -0.4329121941568547 0.5217310289522532 0.0 0.0 0.0 -0.9814796992555027 0.1915661764229997
1629013180.828376532 -0.4331758032079784 0.5228372588814836 0.0 0.0 0.0 -0.9814797005636567 0.19156616972073806
1629013180.828376532 -0.4337965738075051 0.5233343605858926 0.0 0.0 0.0 -0.9814797018169272 0.1915661632996692
1629013180.828376532 -0.434582221392803 0.5236280851933238 0.0 0.0 0.0 -0.9814796976559325 0.19156618461831748
1629013180.828376532 -0.43494055716156904 0.5243601637473235 0.0 0.0 0.0 -0.9814797020052319 0.19156616233489934
1629013181.328547478 -0.4331348180440989 0.5221330752180531 0.0 0.0 0.0 -0.9814796987694466 0.1915661789132841
1629013181.328547478 -0.7236543208654564 0.3672319995345562 0.0 0.0 0.0 -0.954251618957946 0.29900476202920084
1629013181.428739548 -0.7235088907618346 0.3669541464069519 0.0 0.0 0.0 -0.9542516178784758 0.2990047654742503
1629013181.428739548 -0.9545761967699732 0.20576360049955003 0.0 0.0 0.0 -0.937561961965381 0.347818296637232
1629013181.629146099 -0.9539858415249831 0.2061325555375147 0.0 0.0 0.0 -0.9375619710385016 0.34781827218017164
1629013181.629146099 -0.9541144808977887 0.20524386561157484 0.0 0.0 0.0 -0.9375619605213321 0.34781830052973933
1629013181.629146099 -0.9548831271612617 0.20698491547737505 0.0 0.0 0.0 -0.9375619612713861 0.3478182985079304
1629013181.629146099 -1.014819475881357 0.11810202234598004 0.0 0.0 0.0 -0.9208776090427065 0.3898518041048267
1629013181.832266808 -1.014893598877316 0.1181671684366714 0.0 0.0 0.0 -0.9208776045868815 0.3898518146300298
1629013181.832266808 -1.0392616195299975 0.020807656351180363 0.0 0.0 0.0 -0.9029602722315871 0.42972403559896216
1629013181.832266808 -1.040627521522463 0.02163150965719119 0.0 0.0 0.0 -0.902960277692477 0.4297240241242336
1629013181.832266808 -1.0410922859751066 0.02263934393043482 0.0 0.0 0.0 -0.9029602845365609 0.42972400974305935
1629013181.832266808 -1.041492155452323 0.020960274527789216 0.0 0.0 0.0 -0.9029602613576956 0.42972405844779293
1629013181.832266808 -1.0420147230505736 0.02197134219350967 0.0 0.0 0.0 -0.9029602752073529 0.4297240293461159
1629013182.330725193 -1.0397211264322201 0.021898300473879556 0.0 0.0 0.0 -0.9029602580316615 0.429724065436642
1629013182.330725193 -1.0599641705356377 -0.20696848325267425 0.0 0.0 0.0 -0.8592595062946964 0.5115399308384387
1629013182.531440973 -1.059466803669529 -0.207450520513598 0.0 0.0 0.0 -0.8592594794314936 0.511539975961917
1629013182.531440973 -1.0597647173519835 -0.20789667444798748 0.0 0.0 0.0 -0.8592594750623025 0.5115399833010674
1629013182.531440973 -1.0649543454863006 -0.32460397590921947 0.0 0.0 0.0 -0.8518160384387055 0.5238410414033916
1629013182.734062195 -1.0608410420412113 -0.4563510248550797 0.0 0.0 0.0 -0.8611312665361635 0.5083826725940046
1629013182.734062195 -1.063727000943514 -0.32472628524934805 0.0 0.0 0.0 -0.851816033032128 0.5238410501950077
1629013182.831467628 -1.0599994872897576 -0.45642891435378663 0.0 0.0 0.0 -0.8611312546822973 0.508382692672845
1629013182.831467628 -1.0626111466783428 -0.32472133554145866 0.0 0.0 0.0 -0.8518160112921335 0.5238410855463325
1629013182.831467628 -1.0667516869165232 -0.5194388025326396 0.0 0.0 0.0 -0.8661739254623868 0.4997426646275857
1629013182.831467628 -1.0685179686887767 -0.5192327694611412 0.0 0.0 0.0 -0.8661739171023171 0.49974267911759185
1629013183.132084608 -1.068522619218112 -0.518965492603877 0.0 0.0 0.0 -0.8661738981570222 0.4997427119543301
1629013183.132084608 -1.0686268362175282 -0.5190099623924561 0.0 0.0 0.0 -0.8661738685275538 0.49974276330929673
1629013183.132084608 -1.0808535607796719 -0.7005303009486986 0.0 0.0 0.0 -0.8842899522975397 0.46693819747972537
1629013183.132084608 -1.0809796615957208 -0.7015425129468942 0.0 0.0 0.0 -0.8842899217919453 0.4669382552513717
1629013183.132084608 -1.081128284782763 -0.700032374295013 0.0 0.0 0.0 -0.8842899444958418 0.46693821225462057
1629013183.132084608 -1.0813832691122143 -0.6997323712333278 0.0 0.0 0.0 -0.8842899436510062 0.46693821385457446
1629013183.132084608 -1.0813839744447646 -0.7012637954015741 0.0 0.0 0.0 -0.8842899205873643 0.46693825753261314
1629013183.634452820 -1.0813017611773623 -0.7014359891265016 0.0 0.0 0.0 -0.8842899057733504 0.4669382855874628
1629013183.634452820 -1.0824732122514502 -0.7008623165208195 0.0 0.0 0.0 -0.8842898887487195 0.46693831782878703
1629013183.634452820 -1.0824945366004186 -0.7020872573055466 0.0 0.0 0.0 -0.8842899087715294 0.46693827990949766
1629013183.634452820 -1.0827047812121797 -0.7010169856647579 0.0 0.0 0.0 -0.8842899091700255 0.4669382791548238
1629013183.634452820 -1.0830406236435215 -0.7019157777522521 0.0 0.0 0.0 -0.884289903994547 0.4669382889561692
1629013183.634452820 -1.1177688039879248 -0.9888600694433727 0.0 0.0 0.0 -0.9131936499160578 0.4075258982604523
1629013184.033816814 -1.0828900196679783 -0.7004369488460289 0.0 0.0 0.0 -0.8842898814368737 0.4669383316759932
1629013184.033816814 -1.0835746194259608 -0.7002185636624205 0.0 0.0 0.0 -0.8842898792249105 0.46693833586501876
1629013184.033816814 -1.0839685087525437 -0.7000999709412306 0.0 0.0 0.0 -0.8842898829584315 0.4669383287944603
1629013184.033816814 -1.084075452355858 -0.7009611091495688 0.0 0.0 0.0 -0.8842898928953008 0.4669383099759725
1629013184.033816814 -1.084570828284781 -0.6998511000606942 0.0 0.0 0.0 -0.8842898944125447 0.46693830710260914
1629013184.033816814 -1.2783853493038728 -1.1959928146850858 0.0 0.0 0.0 -0.9341938420897963 0.356765841136038
1629013184.635001659 -1.278109852360295 -1.1968489355618435 0.0 0.0 0.0 -0.9341938414477418 0.3567658428172622
1629013184.635001659 -1.57880035874327 -1.4886105275218493 0.0 0.0 0.0 -0.9551099177387609 0.2962516582857511
1629013184.835386753 -1.2773543887197312 -1.1973678191006507 0.0 0.0 0.0 -0.9341938276538816 0.3567658789365792
1629013184.835386753 -1.2785388275129566 -1.1969679529387574 0.0 0.0 0.0 -0.934193805849305 0.35676593603200274
1629013184.835386753 -1.6986444620100956 -1.584770923218014 0.0 0.0 0.0 -0.9532481712002604 0.3021885572012265
1629013185.035778046 -1.5783784340448141 -1.4891335292038375 0.0 0.0 0.0 -0.9551099208396762 0.29625164828845685
1629013185.035778046 -1.6999949593999364 -1.5832968531019538 0.0 0.0 0.0 -0.9532481674518233 0.30218856902560154
1629013185.035778046 -1.7005241033666827 -1.5825143731758515 0.0 0.0 0.0 -0.9532481619973331 0.3021885862316879
1629013185.035778046 -1.77217788018499 -1.654611023913984 0.0 0.0 0.0 -0.9474040076576176 0.32004006979483834
1629013185.035778046 -1.7726678056429674 -1.6537352862703436 0.0 0.0 0.0 -0.9474039967261889 0.32004010215478224
1629013185.035778046 -1.772830515572051 -1.6531045721888993 0.0 0.0 0.0 -0.9474039882783359 0.3200401271626775
1629013185.737141132 -1.773020323010632 -1.6542893080959415 0.0 0.0 0.0 -0.9474040080125096 0.32004006874426305
1629013185.737141132 -1.773060005303621 -1.6530502434868009 0.0 0.0 0.0 -0.9474039911148792 0.32004011876575417
1629013185.737141132 -1.7731505403432282 -1.6536204843614204 0.0 0.0 0.0 -0.947403995337046 0.32004010626701535
1629013185.737141132 -1.7776123646600122 -1.68377348475388 0.0 0.0 0.0 -0.9412583417869517 0.33768733173821924
1629013185.737141132 -1.7778837303134036 -1.684834443653803 0.0 0.0 0.0 -0.9412583504968072 0.33768730746065917
1629013185.737141132 -1.7781196029043524 -1.6844729534941831 0.0 0.0 0.0 -0.9412583342947092 0.3376873526218438
1629013186.238120079 -1.7764616712737646 -1.6820067645022738 0.0 0.0 0.0 -0.9412583350383861 0.3376873505489439
1629013186.238120079 -1.7764915665535945 -1.6830336041802318 0.0 0.0 0.0 -0.941258336311528 0.337687347000231
1629013186.238120079 -1.778171024402934 -1.6631123008783224 0.0 0.0 0.0 -0.9565760770594715 0.29148277615926504
1629013186.238120079 -1.7785060787957265 -1.6627612382472783 0.0 0.0 0.0 -0.9565760653248674 0.29148281466939874
1629013186.538707733 -1.7563177545556716 -1.5709601799065802 0.0 0.0 0.0 -0.9751374659604615 0.22160081786900052
1629013186.538707733 -1.7786000380061209 -1.6632867549509962 0.0 0.0 0.0 -0.9565760605826702 0.29148283023214194
1629013186.638895512 -1.7519186068928767 -1.5402169208436574 0.0 0.0 0.0 -0.9809512945736495 0.19425384854432387
1629013186.638895512 -1.7561269751739412 -1.5701604309782506 0.0 0.0 0.0 -0.9751374642846947 0.22160082524308392
1629013186.638895512 -1.7575360522642658 -1.5692350154344874 0.0 0.0 0.0 -0.9751374605137231 0.22160084183695528
1629013186.638895512 -1.7780919094801686 -1.6630873766675418 0.0 0.0 0.0 -0.9565760600414781 0.29148283200820324
1629013186.638895512 -1.7784033681083837 -1.6637381120209793 0.0 0.0 0.0 -0.9565760627240133 0.2914828232047724
1629013187.039713860 -1.585649635969359 -1.4370693354464588 0.0 0.0 0.0 -0.9939585688889412 0.10975592618281713
1629013187.039713860 -1.586105596174188 -1.4371765840730764 0.0 0.0 0.0 -0.9939585709297101 0.10975590770144644
1629013187.039713860 -1.586123447197023 -1.4376339885099536 0.0 0.0 0.0 -0.9939585726879383 0.10975589177878586
1629013187.039713860 -1.586317972246535 -1.4371185281718348 0.0 0.0 0.0 -0.9939585705648114 0.10975591100599966
1629013187.039713860 -1.7516114365889734 -1.5405702667846883 0.0 0.0 0.0 -0.980951309067481 0.19425377535274663
1629013187.039713860 -1.7572935758540384 -1.5690177635669322 0.0 0.0 0.0 -0.975137467497403 0.22160081110580648
1629013188.142455101 -1.2731725603484059 -1.358904789885305 0.0 0.0 0.0 -0.9965174482945887 0.08338450242366234
1629013188.142455101 -1.2735569092894365 -1.3591103459632805 0.0 0.0 0.0 -0.9965174496828217 0.08338448583306689
1629013188.142455101 -1.5858675322724614 -1.4378923115542064 0.0 0.0 0.0 -0.9939585679802752 0.10975593441177003
1629013188.142455101 -1.5860257901051948 -1.4370485781310005 0.0 0.0 0.0 -0.9939585661797757 0.10975595071723616
1629013188.542624950 -1.2730593280960423 -1.3583373862453485 0.0 0.0 0.0 -0.9965174465999024 0.08338452267663737
1629013188.542624950 -1.3632780198489227 -1.371444649262478 0.0 0.0 0.0 -0.9993076406234364 0.03720536777967669
1629013188.642812967 -1.273089003222884 -1.3579935237148595 0.0 0.0 0.0 -0.9965174465250283 0.08338452357144886
1629013188.642812967 -1.3633809263153787 -1.3718728189476666 0.0 0.0 0.0 -0.9993076385315569 0.03720542396591202
1629013188.642812967 -1.4427187989619354 -1.3870508631521568 0.0 0.0 0.0 -0.999745122925268 0.022576297020123284
1629013188.642812967 -1.4428847056192182 -1.3871211208940186 0.0 0.0 0.0 -0.9997451237488258 0.02257626055051945
1629013188.642812967 -1.4435097112023856 -1.3869122863618693 0.0 0.0 0.0 -0.9997451225931689 0.022576311726442963
1629013188.642812967 -1.4438099552303298 -1.3871034107650817 0.0 0.0 0.0 -0.9997451225627039 0.02257631307552715
1629013189.150118589 -1.4433294192234647 -1.387315750781281 0.0 0.0 0.0 -0.9997451237645429 0.022576259854519106
1629013189.150118589 -1.6377404469882755 -1.390404265855767 0.0 0.0 0.0 0.9984323225481685 0.05597229038613593
1629013189.243979216 -1.443796349088036 -1.3875262269774218 0.0 0.0 0.0 -0.9997451237582383 0.02257626013370566
1629013189.346075773 -1.637504479518383 -1.3913208296892123 0.0 0.0 0.0 0.9984323236802816 0.05597227019152919
1629013189.346075773 -1.637521344901804 -1.390879191822297 0.0 0.0 0.0 0.9984323226317657 0.05597228889493071
1629013189.346075773 -1.784421399007241 -1.386503794052291 0.0 0.0 0.0 0.9962390924400811 0.08664681583395609
1629013189.346075773 -1.7851245043234698 -1.3857336490604124 0.0 0.0 0.0 0.996239092852796 0.08664681108868369
1629013189.346075773 -1.7854067295367344 -1.385911224442279 0.0 0.0 0.0 0.9962390995913999 0.08664673361019896
1629013189.945374012 -1.7847596283296647 -1.3874423449051256 0.0 0.0 0.0 0.9962390978999098 0.08664675305846123
1629013189.945374012 -1.785246074282848 -1.3872222274969563 0.0 0.0 0.0 0.9962390958163037 0.08664677701515325
1629013189.945374012 -2.0156879405160884 -1.3249354871978918 0.0 0.0 0.0 0.9857713188636128 0.16809195967057236
1629013189.945374012 -2.015954260233756 -1.3244364803091402 0.0 0.0 0.0 0.9857713199631324 0.16809195322246576
1629013190.145747185 -2.015190578860668 -1.3247149317951892 0.0 0.0 0.0 0.9857713240994158 0.16809192896532665
1629013190.145747185 -2.015743273477817 -1.3245599069814917 0.0 0.0 0.0 0.9857713228486399 0.16809193630047387
1629013190.145747185 -2.106727578379518 -1.2968274445402512 0.0 0.0 0.0 0.9808144463291237 0.19494363768047043
1629013190.145747185 -2.107099668033753 -1.2966211330591104 0.0 0.0 0.0 0.980814448566551 0.19494362642336507
1629013190.145747185 -2.107801292883527 -1.2977841313811647 0.0 0.0 0.0 0.9808144484832566 0.194943626842442
1629013190.145747185 -2.1088054624627257 -1.2977226932513515 0.0 0.0 0.0 0.9808144482954742 0.19494362778722626
1629013190.446377039 -2.109221057990026 -1.2978078449272186 0.0 0.0 0.0 0.980814448783068 0.19494362533400889
1629013190.446377039 -2.1092416907968525 -1.297161481898972 0.0 0.0 0.0 0.9808144422334807 0.19494365828676313
1629013190.446377039 -2.1731537265891476 -1.2446834266164215 0.0 0.0 0.0 0.971698604098004 0.23622409443998404
1629013190.446377039 -2.1737488870430197 -1.2453599633621617 0.0 0.0 0.0 0.9716985933107082 0.23622413881310025
1629013190.446377039 -2.174229895986289 -1.2457809849250134 0.0 0.0 0.0 0.9716985886671078 0.23622415791436507
1629013190.446377039 -2.1749811759550735 -1.2459662775311067 0.0 0.0 0.0 0.9716985915394434 0.2362241460991274
1629013191.448290825 -2.176803243649323 -1.245706031327204 0.0 0.0 0.0 0.9716985945020371 0.23622413391261646
1629013191.448290825 -2.278252374115347 -1.1263654743240272 0.0 0.0 0.0 0.939952091997897 0.34130640888910524
1629013191.548486233 -2.177753967041864 -1.2455012013701015 0.0 0.0 0.0 0.9716985868723405 0.23622416529706836
1629013191.548486233 -2.1781037458614714 -1.2449870004754642 0.0 0.0 0.0 0.9716985936714438 0.23622413732922884
1629013191.548486233 -2.2777303409877026 -1.1265419279979574 0.0 0.0 0.0 0.9399520924814982 0.34130640755727526
1629013191.548486233 -2.299195831608911 -1.0730076374605717 0.0 0.0 0.0 0.9307276768514107 0.36571299066723917
1629013191.548486233 -2.299578848043151 -1.0722375939514752 0.0 0.0 0.0 0.930727679333254 0.36571298435102856
1629013191.548486233 -2.300213684187045 -1.0716115193058662 0.0 0.0 0.0 0.9307276898548307 0.3657129575739559
1629013191.949263096 -2.299740343268006 -1.0721165386131295 0.0 0.0 0.0 0.9307276863276431 0.3657129665505344
1629013191.949263096 -2.3732228107740507 -0.901168473582378 0.0 0.0 0.0 0.902578380431812 0.4305255708748172
1629013192.049455166 -2.299308830257839 -1.0714792690103274 0.0 0.0 0.0 0.930727688570625 0.36571296084221794
1629013192.049455166 -2.3949526230217075 -0.8504578154710357 0.0 0.0 0.0 0.894615135452005 0.4468375089673994
1629013192.249902725 -2.3731774479165977 -0.9013844977070513 0.0 0.0 0.0 0.9025783777882778 0.43052557641687317
1629013192.249902725 -2.3941759340002577 -0.85142994263071 0.0 0.0 0.0 0.8946151537879191 0.4468374722569918
1629013192.249902725 -2.4412286329595956 -0.7505202812099737 0.0 0.0 0.0 0.8777688473599844 0.4790843877693412
1629013192.249902725 -2.441247745889836 -0.7487367702571491 0.0 0.0 0.0 0.8777688546457655 0.47908437442047835
1629013192.249902725 -2.442236660940215 -0.7507947983594065 0.0 0.0 0.0 0.877768847933003 0.4790843867194679
1629013192.249902725 -2.4428253535265716 -0.7512613428392464 0.0 0.0 0.0 0.8777688722741651 0.47908434212207396
1629013192.851044893 -2.441134207129166 -0.7495915792967097 0.0 0.0 0.0 0.8777688332431146 0.47908441363398707
1629013192.851044893 -2.441938251233563 -0.7487414741078512 0.0 0.0 0.0 0.8777688452688261 0.47908439160071953
1629013192.851044893 -2.531954344013761 -0.4810993837045096 0.0 0.0 0.0 0.8216499059725928 0.569992484174335
1629013193.051414251 -2.533010140612591 -0.482544595245629 0.0 0.0 0.0 0.8216498923831648 0.5699925037636318
1629013193.051414251 -2.53312805153964 -0.48225689600350546 0.0 0.0 0.0 0.8216498925182477 0.5699925035689083
1629013193.051414251 -2.5906468136772993 -0.3338286664878247 0.0 0.0 0.0 0.7972672347857335 0.6036265040048441
1629013193.051414251 -2.590716052336253 -0.33353707017494094 0.0 0.0 0.0 0.7972672242966773 0.6036265178587432
1629013193.151612282 -2.590679662116183 -0.3336261526931652 0.0 0.0 0.0 0.7972672247024749 0.6036265173227675
1629013193.151612282 -2.6108184060930246 -0.26714818885533703 0.0 0.0 0.0 0.7856413708695826 0.6186821771945293
1629013193.251803398 -2.591294359554379 -0.3338092246187528 0.0 0.0 0.0 0.7972672229621558 0.6036265196213734
1629013193.251803398 -2.610288855404089 -0.2673185560297975 0.0 0.0 0.0 0.7856413841030881 0.6186821603897948
1629013193.251803398 -2.6263190031139763 -0.2051138212438377 0.0 0.0 0.0 0.7731958502855063 0.6341673100225782
1629013193.354059696 -2.6250020060734665 -0.20445555595890105 0.0 0.0 0.0 0.7731958340003515 0.634167329877928
1629013193.354059696 -2.6252417416876335 -0.2049435849156499 0.0 0.0 0.0 0.773195858667762 0.63416729980268
1629013193.354059696 -2.626280328681575 -0.20511212253069697 0.0 0.0 0.0 0.7731958409220021 0.634167321438844
1629013193.354059696 -2.6378411140011635 -0.14150198808780975 0.0 0.0 0.0 0.7610678688917851 0.6486722584946243
1629013193.452210426 -2.6369244931475 -0.1425722535441148 0.0 0.0 0.0 0.761067875272341 0.6486722510085078
1629013193.452210426 -2.6492462240930004 -0.08343535855555681 0.0 0.0 0.0 0.7480957863079054 0.6635907583054158
1629013193.552470684 -2.6483911253185424 -0.08391951779088654 0.0 0.0 0.0 0.7480958109994864 0.663590730469482
1629013193.552470684 -2.6488412397978314 -0.08310546303911809 0.0 0.0 0.0 0.7480958185105419 0.6635907220019298
1629013193.552470684 -2.656972362199256 -0.020147576881047378 0.0 0.0 0.0 0.7350889206911432 0.677970706356204
1629013193.552470684 -2.6576506593286786 -0.020461185072340116 0.0 0.0 0.0 0.7350889352765614 0.6779706905419816
1629013193.552470684 -2.657857952122647 -0.019111048823583228 0.0 0.0 0.0 0.7350889281261225 0.6779706982948366
1629013193.552470684 -2.658501962385294 -0.020185223145057912 0.0 0.0 0.0 0.7350889568257831 0.6779706671772622
1629013194.253760338 -2.6579359998719796 -0.01883554830504444 0.0 0.0 0.0 0.7350889357909193 0.6779706899842897
1629013194.253760338 -2.65814040549294 -0.019993095223052988 0.0 0.0 0.0 0.7350888560806325 0.6779707764100656
1629013194.253760338 -2.658652869172979 -0.019424518072667003 0.0 0.0 0.0 0.7350889039647674 0.6779707244917562
1629013194.253760338 -2.690459376649267 0.09009315404187704 0.0 0.0 0.0 0.6827101919094266 0.7306892594413811
1629013194.554497957 -2.6588382032941262 -0.016663102067424607 0.0 0.0 0.0 0.7350889189391212 0.6779707082558317
1629013194.554497957 -2.658982702326636 -0.019062772843260238 0.0 0.0 0.0 0.7350888782836079 0.67797075233652
1629013194.554497957 -2.6595656624602246 -0.016534501861612927 0.0 0.0 0.0 0.735088913269569 0.6779707144030367
1629013194.554497957 -2.6596752126433456 -0.015599571215069597 0.0 0.0 0.0 0.7350889025342793 0.6779707260427612
1629013194.554497957 -2.660112328951013 -0.01542471519206083 0.0 0.0 0.0 0.7350888800391662 0.6779707504330584
1629013194.554497957 -2.7057295002878914 0.2723918915654994 0.0 0.0 0.0 0.6365158788564561 0.7712635969392003
1629013194.854950905 -2.6608291922480505 -0.013911456425773995 0.0 0.0 0.0 0.73508884930777 0.6779707837535321
1629013194.854950905 -2.6611122305965074 -0.015092821354836113 0.0 0.0 0.0 0.7350888584627387 0.6779707738272702
1629013194.854950905 -2.6738532440231224 0.46287044617938117 0.0 0.0 0.0 0.5870597810381855 0.8095435834390868
1629013195.957142353 -2.525308405304232 0.72320634460824 0.0 0.0 0.0 0.5005266294213886 0.8657211405759154
1629013196.458153248 -2.3787384521878496 0.9966195817516911 0.0 0.0 0.0 0.4035578673480665 0.9149541232769436
1629013197.259631634 -2.1814124142300693 1.2640043611885454 0.0 0.0 0.0 0.25130740751840236 0.9679073235214101
1629013197.359828949 -1.920558187876905 1.466552113312533 0.0 0.0 0.0 0.14316181431694258 0.9896992952010633
1629013197.760605812 -1.6531960973797282 1.5610394955769333 0.0 0.0 0.0 0.05819721229924553 0.9983051059073056
1629013198.161396980 -1.384095268073875 1.5876449577807263 0.0 0.0 0.0 -0.02900730374518203 0.9995791996282409
1629013198.562168837 -1.0893833693763553 1.5791876708929031 0.0 0.0 0.0 -0.1145836304281302 0.9934136055228505
1629013199.163362503 -0.709362424226935 1.425644000492172 0.0 0.0 0.0 -0.21525274795665755 0.9765583722937957
1629013200.065204859 -2.660037794807436 -0.013091701438865183 0.0 0.0 0.0 0.7350888218827062 0.6779708134891169
1629013200.065204859 -2.660425230565099 -0.013093831519273583 0.0 0.0 0.0 0.7350888455126829 0.6779707878683499
1629013200.065204859 -2.6606563134502434 -0.011794978750973788 0.0 0.0 0.0 0.735088807419612 0.6779708291707045
1629013200.065204859 -2.661167579120768 -0.011746730458411613 0.0 0.0 0.0 0.7350887882957905 0.6779708499056774
1629013200.767469406 -2.6610144733354817 -0.01133731026415842 0.0 0.0 0.0 0.735088789987864 0.6779708480710495
1629013201.067073822 0.5893527834415309 1.0490216278688047 0.0 0.0 0.0 -0.05763036180097007 0.9983379895599933
1629013201.067073822 -0.7107384897755273 1.4249316986966492 0.0 0.0 0.0 -0.21525271891091133 0.9765583786960512
1629013201.267458916 0.5902523975906607 1.0491862816443283 0.0 0.0 0.0 -0.05763029465651501 0.9983379934359923
1629013201.267458916 0.6855609020659754 1.038144784648648 0.0 0.0 0.0 -0.03617387137491651 0.9993455113371706
1629013201.267458916 -0.7110989223101537 1.425453436924264 0.0 0.0 0.0 -0.21525270140858668 0.9765583825539085
1629013201.467884541 0.685767975831358 1.0394592501970057 0.0 0.0 0.0 -0.036173910586258455 0.9993455099178149
1629013201.467884541 0.7531864087705448 1.0240459748621553 0.0 0.0 0.0 -0.01517796194537584 0.9998848081010056
1629013201.568065166 0.6851822518309563 1.0395374670718343 0.0 0.0 0.0 -0.036173946780204705 0.9993455086076801
1629013201.568065166 0.7520651575367137 1.0238354447521485 0.0 0.0 0.0 -0.015177977313021203 0.999884807867729
1629013201.568065166 0.7889015525345746 1.0149884840900758 0.0 0.0 0.0 -0.004939009297959198 0.9999878030191942
1629013201.768421173 0.7525747499762672 1.0227426670503867 0.0 0.0 0.0 -0.015177980189364235 0.999884807824067
1629013201.768421173 0.8351213977725336 0.9961825214621519 0.0 0.0 0.0 0.014641748423557968 0.999892803856044
1629013201.868645191 0.7882862218407173 1.014066096403842 0.0 0.0 0.0 -0.004939031189943209 0.9999878029110679
1629013201.868645191 0.8339864845466421 0.9966733253469976 0.0 0.0 0.0 0.014641774638134429 0.9998928034721752
1629013201.868645191 0.8505224039005682 0.9815317086551216 0.0 0.0 0.0 0.025601609846977402 0.9996722250684187
1629013202.074606419 0.8333171207874549 0.9962699007944503 0.0 0.0 0.0 0.014641774786521018 0.9998928034700024
1629013202.169236660 0.8334017123887063 0.9958377032742581 0.0 0.0 0.0 0.01464180011567171 0.9998928030990986
1629013202.169236660 0.9003715062337891 0.9606594490995859 0.0 0.0 0.0 0.05483722084294538 0.9984953075554347
1629013202.169236660 0.9009726583745455 0.9613290482998753 0.0 0.0 0.0 0.05483722516416682 0.9984953073181138
1629013202.369596958 0.9018972996312132 0.9606049550582818 0.0 0.0 0.0 0.054837228705510874 0.9984953071236237
1629013202.369596958 0.9287274633255298 0.9499398193139108 0.0 0.0 0.0 0.07046240621251659 0.997514435640278
1629013202.670295238 0.9277535160633165 0.9495930410356399 0.0 0.0 0.0 0.07046240445939435 0.997514435764115
1629013202.670295238 0.9755113763839064 0.9401653834827984 0.0 0.0 0.0 0.09045953449410188 0.995900131850132
1629013202.770405769 0.9271905483003314 0.9501870437760118 0.0 0.0 0.0 0.07046242560970067 0.9975144342700999
1629013202.870672941 0.9751633882881003 0.9401943635170826 0.0 0.0 0.0 0.09045950783037746 0.9959001342720494
1629013202.870672941 0.9915559091381698 0.9308611236551523 0.0 0.0 0.0 0.09021626772921951 0.9959221982850919
1629013203.171209335 0.9745329069914579 0.9398302684124356 0.0 0.0 0.0 0.09045946682325211 0.9959001379968039
1629013203.171209335 0.9921771516753095 0.9312486023121825 0.0 0.0 0.0 0.09021624276284519 0.995922200546687
1629013203.171209335 1.0235224468694328 0.9166932874693559 0.0 0.0 0.0 0.07248904021768082 0.9973692089934998
1629013203.571948051 1.023032110823451 0.9177332553483433 0.0 0.0 0.0 0.072489025504841 0.9973692100628325
1629013203.571948051 1.106360361889007 0.9080712227169178 0.0 0.0 0.0 0.028811679358848933 0.99958485739457
1629013203.677692413 1.0237047798991437 0.9196106682244386 0.0 0.0 0.0 0.07248897012703269 0.997369214087703
1629013203.878424644 1.1057615626807797 0.9080144669589564 0.0 0.0 0.0 0.028811652943295882 0.9995848581559622
1629013203.878424644 1.2220221683390324 0.8908741373944465 0.0 0.0 0.0 -0.0060343031757480415 0.9999817934268519
1629013204.072945595 1.1058571846098584 0.906462386835989 0.0 0.0 0.0 0.028811638640438675 0.9995848585682222
1629013204.072945595 1.2225130415962862 0.8895293425580334 0.0 0.0 0.0 -0.006034300829432052 0.9999817934410106
1629013204.072945595 1.2487105418888986 0.8727898414020282 0.0 0.0 0.0 -0.02676013108678676 0.9996418835684198
1629013204.573929071 1.2471113768289561 0.871307307853926 0.0 0.0 0.0 -0.02676012456175912 0.9996418837430928
1629013204.573929071 1.2475277180288897 0.8714317300575558 0.0 0.0 0.0 -0.026760110997016695 0.999641884106217
1629013204.573929071 1.2479735759771893 0.8717823328552556 0.0 0.0 0.0 -0.02676014615324681 0.9996418831650947
1629013204.573929071 1.4387796968643047 0.8283758703868248 0.0 0.0 0.0 -0.05118609939351485 0.9986891324275423
1629013204.573929071 1.4388174880899598 0.8272112179622414 0.0 0.0 0.0 -0.05118607655525637 0.9986891335980779
1629013204.573929071 1.4389427284686171 0.8280711815106626 0.0 0.0 0.0 -0.05118606721963902 0.9986891340765587
1629013205.475691319 1.438797923612251 0.827870225597985 0.0 0.0 0.0 -0.0511860651903751 0.998689134180565
1629013205.475691319 1.817210789384401 0.7506899997152708 0.0 0.0 0.0 -0.07119730895640121 0.9974622515149968
1629013205.676188707 1.4386128587380675 0.8286160617659121 0.0 0.0 0.0 -0.05118602974493583 0.9986891359972584
1629013205.878082752 1.4381065397309076 0.8297586221303134 0.0 0.0 0.0 -0.05118609536731442 0.9986891326338984
1629013205.878082752 2.017561186930964 0.7321576126566463 0.0 0.0 0.0 -0.07952455293363446 0.9968329075029102
1629013206.076845169 1.8167645655869826 0.7513355535285391 0.0 0.0 0.0 -0.071197367869786 0.997462247309849
1629013206.076845169 2.016865392758927 0.7320546105103106 0.0 0.0 0.0 -0.07952456745683029 0.99683290634429
1629013206.076845169 2.0183090461209474 0.7328557615416095 0.0 0.0 0.0 -0.07952458936315462 0.9968329045966638
1629013206.076845169 2.116656765136812 0.7278175199260297 0.0 0.0 0.0 -0.0848858013479323 0.9963906867938497
1629013206.377456665 2.1173555082217077 0.7277733152392935 0.0 0.0 0.0 -0.08488586083785578 0.9963906817257056
1629013206.377456665 2.259167392090663 0.7159988058335094 0.0 0.0 0.0 -0.09053481613774524 0.9958932910040637
1629013206.477707386 2.1178905910998833 0.7284248424345925 0.0 0.0 0.0 -0.08488584983530229 0.9963906826630499
1629013206.477707386 2.288276740441243 0.6963958077210253 0.0 0.0 0.0 -0.09185535675679755 0.9957723602486069
1629013207.078907251 2.117543338099932 0.7286867951216864 0.0 0.0 0.0 -0.08488595137724603 0.9963906740123474
1629013207.078907251 2.1181129382472124 0.7285894406375177 0.0 0.0 0.0 -0.08488590729228127 0.9963906777680963
1629013207.078907251 2.5734333785279446 0.6164630238615064 0.0 0.0 0.0 -0.0912121130811937 0.9958314869631626
1629013207.379912376 2.1181637446275317 0.7286187034025788 0.0 0.0 0.0 -0.08488592588848919 0.9963906761838219
1629013207.379912376 2.1185567169824564 0.7285494153643091 0.0 0.0 0.0 -0.08488601321752684 0.996390668743959
1629013207.379912376 2.1190739234159204 0.7284974262735736 0.0 0.0 0.0 -0.084885953245136 0.9963906738532153
1629013207.379912376 2.7286956773109368 0.6265968750188162 0.0 0.0 0.0 -0.06835333099599163 0.9976611760220764
1629013207.580000401 2.1161666773977603 0.7279709243577513 0.0 0.0 0.0 -0.08488596705606087 0.996390672676615
1629013207.580000401 2.1162679242181732 0.7279843521724796 0.0 0.0 0.0 -0.08488591931694514 0.9963906767436742
1629013207.580000401 2.117680424443746 0.7281417439171302 0.0 0.0 0.0 -0.0848859837290448 0.9963906712561857
1629013207.580000401 2.816629688098929 0.6114616754619723 0.0 0.0 0.0 -0.04810102488854713 0.9988424757711655
1629013208.080886364 2.116667361363512 0.7289045282692536 0.0 0.0 0.0 -0.0848859270322667 0.9963906760863797
1629013208.080886364 2.11670950601263 0.7285884494532424 0.0 0.0 0.0 -0.08488591029456469 0.9963906775123216
1629013208.080886364 2.9972617404234088 0.5358156958325881 0.0 0.0 0.0 0.009143672371282307 0.9999581957539858
1629013208.481552601 3.1649481615087804 0.548447633802493 0.0 0.0 0.0 0.0669525117383787 0.997756163184133
1629013209.383306265 3.16510018484128 0.5487322536004197 0.0 0.0 0.0 0.06695247295049724 0.9977561657869186
1629013209.383306265 3.3368410170452854 0.558923451020323 0.0 0.0 0.0 0.1775736201342093 0.9841075192439247
1629013209.483502388 3.165694667358737 0.548008455514264 0.0 0.0 0.0 0.06695244157545638 0.9977561678922787
1629013209.483502388 3.336351075278301 0.5588703391102327 0.0 0.0 0.0 0.1775736256437068 0.9841075182497838
1629013209.483502388 3.3367789958414975 0.5585560601578261 0.0 0.0 0.0 0.177573617495347 0.9841075197200844
1629013209.483502388 3.4509053298868 0.516009122251203 0.0 0.0 0.0 0.2509340840160853 0.9680041763747759
1629013209.784077168 3.4515380157163267 0.5165197353544227 0.0 0.0 0.0 0.25093410729439874 0.9680041703403778
1629013209.784077168 3.516448632638884 0.5502875371686352 0.0 0.0 0.0 0.2955536771144131 0.9553261348587451
1629013209.986763000 3.451044255565444 0.5163985380001973 0.0 0.0 0.0 0.25093413901171513 0.9680041621183502
1629013209.986763000 3.517574420526083 0.5509450895609447 0.0 0.0 0.0 0.2955536258533711 0.95532615071761
1629013209.986763000 3.5737543057753136 0.6015523099418757 0.0 0.0 0.0 0.3245494018791525 0.9458687465710475
1629013209.986763000 3.5745807693333638 0.6006782139264166 0.0 0.0 0.0 0.3245493831396258 0.9458687530010115
1629013210.385328293 3.572703233941287 0.6011126759313917 0.0 0.0 0.0 0.32454944230805394 0.9458687326989571
1629013210.385328293 3.5737429664569316 0.6009068010979202 0.0 0.0 0.0 0.3245494127884979 0.9458687428277991
1629013210.385328293 3.6664835986000037 0.6966147009108605 0.0 0.0 0.0 0.38062453741443314 0.9247296694267189
1629013210.786072731 3.6659937419066106 0.6960627418713835 0.0 0.0 0.0 0.3806245417805269 0.9247296676296073
1629013210.786072731 3.6663342383501463 0.6950229189744348 0.0 0.0 0.0 0.38062451827753563 0.9247296773035858
1629013210.786072731 3.7543703757291818 0.817433752491005 0.0 0.0 0.0 0.4416347236313431 0.8971949458635327
1629013210.786072731 3.754634624015839 0.8172306018318922 0.0 0.0 0.0 0.44163471674294785 0.8971949492542722
1629013210.786072731 3.75472842531315 0.8180081843301164 0.0 0.0 0.0 0.4416346966934487 0.8971949591234257
1629013210.786072731 3.7551284845370314 0.8170905414416075 0.0 0.0 0.0 0.44163472525395975 0.8971949450648167
1629013211.487395525 3.7544493414790043 0.817219359537376 0.0 0.0 0.0 0.44163470356101175 0.8971949557429407
1629013211.487395525 3.924157104262233 1.0978245444045782 0.0 0.0 0.0 0.5439218866252783 0.839135853869919
1629013211.687815666 3.754490255020516 0.8173526073659144 0.0 0.0 0.0 0.4416346636038903 0.8971949754114089
1629013211.687815666 3.9246178850133946 1.097962149379386 0.0 0.0 0.0 0.54392185013006 0.8391358775258584
1629013211.687815666 4.035683762817076 1.3226583145213116 0.0 0.0 0.0 0.6002881570500758 0.7997838011021626
1629013211.687815666 4.0377531720880535 1.3222963856317405 0.0 0.0 0.0 0.6002881275460976 0.7997838232467571
1629013212.089605808 4.035874385625272 1.3231461505830227 0.0 0.0 0.0 0.6002881781284573 0.7997837852815082
1629013212.089605808 4.077751517512941 1.524969941030096 0.0 0.0 0.0 0.6547994478611807 0.7558026746980279
1629013212.389182568 4.0781069327178106 1.524301341282243 0.0 0.0 0.0 0.654799442714223 0.7558026791571614
1629013212.489371300 4.07849757942633 1.5238267406736796 0.0 0.0 0.0 0.6547994511889994 0.7558026718149289
1629013212.489371300 4.097811054641399 1.76254308285287 0.0 0.0 0.0 0.6786355033872193 0.7344752232324623
1629013212.790127516 4.097345244655644 1.761680757068988 0.0 0.0 0.0 0.6786355323410307 0.7344751964799123
1629013212.790127516 4.097858219462086 1.7633732516925527 0.0 0.0 0.0 0.6786355239373946 0.7344752042446484
1629013212.790127516 4.104797450708833 1.947946880723845 0.0 0.0 0.0 0.6687384881647056 0.7434977030544102
1629013212.790127516 4.104807514987829 1.947992127061399 0.0 0.0 0.0 0.6687385007845226 0.7434976917035244
1629013213.491334200 4.085226804825139 2.2110275789103926 0.0 0.0 0.0 0.6215964621912995 0.7833376272025112
1629013213.491334200 4.1047551242004285 1.9488533304067233 0.0 0.0 0.0 0.668738493207858 0.7434976985183502
1629013213.691732168 4.09095305869849 2.311226810465508 0.0 0.0 0.0 0.5958619634113901 0.8030868698712009
1629013213.691732168 4.104338083879429 1.9493905225495305 0.0 0.0 0.0 0.6687385005998284 0.7434976918696475
1629013213.892106056 4.0853741096249605 2.2120041030205266 0.0 0.0 0.0 0.6215964815253232 0.7833376118605174
1629013213.992370605 4.0857007137893 2.211675501513676 0.0 0.0 0.0 0.62159649231229 0.78333760330081
1629013213.992370605 4.1465258705909305 2.47826545251665 0.0 0.0 0.0 0.5556438665441514 0.8314204072380382
1629013214.192687035 4.090258219655906 2.3112216299741735 0.0 0.0 0.0 0.5958619572837365 0.8030868744177025
1629013214.192687035 4.146817180030666 2.554222744554972 0.0 0.0 0.0 0.5282878180709331 0.8490653574830695
1629013214.394271851 4.089306171207164 2.309537331348568 0.0 0.0 0.0 0.595861946010121 0.8030868827823249
1629013214.394271851 4.145257530318516 2.47842877307368 0.0 0.0 0.0 0.555643869899429 0.8314204049956835
1629013214.394271851 4.158247857837279 2.6205626364021675 0.0 0.0 0.0 0.500603373183324 0.865676765748901
1629013214.793873310 4.13558397106299 2.70610312324075 0.0 0.0 0.0 0.44741755686185136 0.8943251812466045
1629013214.793873310 4.147087488784239 2.5536655977835054 0.0 0.0 0.0 0.5282878031916256 0.8490653667409631
1629013214.793873310 4.158482506346936 2.6207831184224517 0.0 0.0 0.0 0.5006033639189962 0.8656767711062745
1629013215.094453812 4.125124015027013 2.763635347603106 0.0 0.0 0.0 0.40404037444753255 0.914741152357484
1629013215.094453812 4.12585481632974 2.7639251024700275 0.0 0.0 0.0 0.40404038565965134 0.9147411474051007
1629013215.094453812 4.133623255890557 2.7059669649284266 0.0 0.0 0.0 0.4474175731802229 0.8943251730827663
1629013215.094453812 4.13455867425546 2.706631447836185 0.0 0.0 0.0 0.44741755242798614 0.8943251834648012
1629013215.595432520 4.109965899258179 2.8129803743267705 0.0 0.0 0.0 0.33092025128161967 0.943658723952526
1629013215.595432520 4.125326342469218 2.763221999558969 0.0 0.0 0.0 0.40404035222113244 0.9147411621748653
1629013215.695641518 4.108230435783774 2.8168176097566797 0.0 0.0 0.0 0.31452624870184537 0.9492487760737671
1629013215.695641518 4.124681048286056 2.7636968281728973 0.0 0.0 0.0 0.40404038700341516 0.9147411468115614
1629013215.795802355 4.10808283941451 2.817772919819269 0.0 0.0 0.0 0.31452627190918453 0.9492487683841943
1629013215.795802355 4.110493779313442 2.813322070148462 0.0 0.0 0.0 0.33092022241503877 0.9436587340753972
1629013215.795802355 4.1110941616696275 2.813710231166414 0.0 0.0 0.0 0.2988754736336003 0.9542921205062374
1629013215.795802355 4.1113052833242305 2.8131031854313426 0.0 0.0 0.0 0.29887546487989464 0.9542921232478171
1629013215.996199131 4.112235388775336 2.8126779774656288 0.0 0.0 0.0 0.2988754970655338 0.954292113167572
1629013215.996199131 4.154438654639044 2.854501488359676 0.0 0.0 0.0 0.2662093575594312 0.9639152337979698
1629013216.196589470 4.155683647805077 2.8556556529785713 0.0 0.0 0.0 0.26620933243426026 0.9639152407369154
1629013216.196589470 4.245775998824845 2.9128597640613303 0.0 0.0 0.0 0.23335312326688795 0.972392060776716
1629013216.497184753 4.15543345618504 2.856250376453556 0.0 0.0 0.0 0.26620931575363155 0.9639152453436886
1629013216.497184753 4.375847270986706 2.974592598338362 0.0 0.0 0.0 0.18255387028912284 0.983195852535222
1629013216.597385406 4.246664518616326 2.9129259528256064 0.0 0.0 0.0 0.23335311572486134 0.9723920625866397
1629013216.597385406 4.246938132425671 2.912973372072397 0.0 0.0 0.0 0.23335310250844127 0.9723920657582953
1629013216.597385406 4.376754515057052 2.9748195415923253 0.0 0.0 0.0 0.18255386919929298 0.983195852737575
1629013216.597385406 4.420140664331734 2.995481912384413 0.0 0.0 0.0 0.16548036231973887 0.9862130853352779
1629013216.597385406 4.4206310709706695 2.995582669617406 0.0 0.0 0.0 0.16548035710722006 0.9862130862099057
1629013216.597385406 4.421470529596735 2.994688894856671 0.0 0.0 0.0 0.16548031013329528 0.9862130940918339
1629013217.098364115 4.4204623031716 2.9962731952754837 0.0 0.0 0.0 0.16548034243372045 0.9862130886720266
1629013217.098364115 4.42063154224932 2.9957292537725637 0.0 0.0 0.0 0.16548030121612448 0.9862130955880787
1629013217.098364115 4.578688040927863 3.0222024127530003 0.0 0.0 0.0 0.08648171466171416 0.9962534381517435
1629013217.499140263 4.5784796583488525 3.0223615943019433 0.0 0.0 0.0 0.08648170766737179 0.9962534387589009
1629013217.499140263 4.79407468409992 3.0619984458401164 0.0 0.0 0.0 0.01594506894005482 0.9998728693071419
1629013217.599331856 4.578569956916083 3.0228376571714723 0.0 0.0 0.0 0.08648169549659777 0.9962534398154085
1629013217.599331856 4.578814798340502 3.0236704209949097 0.0 0.0 0.0 0.086481726555978 0.9962534371192387
1629013217.599331856 4.794201464442209 3.0617631679345956 0.0 0.0 0.0 0.015945073772994516 0.9998728692300706
1629013217.599331856 4.863129942381969 3.062052704791443 0.0 0.0 0.0 -0.0027093082959515056 0.9999963298175436
1629013217.799716949 4.793153930303169 3.061059752109578 0.0 0.0 0.0 0.015945068278211048 0.9998728693176964
1629013217.799716949 4.794445859530725 3.0611403587656003 0.0 0.0 0.0 0.015945050878069463 0.999872869595178
1629013217.799716949 4.862359529916338 3.0614897570992397 0.0 0.0 0.0 -0.0027093698860227093 0.9999963296506746
1629013217.799716949 4.862971629485153 3.0611713080238556 0.0 0.0 0.0 -0.002709427086452755 0.9999963294956953
1629013217.799716949 4.9791692275305 3.061562519659588 0.0 0.0 0.0 -0.04082570911143269 0.9991662831959196
1629013218.100379467 4.978485962877244 3.0617044059442566 0.0 0.0 0.0 -0.0408257087705873 0.9991662832098465
1629013218.100379467 5.183986348556669 3.0584332005409514 0.0 0.0 0.0 -0.09873243498038893 0.9951140167251405
1629013218.200509548 4.979155233415752 3.0622032411604683 0.0 0.0 0.0 -0.04082572151039022 0.999166282689301
1629013218.200509548 5.1834782332001 3.058815915750604 0.0 0.0 0.0 -0.09873245610762191 0.9951140146289552
1629013218.200509548 5.269423486908245 3.077801161630335 0.0 0.0 0.0 -0.11833198892235681 0.9929740884825138
1629013218.200509548 5.269816838037011 3.077716628243566 0.0 0.0 0.0 -0.11833191310451845 0.9929740975176667
1629013218.200509548 5.269867452570803 3.0785308798930324 0.0 0.0 0.0 -0.11833197689517853 0.9929740899157837
1629013218.200509548 5.270156909247162 3.0773172673297853 0.0 0.0 0.0 -0.1183319386127553 0.9929740944778707
1629013219.406359673 5.271869042280675 3.0775991043960467 0.0 0.0 0.0 -0.11833189811234374 0.9929740993042718
1629013219.406359673 5.4831475018079425 3.0405338866024136 0.0 0.0 0.0 -0.16003534540515613 0.9871112846184327
1629013219.503051281 5.483016669431243 3.040721701692314 0.0 0.0 0.0 -0.16003529059999697 0.9871112935037135
1629013219.503051281 5.4830741575455475 3.0419735626304316 0.0 0.0 0.0 -0.16003526968867193 0.9871112968939592
1629013219.503051281 5.483335747866311 3.039674362078032 0.0 0.0 0.0 -0.16003531014981925 0.987111290334201
1629013219.503051281 5.548823120921617 3.022421600108163 0.0 0.0 0.0 -0.18005473116101112 0.983656593424014
1629013219.804655790 5.547403926432915 3.023142364507864 0.0 0.0 0.0 -0.18005477143378115 0.9836565860522304
1629013219.804655790 5.547503693910749 3.023204121950653 0.0 0.0 0.0 -0.18005478672246356 0.9836565832536923
1629013219.804655790 5.730004381625329 2.9553427270182544 0.0 0.0 0.0 -0.23813355367847502 0.9712324184315827
1629013219.804655790 5.730221105914401 2.955109862424613 0.0 0.0 0.0 -0.23813352877191726 0.9712324245383462
1629013220.204417229 5.730075457062799 2.955556700012459 0.0 0.0 0.0 -0.23813354006511997 0.9712324217694001
1629013220.204417229 5.730081015536408 2.9562038951296414 0.0 0.0 0.0 -0.23813351279141082 0.971232428456558
1629013220.204417229 5.949573535393044 2.8472867585254713 0.0 0.0 0.0 -0.30118742357152334 0.9535649615429186
1629013220.204417229 5.9509803182334515 2.848691294042125 0.0 0.0 0.0 -0.3011874438424314 0.9535649551402685
1629013220.204417229 5.95103188957805 2.846654964931782 0.0 0.0 0.0 -0.30118741679682237 0.9535649636827358
1629013220.204417229 5.9512562600349845 2.845645766569091 0.0 0.0 0.0 -0.30118744623377003 0.9535649543849543
1629013220.806005239 5.950275207945813 2.8478692166489576 0.0 0.0 0.0 -0.30118744259459274 0.9535649555344035
1629013220.806005239 5.950785491298932 2.8477733623535215 0.0 0.0 0.0 -0.30118745276364084 0.9535649523224674
1629013220.806005239 5.951744865102206 2.84834706471283 0.0 0.0 0.0 -0.3011874545733503 0.9535649517508632
1629013220.806005239 6.240874705619235 2.7596911460136195 0.0 0.0 0.0 -0.28734671209247625 0.9578266372625286
1629013221.106210232 5.949942572554217 2.8486601294999407 0.0 0.0 0.0 -0.30118745876248837 0.9535649504277065
1629013221.106210232 6.240365091330193 2.7599215411509532 0.0 0.0 0.0 -0.2873466778919076 0.9578266475226529
1629013221.106210232 6.292828219233539 2.734004887924955 0.0 0.0 0.0 -0.27694274651048556 0.9608864215687664
1629013221.106210232 6.294241901049662 2.733945388907088 0.0 0.0 0.0 -0.27694281225417516 0.9608864026203872
1629013221.106210232 6.294273246249961 2.734994642499425 0.0 0.0 0.0 -0.27694277364191744 0.9608864137490558
1629013221.406772852 6.255175999578026 2.7553845680129694 0.0 0.0 0.0 -0.2903081590939613 0.9569332122794544
1629013221.406772852 6.2932081966286795 2.7336457528278064 0.0 0.0 0.0 -0.2769427798669485 0.9608864119549027
1629013221.406772852 6.293793315079961 2.733710753257735 0.0 0.0 0.0 -0.2769428012001998 0.9608864058063193
1629013221.406772852 6.293832400102062 2.734191753294569 0.0 0.0 0.0 -0.2769427485892966 0.96088642096962
1629013221.607167244 6.179453598041067 2.7885865330875577 0.0 0.0 0.0 -0.312535991952069 0.9499059183595691
1629013221.607167244 6.254933305089262 2.7543949451944028 0.0 0.0 0.0 -0.29030816395878933 0.9569332108035945
1629013221.707352638 6.1385436230881885 2.8152390376297936 0.0 0.0 0.0 -0.32560666141755984 0.9455053157124557
1629013221.707352638 6.179608733471733 2.7885394334531175 0.0 0.0 0.0 -0.31253597012817197 0.9499059255400202
1629013221.807577133 6.085626418552294 2.8439811848796652 0.0 0.0 0.0 -0.34169059575080624 0.9398125008614533
1629013221.807577133 6.137750873229902 2.8145495564737373 0.0 0.0 0.0 -0.32560666585016956 0.9455053141859838
1629013221.907737732 6.029213032686553 2.8653146787411963 0.0 0.0 0.0 -0.358099286725224 0.9336835121425706
1629013221.907737732 6.029708682842568 2.8648538180106513 0.0 0.0 0.0 -0.35809929427262105 0.9336835092478879
1629013221.907737732 6.030542362176805 2.8656114262834507 0.0 0.0 0.0 -0.3580992336725349 0.9336835324900741
1629013221.907737732 6.030841527962628 2.8659011207651846 0.0 0.0 0.0 -0.3580992760336363 0.9336835162431569
1629013221.907737732 6.0318379982448755 2.8648900860772617 0.0 0.0 0.0 -0.35809930473820883 0.9336835052339799
1629013221.907737732 6.08567503046309 2.8438179963620223 0.0 0.0 0.0 -0.3416906286733541 0.939812488891698
1629013223.711259842 5.85885800965617 2.8919102305548003 0.0 0.0 0.0 -0.39908172751698073 0.9169153585593723
1629013223.711259842 6.031887432857519 2.86489359168968 0.0 0.0 0.0 -0.3580992337306724 0.9336835324677764
1629013223.911646843 5.744960303789073 2.9583303690294835 0.0 0.0 0.0 -0.43670311953162555 0.8996056832809288
1629013223.911646843 6.031332075862865 2.8653823707248067 0.0 0.0 0.0 -0.3580992047633445 0.9336835435777265
1629013223.911646843 6.032110981602999 2.8649506932708317 0.0 0.0 0.0 -0.35809920451135296 0.9336835436743738
1629013224.012077093 5.707485706801089 3.0172101359962054 0.0 0.0 0.0 -0.4563535708581924 0.8897985268390687
1629013224.012077093 6.031089402115829 2.864545213665052 0.0 0.0 0.0 -0.3580991525187023 0.9336835636153114
1629013224.212237358 5.641369354322889 3.082358282218977 0.0 0.0 0.0 -0.4917156940261288 0.8707558074732562
1629013224.212237358 6.028324623676288 2.864162126439748 0.0 0.0 0.0 -0.35809921768640435 0.933683538621296
1629013224.212237358 6.028656126240956 2.863316153441939 0.0 0.0 0.0 -0.358099258325447 0.9336835230348476
1629013224.212237358 6.029110363919686 2.8641719481373786 0.0 0.0 0.0 -0.35809920114968774 0.933683544963686
1629013224.212237358 6.030863830046763 2.8639652908191757 0.0 0.0 0.0 -0.35809914888509053 0.9336835650089241
1629013224.212237358 6.031158947498343 2.8641755226094507 0.0 0.0 0.0 -0.3580991510435141 0.9336835641810958
1629013224.813429356 5.452771262799018 3.266527545287314 0.0 0.0 0.0 -0.49576069565618575 0.8684591715460749
1629013224.813429356 6.0292169456985585 2.8642996528627322 0.0 0.0 0.0 -0.35809923769692764 0.9336835309465833
1629013224.813429356 6.029417561272968 2.8638666897997815 0.0 0.0 0.0 -0.35809924541999866 0.9336835279845241
1629013225.014685154 5.367179227085537 3.3995359880404723 0.0 0.0 0.0 -0.47504682913556867 0.879960516232542
1629013225.114006281 5.3235576850617745 3.4639965720963377 0.0 0.0 0.0 -0.46304630292223387 0.886334091271486
1629013225.314388275 5.2410137302789375 3.5634373259809076 0.0 0.0 0.0 -0.43593042478925387 0.8999803690876044
1629013225.514781952 5.140846962479334 3.678871324245904 0.0 0.0 0.0 -0.40699335360688765 0.9134311195267101
1629013225.614995480 5.092981461205276 3.7318863777616236 0.0 0.0 0.0 -0.3916085842974328 0.9201319017969981
1629013225.715173721 5.047844335331546 3.7693467797623286 0.0 0.0 0.0 -0.37414155980458985 0.9273716047124737
1629013230.424386501 6.028911575070273 2.8639624630821614 0.0 0.0 0.0 -0.35809925533263043 0.9336835241826941
1629013230.624771357 6.028014664615735 2.863559470759396 0.0 0.0 0.0 -0.35809925970334144 0.9336835225063784
1629013230.724998474 6.0269908098111795 2.8627643429734397 0.0 0.0 0.0 -0.358099297366041 0.9336835080614564
1629013230.724998474 6.027569029058202 2.8638158570801386 0.0 0.0 0.0 -0.3580992849701196 0.9336835128157127
1629013234.632601976 6.026043366068255 2.863104310819113 0.0 0.0 0.0 -0.3580993105013071 0.9336835030236362
1629013235.133549213 5.0481354364773745 3.7693787542449773 0.0 0.0 0.0 -0.3741415581364641 0.9273716053854673
1629013235.133549213 6.0243740776602 2.861791579658587 0.0 0.0 0.0 -0.35809929232675286 0.9336835099941944
1629013235.133549213 6.024977373579919 2.861432077955382 0.0 0.0 0.0 -0.358099291019001 0.9336835104957615
1629013235.133549213 6.025221114086491 2.8628817358935033 0.0 0.0 0.0 -0.35809931866922406 0.9336834998909628
1629013235.534484386 4.311032552270648 2.592319109016971 0.0 0.0 0.0 0.7069882104448542 0.7072253320491162
1629013235.534484386 5.046586240342447 3.769003396198416 0.0 0.0 0.0 -0.3741414891727113 0.9273716332084058
1629013235.534484386 5.047562552614498 3.76806069075395 0.0 0.0 0.0 -0.374141468907903 0.9273716413840983
1629013235.534484386 5.047926717098801 3.7688159275821618 0.0 0.0 0.0 -0.37414152677320117 0.9273716180387547
1629013235.534484386 5.048064932709016 3.769288456023176 0.0 0.0 0.0 -0.37414152558511526 0.9273716185180796
1629013235.534484386 5.048788879278853 3.769177538919878 0.0 0.0 0.0 -0.37414155019016804 0.9273716085913446
1629013236.035361052 4.3080403654371295 2.3146685266639033 0.0 0.0 0.0 0.6583111378689015 0.7527459370582827
1629013236.035361052 5.0463497361901455 3.7691155732974964 0.0 0.0 0.0 -0.3741415501385036 0.9273716086121883
1629013236.035361052 5.046366773495126 3.768907831644517 0.0 0.0 0.0 -0.37414150404389246 0.9273716272087335
1629013236.035361052 5.046792002637516 3.7687323733648075 0.0 0.0 0.0 -0.3741414771133747 0.9273716380736593
1629013236.335923672 4.291050340025571 2.113793263000819 0.0 0.0 0.0 0.6223850948788802 0.7827111815175553
1629013236.335923672 5.046263753963815 3.768806785093688 0.0 0.0 0.0 -0.3741415236606156 0.9273716192945054
1629013236.335923672 5.046883107327734 3.7680626602644933 0.0 0.0 0.0 -0.3741415616112777 0.9273716039835781
1629013236.335923672 5.047434986207164 3.768052798079906 0.0 0.0 0.0 -0.374141583413842 0.9273715951874864
1629013236.536616802 4.262371482736143 1.979788693668095 0.0 0.0 0.0 0.5971720607569572 0.8021131652399736
1629013236.736684799 4.224925643499754 1.8547649329124969 0.0 0.0 0.0 0.5701924218735156 0.8215111697585218
1629013237.037281513 4.174180277007899 1.6616970688952135 0.0 0.0 0.0 0.5293637287229596 0.8483949803673551
1629013237.137472868 4.150523652316203 1.5839845448760812 0.0 0.0 0.0 0.5172281124638572 0.8558475796992566
1629013237.237663746 4.119024038416357 1.5342360688844594 0.0 0.0 0.0 0.5083193775432662 0.8611686306490887
1629013237.337888718 4.084734497970184 1.4950727244649378 0.0 0.0 0.0 0.5051657665606213 0.8630223336016397
1629013237.738643646 3.937791618040905 1.326217943128103 0.0 0.0 0.0 0.5295200306043996 0.8482974343876774
1629013238.239623070 3.779796371156201 1.1510688597064884 0.0 0.0 0.0 0.5943113451958006 0.8042350557962255
1629013242.347635746 5.047230489827776 3.768107950206401 0.0 0.0 0.0 -0.3741415743547066 0.9273715988423311
1629013242.347635746 5.048164295495141 3.7697192440085328 0.0 0.0 0.0 -0.37414158883350557 0.9273715930009611
1629013242.748418331 5.046544770241809 3.768014209037108 0.0 0.0 0.0 -0.37414159752443626 0.9273715894946657
1629013242.748418331 5.04658700672544 3.7684983937130814 0.0 0.0 0.0 -0.3741416117649785 0.9273715837494182
1629013242.948856115 5.047037214351617 3.769494670844255 0.0 0.0 0.0 -0.37414159930132057 0.9273715887777941
1629013243.049047709 5.047387937341659 3.769228899362958 0.0 0.0 0.0 -0.37414155520507375 0.9273716065681161
1629013243.049047709 5.048959487645217 3.7700339480033174 0.0 0.0 0.0 -0.3741415298809014 0.927371616784975
1629013243.049047709 5.049006673991854 3.770332669674567 0.0 0.0 0.0 -0.3741414920024925 0.9273716320667507
1629013243.049047709 5.049014422274682 3.7693716384919767 0.0 0.0 0.0 -0.37414152598641043 0.9273716183561799
1629013243.049047709 5.049869240813138 3.770257085572164 0.0 0.0 0.0 -0.37414148518860163 0.9273716348157665
1629013243.550235271 5.0477125666995075 3.769270033296171 0.0 0.0 0.0 -0.3741415091435878 0.9273716251512975
1629013243.550235271 5.048186914811214 3.769178030524064 0.0 0.0 0.0 -0.3741415573799404 0.9273716056906814
1629013243.550235271 5.049506586750556 3.7688001296298337 0.0 0.0 0.0 -0.3741415674482669 0.9273716016286858
1629013243.750394821 5.049240004100248 3.7694332271255178 0.0 0.0 0.0 -0.37414157965876393 0.9273715967024464
1629013246.555862904 5.048739503492207 3.7700628664234257 0.0 0.0 0.0 -0.37414152423714053 0.9273716190619105
1629013246.555862904 5.0495390725775655 3.7699152493140233 0.0 0.0 0.0 -0.37414155929833864 0.9273716049167172
1629013246.956682920 5.048467633296154 3.769663636632292 0.0 0.0 0.0 -0.3741415393678498 0.9273716129575327
1629013247.157055855 5.049372421099667 3.7689827560588856 0.0 0.0 0.0 -0.37414155593073917 0.9273716062753515
1629013247.157055855 5.050001044701987 3.769052107814233 0.0 0.0 0.0 -0.37414155825260775 0.92737160533861
1629013247.358104467 5.050857011959457 3.7690925472139 0.0 0.0 0.0 -0.37414158956292226 0.9273715927066829
1629013247.358104467 5.864230921644011 -1.9419097976191675 0.0 0.0 0.0 0.8321937571081401 0.5544849417524681
1629013247.358104467 5.8645948979622045 -1.9421127129066629 0.0 0.0 0.0 0.8321937558060443 0.5544849437067069
1629013247.557822704 5.862823932760931 -1.9397292113904012 0.0 0.0 0.0 0.8321937712783501 0.5544849204852347
1629013247.557822704 5.863882478737886 -1.9405721306562451 0.0 0.0 0.0 0.8321937810194109 0.5544849058654499
1629013247.557822704 5.864069360141326 -1.940917809023433 0.0 0.0 0.0 0.8321937639028643 0.554484931554667
1629013247.557822704 5.864596685084787 -1.942553662735792 0.0 0.0 0.0 0.8321937428741698 0.5544849631153942
1629013247.557822704 5.886130032370985 -1.9439033224230835 0.0 0.0 0.0 0.824898617522809 0.565280700899083
1629013247.958601952 5.862916671542483 -1.9406862929807178 0.0 0.0 0.0 0.8321937133531215 0.5544850074217901
1629013247.958601952 5.863087225647384 -1.939755579533393 0.0 0.0 0.0 0.8321937208044913 0.5544849962384704
1629013247.958601952 5.863275483895222 -1.9404615592479253 0.0 0.0 0.0 0.8321937422203745 0.5544849640966372
1629013247.958601952 5.927198551525253 -1.9594329349007145 0.0 0.0 0.0 0.833322985507462 0.5527863980100545
1629013248.259931803 5.863612637713122 -1.9396945187855537 0.0 0.0 0.0 0.8321936871813126 0.5544850467015063
1629013248.259931803 5.967760195076354 -1.9829762870120768 0.0 0.0 0.0 0.8472573053026423 0.5311826979592852
1629013248.359395504 5.863888535759801 -1.9397238598344444 0.0 0.0 0.0 0.8321936958989034 0.5544850336177916
1629013248.359395504 5.8642860634687635 -1.9402245918206238 0.0 0.0 0.0 0.8321936781598578 0.554485060241272
1629013248.359395504 5.9783698631514035 -1.9868441272430963 0.0 0.0 0.0 0.8531526566713878 0.5216613311474726
1629013248.459567547 5.863702620735279 -1.940708892695701 0.0 0.0 0.0 0.8321936796143656 0.5544850580582875
1629013248.459567547 5.991197505047038 -1.986724257496449 0.0 0.0 0.0 0.858516162985328 0.5127865032281463
1629013248.559775829 5.8634256408782655 -1.9393001739741211 0.0 0.0 0.0 0.8321937004043098 0.5544850268558943
1629013248.559775829 6.009156746237745 -1.9853726217586214 0.0 0.0 0.0 0.8643834137387949 0.5028332865406459
1629013248.960558414 6.074751473988703 -1.992974484806406 0.0 0.0 0.0 0.8866223875194963 0.46249404531218363
1629013249.261137486 6.128148456350798 -1.9971098324878367 0.0 0.0 0.0 0.9037511376046872 0.4280582685549174
1629013249.461553097 6.174691988244617 -1.998716791498184 0.0 0.0 0.0 0.9143346453217361 0.4049594502717215
1629013249.661929369 6.232620176727221 -2.0549703380454636 0.0 0.0 0.0 0.9237890175027861 0.38290188187215435
1629013250.263106346 6.412430809632583 -2.2391824176352317 0.0 0.0 0.0 0.9216680448803707 0.3879794002861427
1629013252.166831970 5.863113946309329 -1.9395881317130692 0.0 0.0 0.0 0.8321937024564903 0.5544850237758983
1629013252.367221832 5.8627099072497675 -1.939308784447328 0.0 0.0 0.0 0.8321936920931581 0.554485039329609
1629013252.467393875 5.86266022553408 -1.9401191448658244 0.0 0.0 0.0 0.8321937045010381 0.5544850207073577
1629013258.078352928 5.862037043455309 -1.9398918393430336 0.0 0.0 0.0 0.8321936715617293 0.5544850701440108
1629013258.078352928 5.862529078943734 -1.9404435095922439 0.0 0.0 0.0 0.8321936810348587 0.5544850559263539
1629013258.779723406 5.8618793986140485 -1.9407286657460794 0.0 0.0 0.0 0.832193657552104 0.5544850911702239
1629013258.779723406 5.86286852821238 -1.9408469684371323 0.0 0.0 0.0 0.8321936605438954 0.5544850866800222
1629013258.779723406 6.411881695104782 -2.238109396099302 0.0 0.0 0.0 0.9216680452918908 0.38797939930855235
1629013258.779723406 6.412385165634538 -2.238324019324162 0.0 0.0 0.0 0.921668028046723 0.38797944027546755
1629013258.980110645 6.411985102531107 -2.239101071268617 0.0 0.0 0.0 0.9216680461602281 0.3879793972457657
1629013258.980110645 7.356270683548241 -2.8698073628585856 0.0 0.0 0.0 0.7847303363689665 0.61983731670677
1629013258.980110645 7.3576790906443135 -2.86906350026471 0.0 0.0 0.0 0.7847303270997651 0.6198373284418224
1629013258.980110645 7.3579734795883605 -2.86865131477058 0.0 0.0 0.0 0.7847303418832828 0.6198373097255006
1629013258.980110645 7.358269913389842 -2.86891123969396 0.0 0.0 0.0 0.7847303151508579 0.6198373435694523
1629013258.980110645 7.358500553131457 -2.8695072944738014 0.0 0.0 0.0 0.7847303673381045 0.6198372774990252
1629013259.581286430 7.353115828334662 -2.8612703082256807 0.0 0.0 0.0 0.7483478509085757 0.6633064857518853
1629013259.581286430 7.359047734080839 -2.8702678742933 0.0 0.0 0.0 0.784730342657893 0.6198373087448237
1629013259.581286430 7.3600858155244655 -2.8702839249448036 0.0 0.0 0.0 0.7847303706250145 0.6198372733377102
1629013259.581286430 7.361711253854683 -2.8711859579305132 0.0 0.0 0.0 0.7847304016419727 0.6198372340694194
1629013259.581286430 7.362015407528101 -2.869918892047288 0.0 0.0 0.0 0.784730405347768 0.6198372293777842
1629013260.082254410 7.357476887262711 -2.848279000166237 0.0 0.0 0.0 0.7092617244518266 0.7049452505178124
1629013260.082254410 7.362181202064488 -2.870368363116446 0.0 0.0 0.0 0.7847304121092946 0.6198372208175116
1629013260.182537079 7.362215588166668 -2.8690410490504874 0.0 0.0 0.0 0.784730381847786 0.6198372591293847
1629013260.182537079 7.362417471940756 -2.870134479995197 0.0 0.0 0.0 0.7847303824643955 0.6198372583487407
1629013260.182537079 7.366097426183488 -2.8430069605655506 0.0 0.0 0.0 0.7008841963868311 0.7132750824578032
1629013260.382846355 7.362567944035412 -2.8687862367817476 0.0 0.0 0.0 0.7847303701437824 0.6198372739469629
1629013260.382846355 7.363982294760564 -2.8688649916800055 0.0 0.0 0.0 0.7847303676424645 0.6198372771136973
1629013260.382846355 7.364645419825083 -2.86812651916806 0.0 0.0 0.0 0.7847303481959629 0.6198373017334814
1629013260.382846355 7.374512249353588 -2.8400575062235056 0.0 0.0 0.0 0.6836565594108448 0.729803883775995
1629013260.683427811 7.3989983651099305 -2.825459809467834 0.0 0.0 0.0 0.6560764353935477 0.7546944487150387
1629013260.783623695 7.409196821871092 -2.8164703083389337 0.0 0.0 0.0 0.6464371074718802 0.7629672772035435
1629013260.984056950 7.429750989154862 -2.7576861315860652 0.0 0.0 0.0 0.6269776280212913 0.7790372609579052
1629013261.184803009 7.466053282709656 -2.642862484183556 0.0 0.0 0.0 0.6059718325191249 0.7954861018229128
1629013261.385650158 7.485159528395394 -2.604065210652953 0.0 0.0 0.0 0.5849336858473189 0.8110811199633918
1629013261.485024929 7.508584671638404 -2.591928330964509 0.0 0.0 0.0 0.5746638414133448 0.8183895584451565
1629013262.086208582 7.63208166796475 -2.3221011745494757 0.0 0.0 0.0 0.5056497359169098 0.8627388623257674
1629013275.311985254 7.364083252339936 -2.8692126352688447 0.0 0.0 0.0 0.784730268119298 0.6198374031126346
1629013275.311985254 7.364319981191891 -2.86973379038485 0.0 0.0 0.0 0.7847303102081068 0.6198373498271047
1629013275.311985254 7.364372071832336 -2.868317074471263 0.0 0.0 0.0 0.784730338851654 0.6198373135636224
1629013275.311985254 7.364996949950411 -2.869494378754575 0.0 0.0 0.0 0.7847303089203927 0.6198373514573843
1629013275.311985254 7.365076952566168 -2.8698045810940482 0.0 0.0 0.0 0.7847302895850425 0.619837375936443
1629013275.812977314 7.364733238641493 -2.868218820175162 0.0 0.0 0.0 0.7847302881956296 0.6198373776954759
1629013289.940553188 7.365354858096488 -2.868740482553194 0.0 0.0 0.0 0.7847303096914989 0.6198373504811437
1629013289.940553188 7.365655002758233 -2.8687845859761443 0.0 0.0 0.0 0.7847303120985919 0.619837347433701
1629013290.241132259 7.363269265197757 -2.8684272160276683 0.0 0.0 0.0 0.7847302684457751 0.6198374026993061
1629013290.241132259 7.364888037785303 -2.8691991735682407 0.0 0.0 0.0 0.7847302963889891 0.6198373673224691
1629013290.241132259 7.365287891448246 -2.868550450323232 0.0 0.0 0.0 0.7847303065713385 0.6198373544313486
1629013290.642004013 7.362654732016333 -2.869048678920603 0.0 0.0 0.0 0.784730274530202 0.6198373949962632
1629013290.642004013 7.362757078938221 -2.867401690661392 0.0 0.0 0.0 0.7847302585144308 0.6198374152726459
1629013291.042703152 7.363035451515445 -2.8674667044185553 0.0 0.0 0.0 0.7847302821824984 0.6198373853082568
1629013291.042703152 7.363597451715626 -2.8683899865920717 0.0 0.0 0.0 0.7847302778683746 0.61983739077005
1629013291.042703152 7.63221561154302 -2.3227837178864927 0.0 0.0 0.0 0.5056497406199284 0.8627388595693364
1629013291.643872261 3.774444378897198 -2.7720505419158212 0.0 0.0 0.0 0.4655133820241069 0.8850408415188973
1629013291.643872261 3.774912633929671 -2.7731274445863314 0.0 0.0 0.0 0.46551334956085805 0.8850408585939015
1629013291.643872261 3.7757380793878665 -2.771536538563249 0.0 0.0 0.0 0.4655133606003368 0.8850408527873619
1629013291.643872261 7.632286810708341 -2.322722028628932 0.0 0.0 0.0 0.5056497951039545 0.8627388276363414
1629013291.643872261 7.633356475079256 -2.32294987880497 0.0 0.0 0.0 0.5056497486947178 0.8627388548367163
1629013291.944457531 3.7764965670487 -2.773001652698676 0.0 0.0 0.0 0.4655133588750476 0.8850408536948287
1629013291.944457531 3.8928014164167553 -2.622131087613365 0.0 0.0 0.0 0.411652715670776 0.9113407933813098
1629013292.144999266 3.892062658616923 -2.6225693509625847 0.0 0.0 0.0 0.41165273876514996 0.9113407829495788
1629013292.144999266 3.892425687271882 -2.6223167644254315 0.0 0.0 0.0 0.41165272190856067 0.9113407905637019
1629013292.144999266 3.9741350304628953 -2.5057089161926767 0.0 0.0 0.0 0.380893164660063 0.9246190551331084
1629013292.345243454 3.9730056903407323 -2.505978105994973 0.0 0.0 0.0 0.38089315116181593 0.9246190606936577
1629013292.345243454 3.9739393693049467 -2.5055886405550205 0.0 0.0 0.0 0.3808931415710276 0.9246190646445449
1629013292.345243454 4.066418136024221 -2.417502957180672 0.0 0.0 0.0 0.3657263214670449 0.9307224386390304
1629013292.445479393 3.973350663643259 -2.5062260005179127 0.0 0.0 0.0 0.3808931969617132 0.9246190418265706
1629013292.445479393 4.066898626674423 -2.4189991131744413 0.0 0.0 0.0 0.36572631452672133 0.9307224413662226
1629013292.445479393 4.066922148869961 -2.418783693706877 0.0 0.0 0.0 0.3657263317824968 0.9307224345855852
1629013292.445479393 4.116761609278738 -2.3702445294151477 0.0 0.0 0.0 0.3657263400221412 0.9307224313478263
1629013292.445479393 4.116837961036829 -2.369244142203384 0.0 0.0 0.0 0.36572633851553193 0.9307224319398467
1629013292.445479393 4.117216166760389 -2.3696932493499165 0.0 0.0 0.0 0.3657263316236582 0.9307224346480008
1629013293.047432423 4.116538631457324 -2.368802704763607 0.0 0.0 0.0 0.36572631041831716 0.9307224429806153
1629013293.047432423 4.278722144246862 -2.2897965540947935 0.0 0.0 0.0 0.4353125335535963 0.9002794000370935
1629013293.247035027 4.278537644353497 -2.2894786571135812 0.0 0.0 0.0 0.43531256059842804 0.9002793869600925
1629013293.247035027 4.2786904742427865 -2.2900818387769313 0.0 0.0 0.0 0.43531254524575147 0.90027939438358
1629013293.247035027 4.363092887835797 -2.1877806482558433 0.0 0.0 0.0 0.47555824684079767 0.8796842353149833
1629013293.247035027 4.363339272053325 -2.1877541361798505 0.0 0.0 0.0 0.47555825980349464 0.8796842283073352
1629013293.247035027 4.363558112234055 -2.18822856509209 0.0 0.0 0.0 0.4755582273209531 0.8796842458674321
1629013293.247035027 4.364013472710895 -2.1883990495285395 0.0 0.0 0.0 0.4755582263622956 0.8796842463856833
1629013293.848223686 4.3627585373324065 -2.190422352860205 0.0 0.0 0.0 0.47555814751785225 0.8796842890090676
1629013293.848223686 4.3642096246930535 -2.1894872966977776 0.0 0.0 0.0 0.4755581761969803 0.8796842735051036
1629013293.848223686 4.485591166974096 -2.045594112979846 0.0 0.0 0.0 0.5737431429631631 0.819035289778622
1629013293.848223686 4.485991791822913 -2.045592618589879 0.0 0.0 0.0 0.5737430988701019 0.81903532066629
1629013293.848223686 4.486655025411536 -2.0450603296611187 0.0 0.0 0.0 0.5737431843683852 0.8190352607738113
1629013294.248976707 4.487432855712688 -2.0430267356267793 0.0 0.0 0.0 0.5737432290874211 0.8190352294476343
1629013294.248976707 4.4876387152366055 -2.0440235561277005 0.0 0.0 0.0 0.57374321165217 0.8190352416612201
1629013294.248976707 4.537325623068789 -1.9146420921367169 0.0 0.0 0.0 0.6112977318743846 0.7914007095051362
1629013294.248976707 4.538084163240786 -1.9133354172849744 0.0 0.0 0.0 0.6112977307149602 0.7914007104007046
1629013294.449362993 4.537601445356317 -1.9130124146482455 0.0 0.0 0.0 0.611297725043936 0.7914007147811457
1629013294.449362993 4.553391133502718 -1.869276123269996 0.0 0.0 0.0 0.619171272791714 0.7852559677897959
1629013294.549557686 4.549526210177903 -1.8662592173420256 0.0 0.0 0.0 0.6221767214857035 0.782876827630823
1629013294.549557686 4.549846092070993 -1.866796606481095 0.0 0.0 0.0 0.6221767590870668 0.782876797747841
1629013294.549557686 4.549860392675567 -1.8668724137836505 0.0 0.0 0.0 0.6221767494526188 0.7828768054046391
1629013294.549557686 4.550256003977703 -1.8644161061014457 0.0 0.0 0.0 0.6221766847355082 0.7828768568373522
1629013294.549557686 4.550461404881826 -1.8671514817103623 0.0 0.0 0.0 0.6221767400311167 0.7828768128922022
1629013294.549557686 4.553642053218383 -1.8688237292142988 0.0 0.0 0.0 0.6191712668049253 0.7852559725103554
1629013295.150742054 4.551690950378166 -1.8677780270658013 0.0 0.0 0.0 0.6221767322672237 0.7828768190624112
1629013295.150742054 4.555832828842723 -1.8572203880937694 0.0 0.0 0.0 0.631926191796714 0.7750285724547854
1629013295.250942469 4.552585053742531 -1.8668136888954334 0.0 0.0 0.0 0.6221767230332699 0.7828768264009235
1629013295.250942469 4.553005477526131 -1.8675985252900762 0.0 0.0 0.0 0.6221767538318148 0.7828768019243547
1629013295.250942469 4.557227568844604 -1.8574843822825775 0.0 0.0 0.0 0.6330369024484446 0.7741216184414943
1629013295.351131916 4.555489995670596 -1.856907480786068 0.0 0.0 0.0 0.6319261625278341 0.7750285963194168
1629013295.351131916 4.555940765943211 -1.8580029379626293 0.0 0.0 0.0 0.6340093473101626 0.7733253826969225
1629013295.351131916 4.556747843830995 -1.8586773112938337 0.0 0.0 0.0 0.6340093448970326 0.7733253846753225
1629013295.351131916 4.556960104636746 -1.8575890757048872 0.0 0.0 0.0 0.6330369110145343 0.774121611436586
1629013295.651784420 4.5548510802218765 -1.8572814913009525 0.0 0.0 0.0 0.6361009398939668 0.7716058542196347
1629013295.651784420 4.555355404946073 -1.8576766739536783 0.0 0.0 0.0 0.636100871983746 0.7716059102038539
1629013295.651784420 4.555477776663839 -1.857564408104938 0.0 0.0 0.0 0.6361009068486747 0.7716058814617043
1629013295.651784420 4.55601523258744 -1.8577460987370122 0.0 0.0 0.0 0.636100966827338 0.7716058320161441
1629013295.651784420 4.556125400882757 -1.8575332547752148 0.0 0.0 0.0 0.634009333562071 0.773325393968269
1629013295.651784420 4.556497737452064 -1.8572484090161758 0.0 0.0 0.0 0.6361009088169463 0.7716058798390892
1629013296.152692318 4.551270669762835 -1.856430069346857 0.0 0.0 0.0 0.6388105100036962 0.7693641090594346
1629013296.152692318 4.55508192814097 -1.8575662755597204 0.0 0.0 0.0 0.6361008714171045 0.7716059106709852
1629013296.252875090 4.550073570908289 -1.8581375784069487 0.0 0.0 0.0 0.6388105242440925 0.7693640972354947
1629013296.252875090 4.554556182461484 -1.8584789793183785 0.0 0.0 0.0 0.640124407940611 0.7682712687317431
1629013296.453254938 4.553337805806175 -1.859605187892547 0.0 0.0 0.0 0.6422065407808124 0.766531642516043
1629013296.453254938 4.553706058763038 -1.8583557175844718 0.0 0.0 0.0 0.6422065480449761 0.7665316364300666
1629013296.453254938 4.55415542607725 -1.8579765563061845 0.0 0.0 0.0 0.6401244301849751 0.7682712501977156
1629013296.453254938 4.5547605361946895 -1.8593850837874653 0.0 0.0 0.0 0.640124416114545 0.768271261921213
1629013296.753854752 4.549835340269408 -1.85915699139599 0.0 0.0 0.0 0.6455193148656153 0.7637439454001757
1629013296.753854752 4.550829862649052 -1.8589197128496289 0.0 0.0 0.0 0.6455193506199008 0.7637439151805149
1629013296.753854752 4.553059535013793 -1.8591792111167253 0.0 0.0 0.0 0.6422065171983998 0.7665316622735824
1629013296.753854752 4.553395202252116 -1.859438217202643 0.0 0.0 0.0 0.6422065208777403 0.7665316591910006
1629013297.054462671 4.551207247775617 -1.858722759651192 0.0 0.0 0.0 0.6455193446129212 0.7637439202576376
1629013297.054462671 4.5517562571375 -1.8576398181045453 0.0 0.0 0.0 0.648900252059883 0.7608734867746545
1629013297.154661655 4.551219252106685 -1.8575545854194433 0.0 0.0 0.0 0.650453047670868 0.7595464651854287
1629013297.154661655 4.553058513035186 -1.8579106835787111 0.0 0.0 0.0 0.6455193501819135 0.7637439155507034
1629013297.254834890 4.549636111809582 -1.8571186893463534 0.0 0.0 0.0 0.6520306283998588 0.7581926269942785
1629013297.254834890 4.5501484742138745 -1.8574539008796083 0.0 0.0 0.0 0.652030619765447 0.7581926344197015
1629013297.254834890 4.551433296284924 -1.8587619683618783 0.0 0.0 0.0 0.6489002184419114 0.7608735154452675
1629013297.254834890 4.551679005055322 -1.8583279524263672 0.0 0.0 0.0 0.650453075005133 0.7595464417771745
1629013297.555447102 4.541295902726996 -1.854658097135284 0.0 0.0 0.0 0.6553434112795148 0.7553310620466557
1629013297.555447102 4.548913593592745 -1.8576153359294083 0.0 0.0 0.0 0.6520306076194687 0.7581926448650016
1629013297.555447102 4.549085918406076 -1.8582349403027612 0.0 0.0 0.0 0.6520306370630344 0.7581926195441192
1629013297.755830765 4.536471316335685 -1.8522303621546934 0.0 0.0 0.0 0.657561128712828 0.7534011959148403
1629013297.755830765 4.540926890062403 -1.8552588230344047 0.0 0.0 0.0 0.6553434371293176 0.7553310396187436
1629013297.856037855 4.538363046486579 -1.8513369454231439 0.0 0.0 0.0 0.6591365586005898 0.7520232689991522
1629013297.856037855 4.540223516907906 -1.8533613738382686 0.0 0.0 0.0 0.6553434264079668 0.7553310489208462
1629013297.956216335 4.536338450796722 -1.8508552895305543 0.0 0.0 0.0 0.6575611173206918 0.7534012058577843
1629013297.956216335 4.538295758644297 -1.848713751390926 0.0 0.0 0.0 0.6607513104900122 0.7506048931933041
1629013298.056957483 4.537790963848239 -1.8495265131643541 0.0 0.0 0.0 0.6591365569515656 0.752023270444496
1629013298.056957483 4.538964007664558 -1.8472569262312626 0.0 0.0 0.0 0.6621988264745766 0.7493281752447946
1629013298.156583786 4.539379497728851 -1.8480752769975552 0.0 0.0 0.0 0.6607512834936505 0.7506049169579783
1629013298.156583786 4.540037529719632 -1.8472027495683945 0.0 0.0 0.0 0.6633765337454749 0.7482857572317135
1629013298.156583786 4.541009432301212 -1.8478381432429067 0.0 0.0 0.0 0.660751298905813 0.7506049033907792
1629013298.356981039 4.538303795480144 -1.8453133409660472 0.0 0.0 0.0 0.6656369269267333 0.7462757409373125
1629013298.356981039 4.538387445038645 -1.847000112162413 0.0 0.0 0.0 0.6621988331747914 0.7493281693236581
1629013298.356981039 4.539734111917027 -1.8459982535724528 0.0 0.0 0.0 0.6633765569486972 0.7482857366613985
1629013298.557417154 4.535416825267427 -1.8432622663812035 0.0 0.0 0.0 0.667617879166169 0.7445041083954249
1629013298.557417154 4.535717488432443 -1.8437719934586416 0.0 0.0 0.0 0.6676179038594213 0.7445040862522868
1629013298.557417154 4.5359068726871055 -1.8432956102995985 0.0 0.0 0.0 0.6676178685697097 0.7445041178975693
1629013298.557417154 4.5379624108732495 -1.8449567020492714 0.0 0.0 0.0 0.6656369122308412 0.7462757540452399
1629013298.557417154 4.538395549053099 -1.844728590756923 0.0 0.0 0.0 0.6656369038552806 0.746275761515779
1629013298.958150387 4.530588939821543 -1.8412203923650046 0.0 0.0 0.0 0.6706266556543308 0.7417950449591098
1629013298.958150387 4.536131728321237 -1.843093501943167 0.0 0.0 0.0 0.6676179114370796 0.7445040794571858
1629013298.958150387 4.536352278076891 -1.8427131276744675 0.0 0.0 0.0 0.6676179104915431 0.7445040803050752
1629013299.158659935 4.529913219940399 -1.840843850896105 0.0 0.0 0.0 0.6724581499752881 0.7401351474776839
1629013299.158659935 4.530864657290393 -1.8412068109023703 0.0 0.0 0.0 0.6706266518405389 0.7417950484070034
1629013299.158659935 4.53086787825638 -1.8416683990070866 0.0 0.0 0.0 0.6706266481083364 0.7417950517811356
1629013299.358932257 4.529033097448697 -1.8415970749624424 0.0 0.0 0.0 0.6744717827258969 0.7383006259692256
1629013299.358932257 4.529411129125044 -1.8413615901952307 0.0 0.0 0.0 0.6744718398593174 0.7383005737751985
1629013299.358932257 4.53011551172341 -1.840613094432364 0.0 0.0 0.0 0.6744717873284329 0.7383006217645961
1629013299.358932257 4.530950022066343 -1.8416302817147678 0.0 0.0 0.0 0.6724581161392771 0.7401351782197726
1629013299.358932257 4.5310048501404045 -1.842223574805418 0.0 0.0 0.0 0.6724581176441552 0.7401351768524986
1629013299.759720087 4.526369599929514 -1.8386897026518516 0.0 0.0 0.0 0.6782266799078605 0.7348527544080927
1629013299.759720087 4.526556887177048 -1.8392031086195102 0.0 0.0 0.0 0.6782267073330813 0.7348527290961958
1629013299.759720087 4.529259134351036 -1.84044190670207 0.0 0.0 0.0 0.6744717813208819 0.7383006272527719
1629013299.759720087 4.530657279690317 -1.8407219972796516 0.0 0.0 0.0 0.6744717835589736 0.7383006252081716
1629013300.060306549 4.52063262979907 -1.8373596844067648 0.0 0.0 0.0 0.6809575801641038 0.732322861869714
1629013300.060306549 4.525956821437255 -1.8383207454810842 0.0 0.0 0.0 0.6782267017930677 0.734852734209309
1629013300.160758972 4.520916531837495 -1.8362209168199735 0.0 0.0 0.0 0.6823297249646924 0.7310445584433327
1629013300.160758972 4.521390476017867 -1.836346033510383 0.0 0.0 0.0 0.682329700936895 0.7310445808699818
1629013300.160758972 4.521651502433632 -1.836316129318983 0.0 0.0 0.0 0.6809576264084306 0.7323228188689714
1629013300.361333370 4.521841820197466 -1.8348984202000174 0.0 0.0 0.0 0.6823297133524957 0.7310445692817238
1629013300.361333370 4.522698439519329 -1.8359050413176257 0.0 0.0 0.0 0.6840627921474188 0.729423125764105
1629013300.461078167 4.522516325510889 -1.8361592063811971 0.0 0.0 0.0 0.6844188902077784 0.7290890087820232
1629013300.461078167 4.522771999214947 -1.8372048345109455 0.0 0.0 0.0 0.6844188762501394 0.7290890218844996
1629013300.461078167 4.522934901976715 -1.8360660737164978 0.0 0.0 0.0 0.6840628032637465 0.7294231153390636
1629013300.461078167 4.52298883390548 -1.8355208341926421 0.0 0.0 0.0 0.6844188614940061 0.7290890357365474
1629013300.461078167 4.523256755199533 -1.836619025548603 0.0 0.0 0.0 0.6844188726736401 0.7290890252418724
1629013300.461078167 4.5239839200679715 -1.837169056388548 0.0 0.0 0.0 0.6844188892263122 0.7290890097033564
1629013300.962058544 4.521475694069295 -1.8374277885109391 0.0 0.0 0.0 0.6832782970374232 0.7301580437122082
1629013300.962058544 4.521918139957769 -1.8376779195996698 0.0 0.0 0.0 0.6832782874744582 0.7301580526611836
1629013300.962058544 4.522229498714123 -1.8371934097237415 0.0 0.0 0.0 0.6832782842391971 0.7301580556887248
1629013300.962058544 4.522880802221814 -1.8372018036672944 0.0 0.0 0.0 0.6844189060237731 0.7290889939350488
1629013301.362841129 4.521149543777671 -1.8375567508931054 0.0 0.0 0.0 0.683278245165704 0.7301580922535037
1629013301.362841129 4.5214684974097255 -1.8365162922551526 0.0 0.0 0.0 0.6832782732424167 0.7301580659794571
1629013301.362841129 4.522098269168304 -1.8365919110669644 0.0 0.0 0.0 0.683634707270063 0.7298243535370516
1629013301.362841129 4.522145366867897 -1.8370760549363303 0.0 0.0 0.0 0.6832782513980356 0.7301580864213194
1629013301.362841129 4.52258004450021 -1.8370076775341944 0.0 0.0 0.0 0.6836346573130487 0.7298244003323474
1629013301.362841129 4.522762552515738 -1.8372358597950984 0.0 0.0 0.0 0.6836346698858845 0.7298243885552317
1629013301.863822460 4.521330826665861 -1.83610565832235 0.0 0.0 0.0 0.6836347214941295 0.7298243402132077
1629013301.863822460 4.5226021192537464 -1.8364667654868558 0.0 0.0 0.0 0.6836347035334518 0.7298243570371774
1629013301.863822460 4.522810124490075 -1.8363382348848345 0.0 0.0 0.0 0.6836347147406362 0.7298243465392813
1629013301.863822460 4.522818283984896 -1.8361704695026377 0.0 0.0 0.0 0.6836347505592504 0.7298243129875789
1629013301.863822460 4.523005150864823 -1.8362969095622268 0.0 0.0 0.0 0.6836347009614799 0.7298243594463725
1629013302.164443970 4.521923832677545 -1.8369620576857704 0.0 0.0 0.0 0.6836346841082108 0.7298243752330192
1629013302.164443970 4.522211206530083 -1.8367844744105606 0.0 0.0 0.0 0.6836346534650928 0.7298244039367706
1629013302.164443970 4.522922043763794 -1.8387835681783142 0.0 0.0 0.0 0.6836346101270161 0.7298244445320277
1629013302.164443970 4.522985349941922 -1.837090307199914 0.0 0.0 0.0 0.6836346673114573 0.7298243909667265
1629013302.164443970 4.523042828174776 -1.8380781146177103 0.0 0.0 0.0 0.6836346287831805 0.7298244270565921
1629013302.164443970 4.523449646874312 -1.8380911221144705 0.0 0.0 0.0 0.6836346278918315 0.7298244278915286
1629013302.665424824 4.524526142001333 -1.8388636983293587 0.0 0.0 0.0 0.6836346271768777 0.7298244285612338
1629013302.665424824 4.525084232271349 -1.8385945140352347 0.0 0.0 0.0 0.6845426145300922 0.7289728450993943
1629013302.865775824 4.52409113789614 -1.8384722123331323 0.0 0.0 0.0 0.6845425910026895 0.7289728671928225
1629013302.865775824 4.524483518945281 -1.8374963928783326 0.0 0.0 0.0 0.6845425893730914 0.7289728687230981
1629013302.865775824 4.5246191354768195 -1.8373714216181134 0.0 0.0 0.0 0.6847205302948195 0.7288057322721749
1629013302.865775824 4.525707291096901 -1.8382138449562728 0.0 0.0 0.0 0.6847205566595707 0.7288057075022174
1629013302.865775824 4.525840497198435 -1.8382796639968844 0.0 0.0 0.0 0.6847205392389563 0.7288057238690658
1629013302.865775824 4.526692760979452 -1.838608364466778 0.0 0.0 0.0 0.684720555260873 0.7288057088163084
1629013303.867745638 4.522762796367585 -1.8400327754436485 0.0 0.0 0.0 0.6848984573436713 0.7286385270682983
1629013303.867745638 4.523435387564947 -1.838434807869902 0.0 0.0 0.0 0.6847205471141788 0.7288057164702124
1629013303.867745638 4.524686397843285 -1.838404260837876 0.0 0.0 0.0 0.6847205376978716 0.7288057253169309
1629013304.068133831 4.522486362521147 -1.8390767190945874 0.0 0.0 0.0 0.6847205757100251 0.7288056896041164
1629013304.068133831 4.5231320588242 -1.8400826645204744 0.0 0.0 0.0 0.684898454156486 0.7286385300641574
1629013304.168321133 4.521701189383364 -1.8376350536903778 0.0 0.0 0.0 0.684720617483955 0.7288056503570698
1629013304.168321133 4.522041444289555 -1.8379988763021629 0.0 0.0 0.0 0.6847206081238155 0.7288056591510197
1629013304.168321133 4.5228762272008 -1.837314278031477 0.0 0.0 0.0 0.6847206138807475 0.7288056537423213
1629013304.168321133 4.523809926300947 -1.8402276590174262 0.0 0.0 0.0 0.6848984917100768 0.7286384947649018
1629013304.370109081 4.521528229333426 -1.8376574467393563 0.0 0.0 0.0 0.6843646424230954 0.7291399290953067
1629013304.370109081 4.522027556912023 -1.8381664024001547 0.0 0.0 0.0 0.6843646199451966 0.7291399501928738
1629013304.370109081 4.522172886540612 -1.8366064419526618 0.0 0.0 0.0 0.6843646451893922 0.7291399264988835
1629013304.370109081 4.522608729854031 -1.8368416702166104 0.0 0.0 0.0 0.6843646601339012 0.729139912472092
1629013304.370109081 4.523156389202497 -1.8377244117892302 0.0 0.0 0.0 0.6847206149184938 0.7288056527673477
1629013304.769490957 4.522541634215299 -1.8386026733574996 0.0 0.0 0.0 0.6843646318284943 0.7291399390393105
1629013304.769490957 4.522751092314031 -1.838241258602894 0.0 0.0 0.0 0.6838770166728944 0.7295973040428411
1629013304.769490957 4.52287839062215 -1.8385722233367106 0.0 0.0 0.0 0.6843646245756168 0.7291399458468004
1629013304.769490957 4.5236443036623255 -1.8380411786308113 0.0 0.0 0.0 0.683877053726573 0.729597269311133
1629013304.769490957 4.524678438022326 -1.8370880695738978 0.0 0.0 0.0 0.6838770470925746 0.7295972755294119
1629013304.769490957 4.524872649019952 -1.838432323349312 0.0 0.0 0.0 0.6838770313353384 0.7295972902992202
1629013305.271343708 4.524747164293174 -1.839401719575775 0.0 0.0 0.0 0.6838770155129512 0.7295973051300962
1629013305.271343708 4.525502314384558 -1.8392297285550476 0.0 0.0 0.0 0.6833135602007185 0.7301250430205904
1629013305.470873833 4.525068276651656 -1.8393867639518096 0.0 0.0 0.0 0.6834395803252468 0.730007082188146
1629013305.470873833 4.525804937646661 -1.8393962194930544 0.0 0.0 0.0 0.6833135420823517 0.7301250599773097
1629013305.571066380 4.523213897961916 -1.838398000377247 0.0 0.0 0.0 0.6836578397238758 0.7298026844182496
1629013305.571066380 4.5241119982493885 -1.8393658528465386 0.0 0.0 0.0 0.6836578459564192 0.729802678579785
1629013305.571066380 4.524289511074985 -1.839420304392917 0.0 0.0 0.0 0.6834395459737811 0.7300071143483137
1629013305.571066380 4.524432354375357 -1.8389503847884856 0.0 0.0 0.0 0.6836577784524501 0.729802741815527
1629013305.571066380 4.524843765337355 -1.839420854408429 0.0 0.0 0.0 0.6836578211196151 0.7298027018461772
1629013305.571066380 4.525554729700701 -1.8396928521813756 0.0 0.0 0.0 0.6833135376535863 0.7301250641221276
1629013306.072058678 4.521806746989807 -1.8388478263351993 0.0 0.0 0.0 0.6831537531377831 0.7302745713591298
1629013306.072058678 4.522067002370191 -1.8380780134144123 0.0 0.0 0.0 0.683657846418746 0.7298026781466906
1629013306.172584057 4.519401395438003 -1.8362413296970899 0.0 0.0 0.0 0.6828717294822103 0.7305382954191895
1629013306.172584057 4.521962585714582 -1.8388050443584718 0.0 0.0 0.0 0.6836578669849422 0.7298026588808778
1629013306.272438526 4.519527136293459 -1.8367167597791032 0.0 0.0 0.0 0.6825380278102894 0.7308500807914307
1629013306.272438526 4.519971219524389 -1.8375533708698635 0.0 0.0 0.0 0.683153715230833 0.7302746068201399
1629013306.272438526 4.52016692898579 -1.8373741648765312 0.0 0.0 0.0 0.6828717902827108 0.7305382385858289
1629013306.272438526 4.521334142245244 -1.8386636503126814 0.0 0.0 0.0 0.6836578722944765 0.7298026539070609
1629013306.575726032 4.51642028066159 -1.8359891263013 0.0 0.0 0.0 0.6825380559809752 0.7308500544829365
1629013306.575726032 4.516718030544788 -1.8363489943850984 0.0 0.0 0.0 0.6825380712721909 0.7308500402025285
1629013306.575726032 4.5171333535869245 -1.8383260241715076 0.0 0.0 0.0 0.6820177025117721 0.7313356640152071
1629013306.575726032 4.51763404506998 -1.8370193792630303 0.0 0.0 0.0 0.6820176997603137 0.7313356665811196
1629013306.575726032 4.517783744522995 -1.8377486413817048 0.0 0.0 0.0 0.6820177055843926 0.7313356611497902
1629013306.575726032 4.517868838215318 -1.8376041503099414 0.0 0.0 0.0 0.6820176824443663 0.7313356827293576
1629013306.575726032 4.518385119304712 -1.836232426450319 0.0 0.0 0.0 0.6825380559466712 0.7308500545149729
1629013307.374596596 4.51443655515164 -1.8405996946492003 0.0 0.0 0.0 0.6821961718425978 0.7311691891233553
1629013307.374596596 4.515194472413107 -1.840559160048686 0.0 0.0 0.0 0.682196165991527 0.7311691945825268
1629013307.374596596 4.515464419824788 -1.8396474309154067 0.0 0.0 0.0 0.6821961406880663 0.7311692181911845
1629013307.374596596 4.51660951500731 -1.838708560146937 0.0 0.0 0.0 0.682017655577577 0.7313357077843701
1629013307.374596596 4.516786367528859 -1.8393040621599437 0.0 0.0 0.0 0.6820176184665722 0.7313357423927709
1629013307.374596596 4.517333295337094 -1.8382744953581283 0.0 0.0 0.0 0.6820176898755178 0.7313356757993296
1629013307.975763083 4.513890126848911 -1.840300374186049 0.0 0.0 0.0 0.6821961414890216 0.7311692174438765
1629013307.975763083 4.515254964291094 -1.84232990344917 0.0 0.0 0.0 0.6827315011193185 0.730669348870857
1629013308.075963020 4.513366208628714 -1.8419199983628565 0.0 0.0 0.0 0.6829499112165516 0.7304652070901833
1629013308.075963020 4.5135036302254505 -1.8420124862683622 0.0 0.0 0.0 0.6821961453485167 0.731169213842887
1629013308.075963020 4.514220531265997 -1.8429455037289315 0.0 0.0 0.0 0.6829499234998571 0.730465195605882
1629013308.075963020 4.51456140061382 -1.842780561623 0.0 0.0 0.0 0.6827314979683132 0.7306693518151306
1629013308.476742268 4.51138130337897 -1.841968531724071 0.0 0.0 0.0 0.6830760527105804 0.7303472504318288
1629013308.476742268 4.513742262750951 -1.8414320798192987 0.0 0.0 0.0 0.6829499147612698 0.7304652037760418
1629013308.577086210 4.5105598312239055 -1.842918531047988 0.0 0.0 0.0 0.6830760667175025 0.7303472373314943
1629013308.577086210 4.511980559503166 -1.8426365683473296 0.0 0.0 0.0 0.683357966621469 0.7300834811547041
1629013308.577086210 4.513062050729265 -1.8419189935029574 0.0 0.0 0.0 0.6829499463213912 0.7304651742688415
1629013308.777350664 4.512205841863998 -1.8420203990147905 0.0 0.0 0.0 0.683024441916196 0.7303955173363736
1629013308.777350664 4.512386432493244 -1.8420538397964243 0.0 0.0 0.0 0.683024438611643 0.7303955204266042
1629013308.777350664 4.51251101568101 -1.8424129334031498 0.0 0.0 0.0 0.6830244101279784 0.7303955470629097
1629013308.777350664 4.512705292759247 -1.8434675377563865 0.0 0.0 0.0 0.6833579607877687 0.7300834866150463
1629013308.777350664 4.512872378108411 -1.843416503743315 0.0 0.0 0.0 0.6830244231605725 0.7303955348755681
1629013308.777350664 4.512924367895413 -1.8430597066521321 0.0 0.0 0.0 0.6830244631343715 0.7303954974943394
