1629013127.723922968 0.0005038114466803579 -0.0003269818556311645 0.0 0.0 0.0 -7.992995002018504e-09 1.0
1629013127.723922968 0.0017110581815527012 -0.0003329901347151184 0.0 0.0 0.0 -1.4245987792748796e-08 0.9999999999999999
1629013127.723922968 0.0007828840764483206 4.473368070774823e-06 0.0 0.0 0.0 -2.9962081129646456e-08 0.9999999999999996
1629013127.723922968 0.0008405918113395866 0.002059468870257815 0.0 0.0 0.0 -4.992109627969222e-08 0.9999999999999988
1629013128.224887848 0.0017728431894557424 0.0023690801040591345 0.0 0.0 0.0 -2.2081094384886316e-08 0.9999999999999998
1629013128.325093031 0.002243829825629139 0.002643780909286155 0.0 0.0 0.0 -2.5849341553803622e-08 0.9999999999999997
1629013128.425327301 0.002402450384864056 0.0030911927810016644 0.0 0.0 0.0 -4.0605004702631915e-09 1.0
1629013128.525490284 0.002292901078705683 0.0030679393552392096 0.0 0.0 0.0 -5.732372922560214e-08 0.9999999999999983
1629013128.625700474 0.0017360090122253754 0.003091727168498873 0.0 0.0 0.0 -7.362665266733721e-08 0.9999999999999973
1629013128.625700474 -0.00483415948565576 0.007631200389223292 0.0 0.0 0.0 2.4716124400483773e-08 0.9999999999999997
1629013128.625700474 -0.006489172086290019 0.0016022392258543759 0.0 0.0 0.0 1.3238798854674854e-08 0.9999999999999999
1629013128.625700474 0.0032820783231601184 0.009070410387898182 0.0 0.0 0.0 -7.411913631392445e-08 0.9999999999999972
1629013128.926275730 0.0026344509591370415 0.009669336158683789 0.0 0.0 0.0 -7.951905105241108e-08 0.9999999999999969
1629013128.926275730 0.007958339209867459 -0.002718888943127252 0.0 0.0 0.0 -1.689562925302002e-07 0.9999999999999857
1629013128.926275730 0.00754577395527567 -0.0027485168866992283 0.0 0.0 0.0 -1.959775417182548e-07 0.9999999999999808
1629013128.926275730 0.0076735501701047535 -0.0020092970395964266 0.0 0.0 0.0 -2.0791041950954413e-07 0.9999999999999784
1629013129.327075481 0.00845399462003045 -0.002215916556697874 0.0 0.0 0.0 -2.228062224373465e-07 0.9999999999999751
1629013129.327075481 0.009087680448181857 -0.0020952436423214977 0.0 0.0 0.0 -2.3688285145896147e-07 0.9999999999999719
1629013129.327075481 0.008997247414442784 -0.002561868761972175 0.0 0.0 0.0 -2.0185378004443813e-07 0.9999999999999797
1629013130.830001831 0.009669729530692077 -0.0026957727322940326 0.0 0.0 0.0 -1.9254452143765392e-07 0.9999999999999815
1629013130.830001831 0.009934811185732249 -0.002730785705779214 0.0 0.0 0.0 -1.5871978876503233e-07 0.9999999999999875
1629013132.533311367 0.010304194167723045 -0.0025288932587625556 0.0 0.0 0.0 -1.2652597768338174e-07 0.999999999999992
1629013150.869095564 0.010970879713563664 -0.003132674240880471 0.0 0.0 0.0 -1.0838936729104143e-07 0.9999999999999941
1629013151.570468903 0.010937543996167148 -0.004118833621458369 0.0 0.0 0.0 -1.1316996286328934e-07 0.9999999999999936
1629013151.570468903 0.01038767783204457 -0.004135812484910779 0.0 0.0 0.0 -9.380369390243076e-08 0.9999999999999956
1629013158.684444427 0.010190438993762605 -0.003830695487337314 0.0 0.0 0.0 -4.0973387732747126e-08 0.9999999999999991
1629013158.784572601 0.008965218709653054 -0.004703406702010007 0.0 0.0 0.0 -1.9466258357081585e-08 0.9999999999999998
1629013128.224887848 0.00045099479600704573 0.0006322540113210425 0.0 0.0 0.0 -6.315668305298874e-09 1.0
1629013128.325093031 0.0019934279718684025 0.00036913439284839283 0.0 0.0 0.0 0.0005178618386304408 0.999999865909549
1629013128.425327301 0.0019471136833691522 0.002943722263078001 0.0 0.0 0.0 -0.000395609680776453 0.9999999217464872
1629013128.525490284 0.0014080939803898494 0.003754438038754866 0.0 0.0 0.0 0.00012232382031979964 0.9999999925184415
1629013128.625700474 0.0012119855229299865 0.002321661681671322 0.0 0.0 0.0 0.000812897305937521 0.9999996695989304
1629013128.926275730 0.0010289280918960616 0.0026437231567585577 0.0 0.0 0.0 0.000295020747625145 0.9999999564813783
1629013129.327075481 0.00028048835260943456 0.0023254420987012542 0.0 0.0 0.0 0.0007179173257852157 0.9999997422973235
1629013129.727863789 0.0008988617438699181 0.0013029226999430477 0.0 0.0 0.0 0.0007179043774526104 0.9999997423066193
1629013129.928267002 0.0008569167593640852 0.0010019381098956828 0.0 0.0 0.0 0.0007178952151593053 0.9999997423131968
1629013130.128615141 -0.0006428480147984191 0.0008226371542725439 0.0 0.0 0.0 0.000717851505502527 0.9999997423445748
1629013130.729794502 -0.00041786234830743017 -0.001308336122636212 0.0 0.0 0.0 0.0014296281322163592 0.9999989780811797
1629013158.984942913 3.9661689368950013 2.1361147291558544 0.0 0.0 0.0 0.9037921195072248 0.4279717335486518
1629013159.085130692 3.963820112417711 2.1632458786568525 0.0 0.0 0.0 0.9066144997281215 0.42195989013498436
1629013158.984942913 3.963258379740886 2.162737922649515 0.0 0.0 0.0 0.9066144946899076 0.4219599009599887
1629013159.085130692 3.962692777759814 2.162703462438466 0.0 0.0 0.0 0.9066144962187034 0.421959897675249
1629013159.085130692 3.9630952480285213 2.162121925012916 0.0 0.0 0.0 0.9066145032822842 0.4219598824985818
1629013159.085130692 3.9611335004917017 2.1622886481654375 0.0 0.0 0.0 0.9066145025328447 0.4219598841088125
1629013159.085130692 3.960862671595483 2.1626538237439417 0.0 0.0 0.0 0.9066144782250658 0.4219599363360124
1629013159.485904694 3.9602382797497375 2.1627500439881397 0.0 0.0 0.0 0.9066145042749965 0.4219598803656603
1629013159.485904694 3.9597412802564143 2.1630822771356266 0.0 0.0 0.0 0.9066144991994264 0.421959891270928
1629013159.485904694 3.959369873473286 2.1641998455414413 0.0 0.0 0.0 0.9066144958658215 0.4219598984334438
1629013159.686296701 3.960445399271667 2.164800620847701 0.0 0.0 0.0 0.906614495104139 0.4219599000699795
1629013159.886710405 3.961172684326252 2.1646903536612907 0.0 0.0 0.0 0.9066144881604363 0.42195991498907814
1629013159.886710405 3.9620799188026514 2.1643347742538 0.0 0.0 0.0 0.9066144969933035 0.42195989601095885
1629013159.886710405 3.963101079140816 2.1648846245822306 0.0 0.0 0.0 0.9066145117866904 0.42195986422618564
1629013160.187287807 3.962440292206865 2.165643783617933 0.0 0.0 0.0 0.9066145173087108 0.4219598523616831
1629013161.790414810 3.9639644036758575 2.165168469925399 0.0 0.0 0.0 0.906614520207287 0.42195984613386006
1629013161.990804672 3.9642993970197593 2.165535086561796 0.0 0.0 0.0 0.9066145375212201 0.4219598089334862
1629013161.990804672 3.963532027029679 2.1659024647518357 0.0 0.0 0.0 0.906614540127261 0.421959803334198
1629013161.990804672 3.9629379293108475 2.166351624549181 0.0 0.0 0.0 0.9066145509530736 0.4219597800740689
1629013162.391571283 3.962379743790423 2.167381285103953 0.0 0.0 0.0 0.9066145305866111 0.4219598238330501
1629013162.391571283 3.962453265143815 2.166881906731095 0.0 0.0 0.0 0.9066145248629478 0.4219598361307999
1629013162.391571283 3.9629545245923024 2.16672040729533 0.0 0.0 0.0 0.906614545538859 0.4219597917069447
1629013162.391571283 3.9637127323752757 2.166882284045483 0.0 0.0 0.0 0.9066145309295892 0.4219598230961342
1629013162.792377234 3.963244708360758 2.1674270462603955 0.0 0.0 0.0 0.9066145281291805 0.421959829113037
1629013162.992767334 3.963224969619442 2.1683168226500813 0.0 0.0 0.0 0.9066144946986323 0.421959900941243
1629013162.992767334 3.9638330323844113 2.168806425404132 0.0 0.0 0.0 0.9066144953729831 0.42195989949234647
1629013162.992767334 3.9637380771407127 2.168535552736323 0.0 0.0 0.0 0.906614505462365 0.42195987781450434
1629013159.485904694 3.942665602677159 2.302477605831446 0.0 0.0 0.0 0.9075451482907545 0.4199545258881162
1629013159.686296701 3.94142675337643 2.3325854923194953 0.0 0.0 0.0 0.9060752442020246 0.4231165936763076
1629013159.886710405 3.9407239989608516 2.3479253136401628 0.0 0.0 0.0 0.9054086631805026 0.4245411083012989
1629013160.187287807 3.942613869215961 2.3274910143830128 0.0 0.0 0.0 0.9070342034689093 0.4210569483306519
1629013160.287604094 3.943213016173617 2.3158060978360555 0.0 0.0 0.0 0.9080970878417849 0.41875969129474444
1629013160.490854502 3.946217352937273 2.2837847176016433 0.0 0.0 0.0 0.9119934094775423 0.4102048525670168
1629013160.588062286 3.948399493799505 2.258125575253145 0.0 0.0 0.0 0.9147165766461159 0.40409600889987796
1629013160.788452625 3.956541940274636 2.1790770399124706 0.0 0.0 0.0 0.9227308277396109 0.38544496304786824
1629013161.089177847 3.986259732861426 2.0390333214724055 0.0 0.0 0.0 0.9381092328670615 0.34633952591290146
1629013161.590049744 4.060036098698966 1.8114435393293116 0.0 0.0 0.0 0.964492262255949 0.26411110549994266
1629013161.790414810 4.100282405700091 1.720734672523818 0.0 0.0 0.0 0.9700726680236321 0.242814782815034
1629013163.794341564 4.101497921240642 1.7205067403934775 0.0 0.0 0.0 0.9700726627923069 0.24281480371477224
1629013163.994716644 4.101219472798487 1.7208723373051718 0.0 0.0 0.0 0.9700726677464009 0.24281478392260392
1629013163.994716644 4.10135446604113 1.7210527306064747 0.0 0.0 0.0 0.9700726798410242 0.24281473560320402
1629013163.994716644 4.100835071463885 1.7202015739574619 0.0 0.0 0.0 0.9700726769003367 0.24281474735158662
1629013164.297129869 4.100468595684511 1.7206972464511334 0.0 0.0 0.0 0.9700726671335349 0.24281478637107326
1629013164.395480871 4.099487298286269 1.7200031425698212 0.0 0.0 0.0 0.9700726507153936 0.2428148519634042
1629013164.395480871 4.099576357222981 1.7199367549223448 0.0 0.0 0.0 0.9700726321497636 0.24281492613517291
1629013164.395480871 4.10041212977296 1.7192857739540688 0.0 0.0 0.0 0.9700726263324873 0.2428149493758374
1629013164.395480871 4.101050518253542 1.7190593402207512 0.0 0.0 0.0 0.9700726125855434 0.24281500429639472
1629013164.796288013 4.102418836681633 1.7196300988392115 0.0 0.0 0.0 0.9700726162583985 0.24281498962293505
1629013164.796288013 4.102254332959212 1.7206512384498918 0.0 0.0 0.0 0.9700726134891465 0.24281500068640088
1629013164.796288013 4.10119399449126 1.7198338767857546 0.0 0.0 0.0 0.9700726086038233 0.24281502020380355
1629013165.197075605 4.100400281443397 1.7202203739257884 0.0 0.0 0.0 0.970072596316096 0.2428150692946149
1629013165.197075605 4.100246900889328 1.7203673702988493 0.0 0.0 0.0 0.9700725991438687 0.24281505799735542
1629013165.197075605 4.100183196597363 1.7200265437664088 0.0 0.0 0.0 0.9700725869479916 0.2428151067212074
1629013165.597881317 4.100152108754003 1.7191913578435776 0.0 0.0 0.0 0.9700725939020849 0.24281507893885146
1629013165.998615742 4.10007344763096 1.719422181121141 0.0 0.0 0.0 0.9700725825292448 0.24281512437457772
1629013165.998615742 4.099273170340588 1.7186575444212306 0.0 0.0 0.0 0.970072587120178 0.24281510603330403
1629013163.794341564 4.25757522420214 1.6484142134872797 0.0 0.0 0.0 0.9762691602888665 0.21656067664484133
1629013163.994716644 4.209747673113043 1.681946287783587 0.0 0.0 0.0 0.9808704645439225 0.1946615827157214
1629013164.297129869 4.182855730006021 1.7351744502244466 0.0 0.0 0.0 0.9869198695905775 0.16121157218797114
1629013164.395480871 4.180480656602739 1.7528453341412003 0.0 0.0 0.0 0.9887014261166921 0.14989826548302437
1629013164.796288013 4.126438234038425 1.8028612986785657 0.0 0.0 0.0 0.994073717858497 0.1087080653078944
1629013165.197075605 4.0169148279053015 1.8301500724056516 0.0 0.0 0.0 0.9972888081700358 0.0735869084741936
1629013165.597881317 3.9171095899236494 1.8437449874627185 0.0 0.0 0.0 0.9990835446698184 0.04280269582620969
1629013165.898430824 3.843927330896952 1.8466171143326753 0.0 0.0 0.0 0.9997558897711412 0.022094362808506376
1629013165.998615742 3.8111231461819473 1.8439427367183572 0.0 0.0 0.0 0.9998904453610334 0.014801934863867494
1629013166.299229145 3.7560628196906394 1.854035080869419 0.0 0.0 0.0 -0.9999579862337677 0.009166557004019436
1629013166.299229145 3.7557435765728355 1.8538393206607497 0.0 0.0 0.0 -0.999957986571541 0.009166520157067324
1629013166.299229145 3.75480262733004 1.8536140613615666 0.0 0.0 0.0 -0.9999579868691133 0.0091664876954207
1629013166.299229145 3.7556691189955522 1.854025102072357 0.0 0.0 0.0 -0.9999579876512159 0.0091664023766497
1629013166.299229145 3.756553067708764 1.8540177034772938 0.0 0.0 0.0 -0.9999579877108615 0.009166395869948558
1629013166.299229145 3.7565275421187008 1.8549996117704268 0.0 0.0 0.0 -0.9999579875602475 0.009166412300344297
1629013167.200989485 3.7564459998016564 1.8553228189395385 0.0 0.0 0.0 -0.9999579873269666 0.009166437748772719
1629013167.200989485 3.75633597637984 1.8548454792880134 0.0 0.0 0.0 -0.9999579876514777 0.009166402348093078
1629013167.200989485 3.756273933413058 1.8550754048609674 0.0 0.0 0.0 -0.9999579873419286 0.00916643611657142
1629013167.200989485 3.7565680991562793 1.8546094139528593 0.0 0.0 0.0 -0.9999579870961087 0.009166462932802637
1629013167.200989485 3.7550661007280848 1.854548921087884 0.0 0.0 0.0 -0.9999579870176294 0.009166471494006177
1629013167.902340412 3.754267551626308 1.853582349051695 0.0 0.0 0.0 -0.9999579866508189 0.009166511508785327
1629013168.102773190 3.7543963303719043 1.8525793093315477 0.0 0.0 0.0 -0.9999579862164684 0.009166558891168965
1629013168.603710651 3.7538811967915637 1.852816494123775 0.0 0.0 0.0 -0.9999579864708 0.009166531146693099
1629013168.804109335 3.7533258192894636 1.8550549157292502 0.0 0.0 0.0 -0.9999579870367774 0.009166469405182672
1629013168.804109335 3.753906821968521 1.8546646328266563 0.0 0.0 0.0 -0.9999579871812886 0.00916645364063632
1629013169.004486561 3.7559548488822814 1.8556490137741022 0.0 0.0 0.0 -0.9999579871294363 0.009166459297134633
1629013169.004486561 3.7551129925834323 1.8554631542042777 0.0 0.0 0.0 -0.9999579873568102 0.00916643449315739
1629013169.004486561 3.755637022775643 1.855484073174184 0.0 0.0 0.0 -0.999957987006114 0.009166472750210496
1629013169.305072069 3.7541483983788493 1.8563093652505809 0.0 0.0 0.0 -0.9999579868654275 0.009166488097499273
1629013169.305072069 3.7557266155630233 1.856148003735563 0.0 0.0 0.0 -0.9999579870289065 0.00916647026380996
1629013169.305072069 3.7553231525222834 1.8563720091938873 0.0 0.0 0.0 -0.9999579868137491 0.00916649373500713
1629013169.605694056 3.7553974388967224 1.8555174795014888 0.0 0.0 0.0 -0.9999579869451596 0.009166479399646568
1629013169.705881596 3.7535442290883436 1.8552793130015584 0.0 0.0 0.0 -0.999957987177782 0.009166454023165134
1629013169.806046009 3.753068497299658 1.8555966769646715 0.0 0.0 0.0 -0.9999579870350123 0.009166469597740546
1629013169.806046009 3.753812098990883 1.8557339997120275 0.0 0.0 0.0 -0.9999579870116813 0.00916647214288207
1629013167.200989485 3.66479699799743 1.8503718482644695 0.0 0.0 0.0 -0.9957717374639236 0.09186210790134831
1629013167.902340412 3.4482914130096405 1.787464215960863 0.0 0.0 0.0 -0.9824607100491864 0.1864697112392474
1629013168.102773190 3.36185122218382 1.7539403547987091 0.0 0.0 0.0 -0.977016579043913 0.2131633276934128
1629013168.206339836 3.3599483263329524 1.7387746531668657 0.0 0.0 0.0 -0.9741953383988133 0.22570654098191642
1629013168.403431416 3.347502287848438 1.707777091102038 0.0 0.0 0.0 -0.9682883268893333 0.24983537781878626
1629013168.603710651 3.3422645080435296 1.6748803672938695 0.0 0.0 0.0 -0.9617208048906948 0.27403119063419423
1629013168.804109335 3.323311488422974 1.637457866841224 0.0 0.0 0.0 -0.954576813029325 0.2979649442917356
1629013169.004486561 3.3168563782144784 1.5992958650792999 0.0 0.0 0.0 -0.9470350340925735 0.3211302604882918
1629013169.305072069 3.289781010842643 1.5337277677738421 0.0 0.0 0.0 -0.9345079252506905 0.35594232347902915
1629013169.605694056 3.2628467078865717 1.4609140071961186 0.0 0.0 0.0 -0.9216548709121655 0.388010694342153
1629013169.705881596 3.256308241480943 1.4372035097654734 0.0 0.0 0.0 -0.9180028069855847 0.3965738851293506
1629013174.415051937 3.2568586519617684 1.4383192032767613 0.0 0.0 0.0 -0.9180028043587409 0.39657389121005826
1629013174.415051937 3.25899469054235 1.438936067009107 0.0 0.0 0.0 -0.9180028078607105 0.3965738831035794
1629013174.916043282 3.2587194152467234 1.4397241516663553 0.0 0.0 0.0 -0.9180028192024839 0.3965738568492528
1629013174.916043282 3.2594403909203837 1.4393041009289418 0.0 0.0 0.0 -0.9180028251453268 0.39657384309255517
1629013175.116446972 3.2597616693135687 1.4390332505970302 0.0 0.0 0.0 -0.9180028338291539 0.39657382299093163
1629013175.216599941 3.2604682660947804 1.4387773707747666 0.0 0.0 0.0 -0.9180028361753801 0.3965738175598058
1629013175.216599941 3.260774096326198 1.4380799982211823 0.0 0.0 0.0 -0.9180028416859134 0.39657380480383203
1629013175.216599941 3.2609619985772236 1.43848657875408 0.0 0.0 0.0 -0.9180028602541525 0.39657376182142334
1629013175.216599941 3.261177127164153 1.4379242765699323 0.0 0.0 0.0 -0.9180028408770181 0.39657380667629094
1629013175.517198086 3.261083630918111 1.4369434240346488 0.0 0.0 0.0 -0.9180028470175619 0.39657379246194646
1629013175.517198086 3.2603244626320493 1.4358148662938415 0.0 0.0 0.0 -0.9180028386529745 0.39657381182458445
1629013175.517198086 3.260900243888781 1.4359042348863937 0.0 0.0 0.0 -0.9180028232251216 0.39657384753751235
1629013175.817921162 3.261080278253847 1.4365726682182012 0.0 0.0 0.0 -0.9180028300534256 0.3965738317311182
1629013177.921918392 3.2614174236947138 1.4354079541196971 0.0 0.0 0.0 -0.918002832183218 0.3965738268010013
1629013174.916043282 2.219960845425428 0.0010848530934480908 0.0 0.0 0.0 -0.9955843851987761 0.09387082586392324
1629013175.116446972 2.086581450000317 -0.025689755927669998 0.0 0.0 0.0 -0.9972336138199583 0.07433114735819896
1629013175.216599941 2.036753345731554 -0.03568021797238444 0.0 0.0 0.0 -0.9979602547119913 0.0638383115000487
1629013175.517198086 1.8736877591518684 -0.059855764588899636 0.0 0.0 0.0 -0.9996211989214889 0.027521966985756697
1629013175.817921162 1.714347447129676 -0.06690782618523149 0.0 0.0 0.0 0.9999304251958488 0.01179596404068052
1629013176.018274307 1.5826898948372305 -0.07315839733780886 0.0 0.0 0.0 0.999317399031921 0.03694233333286473
1629013176.218912125 1.4697328799299731 -0.06820083681880869 0.0 0.0 0.0 0.9979638020516669 0.06378283307114449
1629013176.420287848 1.3608370332779105 -0.06451501886850941 0.0 0.0 0.0 0.9959960147821436 0.08939764279939343
1629013176.619600296 1.2563071668465933 -0.04369768710421272 0.0 0.0 0.0 0.9932377758396077 0.11609789250968024
1629013176.820007801 1.156574091383606 -0.021564102908496953 0.0 0.0 0.0 0.989789884295648 0.14253415361241578
1629013177.621303797 0.9108585283362728 0.1396827591104927 0.0 0.0 0.0 0.9775268556544834 0.21081092588919317
1629013178.122301817 0.9108768138768139 0.13943655263708116 0.0 0.0 0.0 0.9775268614407173 0.21081089905851794
1629013178.122301817 0.9105446920986129 0.14035286908563746 0.0 0.0 0.0 0.9775268616076715 0.21081089828435354
1629013178.122301817 0.6700277770033015 0.26939834732689716 0.0 0.0 0.0 0.9809487852714244 0.1942665196952808
1629013178.122301817 0.6706461296210576 0.26958132000045076 0.0 0.0 0.0 0.9809487827624404 0.19426653236439528
1629013178.122301817 0.6709313935191589 0.269965389075754 0.0 0.0 0.0 0.9809487845612469 0.19426652328132174
1629013178.523101568 0.671871804282262 0.2694596128157393 0.0 0.0 0.0 0.9809487757485015 0.19426656778127332
1629013178.523101568 0.6730562343528341 0.26912388818599264 0.0 0.0 0.0 0.980948777995177 0.194266556436688
1629013178.523101568 0.5327328271945336 0.3595525091450962 0.0 0.0 0.0 0.9888729442010336 0.1487625632582993
1629013178.523101568 0.5346495245991558 0.3598919105542397 0.0 0.0 0.0 0.9888729443988095 0.14876256194361923
1629013178.723504305 0.41488925376561214 0.3910369475135059 0.0 0.0 0.0 0.9925431188850031 0.12189404068300674
1629013178.723504305 0.41430916641315985 0.39052505023461376 0.0 0.0 0.0 0.9925431172374128 0.12189405409879263
1629013178.723504305 0.41536221938969825 0.39261993473703083 0.0 0.0 0.0 0.9925431127121468 0.121894090946537
1629013178.723504305 0.4178358768778323 0.39267520724822547 0.0 0.0 0.0 0.9925431149500521 0.12189407272401583
1629013178.723504305 0.41794613550833176 0.3929091851382909 0.0 0.0 0.0 0.9925431144235087 0.12189407701148464
1629013178.723504305 0.4175658499242278 0.39147959973557134 0.0 0.0 0.0 0.9925431183140986 0.12189404533169508
1629013178.723504305 0.41771824609416586 0.3918069188706179 0.0 0.0 0.0 0.9925431192173226 0.12189403797703813
1629013179.925849915 0.4189136721502746 0.3920469817842459 0.0 0.0 0.0 0.9925431120148326 0.12189409662453465
1629013179.925849915 0.41925600222582904 0.39152302285249485 0.0 0.0 0.0 0.9925431128727399 0.12189408963888052
1629013179.925849915 0.2281531901576379 0.6232857834831267 0.0 0.0 0.0 0.9997201745475375 0.023655286991308564
1629013179.925849915 0.22652969997773095 0.6225671655732001 0.0 0.0 0.0 0.9997201748609886 0.023655273744228447
1629013179.925849915 0.22688115627387864 0.6221367179486716 0.0 0.0 0.0 0.9997201737661874 0.023655320012717727
1629013179.925849915 0.22698325344093154 0.6215401000837741 0.0 0.0 0.0 0.9997201742508857 0.023655299528409487
1629013179.925849915 0.22668148404134011 0.6221503482308901 0.0 0.0 0.0 0.9997201745812427 0.023655285566858145
1629013180.627175808 0.22663320222977437 0.6225129775392555 0.0 0.0 0.0 0.9997201747370085 0.023655278983883386
1629013180.627175808 -0.10379648804159501 0.6220863501153496 0.0 0.0 0.0 -0.9939495831847778 0.10983727093662927
1629013180.828376532 -0.10321532633597988 0.6214277645348812 0.0 0.0 0.0 -0.9939495798462554 0.10983730114788975
1629013180.828376532 -0.10314350926493353 0.6207868603863043 0.0 0.0 0.0 -0.993949581479721 0.10983728636618578
1629013180.828376532 -0.4119280896961333 0.5055745946639102 0.0 0.0 0.0 -0.9814796315297313 0.19156652341226751
1629013180.828376532 -0.41193989861606384 0.5048684909853448 0.0 0.0 0.0 -0.9814796364086203 0.19156649841556941
1629013180.828376532 -0.4116067069830974 0.5050386675801346 0.0 0.0 0.0 -0.9814796485324521 0.19156643629982337
1629013180.828376532 -0.4127633657858825 0.5055417553536882 0.0 0.0 0.0 -0.9814796518267267 0.1915664194217955
1629013181.328547478 -0.41137925299903483 0.5051163841556413 0.0 0.0 0.0 -0.9814796497602439 0.19156643000930215
1629013181.428739548 -0.4124754643618678 0.505130003184074 0.0 0.0 0.0 -0.9814796600684662 0.19156637719570757
1629013181.328547478 -0.7025504738377023 0.34988307915849787 0.0 0.0 0.0 -0.9542515446705475 0.29900499911184447
1629013181.428739548 -0.7017647790272098 0.34964730967579033 0.0 0.0 0.0 -0.9542515498257348 0.2990049826594588
1629013181.428739548 -0.934332628969176 0.18843530303170228 0.0 0.0 0.0 -0.9375618885092212 0.34781849464199394
1629013181.629146099 -0.9342089418986922 0.18960325377025594 0.0 0.0 0.0 -0.9375618804047132 0.3478185164880935
1629013181.629146099 -0.9368149438528114 0.18889969479858634 0.0 0.0 0.0 -0.9375618706679982 0.3478185427338854
1629013181.629146099 -0.9965738724806364 0.10030768756254085 0.0 0.0 0.0 -0.9208775063022168 0.3898520467903313
1629013181.629146099 -0.9976539697240577 0.101034544762101 0.0 0.0 0.0 -0.9208774951867011 0.3898520730465175
1629013181.832266808 -0.9964947618586414 0.10128164564230778 0.0 0.0 0.0 -0.9208774997009952 0.3898520623832118
1629013181.832266808 -1.0238585539234701 0.0047864080437577125 0.0 0.0 0.0 -0.9029601391592779 0.42972431521785875
1629013181.832266808 -1.0241135768858662 0.004590134771513398 0.0 0.0 0.0 -0.9029601422839292 0.4297243086521711
1629013181.832266808 -1.0247232415570007 0.004620645945156062 0.0 0.0 0.0 -0.9029601377649552 0.42972431814768536
1629013181.832266808 -1.0244002408180903 0.0036658794792158497 0.0 0.0 0.0 -0.9029601565483589 0.42972427867897245
1629013181.832266808 -1.0247647318509558 0.003228620787736327 0.0 0.0 0.0 -0.902960149316256 0.4297242938754623
1629013182.330725193 -1.0249604965354029 0.002997961785140963 0.0 0.0 0.0 -0.9029601690848598 0.42972425233659023
1629013182.330725193 -1.046453369623043 -0.22661338530408962 0.0 0.0 0.0 -0.8592593616298295 0.5115401738392575
1629013182.531440973 -1.0464358550288035 -0.2266703351174922 0.0 0.0 0.0 -0.8592593900478207 0.5115401261041476
1629013182.531440973 -1.0525274966473404 -0.34359227198297154 0.0 0.0 0.0 -0.8518159767753419 0.5238411416739527
1629013182.531440973 -1.0530939170459055 -0.34535973548054105 0.0 0.0 0.0 -0.8518159890535335 0.5238411217084341
1629013182.734062195 -1.0535200451861622 -0.3447899179447498 0.0 0.0 0.0 -0.8518160146822908 0.5238410800336103
1629013182.831467628 -1.0536034936019576 -0.34448285910272486 0.0 0.0 0.0 -0.8518160221664102 0.5238410678637118
1629013182.734062195 -1.0531322254282787 -0.47558475324993055 0.0 0.0 0.0 -0.8611312875030721 0.5083826370789047
1629013182.831467628 -1.0527659286189113 -0.47528523460849503 0.0 0.0 0.0 -0.8611312741935552 0.5083826596234219
1629013182.831467628 -1.0589807027381324 -0.5385552872569433 0.0 0.0 0.0 -0.8661739272539772 0.4997426615223296
1629013182.831467628 -1.0593652633095778 -0.5390624987599768 0.0 0.0 0.0 -0.8661739468149493 0.4997426276184706
1629013183.132084608 -1.057923069873992 -0.5378742876617406 0.0 0.0 0.0 -0.8661739542691697 0.4997426146985169
1629013183.132084608 -1.0704456307900183 -0.7180860323152568 0.0 0.0 0.0 -0.884290027442831 0.46693805516915954
1629013183.132084608 -1.0696428688494157 -0.7177592924819312 0.0 0.0 0.0 -0.884290044326565 0.4669380231946437
1629013183.132084608 -1.0690204949799156 -0.7169782319679502 0.0 0.0 0.0 -0.884290039341545 0.46693803263530465
1629013183.132084608 -1.0692072538205961 -0.7198186499221606 0.0 0.0 0.0 -0.8842900147818551 0.46693807914658925
1629013183.132084608 -1.0680463254611323 -0.719977151195092 0.0 0.0 0.0 -0.8842900141673257 0.4669380803103887
1629013183.634452820 -1.0677380865240411 -0.7205902526557995 0.0 0.0 0.0 -0.8842899917886637 0.4669381226912245
1629013183.634452820 -1.0672053768818817 -0.7216424179265568 0.0 0.0 0.0 -0.8842900004879092 0.4669381062165451
1629013183.634452820 -1.0664445651622332 -0.7205941861767319 0.0 0.0 0.0 -0.8842900042283495 0.4669380991328783
1629013183.634452820 -1.065384388401392 -0.7213195664962135 0.0 0.0 0.0 -0.8842899935236503 0.46693811940549723
1629013183.634452820 -1.0663552766346958 -0.7204481662341683 0.0 0.0 0.0 -0.8842900045609575 0.46693809850298323
1629013183.634452820 -1.0657774712364378 -0.7199672593897012 0.0 0.0 0.0 -0.8842900193443836 0.4669380705060466
1629013184.033816814 -1.0645533826799531 -0.7209335565437891 0.0 0.0 0.0 -0.8842900254938485 0.4669380588601541
1629013184.033816814 -1.0641709604487706 -0.7203434115738695 0.0 0.0 0.0 -0.8842900727284373 0.4669379694070027
1629013184.033816814 -1.0640074687405687 -0.7200208207500439 0.0 0.0 0.0 -0.8842900627962502 0.4669379882166408
1629013184.033816814 -1.0646231663535146 -0.7185285713653011 0.0 0.0 0.0 -0.8842900628739715 0.46693798806945175
1629013184.033816814 -1.0638738102910694 -0.7191756244520914 0.0 0.0 0.0 -0.8842900529057443 0.4669380069473421
1629013184.033816814 -1.0626874419579972 -0.7189265847626768 0.0 0.0 0.0 -0.8842900687979299 0.46693797685062244
1629013183.634452820 -1.0961539197902028 -1.0068587428980575 0.0 0.0 0.0 -0.9131938071616492 0.40752554590063755
1629013184.033816814 -1.256480104899304 -1.2131604247954706 0.0 0.0 0.0 -0.9341939462875075 0.3567655682934854
1629013184.635001659 -1.2565201895077982 -1.2134818159148817 0.0 0.0 0.0 -0.9341939527661814 0.3567655513290172
1629013184.635001659 -1.256581724198397 -1.2135123694977563 0.0 0.0 0.0 -0.9341939477713885 0.356765564407929
1629013184.835386753 -1.2566732834820251 -1.2132995778569888 0.0 0.0 0.0 -0.9341939654460758 0.3567655181265927
1629013184.635001659 -1.5553076182154433 -1.504583161289892 0.0 0.0 0.0 -0.9551100476296956 0.29625123951943294
1629013184.835386753 -1.5546777384882544 -1.5036341750483369 0.0 0.0 0.0 -0.955110046289626 0.2962512438397996
1629013185.035778046 -1.5542448343371638 -1.5031627276474213 0.0 0.0 0.0 -0.9551100484121301 0.296251236996875
1629013184.835386753 -1.6748045150523634 -1.5976439994610043 0.0 0.0 0.0 -0.9532482791747371 0.3021882165975412
1629013185.035778046 -1.6749016925468538 -1.5971490850268149 0.0 0.0 0.0 -0.9532482777407163 0.3021882211211386
1629013185.035778046 -1.6745148964627667 -1.5966321878766931 0.0 0.0 0.0 -0.9532482688926587 0.30218824903220437
1629013185.035778046 -1.7472654008025752 -1.6667126799118717 0.0 0.0 0.0 -0.9474041125115544 0.3200397593990377
1629013185.035778046 -1.7469304183300383 -1.6670777996580268 0.0 0.0 0.0 -0.9474041026989584 0.3200397884469703
1629013185.035778046 -1.7469716612150636 -1.6672327526936357 0.0 0.0 0.0 -0.9474041020325193 0.32003979041980973
1629013185.737141132 -1.7473194508924739 -1.667496184003448 0.0 0.0 0.0 -0.947404103030966 0.3200397874641382
1629013185.737141132 -1.7476077112169854 -1.6673811866085222 0.0 0.0 0.0 -0.9474041037211454 0.3200397854210212
1629013185.737141132 -1.752598674005569 -1.6985838715695096 0.0 0.0 0.0 -0.9412584314570167 0.33768708179478313
1629013185.737141132 -1.7519579469536426 -1.6991455551408978 0.0 0.0 0.0 -0.9412584205240495 0.3376871122689932
1629013185.737141132 -1.7505642836629258 -1.6988907865979568 0.0 0.0 0.0 -0.9412584054362292 0.3376871543243053
1629013185.737141132 -1.7507401885579696 -1.6998412406569805 0.0 0.0 0.0 -0.941258397617077 0.33768717611916005
1629013186.238120079 -1.7500340835560633 -1.700638199663575 0.0 0.0 0.0 -0.9412584019716115 0.33768716398147
1629013186.238120079 -1.7497288758345735 -1.7009808435450733 0.0 0.0 0.0 -0.9412583925853607 0.33768719014440435
1629013186.238120079 -1.751523065767723 -1.6824181130036862 0.0 0.0 0.0 -0.9565761315841242 0.2914825972224623
1629013186.238120079 -1.7510392334426859 -1.6824583380337543 0.0 0.0 0.0 -0.9565761528669803 0.2914825273772128
1629013186.538707733 -1.7507884652845627 -1.684187579239413 0.0 0.0 0.0 -0.956576153966958 0.29148252376734785
1629013186.638895512 -1.751503682957116 -1.6838053153628838 0.0 0.0 0.0 -0.9565761532720931 0.29148252604772906
1629013186.638895512 -1.7512938176731339 -1.683790619757861 0.0 0.0 0.0 -0.9565761598883106 0.2914825043348799
1629013186.538707733 -1.7278180729331756 -1.5907235498960979 0.0 0.0 0.0 -0.9751375519504809 0.22160043947615055
1629013186.638895512 -1.727684028282398 -1.5902086228287138 0.0 0.0 0.0 -0.9751375459140396 0.22160046603909575
1629013187.039713860 -1.728530137350435 -1.5903190668267917 0.0 0.0 0.0 -0.9751375361692991 0.22160050892014843
1629013187.039713860 -1.7284060852913492 -1.5910154003221637 0.0 0.0 0.0 -0.9751375282299288 0.22160054385678926
1629013186.638895512 -1.722461560873839 -1.562616994081439 0.0 0.0 0.0 -0.9809513506241234 0.1942535654980574
1629013187.039713860 -1.7227974257654703 -1.5616790154974667 0.0 0.0 0.0 -0.9809513483157248 0.19425357715512323
1629013187.039713860 -1.5557161635574013 -1.4595333943708213 0.0 0.0 0.0 -0.9939585975439799 0.10975566668015253
1629013187.039713860 -1.5560605515432706 -1.4587544593657746 0.0 0.0 0.0 -0.9939585966378303 0.10975567488633574
1629013187.039713860 -1.556543144517397 -1.4587539384096453 0.0 0.0 0.0 -0.9939585929601076 0.10975570819216311
1629013188.142455101 -1.5571858313181313 -1.4583799978095937 0.0 0.0 0.0 -0.993958591488922 0.1097557215153652
1629013188.142455101 -1.5579304168119557 -1.4590204495037769 0.0 0.0 0.0 -0.9939585928755421 0.10975570895799552
1629013188.142455101 -1.2489071906124911 -1.3825222734497595 0.0 0.0 0.0 -0.9965174632083876 0.08338432419058008
1629013188.142455101 -1.2486907775078893 -1.381753745753569 0.0 0.0 0.0 -0.99651746619519 0.08338428849560521
1629013188.142455101 -1.2490552033380196 -1.3821813279728485 0.0 0.0 0.0 -0.9965174665032865 0.08338428481357399
1629013188.642812967 -1.2488825171977984 -1.3824349139228647 0.0 0.0 0.0 -0.9965174668464355 0.08338428071263432
1629013188.542624950 -1.337471970453174 -1.395497399594493 0.0 0.0 0.0 -0.9993076466647233 0.03720520551498953
1629013188.642812967 -1.3379237397933874 -1.395447826777648 0.0 0.0 0.0 -0.9993076480438595 0.03720516847226867
1629013188.642812967 -1.4173069947152546 -1.4102854023076963 0.0 0.0 0.0 -0.9997451271244046 0.02257611106918577
1629013188.642812967 -1.4178889978566376 -1.410168377046229 0.0 0.0 0.0 -0.9997451259114117 0.02257616478446717
1629013188.642812967 -1.4178041303034965 -1.4105826786848368 0.0 0.0 0.0 -0.9997451254015151 0.02257618736432117
1629013188.642812967 -1.4174715366251076 -1.4116955371482387 0.0 0.0 0.0 -0.999745125147523 0.022576198611890967
1629013188.642812967 -1.4174094391978174 -1.4110365309434332 0.0 0.0 0.0 -0.9997451246599164 0.02257622020463641
1629013189.150118589 -1.4165247793133176 -1.4121596180724896 0.0 0.0 0.0 -0.9997451254598491 0.02257618478110773
1629013189.150118589 -1.611381419133549 -1.4158937315842701 0.0 0.0 0.0 0.9984323160029613 0.05597240713925768
1629013189.243979216 -1.611267992342451 -1.416312389921825 0.0 0.0 0.0 0.9984323169919017 0.0559723894985973
1629013189.346075773 -1.6109597078144593 -1.4166139483408746 0.0 0.0 0.0 0.9984323165375534 0.05597239760323684
1629013189.346075773 -1.759313605120344 -1.410406943783999 0.0 0.0 0.0 0.9962390879481721 0.08664686748056316
1629013189.346075773 -1.7593798651020853 -1.4106981535030692 0.0 0.0 0.0 0.9962390880102329 0.08664686676700697
1629013189.346075773 -1.7599325879229786 -1.4111287784181614 0.0 0.0 0.0 0.996239086194026 0.0866468876491942
1629013189.945374012 -1.759431565786036 -1.4120301210758728 0.0 0.0 0.0 0.9962390859925522 0.08664688996567724
1629013189.945374012 -1.7590868153610626 -1.4129224593267553 0.0 0.0 0.0 0.9962390805549465 0.08664695248555955
1629013189.945374012 -1.991406626484926 -1.3493192394589675 0.0 0.0 0.0 0.9857712569437445 0.16809232279777128
1629013189.945374012 -1.9911984357451418 -1.3495311055027739 0.0 0.0 0.0 0.985771258745162 0.1680923122334236
1629013190.145747185 -1.990353293841688 -1.3498381386030334 0.0 0.0 0.0 0.9857712637316489 0.16809228299034995
1629013190.145747185 -1.990445183160077 -1.350016083543635 0.0 0.0 0.0 0.9857712629753351 0.16809228742572518
1629013190.145747185 -2.0820246837908165 -1.3224252734678708 0.0 0.0 0.0 0.9808143921051715 0.19494391049571916
1629013190.145747185 -2.082742196586769 -1.3222369310146163 0.0 0.0 0.0 0.9808143890720074 0.19494392575636976
1629013190.145747185 -2.0824983073603973 -1.3234660663751472 0.0 0.0 0.0 0.9808143825739225 0.1949439584499486
1629013190.145747185 -2.082195179815791 -1.322593809921899 0.0 0.0 0.0 0.9808143915951028 0.19494391306200967
1629013190.446377039 -2.0828305065406183 -1.3229025567374155 0.0 0.0 0.0 0.9808143856872418 0.19494394278601884
1629013190.446377039 -2.0827888968114077 -1.3234916759465816 0.0 0.0 0.0 0.9808143850159752 0.1949439461633381
1629013190.446377039 -2.145672236002104 -1.269505408155733 0.0 0.0 0.0 0.9716985292424773 0.23622440235506248
1629013190.446377039 -2.145370965216254 -1.269811540021528 0.0 0.0 0.0 0.9716985234389712 0.23622442622752435
1629013190.446377039 -2.144903820544712 -1.2698559480767693 0.0 0.0 0.0 0.9716985172739191 0.23622445158718697
1629013190.446377039 -2.14531343043391 -1.269436006668431 0.0 0.0 0.0 0.971698522415954 0.23622443043565958
1629013191.448290825 -2.144424002350021 -1.2691320549075165 0.0 0.0 0.0 0.9716985173235874 0.23622445138287848
1629013191.548486233 -2.145673117158219 -1.2690485248497616 0.0 0.0 0.0 0.971698525285077 0.23622441863365098
1629013191.548486233 -2.1466121876977273 -1.2695821317278586 0.0 0.0 0.0 0.9716985154670024 0.2362244590198564
1629013191.448290825 -2.2490327774364385 -1.1515447078718262 0.0 0.0 0.0 0.9399519760087776 0.34130672832101394
1629013191.548486233 -2.249126469062471 -1.1500753117906164 0.0 0.0 0.0 0.9399519815896624 0.3413067129513671
1629013191.548486233 -2.270300955236325 -1.0957780946082636 0.0 0.0 0.0 0.9307275672861223 0.3657132695072148
1629013191.548486233 -2.268780256867991 -1.0962647188187933 0.0 0.0 0.0 0.9307275533334971 0.3657133050161593
1629013191.548486233 -2.26766803967523 -1.09640367909686 0.0 0.0 0.0 0.9307275480940205 0.3657133183504435
1629013191.949263096 -2.2680206171027364 -1.0955714202031601 0.0 0.0 0.0 0.9307275352195383 0.36571335111554665
1629013192.049455166 -2.267957449944754 -1.0951768585384116 0.0 0.0 0.0 0.9307275432482933 0.36571333068264855
1629013191.949263096 -2.3424831952671403 -0.9251043591661195 0.0 0.0 0.0 0.9025782342535604 0.4305258773311134
1629013192.249902725 -2.3428158126329928 -0.9253052943240457 0.0 0.0 0.0 0.9025782096517107 0.43052592890778674
1629013192.049455166 -2.3645749598835657 -0.8740671062024588 0.0 0.0 0.0 0.8946149712333024 0.44683783775015923
1629013192.249902725 -2.3646712601410464 -0.8741061964731122 0.0 0.0 0.0 0.8946150001165694 0.44683777992290524
1629013192.249902725 -2.4132343160792153 -0.7729867014737668 0.0 0.0 0.0 0.877768700752633 0.4790846563803046
1629013192.249902725 -2.413044199716136 -0.7730689458845689 0.0 0.0 0.0 0.8777686832604347 0.47908468842913654
1629013192.249902725 -2.412264893696291 -0.7726743311060116 0.0 0.0 0.0 0.8777686873980919 0.47908468084820954
1629013192.249902725 -2.4123709205453876 -0.7721993659603471 0.0 0.0 0.0 0.8777686861835875 0.4790846830733986
1629013192.851044893 -2.41165745935608 -0.7732636564322837 0.0 0.0 0.0 0.8777686807098452 0.47908469310227186
1629013192.851044893 -2.411700974202756 -0.7730306042492041 0.0 0.0 0.0 0.8777686644716899 0.4790847228534697
1629013193.051414251 -2.411445092379807 -0.772431438048778 0.0 0.0 0.0 0.87776866855112 0.479084715379226
1629013192.851044893 -2.502168958609505 -0.5048410312951257 0.0 0.0 0.0 0.8216497249959549 0.5699927450538925
1629013193.051414251 -2.5015290462532622 -0.5043475432420227 0.0 0.0 0.0 0.821649710530096 0.5699927659065592
1629013193.051414251 -2.5589047627466295 -0.35745398948400586 0.0 0.0 0.0 0.7972670335114287 0.6036267698469696
1629013193.051414251 -2.558705126206929 -0.3571517370313574 0.0 0.0 0.0 0.797267062278316 0.6036267318518157
1629013193.151612282 -2.559851162968672 -0.356870722147933 0.0 0.0 0.0 0.7972670702259618 0.6036267213546062
1629013193.251803398 -2.560036858178369 -0.35795314366296704 0.0 0.0 0.0 0.7972670723642563 0.6036267185303578
1629013193.151612282 -2.5795356955411415 -0.29232474515446244 0.0 0.0 0.0 0.7856412161057514 0.618682373723283
1629013193.251803398 -2.5804610164761783 -0.29314413952864127 0.0 0.0 0.0 0.785641213332945 0.6186823772443644
1629013193.251803398 -2.596851575605678 -0.23182668198509693 0.0 0.0 0.0 0.7731956784247085 0.634167519560372
1629013193.354059696 -2.59706680242811 -0.2307073647834869 0.0 0.0 0.0 0.7731956595846872 0.634167542530679
1629013193.354059696 -2.5967205043475663 -0.23170952854171803 0.0 0.0 0.0 0.7731956399239451 0.6341675665016313
1629013193.354059696 -2.5979386698704965 -0.23363919047165113 0.0 0.0 0.0 0.7731956296220748 0.6341675790619727
1629013193.354059696 -2.61182740812401 -0.1714192251107123 0.0 0.0 0.0 0.7610676330514069 0.648672535199024
1629013193.452210426 -2.61170478179497 -0.17129695665772876 0.0 0.0 0.0 0.7610676516223374 0.648672513410319
1629013193.452210426 -2.6235989968314133 -0.11155945087315726 0.0 0.0 0.0 0.74809560872086 0.6635909585072464
1629013193.552470684 -2.6237499842872576 -0.1115731603198759 0.0 0.0 0.0 0.7480955890372382 0.6635909806974682
1629013193.552470684 -2.6230359814045943 -0.11211890545540183 0.0 0.0 0.0 0.7480955924072518 0.6635909768983023
1629013193.552470684 -2.6336645206926392 -0.049133696998522484 0.0 0.0 0.0 0.7350887140201223 0.6779709304389405
1629013193.552470684 -2.634075782519634 -0.048311670615823886 0.0 0.0 0.0 0.7350887058867184 0.6779709392575685
1629013193.552470684 -2.6344997107741572 -0.0480084412202885 0.0 0.0 0.0 0.7350887057516169 0.677970939404052
1629013193.552470684 -2.6348462601686515 -0.047293060210210076 0.0 0.0 0.0 0.7350887031684885 0.677970942204804
1629013194.253760338 -2.634082786906576 -0.048589773971715114 0.0 0.0 0.0 0.7350886944013229 0.6779709517105866
1629013194.253760338 -2.632838824528367 -0.048622580588130654 0.0 0.0 0.0 0.7350886383014072 0.6779710125368067
1629013194.253760338 -2.633139846573131 -0.048761438514961494 0.0 0.0 0.0 0.7350886330784849 0.677971018199749
1629013194.253760338 -2.631407102879549 -0.049236776420254785 0.0 0.0 0.0 0.7350886403720799 0.6779710102916843
1629013194.554497957 -2.632396827171544 -0.050126631378498 0.0 0.0 0.0 0.735088645242923 0.6779710050104828
1629013194.554497957 -2.6334956666228493 -0.05041281181273357 0.0 0.0 0.0 0.735088699660421 0.6779709460084196
1629013194.554497957 -2.6339895234117776 -0.05079957492270608 0.0 0.0 0.0 0.7350886839097505 0.6779709630860535
1629013194.554497957 -2.633805626272436 -0.04999692137595836 0.0 0.0 0.0 0.7350886642090392 0.6779709844465104
1629013194.554497957 -2.633800483016432 -0.0499302330592471 0.0 0.0 0.0 0.7350886689579925 0.6779709792974674
1629013194.854950905 -2.634658992984331 -0.05024753958712103 0.0 0.0 0.0 0.7350886484461462 0.6779710015373948
1629013194.854950905 -2.6354127494534394 -0.049880898294430716 0.0 0.0 0.0 0.73508865594354 0.677970993408361
1629013194.854950905 -2.634422813156319 -0.05069795525274288 0.0 0.0 0.0 0.7350886895785613 0.6779709569396565
1629013194.253760338 -2.6635763770151235 0.05094655568984568 0.0 0.0 0.0 0.682710046806439 0.7306893950164802
1629013194.554497957 -2.6787035195867435 0.23324181165437816 0.0 0.0 0.0 0.6365157845463046 0.7712636747723844
1629013194.854950905 -2.6472516004530564 0.42468822999030936 0.0 0.0 0.0 0.5870596775028226 0.8095436585202073
1629013194.854950905 -2.646374832709567 0.42519832507016203 0.0 0.0 0.0 0.5870596704862537 0.8095436636084375
1629013194.854950905 -2.6469534128665275 0.42517570300913904 0.0 0.0 0.0 0.5870596584131091 0.809543672363563
1629013195.957142353 -2.6473174325837032 0.4252114188426794 0.0 0.0 0.0 0.5870596237671747 0.8095436974878769
1629013195.957142353 -2.6472167243065883 0.42444239081153273 0.0 0.0 0.0 0.5870596439702557 0.809543682837138
1629013195.957142353 -2.4993975775588555 0.6846569144623853 0.0 0.0 0.0 0.5005264568012803 0.8657212403781925
1629013195.957142353 -2.4990605042726033 0.6854743483297867 0.0 0.0 0.0 0.5005264783398311 0.865721227925437
1629013196.458153248 -2.4979150583686596 0.6858396135281525 0.0 0.0 0.0 0.5005264575298161 0.8657212399569814
1629013196.458153248 -2.4991339971700492 0.6861009896593384 0.0 0.0 0.0 0.5005264113630373 0.8657212666488213
1629013196.458153248 -2.499753514948628 0.685889424480644 0.0 0.0 0.0 0.5005264044608732 0.8657212706393845
1629013196.458153248 -2.352492011847735 0.9600577339311189 0.0 0.0 0.0 0.4035576512649933 0.9149542185844503
1629013196.458153248 -2.351016929958204 0.9593909736264613 0.0 0.0 0.0 0.403557643400168 0.9149542220533784
1629013196.458153248 -2.3524045665112174 0.9605421397431082 0.0 0.0 0.0 0.40355763609983597 0.9149542252733261
1629013197.259631634 -2.3520471523212114 0.9605712964824935 0.0 0.0 0.0 0.4035576395648974 0.9149542237449961
1629013197.259631634 -2.352622945770892 0.9604996584046399 0.0 0.0 0.0 0.403557647344384 0.9149542203137082
1629013197.259631634 -2.353052566021466 0.9613269451029086 0.0 0.0 0.0 0.40355765329290955 0.91495421769
1629013197.259631634 -2.1556041527167564 1.2286111639975783 0.0 0.0 0.0 0.25130717162065763 0.9679073847698577
1629013197.359828949 -2.1553254678413905 1.228300419618546 0.0 0.0 0.0 0.2513071522990995 0.9679073897865008
1629013197.359828949 -2.1556209647318116 1.2277594549558928 0.0 0.0 0.0 0.25130715761944256 0.9679073884051287
1629013197.359828949 -2.1538418366832275 1.2275274141959078 0.0 0.0 0.0 0.251307201669028 0.9679073769681077
1629013197.359828949 -2.15423684138866 1.2273417122004355 0.0 0.0 0.0 0.25130714239302887 0.9679073923585096
1629013197.359828949 -2.1531950370325035 1.2280363764410063 0.0 0.0 0.0 0.25130715475473164 0.9679073891489213
1629013197.760605812 -2.1535652887933088 1.2280048336670375 0.0 0.0 0.0 0.2513071424314467 0.9679073923485348
1629013197.760605812 -2.1541208419352236 1.2263840325975894 0.0 0.0 0.0 0.25130711042891096 0.9679074006576617
1629013197.760605812 -2.1545935993002483 1.2262400668149274 0.0 0.0 0.0 0.25130715751624877 0.9679073884319219
1629013197.760605812 -2.1533667122925775 1.2258875006062036 0.0 0.0 0.0 0.2513071521704585 0.9679073898199011
1629013198.161396980 -2.1531005040354323 1.22487943626663 0.0 0.0 0.0 0.2513071354501363 0.9679073941611599
1629013198.161396980 -2.1532718420067316 1.2254647696041685 0.0 0.0 0.0 0.2513071128616813 0.967907400026018
1629013198.161396980 -2.151719535982533 1.2258229356896746 0.0 0.0 0.0 0.25130710511135235 0.9679074020383105
1629013197.359828949 -1.892180254040226 1.4283594672119095 0.0 0.0 0.0 0.14316150875002617 0.9896993394018287
1629013197.760605812 -1.6235968139190289 1.5212299345958349 0.0 0.0 0.0 0.05819680419021956 0.9983051296983529
1629013198.161396980 -1.3543129571791916 1.5470815014701569 0.0 0.0 0.0 -0.029007724155824977 0.9995791874280394
1629013198.562168837 -1.0601488108134056 1.5396032724366944 0.0 0.0 0.0 -0.11458393389125335 0.9934135705203573
1629013199.163362503 -0.681326037320404 1.3869503374225003 0.0 0.0 0.0 -0.21525298264830406 0.9765583205630931
1629013199.263733149 -0.4476112136807078 1.406518185292604 0.0 0.0 0.0 -0.2568270669217595 0.9664573750023154
1629013199.363727808 -0.3731683046113885 1.3841584214625853 0.0 0.0 0.0 -0.25632647596633545 0.9665902636167404
1629013199.865200996 -0.05008110222995148 1.2261338280218224 0.0 0.0 0.0 -0.2166779661373209 0.9762431351823141
1629013200.065204859 0.08440275065757491 1.175152453978313 0.0 0.0 0.0 -0.18721604230419037 0.9823187636933113
1629013200.767469406 0.43928971746552475 1.0337618492263774 0.0 0.0 0.0 -0.09527393840851682 0.9954510920482885
1629013201.067073822 0.43860532227579313 1.0328201012913099 0.0 0.0 0.0 -0.09527390828597525 0.9954510949312958
1629013201.267458916 0.4384564886580579 1.033101321726781 0.0 0.0 0.0 -0.09527391920223323 0.9954510938865085
1629013201.067073822 0.6185177185154284 1.0127923877720335 0.0 0.0 0.0 -0.05763056834603068 0.998337977636889
1629013201.267458916 0.6201649040315549 1.0125399022993997 0.0 0.0 0.0 -0.057630565202378456 0.9983379778183611
1629013201.267458916 0.715750727600685 1.0001248815845398 0.0 0.0 0.0 -0.03617411935660832 0.9993455023608071
1629013201.467884541 0.7159986036412653 1.0004894049301711 0.0 0.0 0.0 -0.03617412110431616 0.9993455022975438
1629013201.568065166 0.7162813666921909 0.9998540489959834 0.0 0.0 0.0 -0.036174114934528115 0.9993455025208767
1629013201.467884541 0.7826072130838666 0.985472864482919 0.0 0.0 0.0 -0.015178108185858125 0.9998848058811067
1629013201.568065166 0.7835601124726342 0.9854774541252607 0.0 0.0 0.0 -0.015178136753847441 0.9998848054474483
1629013201.568065166 0.7831303081566316 0.9859339810386633 0.0 0.0 0.0 -0.015178084688044184 0.9998848062377999
1629013201.568065166 0.8197236535532659 0.9793778099797334 0.0 0.0 0.0 -0.0049391054608233535 0.9999878025442345
1629013201.768421173 0.8200805324623114 0.9785446661325169 0.0 0.0 0.0 -0.004939067182166281 0.9999878027332983
1629013201.768421173 0.8659851138874903 0.9604759102586674 0.0 0.0 0.0 0.014641713446083759 0.9998928043682297
1629013201.868645191 0.8665702249314866 0.960391255857777 0.0 0.0 0.0 0.014641684730159818 0.9998928047887247
1629013202.074606419 0.8660660182196586 0.9599576864448044 0.0 0.0 0.0 0.014641690468200982 0.999892804704701
1629013201.868645191 0.8829000418935105 0.946629594189184 0.0 0.0 0.0 0.02560151617110379 0.9996722274674538
1629013202.169236660 0.882609366918664 0.9460644258842476 0.0 0.0 0.0 0.02560152760824702 0.9996722271745495
1629013202.169236660 0.8837276022916889 0.945881096731353 0.0 0.0 0.0 0.025601520554487445 0.9996722273551958
1629013202.169236660 0.93346870542385 0.9256087444897162 0.0 0.0 0.0 0.05483712274615775 0.9984953129428915
1629013202.369596958 0.9340159041256557 0.9254289666782513 0.0 0.0 0.0 0.05483710046172617 0.9984953141667469
1629013202.369596958 0.9631446020791781 0.9144890243865552 0.0 0.0 0.0 0.07046234931019958 0.9975144396597412
1629013202.369596958 0.9628487068624196 0.9151932018208967 0.0 0.0 0.0 0.07046235627144529 0.9975144391680132
1629013202.670295238 0.9641005850771545 0.9145770563495312 0.0 0.0 0.0 0.07046229370365571 0.9975144435876705
1629013202.770405769 0.9627521591834772 0.9139250798309979 0.0 0.0 0.0 0.07046227717965751 0.9975144447548903
1629013202.870672941 0.9636426576720715 0.9154268476264102 0.0 0.0 0.0 0.07046229678168714 0.9975144433702449
1629013202.670295238 1.0121693879793092 0.9049779696348841 0.0 0.0 0.0 0.09045946773220809 0.9959001379142417
1629013203.171209335 1.0116609980624005 0.9035620734244809 0.0 0.0 0.0 0.09045945640518843 0.9959001389430959
1629013202.870672941 1.0275689417426759 0.8957193033380482 0.0 0.0 0.0 0.09021627626568961 0.99592219751181
1629013203.171209335 1.0277697086353672 0.8962052702595142 0.0 0.0 0.0 0.09021624859417737 0.995922200018452
1629013203.171209335 1.0591217989726693 0.881490300719359 0.0 0.0 0.0 0.07248900422632719 0.9973692116093595
1629013203.571948051 1.0579196215087814 0.8817538057012593 0.0 0.0 0.0 0.07248898613237643 0.9973692129244316
1629013203.677692413 1.0579937431131263 0.8826026208144709 0.0 0.0 0.0 0.07248899994583327 0.9973692119204668
1629013203.878424644 1.0572882537158454 0.8825277882222424 0.0 0.0 0.0 0.07248900620880513 0.9973692114652727
1629013203.571948051 1.1400306430399663 0.8696250399646673 0.0 0.0 0.0 0.028811721714256434 0.9995848561737318
1629013204.072945595 1.1395016755087293 0.8692888140214742 0.0 0.0 0.0 0.02881172220294187 0.9995848561596462
1629013203.878424644 1.2569272002232341 0.8559976248016358 0.0 0.0 0.0 -0.006034169174135746 0.9999817942354641
1629013204.072945595 1.2569129497263998 0.8561413620849797 0.0 0.0 0.0 -0.006034186152588179 0.9999817941330111
1629013204.072945595 1.256655261651999 0.855980437584953 0.0 0.0 0.0 -0.006034150575527861 0.9999817943476931
1629013204.072945595 1.2837328027933284 0.8400357168606398 0.0 0.0 0.0 -0.0267600284657938 0.9996418863155495
1629013204.573929071 1.2835647640506371 0.8400988059800909 0.0 0.0 0.0 -0.02676004946279744 0.9996418857534676
1629013204.573929071 1.283392314941132 0.839501931457513 0.0 0.0 0.0 -0.026760027460482602 0.9996418863424612
1629013204.573929071 1.473581002655857 0.7938958473994869 0.0 0.0 0.0 -0.05118604676299206 0.9986891351250282
1629013204.573929071 1.4730370653896951 0.7941713918094548 0.0 0.0 0.0 -0.051186064912113124 0.9986891341948269
1629013204.573929071 1.4732282322416697 0.794242860754019 0.0 0.0 0.0 -0.051186072164228755 0.9986891338231324
1629013204.573929071 1.4739986711281112 0.7937395683936443 0.0 0.0 0.0 -0.05118610156662093 0.9986891323161635
1629013205.475691319 1.473124379289329 0.7934478269006896 0.0 0.0 0.0 -0.05118603030106274 0.9986891359687552
1629013205.676188707 1.4731649196999452 0.7930919462123861 0.0 0.0 0.0 -0.05118601672790531 0.998689136664423
1629013205.878082752 1.4711947640213656 0.7932314711290731 0.0 0.0 0.0 -0.05118603886621408 0.9986891355297636
1629013205.475691319 1.8499942524400736 0.7142363410245273 0.0 0.0 0.0 -0.07119727753269829 0.9974622537579715
1629013206.076845169 1.84987292065575 0.7143970510715486 0.0 0.0 0.0 -0.0711972522611777 0.9974622555618123
1629013205.878082752 2.050070411664674 0.695838361365623 0.0 0.0 0.0 -0.07952444336061666 0.9968329162443343
1629013206.076845169 2.050470387938954 0.6957302625435435 0.0 0.0 0.0 -0.07952441830548224 0.9968329182431601
1629013206.076845169 2.0501957285214405 0.6956475383774084 0.0 0.0 0.0 -0.07952439489319774 0.9968329201109235
1629013206.076845169 2.1492190077074156 0.6900626151525607 0.0 0.0 0.0 -0.08488557360755503 0.9963907061957755
1629013206.377456665 2.1490488877141973 0.6899531873366036 0.0 0.0 0.0 -0.08488557726293537 0.9963907058843625
1629013206.477707386 2.148640028443075 0.6908134766076932 0.0 0.0 0.0 -0.08488556136994471 0.996390707238335
1629013206.377456665 2.2901544619150433 0.6773079526943276 0.0 0.0 0.0 -0.09053438110890367 0.9958933305516349
1629013207.078907251 2.2901350222589163 0.6780569861139577 0.0 0.0 0.0 -0.09053431513601932 0.9958933365490764
1629013206.477707386 2.3168429800407635 0.6594442539992836 0.0 0.0 0.0 -0.09185485318060661 0.9957724067010338
1629013207.078907251 2.317799510096559 0.6607487900432062 0.0 0.0 0.0 -0.09185486717299472 0.9957724054103083
1629013207.379912376 2.3182411740015594 0.660480660242643 0.0 0.0 0.0 -0.09185489255254718 0.9957724030691752
1629013207.078907251 2.6037117823942593 0.5820071045555079 0.0 0.0 0.0 -0.09121166088044948 0.9958315283818995
1629013207.379912376 2.6020584743977055 0.581934260883732 0.0 0.0 0.0 -0.09121164992630187 0.9958315293852278
1629013207.379912376 2.7564215828933283 0.5916464932118446 0.0 0.0 0.0 -0.06835282467879758 0.9976612107115469
1629013207.580000401 2.757520925955611 0.5924733707427491 0.0 0.0 0.0 -0.06835276739033351 0.9976612146365533
1629013207.580000401 2.7580186074266098 0.5923281487101572 0.0 0.0 0.0 -0.06835280505143355 0.9976612120562776
1629013207.580000401 2.844796254549 0.5761437940558286 0.0 0.0 0.0 -0.04810045364373679 0.9988425032803053
1629013207.580000401 2.8451412189493954 0.5771262600129927 0.0 0.0 0.0 -0.048100445922979726 0.9988425036521076
1629013207.580000401 2.845888966115996 0.5777963507934708 0.0 0.0 0.0 -0.04810045414261706 0.9988425032562811
1629013208.080886364 2.8458604029785706 0.5773000195969064 0.0 0.0 0.0 -0.048100463754294026 0.9988425027934194
1629013208.080886364 2.8464810971339483 0.5775224797170583 0.0 0.0 0.0 -0.04810047353722593 0.9988425023223104
1629013208.080886364 2.8454781477831665 0.5784227702313319 0.0 0.0 0.0 -0.048100514531085985 0.9988425003482004
1629013208.080886364 3.0256556220228146 0.5026818765109508 0.0 0.0 0.0 0.009144197629390824 0.999958190950859
1629013208.481552601 3.02541384965436 0.5017087073489839 0.0 0.0 0.0 0.009144228761853161 0.9999581906661652
1629013208.481552601 3.0262665687004136 0.5000688102439355 0.0 0.0 0.0 0.009144259362888105 0.9999581903863303
1629013208.481552601 3.1937302151675753 0.514551731043619 0.0 0.0 0.0 0.0669530659556318 0.9977561259942936
1629013208.481552601 3.1938333124607965 0.5141978880393221 0.0 0.0 0.0 0.06695305391792293 0.9977561268020676
1629013208.481552601 3.194398770678128 0.5142626456386821 0.0 0.0 0.0 0.06695303823066327 0.9977561278547395
1629013208.481552601 3.193922921445893 0.5151073431610331 0.0 0.0 0.0 0.06695302372889052 0.9977561288278607
1629013209.383306265 3.193714427374716 0.5151774793862833 0.0 0.0 0.0 0.0669530119908406 0.9977561296155261
1629013209.383306265 3.363474182053327 0.5253826935072345 0.0 0.0 0.0 0.1775741605983713 0.9841074217217264
1629013209.483502388 3.3644587034418816 0.5253638625899436 0.0 0.0 0.0 0.17757418334268804 0.9841074176176996
1629013209.784077168 3.3655544798685098 0.5250760220479664 0.0 0.0 0.0 0.17757418736459815 0.9841074168919786
1629013209.483502388 3.481731977900918 0.48188045713894095 0.0 0.0 0.0 0.25093466601315684 0.9680040255044735
1629013209.986763000 3.4818230052995127 0.48139175299167813 0.0 0.0 0.0 0.2509346503506555 0.9680040295646472
1629013209.986763000 3.4816223751000503 0.48018959753088236 0.0 0.0 0.0 0.2509346394034724 0.9680040324024737
1629013209.784077168 3.5492091533489494 0.5156089572514306 0.0 0.0 0.0 0.29555411393864506 0.9553259997162971
1629013209.986763000 3.5503093695734025 0.5156332135699571 0.0 0.0 0.0 0.29555413630368277 0.9553259927971102
1629013209.986763000 3.606701707868408 0.5665121725134784 0.0 0.0 0.0 0.3245499017161474 0.9458685750652883
1629013209.986763000 3.60683367555215 0.5671977622453621 0.0 0.0 0.0 0.3245499099685328 0.9458685722336996
1629013210.385328293 3.6071159140966538 0.5673785438236577 0.0 0.0 0.0 0.3245498671003937 0.9458685869427723
1629013210.385328293 3.607966175386282 0.567566265559198 0.0 0.0 0.0 0.3245498548265112 0.9458685911542314
1629013210.385328293 3.7022335756394735 0.663875975918399 0.0 0.0 0.0 0.3806249428490063 0.9247295025471993
1629013210.385328293 3.702868187504262 0.6629894700164964 0.0 0.0 0.0 0.3806249530766085 0.9247294983374488
1629013210.786072731 3.7033219352572497 0.6639090579306312 0.0 0.0 0.0 0.38062490328426846 0.924729518832313
1629013210.786072731 3.7905045855333332 0.7865328395228489 0.0 0.0 0.0 0.4416350262399528 0.8971947969075813
1629013210.786072731 3.7901032530749372 0.7869126987582374 0.0 0.0 0.0 0.4416350176538767 0.8971948011339901
1629013210.786072731 3.7900409728881894 0.786535937843085 0.0 0.0 0.0 0.4416350086391686 0.8971948055713884
1629013210.786072731 3.789519376101911 0.7873751381288628 0.0 0.0 0.0 0.4416350166078811 0.8971948016488708
1629013211.487395525 3.7885989537154163 0.7865883970864687 0.0 0.0 0.0 0.4416350459111024 0.8971947872246575
1629013211.687815666 3.78892811942993 0.7869809079184926 0.0 0.0 0.0 0.44163500583353316 0.8971948069524339
1629013211.487395525 3.9577111318965073 1.0677933259127963 0.0 0.0 0.0 0.5439221888696422 0.8391356579571966
1629013211.687815666 3.9572367345385455 1.0682932594282 0.0 0.0 0.0 0.5439221913278085 0.8391356563638295
1629013211.687815666 4.069393806033129 1.2933991379612655 0.0 0.0 0.0 0.600288426652158 0.7997835987487345
1629013211.687815666 4.069182102208591 1.2933069948416311 0.0 0.0 0.0 0.6002884819920845 0.7997835572125992
1629013212.089605808 4.07014415747581 1.2928773676213943 0.0 0.0 0.0 0.6002884711224244 0.799783565370971
1629013212.389182568 4.070538871479583 1.2930061840076914 0.0 0.0 0.0 0.6002884935893071 0.799783548508145
1629013212.089605808 4.111338367887618 1.4974755954081311 0.0 0.0 0.0 0.6547997679406955 0.755802397392871
1629013212.489371300 4.113030474576899 1.496764575403926 0.0 0.0 0.0 0.6547997496619712 0.755802413228894
1629013212.489371300 4.13239726473259 1.7351248970957478 0.0 0.0 0.0 0.6786358088269189 0.7344749410142144
1629013212.790127516 4.133720174209996 1.734582085240955 0.0 0.0 0.0 0.6786357993796628 0.7344749497432339
1629013212.790127516 4.133134059881483 1.7346647622513063 0.0 0.0 0.0 0.6786357732419914 0.7344749738937634
1629013212.790127516 4.139806919200635 1.9193956639424208 0.0 0.0 0.0 0.6687387070647389 0.7434975061648703
1629013212.790127516 4.139962643570938 1.9187309984614822 0.0 0.0 0.0 0.6687387270754742 0.7434974881662173
1629013213.491334200 4.139443911421078 1.9179112703615373 0.0 0.0 0.0 0.6687387345959901 0.7434974814018902
1629013213.691732168 4.139544572737076 1.9175214705986867 0.0 0.0 0.0 0.6687387539531381 0.7434974639911048
1629013213.491334200 4.119857955863706 2.1790513210564324 0.0 0.0 0.0 0.621596738075361 0.7833374082820704
1629013213.892106056 4.1203932475522205 2.1796342051395117 0.0 0.0 0.0 0.6215967593987191 0.7833373913614816
1629013213.992370605 4.118643899934485 2.1790928872346806 0.0 0.0 0.0 0.6215967288991726 0.7833374155635926
1629013213.691732168 4.124086103398449 2.278044800231694 0.0 0.0 0.0 0.5958622428202188 0.8030866625596882
1629013213.992370605 4.123641149721345 2.277715907866372 0.0 0.0 0.0 0.5958622349201064 0.8030866684212956
1629013214.192687035 4.123265734422511 2.2775963500252043 0.0 0.0 0.0 0.5958622535942522 0.8030866545657318
1629013213.992370605 4.179318911107551 2.4453904390105894 0.0 0.0 0.0 0.5556441486522846 0.8314202187032006
1629013214.394271851 4.179349519375867 2.44614088079485 0.0 0.0 0.0 0.5556441426522677 0.8314202227130553
1629013214.192687035 4.180531255639734 2.5225081208318083 0.0 0.0 0.0 0.5282882018356734 0.8490651187048205
1629013214.793873310 4.180526153263662 2.5223734789583405 0.0 0.0 0.0 0.5282882150086735 0.8490651105085814
1629013214.394271851 4.192995601257088 2.5895042411355833 0.0 0.0 0.0 0.500603771851545 0.8656765352070057
1629013214.793873310 4.192443936415296 2.5891176000831266 0.0 0.0 0.0 0.5006037456347296 0.8656765503676757
1629013214.793873310 4.167709882595581 2.674653722357846 0.0 0.0 0.0 0.44741788683869477 0.8943250161640325
1629013215.094453812 4.166366148477821 2.6730218051998516 0.0 0.0 0.0 0.44741786369522824 0.8943250277423741
1629013215.094453812 4.165107145490388 2.6732421545724225 0.0 0.0 0.0 0.447417902383669 0.8943250083871063
1629013215.094453812 4.153677206959913 2.729509005504853 0.0 0.0 0.0 0.40404070489160376 0.9147410064005527
1629013215.094453812 4.153564090807691 2.7301404002693257 0.0 0.0 0.0 0.4040406996164411 0.9147410087305897
1629013215.595432520 4.1524645159828335 2.731381131891736 0.0 0.0 0.0 0.40404073372677285 0.9147409936640705
1629013215.695641518 4.150762276811435 2.731107947383776 0.0 0.0 0.0 0.40404078542702365 0.9147409708280885
1629013215.595432520 4.135490920538021 2.7802816335088307 0.0 0.0 0.0 0.33092066126587755 0.943658580180011
1629013215.795802355 4.1350573309569425 2.7808071380818675 0.0 0.0 0.0 0.33092063809473965 0.9436585883056278
1629013215.695641518 4.132484498274889 2.783728722623484 0.0 0.0 0.0 0.3145266316196816 0.9492486491968145
1629013215.795802355 4.13213465639429 2.783792580918538 0.0 0.0 0.0 0.31452660976695573 0.949248656437556
1629013215.795802355 4.131576327101953 2.785447227636225 0.0 0.0 0.0 0.3145265936484759 0.9492486617782964
1629013215.795802355 4.1338693031979075 2.780751702656726 0.0 0.0 0.0 0.29887573654375976 0.9542920381651652
1629013215.996199131 4.1340336792647046 2.7807158669058536 0.0 0.0 0.0 0.29887568116583374 0.9542920555090348
1629013215.996199131 4.176322297755852 2.822011785678802 0.0 0.0 0.0 0.2662095758452489 0.9639151735128422
1629013216.196589470 4.176380847729447 2.823144033723475 0.0 0.0 0.0 0.26620952356467203 0.9639151879514454
1629013216.497184753 4.176726591556327 2.8222185423545896 0.0 0.0 0.0 0.2662095001108562 0.9639151944288087
1629013216.196589470 4.2679570500632735 2.8788340711412057 0.0 0.0 0.0 0.23335327847585824 0.9723920235298974
1629013216.597385406 4.267906136969463 2.8785551426356903 0.0 0.0 0.0 0.2333532774358135 0.9723920237794859
1629013216.597385406 4.267317530721147 2.879507344023141 0.0 0.0 0.0 0.23335330331955437 0.9723920175679416
1629013216.497184753 4.395041541208802 2.941705887967783 0.0 0.0 0.0 0.18255404400549718 0.9831958202805985
1629013216.597385406 4.394826011048002 2.942498076802492 0.0 0.0 0.0 0.18255402899256729 0.9831958230681114
1629013216.597385406 4.440165000047086 2.962332943789036 0.0 0.0 0.0 0.16548053674294833 0.9862130560681428
1629013216.597385406 4.440005660349446 2.961561767488252 0.0 0.0 0.0 0.16548054217023905 0.9862130551574765
1629013216.597385406 4.438574453338508 2.9606708960667536 0.0 0.0 0.0 0.16548047801982693 0.9862130659215227
1629013217.098364115 4.437488895843867 2.9611612412893074 0.0 0.0 0.0 0.16548046728092694 0.9862130677234439
1629013217.098364115 4.437134380917242 2.962290741953971 0.0 0.0 0.0 0.16548046683265477 0.9862130677986611
1629013217.098364115 4.59452026439943 2.98925979159872 0.0 0.0 0.0 0.08648186275028685 0.9962534252966162
1629013217.499140263 4.594135868344854 2.9910066796389176 0.0 0.0 0.0 0.08648186774174502 0.9962534248633222
1629013217.599331856 4.593781297127825 2.9902598018013413 0.0 0.0 0.0 0.08648186665099408 0.9962534249580072
1629013217.599331856 4.593711605035593 2.9908472774247974 0.0 0.0 0.0 0.08648184624251765 0.9962534267296076
1629013217.599331856 4.594077441282154 2.990213760232986 0.0 0.0 0.0 0.08648183719404308 0.9962534275150792
1629013217.499140263 4.8094914189016285 3.0292268924091923 0.0 0.0 0.0 0.015945211579518528 0.9998728670324465
1629013217.799716949 4.80875104747196 3.0293307746170415 0.0 0.0 0.0 0.01594521910995686 0.9998728669123568
1629013217.799716949 4.809277085795829 3.030112052440099 0.0 0.0 0.0 0.01594522239871797 0.9998728668599101
1629013217.599331856 4.879418938817984 3.029463537062685 0.0 0.0 0.0 -0.0027091701625726722 0.9999963301917814
1629013217.799716949 4.878633206143385 3.029521033061923 0.0 0.0 0.0 -0.002709138084081434 0.9999963302786873
1629013217.799716949 4.879256383684484 3.028650811911389 0.0 0.0 0.0 -0.002709137636933918 0.9999963302798986
1629013217.799716949 4.995293545008905 3.028940911018694 0.0 0.0 0.0 -0.040825426880687014 0.9991662947277644
1629013218.100379467 4.996276152777349 3.0294265153242392 0.0 0.0 0.0 -0.04082540664225505 0.9991662955546962
1629013218.100379467 4.994634033835559 3.029089691277391 0.0 0.0 0.0 -0.040825394449366836 0.9991662960528911
1629013218.200509548 4.994225583715096 3.029745218830823 0.0 0.0 0.0 -0.0408253759042634 0.9991662968106338
1629013218.100379467 5.199385508889147 3.025850191332356 0.0 0.0 0.0 -0.0987320830032178 0.9951140516472701
1629013218.200509548 5.199375442625043 3.0256784571085213 0.0 0.0 0.0 -0.09873210108440895 0.9951140498533111
1629013218.200509548 5.2867334377065065 3.0449038282956478 0.0 0.0 0.0 -0.11833166039807724 0.9929741276324545
1629013218.200509548 5.28643307122367 3.0463127406691504 0.0 0.0 0.0 -0.11833164293129893 0.9929741297139516
1629013218.200509548 5.28653243420076 3.0450019772466055 0.0 0.0 0.0 -0.11833174340054231 0.9929741177411364
1629013218.200509548 5.2874458764151475 3.045417668181509 0.0 0.0 0.0 -0.11833175012688535 0.9929741169395647
1629013219.406359673 5.288357259417669 3.0461758879579293 0.0 0.0 0.0 -0.1183317580625761 0.9929741159938762
1629013219.406359673 5.497762815557204 3.0089951569012614 0.0 0.0 0.0 -0.1600351871742008 0.9871113102716018
1629013219.503051281 5.497582023724138 3.008596533472827 0.0 0.0 0.0 -0.16003520401692642 0.9871113075409788
1629013219.503051281 5.496246887543037 3.0083052939368553 0.0 0.0 0.0 -0.16003519963296686 0.9871113082517272
1629013219.503051281 5.561206413403443 2.989416363924213 0.0 0.0 0.0 -0.18005465825903486 0.9836566067684506
1629013219.503051281 5.561331383434443 2.988889697390445 0.0 0.0 0.0 -0.18005464408549166 0.9836566093628645
1629013219.804655790 5.561839238188633 2.9894553666277432 0.0 0.0 0.0 -0.18005466597651898 0.9836566053557939
1629013219.804655790 5.744849281443263 2.921647389294749 0.0 0.0 0.0 -0.23813348092892717 0.9712324362688225
1629013219.804655790 5.74448054638148 2.9213419703873673 0.0 0.0 0.0 -0.23813343721716385 0.9712324469863737
1629013219.804655790 5.745507033475547 2.922969072521053 0.0 0.0 0.0 -0.23813342250715772 0.9712324505930738
1629013220.204417229 5.744516480683325 2.9235294801181757 0.0 0.0 0.0 -0.23813344787673615 0.9712324443727864
1629013220.204417229 5.967549016014897 2.8132228991791934 0.0 0.0 0.0 -0.30118735026568466 0.9535649846968668
1629013220.204417229 5.967076987303268 2.8136488255905423 0.0 0.0 0.0 -0.30118732542472776 0.953564992542983
1629013220.204417229 5.965904185704965 2.8126611749303283 0.0 0.0 0.0 -0.30118733673541276 0.9535649889704577
1629013220.204417229 5.966429689279832 2.811816653091573 0.0 0.0 0.0 -0.30118734084844434 0.9535649876713401
1629013220.204417229 5.967109669231373 2.812280246405758 0.0 0.0 0.0 -0.30118735262694996 0.9535649839510516
1629013220.806005239 5.967549606777335 2.811873036353476 0.0 0.0 0.0 -0.30118728482839474 0.9535650053654965
1629013220.806005239 5.967349893250546 2.812622968216943 0.0 0.0 0.0 -0.30118732295198414 0.9535649933240089
1629013220.806005239 6.2582003423941535 2.723649834456465 0.0 0.0 0.0 -0.28734649738907697 0.9578267016732355
1629013220.806005239 6.258638543810954 2.7241018163345494 0.0 0.0 0.0 -0.28734652653084014 0.9578266929307521
1629013221.106210232 6.259746246297617 2.723415810603125 0.0 0.0 0.0 -0.28734650353412483 0.9578266998297308
1629013221.106210232 6.26044649034323 2.722789205194807 0.0 0.0 0.0 -0.2873464967260118 0.9578267018721539
1629013221.106210232 6.31289611754022 2.6973697857608583 0.0 0.0 0.0 -0.27694254983962835 0.960886478252413
1629013221.106210232 6.312731202132907 2.697054858756808 0.0 0.0 0.0 -0.2769425210214719 0.9608864865582571
1629013221.106210232 6.31324741153363 2.6973178626709853 0.0 0.0 0.0 -0.27694256937222517 0.9608864726228121
1629013221.406772852 6.312888188868841 2.6977727665519953 0.0 0.0 0.0 -0.2769425644155096 0.9608864740514154
1629013221.406772852 6.311703844311927 2.697481679893907 0.0 0.0 0.0 -0.27694252177814016 0.9608864863401735
1629013221.406772852 6.309873406809829 2.697551425324385 0.0 0.0 0.0 -0.2769425165753449 0.9608864878397004
1629013221.406772852 6.272061962688711 2.71885142364631 0.0 0.0 0.0 -0.29030789938798446 0.956933291067322
1629013221.607167244 6.272508111394521 2.7197246527375447 0.0 0.0 0.0 -0.29030791366444647 0.9569332867362261
1629013221.607167244 6.19847693483 2.753715412774692 0.0 0.0 0.0 -0.312535744839458 0.9499059996639906
1629013221.707352638 6.198172902284349 2.754078914090485 0.0 0.0 0.0 -0.3125357174603177 0.9499060086722078
1629013221.707352638 6.158129290251905 2.7811202255489174 0.0 0.0 0.0 -0.3256063789190666 0.9455054129973097
1629013221.807577133 6.157766625257933 2.7819620383807524 0.0 0.0 0.0 -0.3256063438438665 0.945505425076255
1629013221.807577133 6.106055598156186 2.8113480300950275 0.0 0.0 0.0 -0.3416902825567687 0.9398126147303384
1629013221.907737732 6.106430147512371 2.8113917237585295 0.0 0.0 0.0 -0.34169029707989007 0.9398126094501268
1629013221.907737732 6.051374410394635 2.8332875474938066 0.0 0.0 0.0 -0.35809896956956627 0.9336836337824579
1629013221.907737732 6.049974580866266 2.8333780162598163 0.0 0.0 0.0 -0.35809893365321016 0.9336836475575835
1629013221.907737732 6.05081439993018 2.833682831968193 0.0 0.0 0.0 -0.3580989117599862 0.9336836559543674
1629013221.907737732 6.049439607427381 2.833068242513537 0.0 0.0 0.0 -0.3580988629365718 0.9336836746797784
1629013221.907737732 6.050184883418106 2.83304609987964 0.0 0.0 0.0 -0.35809886224286264 0.933683674945839
1629013223.711259842 6.050118827927875 2.8344927051071918 0.0 0.0 0.0 -0.3580988201713615 0.9336836910816633
1629013223.911646843 6.051179082773496 2.8351155110882846 0.0 0.0 0.0 -0.35809887104028654 0.9336836715717333
1629013223.911646843 6.051024156650755 2.83540931760886 0.0 0.0 0.0 -0.358098848788269 0.9336836801061249
1629013224.012077093 6.0512277469681575 2.8361493911685316 0.0 0.0 0.0 -0.3580987829068728 0.933683705373836
1629013224.212237358 6.0511438750294495 2.836715399407684 0.0 0.0 0.0 -0.3580988194871413 0.9336836913440846
1629013224.212237358 6.051015501896906 2.83718280354429 0.0 0.0 0.0 -0.35809883061179076 0.9336836870774106
1629013224.212237358 6.050758741947559 2.837323365497508 0.0 0.0 0.0 -0.3580988487642672 0.9336836801153303
1629013224.212237358 6.050451822891526 2.838084808116347 0.0 0.0 0.0 -0.35809884282860693 0.9336836823918541
1629013224.212237358 6.050667615389358 2.8389424127736294 0.0 0.0 0.0 -0.3580988963488957 0.9336836618650359
1629013224.813429356 6.0499516448510695 2.839728822168289 0.0 0.0 0.0 -0.35809893256929987 0.9336836479732994
1629013224.813429356 6.049187426058963 2.839103240072446 0.0 0.0 0.0 -0.3580989590854142 0.9336836378034815
1629013224.813429356 6.048130322647008 2.8385383635629955 0.0 0.0 0.0 -0.35809893135924054 0.9336836484373976
1629013225.014685154 6.048910505121144 2.839587096495074 0.0 0.0 0.0 -0.35809888923978406 0.9336836645916179
1629013225.114006281 6.048700334075972 2.8391784834641633 0.0 0.0 0.0 -0.35809888614925006 0.933683665776941
1629013225.314388275 6.048598961665146 2.8399940770562377 0.0 0.0 0.0 -0.35809888004727464 0.9336836681172525
1629013226.015756130 6.049315099402958 2.8396075960189258 0.0 0.0 0.0 -0.35809888248864297 0.9336836671809061
1629013226.416540146 6.049356998767311 2.8407946434364906 0.0 0.0 0.0 -0.35809885892128857 0.9336836762197737
1629013226.416540146 6.048494020122918 2.8409927488797733 0.0 0.0 0.0 -0.3580988384712775 0.9336836840630353
1629013226.416540146 6.050135033800014 2.840070171731971 0.0 0.0 0.0 -0.358098871275736 0.9336836714814305
1629013226.618190289 6.049749021098118 2.8401219734276255 0.0 0.0 0.0 -0.3580988898652488 0.9336836643517313
1629013226.618190289 6.049714481234106 2.841114855037502 0.0 0.0 0.0 -0.35809887635245796 0.9336836695343381
1629013226.817325592 6.051105036794877 2.8409087374944813 0.0 0.0 0.0 -0.3580989355544738 0.9336836468283852
1629013226.917517185 6.0515762465693985 2.841118151359172 0.0 0.0 0.0 -0.35809894654401353 0.9336836426135288
1629013226.917517185 6.051456191688168 2.841190386111333 0.0 0.0 0.0 -0.358098938458467 0.9336836457146066
1629013226.917517185 6.052049993754103 2.8404288487933966 0.0 0.0 0.0 -0.3580989811370874 0.9336836293459256
1629013227.318311214 6.052766695248662 2.8412482979046456 0.0 0.0 0.0 -0.35809901530873367 0.9336836162399528
1629013227.418504953 6.0532021658916255 2.839969086184666 0.0 0.0 0.0 -0.3580989704637412 0.9336836334395118
1629013227.418504953 6.05350990383375 2.839424579071891 0.0 0.0 0.0 -0.35809897929091666 0.933683630053994
1629013231.426332474 6.053900296185111 2.8379964430003244 0.0 0.0 0.0 -0.35809902625219053 0.9336836120427695
1629013231.426332474 6.053777625127728 2.838005029678172 0.0 0.0 0.0 -0.35809904620428473 0.933683604390471
1629013231.726910353 6.054326511897644 2.838902360970473 0.0 0.0 0.0 -0.35809908777492067 0.9336835884467337
1629013223.711259842 5.887869058989829 2.869999363178653 0.0 0.0 0.0 -0.39908151856548585 0.9169154495041872
1629013223.911646843 5.773530501495276 2.9369466331672407 0.0 0.0 0.0 -0.4367029097511333 0.8996057851163994
1629013224.012077093 5.736542997187415 2.9949716172765597 0.0 0.0 0.0 -0.45635334448851433 0.8897986429379107
1629013224.212237358 5.6705835310269475 3.0584165917911608 0.0 0.0 0.0 -0.4917154606523179 0.8707559392593763
1629013224.813429356 5.480316210903945 3.2442177828446837 0.0 0.0 0.0 -0.4957604633860394 0.8684593041376547
1629013225.014685154 5.39380745118589 3.3753991958225287 0.0 0.0 0.0 -0.47504656817494756 0.8799606571121262
1629013225.114006281 5.351460538234445 3.4394205666835185 0.0 0.0 0.0 -0.46304608870036923 0.8863342031870878
1629013225.314388275 5.268410716103308 3.5387893179120513 0.0 0.0 0.0 -0.4359301902479075 0.8999804826941655
1629013225.514781952 5.169432092959094 3.655687405687882 0.0 0.0 0.0 -0.40699316230910215 0.9134312047623712
1629013225.614995480 5.123066041468697 3.7082132991439614 0.0 0.0 0.0 -0.39160836087081813 0.9201319968874417
1629013225.715173721 5.07779809358325 3.744603466292004 0.0 0.0 0.0 -0.3741413096527594 0.9273717056344333
1629013232.728875399 5.077626551150745 3.7452191828849055 0.0 0.0 0.0 -0.3741413036365124 0.927371708061644
1629013232.728875399 5.076606847397101 3.7463357810666853 0.0 0.0 0.0 -0.3741412897939955 0.9273717136463057
1629013232.728875399 5.076600111214573 3.7471361522045004 0.0 0.0 0.0 -0.3741413103037538 0.9273717053717944
1629013233.129659176 5.077176444340035 3.7474697489807967 0.0 0.0 0.0 -0.37414134314368935 0.9273716921227626
1629013233.129659176 5.077203240442717 3.747732173058246 0.0 0.0 0.0 -0.37414132545560336 0.9273716992588917
1629013233.129659176 4.339731658686882 3.489348248029084 0.0 0.0 0.0 0.6347735265440793 0.7726982399350947
1629013233.129659176 4.33990765805713 3.4884595250453603 0.0 0.0 0.0 0.6347735118743643 0.7726982519863018
1629013233.430244684 4.339877387678796 3.4892073351337496 0.0 0.0 0.0 0.6347735031223957 0.7726982591760655
1629013233.430244684 4.300783670344822 3.2984306963003527 0.0 0.0 0.0 0.6808577254029844 0.7324157001041651
1629013233.530465126 4.3007178087034506 3.29705051592872 0.0 0.0 0.0 0.6808577110174152 0.7324157134770702
1629013233.530465126 4.296191977087135 3.235589640078717 0.0 0.0 0.0 0.6934082695589674 0.7205449130395956
1629013233.530465126 4.296011811163901 3.234924613286634 0.0 0.0 0.0 0.6934082379909728 0.7205449434186977
1629013233.730814695 4.295431989400006 3.2347050852769677 0.0 0.0 0.0 0.6934082554395645 0.7205449266272435
1629013233.730814695 4.295248094580783 3.234670996318445 0.0 0.0 0.0 0.6934082610935288 0.7205449211862148
1629013233.730814695 4.297245750292706 3.1419419854864725 0.0 0.0 0.0 0.7153689143125705 0.698746961664417
1629013233.730814695 4.29856495714594 3.1414909770961432 0.0 0.0 0.0 0.715368897416264 0.6987469789626563
1629013233.730814695 4.298503475164629 3.14102920658238 0.0 0.0 0.0 0.7153688963667898 0.6987469800370955
1629013233.730814695 4.298805759806563 3.139751113384421 0.0 0.0 0.0 0.7153689348722806 0.6987469406156271
1629013234.632601976 4.299592482757712 3.1389175586926927 0.0 0.0 0.0 0.7153689194360916 0.6987469564190163
1629013234.632601976 4.301280064045451 2.9086154164760254 0.0 0.0 0.0 0.7447188712065645 0.6673783056624034
1629013234.632601976 4.300043371139461 2.9084276779136524 0.0 0.0 0.0 0.7447188489827395 0.6673783304616832
1629013234.632601976 4.299861609785275 2.906178467231825 0.0 0.0 0.0 0.7447188617246043 0.6673783162432008
1629013235.033603668 4.299846715490241 2.905688518354742 0.0 0.0 0.0 0.7447188521590105 0.6673783269173235
1629013235.133549213 4.300859603996258 2.9059352801831326 0.0 0.0 0.0 0.7447188722320429 0.6673783045180852
1629013235.033603668 4.318525022234032 2.7733024148732084 0.0 0.0 0.0 0.7349321669675697 0.6781406269767004
1629013235.133549213 4.31905441225236 2.773514566007334 0.0 0.0 0.0 0.7349321581998092 0.6781406364787254
1629013235.133549213 4.322188356568691 2.7429950865768498 0.0 0.0 0.0 0.7305681067198754 0.6828398358647046
1629013235.133549213 4.3217768040498425 2.742541865909273 0.0 0.0 0.0 0.7305680596387739 0.6828398862366176
1629013235.133549213 4.322504684752362 2.742846154938416 0.0 0.0 0.0 0.730568069568676 0.6828398756126491
1629013235.534484386 4.3217974672042745 2.7430736828816555 0.0 0.0 0.0 0.7305680802095098 0.682839864228057
1629013235.534484386 4.322863393830965 2.7424772869099194 0.0 0.0 0.0 0.730568065439552 0.6828398800303849
1629013235.534484386 4.322875345978463 2.741826911551672 0.0 0.0 0.0 0.7305680687769469 0.6828398764597174
1629013235.534484386 4.338724021223147 2.5646383999084503 0.0 0.0 0.0 0.7069884725208507 0.7072250700608924
1629013235.534484386 4.338329674523377 2.5642281214967038 0.0 0.0 0.0 0.7069884967824117 0.7072250458074472
1629013235.534484386 4.338198595886879 2.564232498313517 0.0 0.0 0.0 0.7069884771640406 0.707225065419256
1629013236.035361052 4.33849893820484 2.564205494678642 0.0 0.0 0.0 0.7069884790108527 0.7072250635730617
1629013236.035361052 4.338365318650281 2.564515946344686 0.0 0.0 0.0 0.7069884804579092 0.7072250621264893
1629013236.035361052 4.335599301589033 2.286498908438262 0.0 0.0 0.0 0.6583114659540094 0.7527456501325552
1629013236.035361052 4.334257505082248 2.287065722243085 0.0 0.0 0.0 0.6583114645563699 0.7527456513548566
1629013236.335923672 4.33421365924754 2.287407506672918 0.0 0.0 0.0 0.6583114407399957 0.7527456721833949
1629013236.335923672 4.334034463846683 2.288197823503952 0.0 0.0 0.0 0.6583114665741326 0.7527456495902282
1629013236.335923672 4.334042768160309 2.2878701261231518 0.0 0.0 0.0 0.6583114927314159 0.7527456267144532
1629013236.335923672 4.317617360887912 2.0878274286763085 0.0 0.0 0.0 0.6223854274778927 0.7827109170461088
1629013236.536616802 4.3172171469005685 2.08711598343457 0.0 0.0 0.0 0.6223853941992352 0.7827109435081783
1629013236.536616802 4.28857578786361 1.9532715318966938 0.0 0.0 0.0 0.5971723326388261 0.8021129628242541
1629013236.736684799 4.28941533469618 1.952334495284051 0.0 0.0 0.0 0.5971723490444832 0.8021129506102578
1629013236.736684799 4.291185298359665 1.9523284239196004 0.0 0.0 0.0 0.5971723810416389 0.802112926788404
1629013236.736684799 4.252294776956953 1.8274984669093626 0.0 0.0 0.0 0.5701927827283687 0.8215109192971688
1629013236.736684799 4.252675546111887 1.8268703932242139 0.0 0.0 0.0 0.5701927944502225 0.8215109111612859
1629013237.037281513 4.253120586874324 1.8269790495121303 0.0 0.0 0.0 0.5701927750694864 0.8215109246130317
1629013237.137472868 4.252781425283206 1.8262893098336435 0.0 0.0 0.0 0.5701927756927322 0.8215109241804504
1629013237.037281513 4.200966691188539 1.6328890039952706 0.0 0.0 0.0 0.5293640408426162 0.8483947856173899
1629013237.237663746 4.200058918393959 1.634066207469801 0.0 0.0 0.0 0.5293640224829574 0.8483947970730743
1629013237.137472868 4.177647619988011 1.5548974334409693 0.0 0.0 0.0 0.5172283716524513 0.8558474230595976
1629013237.337888718 4.178222179716278 1.555385889536721 0.0 0.0 0.0 0.5172283330271362 0.8558474464026693
1629013237.237663746 4.146188835242872 1.5061955928075395 0.0 0.0 0.0 0.5083196483099457 0.8611684708244102
1629013237.337888718 4.145571167675622 1.5065173937150942 0.0 0.0 0.0 0.5083196281157886 0.861168482744362
1629013237.337888718 4.110956406336063 1.4688057445716265 0.0 0.0 0.0 0.505165993532921 0.8630222007445097
1629013237.337888718 4.111239023690172 1.4687321797809716 0.0 0.0 0.0 0.5051660001002007 0.8630221969003833
1629013237.337888718 4.111235875723714 1.4703008860487508 0.0 0.0 0.0 0.5051659773010119 0.8630222102457813
1629013237.738643646 4.111279403702912 1.4699982561347853 0.0 0.0 0.0 0.5051660244739112 0.8630221826333456
1629013237.738643646 4.11048588068687 1.470113936113662 0.0 0.0 0.0 0.5051660775794752 0.8630221515482484
1629013237.738643646 3.9636607445768215 1.3014467901352957 0.0 0.0 0.0 0.5295203371593886 0.8482972430313607
1629013237.738643646 3.9653621436060567 1.3018267769684044 0.0 0.0 0.0 0.5295203477730077 0.8482972364061744
1629013237.738643646 3.965774903937539 1.3010401039700485 0.0 0.0 0.0 0.5295203788220123 0.8482972170249014
1629013237.738643646 3.9667208239314964 1.3021127678614397 0.0 0.0 0.0 0.5295203566521653 0.8482972308636658
1629013238.239623070 3.9667315005411794 1.3020973168700836 0.0 0.0 0.0 0.529520373227967 0.8482972205167918
1629013238.239623070 3.8101719114420187 1.1249549465862951 0.0 0.0 0.0 0.5943116187903276 0.8042348536160444
1629013238.239623070 3.8110216114422113 1.125433393699535 0.0 0.0 0.0 0.5943116312648626 0.804234844397641
1629013238.239623070 3.810087221769869 1.1258459249683515 0.0 0.0 0.0 0.594311648286998 0.804234831818662
1629013238.441780090 3.8109967756796266 1.1256401177205682 0.0 0.0 0.0 0.5943116897134282 0.8042348012054501
1629013238.441780090 3.776238206446337 1.011144528889096 0.0 0.0 0.0 0.6275576104327742 0.7785701288823674
1629013238.640418053 3.775425323233267 1.011117133985462 0.0 0.0 0.0 0.6275576018706716 0.7785701357837531
1629013238.640418053 3.775125393051793 1.0109942503595934 0.0 0.0 0.0 0.6275576678266457 0.7785700826206857
1629013238.640418053 3.7751694195426015 1.0102444090795697 0.0 0.0 0.0 0.6275576492196292 0.7785700976186619
1629013238.640418053 3.7546945502616578 0.8816650867629148 0.0 0.0 0.0 0.6606143843518113 0.7507254059824253
1629013238.941011429 3.7540765445208715 0.8810200016447817 0.0 0.0 0.0 0.6606144127641518 0.750725380980472
1629013239.041179180 3.753141221657515 0.879529725860579 0.0 0.0 0.0 0.6606144109183761 0.7507253826046958
1629013239.141399860 3.7540260654089166 0.8789406596843123 0.0 0.0 0.0 0.6606144183669473 0.7507253760501905
1629013238.941011429 3.73514626976488 0.6778868120281214 0.0 0.0 0.0 0.7107507123694005 0.7034439742199728
1629013239.141399860 3.734967062506115 0.6775418700116479 0.0 0.0 0.0 0.7107507207665179 0.7034439657356336
1629013239.041179180 3.738931612690906 0.6013707047649499 0.0 0.0 0.0 0.7267938270875525 0.6868556856483238
1629013239.141399860 3.7398998016200653 0.6008603662657869 0.0 0.0 0.0 0.7267937976647879 0.6868557167819129
1629013239.141399860 3.7441771941222886 0.5342508954825526 0.0 0.0 0.0 0.7427225323614239 0.669599312964577
1629013239.141399860 3.74503853149229 0.5342918122154585 0.0 0.0 0.0 0.7427225481222535 0.6695992954825944
1629013239.542208195 3.7451643135054433 0.5364272995500579 0.0 0.0 0.0 0.742722537529565 0.6695993072320521
1629013239.542208195 3.743966688559263 0.5377620202878586 0.0 0.0 0.0 0.7427225692984067 0.6695992719939095
1629013239.542208195 3.761229513066785 0.39418396511288845 0.0 0.0 0.0 0.7992801632348359 0.6009585848120436
1629013239.542208195 3.760514635461372 0.3944936764049258 0.0 0.0 0.0 0.7992801474007784 0.6009586058714776
1629013239.542208195 3.7618642537979317 0.3948909176258356 0.0 0.0 0.0 0.7992801326863455 0.6009586254418002
1629013239.942944527 3.761806963818292 0.3954471623734629 0.0 0.0 0.0 0.7992801271352633 0.6009586328247872
1629013239.942944527 3.8415116493337247 0.17696713297571004 0.0 0.0 0.0 0.8553409599772058 0.5180654805961038
1629013240.043147087 3.842185871057223 0.1783676412619286 0.0 0.0 0.0 0.855340980293202 0.5180654470538102
1629013240.043147087 3.884880733315689 0.00023531074017125504 0.0 0.0 0.0 0.8702442337037508 0.4926205169350658
1629013240.143421173 3.8867413155207844 8.443890439799139e-06 0.0 0.0 0.0 0.8702442403649077 0.49262050516772526
1629013240.143421173 3.926602839023318 -0.06030075079646952 0.0 0.0 0.0 0.881280645730849 0.47259329603816636
1629013240.143421173 3.926268201699072 -0.06038343328497034 0.0 0.0 0.0 0.8812806534482268 0.47259328164698483
1629013240.143421173 3.925796326374897 -0.05896222493773649 0.0 0.0 0.0 0.8812806287385792 0.4725933277249423
1629013240.443916321 3.9258285861977917 -0.05946615038410994 0.0 0.0 0.0 0.8812806424997895 0.4725933020633683
1629013240.443916321 4.044488106472424 -0.19283598472096028 0.0 0.0 0.0 0.9046908997711962 0.4260685107716638
1629013240.544137478 4.043744098517108 -0.1935345603367039 0.0 0.0 0.0 0.9046909099097643 0.42606848924397445
1629013240.544137478 4.0924120197412375 -0.2588872284391017 0.0 0.0 0.0 0.9081135364309467 0.41872402003095016
1629013240.644346952 4.092796543738942 -0.25932274817805634 0.0 0.0 0.0 0.9081135440314634 0.4187240035472237
1629013240.644346952 4.093143730693012 -0.2593206728059784 0.0 0.0 0.0 0.9081135387538943 0.41872401499302536
1629013240.644346952 4.142702682965353 -0.29809819876098115 0.0 0.0 0.0 0.9101012285349563 0.41438599616681454
1629013240.644346952 4.142672496839434 -0.2978072596319527 0.0 0.0 0.0 0.9101012169206112 0.4143860216749869
1629013240.644346952 4.143421211549491 -0.29861326095551627 0.0 0.0 0.0 0.9101012220783917 0.41438601034713757
1629013241.045111418 4.143725224134604 -0.29825958402936104 0.0 0.0 0.0 0.9101012272282256 0.41438599903674067
1629013241.245482445 4.143521275372651 -0.29755084437352525 0.0 0.0 0.0 0.9101012216175838 0.4143860113591936
1629013241.045111418 4.329106503907414 -0.41935799406631274 0.0 0.0 0.0 0.9049027646070938 0.4256183579293055
1629013241.245482445 4.330203367036537 -0.4186754076337018 0.0 0.0 0.0 0.9049027610962637 0.42561836539364517
1629013241.245482445 4.419597553148745 -0.506882270571669 0.0 0.0 0.0 0.8933632444867706 0.44933519047596365
1629013241.245482445 4.421190541538364 -0.505405013344191 0.0 0.0 0.0 0.8933632292529059 0.44933522076376337
1629013241.245482445 4.421228093556094 -0.5042860972488706 0.0 0.0 0.0 0.8933632411595174 0.44933519709117165
1629013241.646275520 4.42158063564834 -0.5046810577071404 0.0 0.0 0.0 0.8933632216954618 0.4493352357893882
1629013241.746649981 4.420725393990916 -0.5046184524648002 0.0 0.0 0.0 0.8933632231252463 0.449335232946707
1629013241.646275520 4.592777163500453 -0.6809100304110821 0.0 0.0 0.0 0.8644934670867996 0.5026440543408869
1629013241.846660614 4.592420160269958 -0.6802363711026949 0.0 0.0 0.0 0.8644934511233583 0.5026440817962802
1629013241.746649981 4.625633961469823 -0.7575743951614736 0.0 0.0 0.0 0.8563601863135784 0.5163789609356421
1629013241.846660614 4.624377853545734 -0.7568253930747965 0.0 0.0 0.0 0.8563601843879085 0.5163789641291628
1629013241.846660614 4.652587238609816 -0.7812128044672495 0.0 0.0 0.0 0.8474135308759432 0.530933430562031
1629013241.846660614 4.653158184649903 -0.7817535262892484 0.0 0.0 0.0 0.8474135291948405 0.5309334332452094
1629013241.846660614 4.6532345449836265 -0.7820558926189899 0.0 0.0 0.0 0.8474135201843472 0.5309334476266993
1629013242.247446537 4.654704213327115 -0.7813699971984384 0.0 0.0 0.0 0.8474135095411031 0.5309334646141932
1629013242.347635746 4.653279991692138 -0.7809251554542033 0.0 0.0 0.0 0.8474135059963808 0.5309334702718619
1629013242.247446537 4.74452393497032 -0.878821588661382 0.0 0.0 0.0 0.8087877731561953 0.588100618936116
1629013242.347635746 4.745230394078354 -0.8792274548482352 0.0 0.0 0.0 0.8087877914593503 0.5881005937646266
1629013242.347635746 4.744444934458021 -0.8783537906356802 0.0 0.0 0.0 0.8087878049395458 0.5881005752259313
1629013242.347635746 4.744045844297196 -0.8792714400412184 0.0 0.0 0.0 0.8087878021461083 0.5881005790676179
1629013242.748418331 4.74456446458879 -0.879337831754208 0.0 0.0 0.0 0.808787784322441 0.5881006035796907
1629013242.748418331 4.743528836035227 -0.878880291268767 0.0 0.0 0.0 0.8087877483024023 0.5881006531163947
1629013242.948856115 4.743776138558477 -0.8795778631396585 0.0 0.0 0.0 0.808787751587261 0.5881006485988797
1629013243.049047709 4.744820072713964 -0.8796646868016242 0.0 0.0 0.0 0.8087877526339854 0.5881006471593678
1629013243.049047709 4.745832382189633 -0.8795842946375982 0.0 0.0 0.0 0.8087877529672821 0.5881006467010003
1629013243.049047709 4.746432905501226 -0.8789649939560191 0.0 0.0 0.0 0.8087877642121514 0.5881006312364486
1629013243.049047709 4.745463302058743 -0.8777551441820038 0.0 0.0 0.0 0.8087877762665784 0.588100614658549
1629013243.049047709 4.745467145290729 -0.8790938129362934 0.0 0.0 0.0 0.8087878019894499 0.5881005792830631
1629013243.550235271 4.744843572090072 -0.8786108133575996 0.0 0.0 0.0 0.8087878124119896 0.5881005649494211
1629013244.351556540 4.744784370404962 -0.8793169796105645 0.0 0.0 0.0 0.8087877911947056 0.5881005941285805
1629013244.551958561 4.746570978980696 -0.8805307104677974 0.0 0.0 0.0 0.8087878080908442 0.5881005708920948
1629013244.551958561 4.746898025697294 -0.8805720865666514 0.0 0.0 0.0 0.8087878270785755 0.5881005447791358
1629013244.752338409 4.747811067661583 -0.8815142838692026 0.0 0.0 0.0 0.808787831939591 0.588100538094003
1629013242.347635746 4.770547823846632 -0.9272112412173494 0.0 0.0 0.0 0.7982818440247572 0.6022840671148733
1629013242.748418331 4.813701474912218 -0.9958080107604099 0.0 0.0 0.0 0.7693349857141913 0.6388455836555067
1629013242.948856115 4.83703118311281 -1.0183618149897724 0.0 0.0 0.0 0.774026803429959 0.6331528311332103
1629013243.049047709 4.838898799674826 -1.021051097652108 0.0 0.0 0.0 0.7780698860291764 0.6281777236217029
1629013243.550235271 4.876264637477009 -1.0266471334513019 0.0 0.0 0.0 0.8107005927103195 0.5854609713543139
1629013243.750394821 4.912496538528373 -1.0480189244282474 0.0 0.0 0.0 0.8257154144203682 0.5640869209515494
1629013243.850748301 4.932039492639488 -1.0573619061228443 0.0 0.0 0.0 0.8330093424496063 0.553258922559478
1629013244.051008224 4.9692095300801995 -1.063532576722979 0.0 0.0 0.0 0.8463955487884314 0.5325547624339961
1629013244.351556540 5.044654534202583 -1.1118184081295464 0.0 0.0 0.0 0.8632393641708658 0.5047948099434851
1629013244.551958561 5.104809938166092 -1.1821672348107144 0.0 0.0 0.0 0.8702335920470313 0.492639315598056
1629013244.752338409 5.177175092736321 -1.269542563574516 0.0 0.0 0.0 0.8753374414184544 0.4835125268811491
1629013244.752338409 5.1768389802100225 -1.2706007591551431 0.0 0.0 0.0 0.8753374194026978 0.4835125667378516
1629013245.052947521 5.177212394368743 -1.2709498483325463 0.0 0.0 0.0 0.8753374317215914 0.4835125444360759
1629013245.052947521 5.177409678955382 -1.2711889918965134 0.0 0.0 0.0 0.875337432011809 0.48351254391067416
1629013245.052947521 5.277105205077676 -1.385251518885338 0.0 0.0 0.0 0.8810401046853291 0.4730415773862423
1629013245.253318071 5.27611392809484 -1.3845638797424322 0.0 0.0 0.0 0.8810401186699061 0.4730415513399619
1629013245.253318071 5.2767015439059355 -1.384954449433186 0.0 0.0 0.0 0.8810401555688415 0.4730414826156704
1629013245.253318071 5.350633203693754 -1.4522086362147903 0.0 0.0 0.0 0.8839052452740382 0.4676660318828408
1629013245.253318071 5.350443184597636 -1.4519591947902835 0.0 0.0 0.0 0.8839052562571786 0.4676660111243187
1629013245.253318071 5.35181705859855 -1.451442234949197 0.0 0.0 0.0 0.8839052507364187 0.4676660215587497
1629013245.654092550 5.352905653287675 -1.4531045800251738 0.0 0.0 0.0 0.8839052402117358 0.4676660414507704
1629013245.654092550 5.352074409969244 -1.452884836138046 0.0 0.0 0.0 0.8839052320640683 0.4676660568501476
1629013245.654092550 5.48113957382043 -1.5812621659510617 0.0 0.0 0.0 0.883724638453092 0.4680072257892518
1629013245.654092550 5.481660955124514 -1.5801147807865787 0.0 0.0 0.0 0.8837246471147656 0.4680072094336615
1629013245.858057976 5.481908401466421 -1.5798465072078203 0.0 0.0 0.0 0.8837246362452581 0.46800722995824134
1629013245.858057976 5.546182375818944 -1.6481311674624184 0.0 0.0 0.0 0.8821614367286764 0.47094713031167035
1629013245.954675913 5.546447391380179 -1.6478655774563669 0.0 0.0 0.0 0.8821614330610879 0.47094713718166703
1629013245.954675913 5.572338895250812 -1.6498112548188797 0.0 0.0 0.0 0.8813349571222757 0.47249200348183296
1629013245.954675913 5.5726891305061566 -1.6499790127819778 0.0 0.0 0.0 0.8813349585835555 0.4724920007561214
1629013245.954675913 5.572360670628267 -1.6490265258878072 0.0 0.0 0.0 0.8813349704197884 0.47249197867810494
1629013246.255266666 5.571652198141114 -1.6494848625070726 0.0 0.0 0.0 0.8813349648084791 0.4724919891448288
1629013246.255266666 5.654382266657776 -1.6974555933922215 0.0 0.0 0.0 0.8789941884097491 0.47683248289298263
1629013246.255266666 5.654041023668865 -1.6981522187653995 0.0 0.0 0.0 0.8789941791057241 0.47683250004404504
1629013246.255266666 5.653935074269733 -1.6979169514688541 0.0 0.0 0.0 0.8789941997046757 0.476832462071886
1629013246.555862904 5.654090502412379 -1.6970409014439563 0.0 0.0 0.0 0.8789942131324543 0.4768324373190833
1629013246.555862904 5.736538012600567 -1.7776574556832103 0.0 0.0 0.0 0.8737183729187207 0.4864321173856259
1629013246.555862904 5.737125372447433 -1.777918672373063 0.0 0.0 0.0 0.8737183538591489 0.4864321516199963
1629013246.555862904 5.736661223760576 -1.7776774291609274 0.0 0.0 0.0 0.8737183768169826 0.48643211038365586
1629013246.956682920 5.736032657122819 -1.7791764117679907 0.0 0.0 0.0 0.8737183684412976 0.48643212542787206
1629013247.057110310 5.736584005445871 -1.7801324342427618 0.0 0.0 0.0 0.8737183542038532 0.48643215100084625
1629013246.956682920 5.837047819985281 -1.8991741519944696 0.0 0.0 0.0 0.8543216573273165 0.5197446544424552
1629013247.157055855 5.836063263128715 -1.900168759618841 0.0 0.0 0.0 0.8543216413519811 0.519744680701647
1629013247.057110310 5.85815310657996 -1.9171390990658195 0.0 0.0 0.0 0.8492052585583083 0.5280629023486849
1629013247.358104467 5.858995634303216 -1.91688682743853 0.0 0.0 0.0 0.8492052418547332 0.5280629292105667
1629013247.157055855 5.876178209144423 -1.9407859717320195 0.0 0.0 0.0 0.8435722858990164 0.5370156407993236
1629013247.358104467 5.876475260902775 -1.9413865877731293 0.0 0.0 0.0 0.8435722712011885 0.5370156638874406
1629013247.358104467 5.911272456632197 -1.9647855638286165 0.0 0.0 0.0 0.8321940178951683 0.5544845503523936
1629013247.557822704 5.910981368069586 -1.9658391606007628 0.0 0.0 0.0 0.8321940385712935 0.5544845193207837
1629013247.557822704 5.910151256687644 -1.9646519611714375 0.0 0.0 0.0 0.832194048284672 0.5544845047425302
1629013247.557822704 5.933330199847011 -1.969328185377321 0.0 0.0 0.0 0.8248990330461795 0.5652800945367509
1629013247.557822704 5.933220350853942 -1.968930141172383 0.0 0.0 0.0 0.8248990208357355 0.5652801123551444
1629013247.557822704 5.932910990851095 -1.970633706490703 0.0 0.0 0.0 0.8248989897138721 0.5652801577704928
1629013247.958601952 5.933660740619463 -1.9694487989043152 0.0 0.0 0.0 0.8248989690062861 0.5652801879885463
1629013247.958601952 5.934447752335526 -1.9699958735437906 0.0 0.0 0.0 0.8248989608902028 0.5652801998321396
1629013247.958601952 5.976482226631713 -1.984764833252491 0.0 0.0 0.0 0.8333233008304781 0.5527859226617448
1629013247.958601952 5.976686020466504 -1.9840247956756816 0.0 0.0 0.0 0.8333233155944154 0.5527859004051481
1629013247.958601952 5.977109715588256 -1.9859164501165627 0.0 0.0 0.0 0.833323300145217 0.552785923694774
1629013248.259931803 5.976212975207076 -1.98564607584497 0.0 0.0 0.0 0.8333233093479397 0.552785909821694
1629013248.259931803 6.016477344358896 -2.0103316378037226 0.0 0.0 0.0 0.8472576044951461 0.5311822207351696
1629013248.359395504 6.0170366877743495 -2.0104250378446276 0.0 0.0 0.0 0.8472575953086191 0.5311822353880599
1629013248.359395504 6.028889003440732 -2.0135682715024075 0.0 0.0 0.0 0.8531529634772713 0.5216608293804986
1629013248.459567547 6.0291564871572065 -2.0137147734129917 0.0 0.0 0.0 0.8531529769720712 0.5216608073103562
1629013248.559775829 6.029160834674629 -2.013607544814766 0.0 0.0 0.0 0.8531529735087474 0.5216608129744676
1629013248.559775829 6.027792534199414 -2.0142620969448486 0.0 0.0 0.0 0.8531529956434882 0.5216607767740853
1629013248.459567547 6.038491477966432 -2.0152526781310462 0.0 0.0 0.0 0.8585164980839975 0.5127859421996565
1629013248.559775829 6.0373529437086395 -2.016172531714887 0.0 0.0 0.0 0.85851649195767 0.5127859524564766
1629013248.559775829 6.056691792343897 -2.0143292391949625 0.0 0.0 0.0 0.864383711942464 0.5028327739204828
1629013248.559775829 6.055873737489967 -2.0153659874184395 0.0 0.0 0.0 0.8643836917880051 0.5028328085665642
1629013248.960558414 6.05611159542883 -2.015902114666144 0.0 0.0 0.0 0.8643836780340552 0.5028328322099889
1629013248.960558414 6.122058915683318 -2.0236719288189815 0.0 0.0 0.0 0.8866226399338448 0.46249356142192916
1629013248.960558414 6.121565500458286 -2.0233801232452615 0.0 0.0 0.0 0.8866226299857034 0.4624935804929994
1629013248.960558414 6.120825596104252 -2.0231707890417194 0.0 0.0 0.0 0.8866226440004976 0.46249355362595795
1629013249.261137486 6.119376435322055 -2.023357843350794 0.0 0.0 0.0 0.886622632821878 0.462493575055915
1629013249.261137486 6.17379573134018 -2.0291014066199797 0.0 0.0 0.0 0.9037513823902502 0.42805775174351374
1629013249.461553097 6.1740594966545155 -2.0287358188245426 0.0 0.0 0.0 0.9037513733698309 0.4280577707881781
1629013249.461553097 6.173697524719631 -2.028093033905959 0.0 0.0 0.0 0.9037513677436635 0.4280577826666132
1629013249.461553097 6.219617875179102 -2.029373538428007 0.0 0.0 0.0 0.9143348319386418 0.40495902891988406
1629013249.661929369 6.22077435833406 -2.0297076806078254 0.0 0.0 0.0 0.9143348419652599 0.4049590062813311
1629013249.661929369 6.2212906741517635 -2.0295760685586663 0.0 0.0 0.0 0.9143348518182801 0.4049589840347336
1629013249.661929369 6.220502229961165 -2.029268560677955 0.0 0.0 0.0 0.9143348135150687 0.4049590705174593
1629013249.661929369 6.28025811047111 -2.084461422829599 0.0 0.0 0.0 0.9237892060149882 0.3829014270673299
1629013249.661929369 6.279175562099536 -2.08430015588479 0.0 0.0 0.0 0.9237892213681198 0.3829013900263134
1629013249.661929369 6.279219650464596 -2.0854320279877263 0.0 0.0 0.0 0.9237892326473202 0.3829013628140743
1629013250.263106346 6.278825572342178 -2.085148465993355 0.0 0.0 0.0 0.9237892318252199 0.3829013647974764
1629013250.363283634 6.278832351180719 -2.083459390031975 0.0 0.0 0.0 0.9237892413647724 0.3829013417823165
1629013250.263106346 6.461958053330073 -2.2655997703267463 0.0 0.0 0.0 0.9216682925227946 0.38797881199637235
1629013250.463474512 6.462632169121405 -2.2657770379179807 0.0 0.0 0.0 0.9216683115530593 0.38797876678876736
1629013250.363283634 6.499138993869582 -2.313442472440706 0.0 0.0 0.0 0.9188456211589516 0.39461718725496525
1629013250.666935921 6.498157672998038 -2.3136770310059607 0.0 0.0 0.0 0.9188456245751322 0.3946171793005662
1629013250.463474512 6.524678221395848 -2.3142546050965316 0.0 0.0 0.0 0.9164102179656698 0.40024031831902385
1629013250.666935921 6.524324683957037 -2.3143628544298918 0.0 0.0 0.0 0.9164102277562558 0.4002402959020086
1629013250.666935921 6.574567135293681 -2.3293396954359107 0.0 0.0 0.0 0.9112653523716123 0.41181969060141016
1629013250.864261150 6.574267812874871 -2.3291039055442253 0.0 0.0 0.0 0.9112653500307211 0.41181969578128175
1629013250.864261150 6.574885241560538 -2.3292390657832223 0.0 0.0 0.0 0.9112653484199994 0.4118196993454503
1629013250.864261150 6.637452108659136 -2.354191677213874 0.0 0.0 0.0 0.9077043458541385 0.41961031984152924
1629013250.864261150 6.636650070405787 -2.3562214639148644 0.0 0.0 0.0 0.9077043625575797 0.4196102837085119
1629013250.864261150 6.637423279993059 -2.3578124775506137 0.0 0.0 0.0 0.907704340512021 0.41961033139763965
1629013250.864261150 6.63808080447745 -2.3582383981205446 0.0 0.0 0.0 0.9077043122625836 0.4196103925070374
1629013251.365235329 6.638333452592196 -2.3579204606584434 0.0 0.0 0.0 0.9077043192634959 0.41961037736261186
1629013251.465437651 6.639370975432911 -2.358818906121142 0.0 0.0 0.0 0.9077042899319948 0.41961044081272936
1629013251.365235329 6.783179659024403 -2.482045385816424 0.0 0.0 0.0 0.9003371748234312 0.43519302801281434
1629013251.565629005 6.782962238674761 -2.4833540705411883 0.0 0.0 0.0 0.9003371890084723 0.4351929986664796
1629013251.465437651 6.806995479894073 -2.5028794237557146 0.0 0.0 0.0 0.8991749433227606 0.4375893295094273
1629013251.565629005 6.807585200886685 -2.5032134671932313 0.0 0.0 0.0 0.8991749383210099 0.437589339787212
1629013251.565629005 6.830857163659763 -2.5107038057233444 0.0 0.0 0.0 0.8979369928751546 0.44012402436850073
1629013251.565629005 6.831860431261469 -2.5114471315242715 0.0 0.0 0.0 0.8979369750485993 0.4401240607380733
1629013251.565629005 6.831779695679833 -2.5104793039204845 0.0 0.0 0.0 0.8979369645788191 0.44012408209841986
1629013251.565629005 6.831830445620155 -2.5099624113273986 0.0 0.0 0.0 0.8979369471576111 0.4401241176410008
1629013252.166831970 6.831800784221462 -2.5097507557561576 0.0 0.0 0.0 0.8979369517256985 0.44012410832123317
1629013252.166831970 6.832709744174038 -2.5098484114543007 0.0 0.0 0.0 0.8979369377392661 0.4401241368562163
1629013252.166831970 6.990151121595706 -2.6328242726924254 0.0 0.0 0.0 0.8906577951294208 0.4546742701926278
1629013252.367221832 6.9896041772999915 -2.6327283713648755 0.0 0.0 0.0 0.890657802576745 0.4546742556041237
1629013252.467393875 6.9899574619860685 -2.632666144210649 0.0 0.0 0.0 0.89065779913733 0.45467426234156627
1629013252.367221832 7.050426081594265 -2.691275557977208 0.0 0.0 0.0 0.8879297116302497 0.45997915953249624
1629013252.567692995 7.051885163211609 -2.6913618036606377 0.0 0.0 0.0 0.8879297063247117 0.45997916977414444
1629013252.467393875 7.070608306085974 -2.692769724804674 0.0 0.0 0.0 0.886552660936152 0.46262768981874425
1629013252.667804718 7.069404395563951 -2.6928691963905393 0.0 0.0 0.0 0.8865526572095677 0.4626276969601527
1629013252.567692995 7.085454612922074 -2.6960152649533886 0.0 0.0 0.0 0.8851723851833725 0.4652632034760316
1629013252.667804718 7.084991976825909 -2.6950745392170266 0.0 0.0 0.0 0.8851723717391727 0.46526322905388484
1629013252.667804718 7.102961023941371 -2.698170885713648 0.0 0.0 0.0 0.8840597948657922 0.4673738108857336
1629013252.868175983 7.103648779258645 -2.6986075067334463 0.0 0.0 0.0 0.8840597846836061 0.4673738301458224
1629013252.868175983 7.1038550196951 -2.699123667695322 0.0 0.0 0.0 0.8840597961710678 0.4673738084167426
1629013252.868175983 7.149931858371435 -2.738714875141577 0.0 0.0 0.0 0.8815856752708314 0.472024042986448
1629013253.068570137 7.1507804556431385 -2.739741625333952 0.0 0.0 0.0 0.8815856702859994 0.4720240522964746
1629013253.168779850 7.1500502549091935 -2.7401562418790406 0.0 0.0 0.0 0.881585666239581 0.4720240598538533
1629013253.068570137 7.186642515374394 -2.7422624541662746 0.0 0.0 0.0 0.8791347291273817 0.47657331864270924
1629013253.168779850 7.187734384822535 -2.74239695671375 0.0 0.0 0.0 0.8791347040733485 0.4765733648598775
1629013253.168779850 7.20535682582727 -2.7543141927375254 0.0 0.0 0.0 0.8775953467010417 0.4794021354235696
1629013253.168779850 7.206506674391317 -2.7547579493296754 0.0 0.0 0.0 0.8775953279763462 0.4794021697010657
1629013253.168779850 7.207220807323102 -2.7560982108727567 0.0 0.0 0.0 0.8775953324044793 0.47940216159490934
1629013253.168779850 7.208156473204163 -2.756277492350569 0.0 0.0 0.0 0.8775953391185431 0.47940214930411956
1629013253.168779850 7.2082204490742665 -2.756093775805722 0.0 0.0 0.0 0.8775953456350338 0.47940213737500753
1629013253.769940376 7.20773013201314 -2.754706297453842 0.0 0.0 0.0 0.8775953587647414 0.47940211333971494
1629013253.769940376 7.206821341247392 -2.7539691663585537 0.0 0.0 0.0 0.8775953746436194 0.47940208427177844
1629013253.970323563 7.206532259109738 -2.754581737917524 0.0 0.0 0.0 0.8775954047571628 0.4794020291458011
1629013254.070553541 7.207854954678869 -2.7550751049073012 0.0 0.0 0.0 0.8775953995712127 0.4794020386392234
1629013254.170717239 7.207256513565965 -2.755464985362088 0.0 0.0 0.0 0.877595400694537 0.47940203658286135
1629013254.170717239 7.207097293366943 -2.755730575246891 0.0 0.0 0.0 0.8775953847998805 0.47940206567968574
1629013254.170717239 7.208164427512934 -2.755956310098722 0.0 0.0 0.0 0.8775953535690205 0.4794021228510215
1629013253.769940376 7.32561161185147 -2.816055238696779 0.0 0.0 0.0 0.8699128899106391 0.4932053973420407
1629013253.970323563 7.3637309637344845 -2.840069530777546 0.0 0.0 0.0 0.8677202887224857 0.4970528146378069
1629013254.070553541 7.372879638330275 -2.845050560634954 0.0 0.0 0.0 0.8665288226539438 0.4991270374463499
1629013254.170717239 7.385270852296162 -2.8443788136028543 0.0 0.0 0.0 0.8653608364271085 0.5011493018833562
1629013254.170717239 7.385539272848241 -2.844412308737581 0.0 0.0 0.0 0.8653608479948989 0.501149281908644
1629013254.170717239 7.385524278599531 -2.845463545815392 0.0 0.0 0.0 0.8653608253464279 0.5011493210169492
1629013254.771917343 7.385559675236759 -2.8448224058399796 0.0 0.0 0.0 0.8653608431485652 0.5011492902770635
1629013254.771917343 7.384508739211671 -2.8446566073171287 0.0 0.0 0.0 0.8653608415049027 0.501149293115262
1629013254.972341061 7.38435979849224 -2.8457298440908683 0.0 0.0 0.0 0.8653608463506027 0.5011492847479367
1629013254.972341061 7.383420870297251 -2.8447067366997443 0.0 0.0 0.0 0.8653608225237358 0.5011493258910397
1629013254.972341061 7.38349085943243 -2.8448976272132285 0.0 0.0 0.0 0.8653608102213473 0.5011493471342185
1629013254.972341061 7.384363462380606 -2.8454540037959215 0.0 0.0 0.0 0.8653608278642263 0.5011493166693345
1629013254.972341061 7.384134375395193 -2.8449080054609963 0.0 0.0 0.0 0.8653607906946188 0.5011493808520411
1629013254.972341061 7.38421133573414 -2.8457211600784498 0.0 0.0 0.0 0.8653608004584278 0.5011493639923621
1629013254.771917343 7.494720531100072 -2.9020168839418483 0.0 0.0 0.0 0.8584020152028357 0.5129775631503883
1629013254.972341061 7.528895301749549 -2.9413357502506368 0.0 0.0 0.0 0.856575256019932 0.5160221223691751
1629013255.573482752 7.527606285659409 -2.941469827288856 0.0 0.0 0.0 0.8565752926608379 0.5160220615467909
1629013255.573482752 7.5270714469070645 -2.9410569418448262 0.0 0.0 0.0 0.8565752816718564 0.5160220797880455
1629013255.573482752 7.594772889746837 -3.0117235153823856 0.0 0.0 0.0 0.8573509069428684 0.5147323793625586
1629013255.573482752 7.594517563789883 -3.011885176130477 0.0 0.0 0.0 0.8573508889134356 0.5147324093928242
1629013255.573482752 7.595211748235477 -3.0121559625380128 0.0 0.0 0.0 0.8573508814511328 0.5147324218222178
1629013255.974318027 7.594686272137385 -3.0120996371927022 0.0 0.0 0.0 0.8573508852128751 0.5147324155565681
1629013256.074461937 7.594240178351109 -3.012019749519427 0.0 0.0 0.0 0.8573508930558924 0.5147324024930466
1629013255.974318027 7.606516369739099 -3.0185825611675297 0.0 0.0 0.0 0.858540793870379 0.5127452635182693
1629013256.074461937 7.605772042696166 -3.0187876896781494 0.0 0.0 0.0 0.8585408113130996 0.5127452343121727
1629013256.074461937 7.605264414819325 -3.017490649885508 0.0 0.0 0.0 0.8587575694225482 0.5123821200622416
1629013256.174642801 7.605477847021747 -3.0173450756140268 0.0 0.0 0.0 0.8587575810354285 0.5123821005989371
1629013256.174642801 7.605824377867528 -3.016054372170739 0.0 0.0 0.0 0.8584384680517084 0.5129165590708064
1629013256.174642801 7.60580294337988 -3.0167970652664318 0.0 0.0 0.0 0.8584384515316092 0.5129165867195298
1629013256.174642801 7.606168014458775 -3.015236185408915 0.0 0.0 0.0 0.8584384547462848 0.5129165813393157
1629013256.174642801 7.606233052024339 -3.0140587094549884 0.0 0.0 0.0 0.8584384761988084 0.5129165454354809
1629013256.174642801 7.606009817463832 -3.0137054676595416 0.0 0.0 0.0 0.8584384745765102 0.5129165481506267
1629013256.876011133 7.606510428690709 -3.014054554003731 0.0 0.0 0.0 0.8584384673583239 0.5129165602312835
1629013256.876011133 7.6058580844947015 -3.0145620228811842 0.0 0.0 0.0 0.858438483319036 0.5129165335187715
1629013257.076419830 7.60567857429694 -3.013970950023614 0.0 0.0 0.0 0.858438483789062 0.5129165327321166
1629013257.276793480 7.605749939457995 -3.013653749168923 0.0 0.0 0.0 0.8584384865853133 0.5129165280521938
1629013256.876011133 7.601101991828573 -3.0134025798221473 0.0 0.0 0.0 0.8576210588499052 0.5142821398971263
1629013257.076419830 7.597889891189085 -3.0130239718035905 0.0 0.0 0.0 0.8571768190711182 0.5150222333522306
1629013257.276793480 7.598074253913038 -3.0134694967554068 0.0 0.0 0.0 0.8571768549419988 0.515022173650556
1629013257.276793480 7.593293512733524 -3.014152903036074 0.0 0.0 0.0 0.8558765065689115 0.5171802446955955
1629013257.276793480 7.593656664805969 -3.014286237312988 0.0 0.0 0.0 0.8558765160538199 0.5171802289991134
1629013257.276793480 7.593923480300263 -3.014159534723216 0.0 0.0 0.0 0.8558765244002481 0.5171802151866906
1629013257.276793480 7.594047386310929 -3.0145329969377914 0.0 0.0 0.0 0.8558765321626238 0.5171802023408101
1629013258.078352928 7.594961167223265 -3.015672009384555 0.0 0.0 0.0 0.8558765272452301 0.5171802104785573
1629013258.078352928 7.518864397365397 -3.021095639354521 0.0 0.0 0.0 0.8349492253530933 0.550326985602441
1629013258.078352928 7.519332849325696 -3.0206350316962043 0.0 0.0 0.0 0.834949222241182 0.5503269903237941
1629013258.078352928 7.5193431102635575 -3.0218493468098546 0.0 0.0 0.0 0.8349492318330506 0.5503269757711309
1629013258.078352928 7.519115054947473 -3.02107223756891 0.0 0.0 0.0 0.834949223834721 0.5503269879060965
1629013258.078352928 7.518538335513952 -3.0203323696164097 0.0 0.0 0.0 0.8349492461568399 0.5503269540392555
1629013258.579374075 7.5197708776296395 -3.0201843874629897 0.0 0.0 0.0 0.8349492579132922 0.5503269362025109
1629013258.779723406 7.518916293483976 -3.020926958931461 0.0 0.0 0.0 0.8349492187921022 0.5503269955566947
1629013258.779723406 7.518441261178147 -3.0197217463268133 0.0 0.0 0.0 0.8349492169578344 0.5503269983396228
1629013258.779723406 7.518374117266293 -3.019780684417544 0.0 0.0 0.0 0.8349492082246193 0.550327011589547
1629013258.980110645 7.518248301875084 -3.0194665365622786 0.0 0.0 0.0 0.834949234261001 0.5503269720874747
1629013258.980110645 7.518775214298428 -3.0189422016221914 0.0 0.0 0.0 0.8349492403370966 0.5503269628688979
1629013258.980110645 7.5181929005818855 -3.0178403824003848 0.0 0.0 0.0 0.8349492109212309 0.5503270074982819
1629013258.980110645 7.517439597187199 -3.0186766842291584 0.0 0.0 0.0 0.8349492240019334 0.5503269876524041
1629013258.980110645 7.517061812079942 -3.017685352479561 0.0 0.0 0.0 0.8349492476146863 0.5503269518274291
1629013259.581286430 7.518066147489081 -3.017816448599261 0.0 0.0 0.0 0.8349492644917937 0.5503269262216893
1629013259.581286430 7.517299791858888 -3.018158379722762 0.0 0.0 0.0 0.8349492519428396 0.5503269452608082
1629013259.581286430 7.517262171880162 -3.0180471143633003 0.0 0.0 0.0 0.8349492402388132 0.5503269630180121
1629013258.579374075 7.454643822021854 -2.95991197303985 0.0 0.0 0.0 0.8078920298096756 0.5893305254014952
1629013258.779723406 7.418108403177063 -2.915725350210543 0.0 0.0 0.0 0.796305357627316 0.6048948482290392
1629013258.980110645 7.413185983957702 -2.900272207417504 0.0 0.0 0.0 0.7847306042721239 0.6198369775341797
1629013259.581286430 7.403303789196 -2.8938514897664 0.0 0.0 0.0 0.7483481858503035 0.663306107867672
1629013259.581286430 7.404514813987209 -2.893652263792031 0.0 0.0 0.0 0.7483481688973666 0.6633061269941342
1629013259.581286430 7.403862815151059 -2.893707587017183 0.0 0.0 0.0 0.7483481901611048 0.6633061030041854
1629013260.082254410 7.404022042757853 -2.89417281724972 0.0 0.0 0.0 0.7483481800520362 0.6633061144093316
1629013260.182537079 7.402970740102034 -2.8949338212848907 0.0 0.0 0.0 0.7483481633124937 0.66330613329504
1629013260.182537079 7.402747089317443 -2.8950394209829824 0.0 0.0 0.0 0.7483481531794652 0.6633061447272169
1629013260.382846355 7.402935744582094 -2.8956814830894793 0.0 0.0 0.0 0.7483482035019163 0.6633060879529558
1629013260.382846355 7.402369828225854 -2.895809387301438 0.0 0.0 0.0 0.7483482028132882 0.6633060887298726
1629013260.382846355 7.403095753488031 -2.896937097841101 0.0 0.0 0.0 0.7483482085905322 0.6633060822119312
1629013260.683427811 7.402656921365483 -2.896668615079836 0.0 0.0 0.0 0.7483482237195858 0.6633060651431892
1629013260.783623695 7.4024579869238 -2.8963230717513158 0.0 0.0 0.0 0.7483482123269676 0.6633060779964495
1629013260.783623695 7.403395794244264 -2.897291253810728 0.0 0.0 0.0 0.7483482180452076 0.6633060715450768
1629013260.783623695 7.401988144126695 -2.897570978249615 0.0 0.0 0.0 0.7483482076906303 0.6633060832272092
1629013260.984056950 7.402051093136862 -2.8971724664202334 0.0 0.0 0.0 0.7483481927854928 0.6633061000433261
1629013262.687365055 7.402708634806731 -2.897239756625727 0.0 0.0 0.0 0.7483481974426862 0.6633060947890366
1629013260.082254410 7.406431687835899 -2.8869694301885303 0.0 0.0 0.0 0.7092620700884911 0.7049449027645979
1629013260.182537079 7.4169069144377575 -2.883127984526886 0.0 0.0 0.0 0.7008845841144526 0.7132747014655088
1629013260.382846355 7.424697248518123 -2.879478823298519 0.0 0.0 0.0 0.6836569893786584 0.7298034809958835
1629013260.683427811 7.448557904668495 -2.865615512255277 0.0 0.0 0.0 0.6560768989303688 0.7546940457496074
1629013260.783623695 7.459226690821795 -2.8558982392063545 0.0 0.0 0.0 0.6464376252636388 0.7629668384952961
1629013260.984056950 7.479854125315374 -2.7953000641031016 0.0 0.0 0.0 0.626978100236467 0.7790368809137798
1629013261.184803009 7.516692248210929 -2.679517685192716 0.0 0.0 0.0 0.6059723314075574 0.7954857217879461
1629013261.385650158 7.536531709857988 -2.6410770797125336 0.0 0.0 0.0 0.5849341687675762 0.8110807716918116
1629013261.485024929 7.559332918448372 -2.6281881397239353 0.0 0.0 0.0 0.5746643470736532 0.8183892033760048
1629013262.086208582 7.683527391120732 -2.3560815145571588 0.0 0.0 0.0 0.5056502794041016 0.8627385437886463
1629013262.186375856 7.708871842456182 -2.265402873431592 0.0 0.0 0.0 0.48874810009025943 0.8724249507310997
1629013265.893932343 7.708742260285506 -2.2646832913063046 0.0 0.0 0.0 0.4887481244139405 0.8724249371045371
1629013265.893932343 7.710289335055895 -2.2643573509387553 0.0 0.0 0.0 0.4887481645415193 0.8724249146243452
1629013266.795362473 7.709819945855752 -2.265117192038922 0.0 0.0 0.0 0.48874814080653434 0.8724249279211111
1629013266.795362473 7.710455548267602 -2.2644688319473554 0.0 0.0 0.0 0.48874811230018494 0.8724249438908804
1629013266.795362473 8.734888155126955 -0.8626567400515137 0.0 0.0 0.0 0.7373427382120782 0.6755188275732327
1629013266.795362473 8.73501456243293 -0.8628588710934989 0.0 0.0 0.0 0.7373427576729606 0.6755188063312773
1629013266.996018648 8.734856024956143 -0.8638744625617784 0.0 0.0 0.0 0.7373427394038423 0.6755188262723975
1629013266.996018648 8.736307655204072 -0.8637809638884307 0.0 0.0 0.0 0.7373427470574433 0.6755188179183339
1629013266.996018648 8.770816198034487 -0.5420625153371411 0.0 0.0 0.0 0.8284535853165836 0.5600577264676365
1629013267.296465397 8.771518615504666 -0.5419764636866958 0.0 0.0 0.0 0.828453592498684 0.5600577158436659
1629013267.396602631 8.771332963943358 -0.5417926047574021 0.0 0.0 0.0 0.8284535823223262 0.5600577308968288
1629013267.296465397 8.695691615050997 -0.3373213361343481 0.0 0.0 0.0 0.8722802414794859 0.48900631930936206
1629013267.396602631 8.69586402450418 -0.33878980401206765 0.0 0.0 0.0 0.8722802386468703 0.48900632436212826
1629013267.396602631 8.661288809504601 -0.26362999259493064 0.0 0.0 0.0 0.8835278888112221 0.4683785538352334
1629013267.396602631 8.661515687742408 -0.26258807691836417 0.0 0.0 0.0 0.8835278782018949 0.46837857384818277
1629013267.596940279 8.661428707155887 -0.2629439888847257 0.0 0.0 0.0 0.8835278757387488 0.46837857849454867
1629013267.596940279 8.662191183373059 -0.2615389236125711 0.0 0.0 0.0 0.8835278635832655 0.4683786014240943
1629013267.596940279 8.591542180962326 -0.16054493229668018 0.0 0.0 0.0 0.9048496807797478 0.42573120063343783
1629013267.596940279 8.592185306076505 -0.16203141651937286 0.0 0.0 0.0 0.9048497026292838 0.4257311541944008
1629013267.596940279 8.593551643249864 -0.16208225423041683 0.0 0.0 0.0 0.90484968367658 0.42573119447650665
1629013267.596940279 8.592643301544364 -0.1623909167408929 0.0 0.0 0.0 0.9048497048530363 0.42573114946803364
1629013268.498708248 8.593278968822267 -0.1626529275703303 0.0 0.0 0.0 0.904849734257634 0.42573108697144607
1629013268.498708248 8.593292440375796 -0.16235458728336258 0.0 0.0 0.0 0.9048497448606059 0.4257310644358671
1629013268.498708248 8.377889538942709 -0.045340477916583785 0.0 0.0 0.0 0.9400995792512542 0.34089995759990177
1629013268.498708248 8.378040408894586 -0.04431419635513898 0.0 0.0 0.0 0.9400995799814751 0.34089995558617225
1629013268.498708248 8.37890755181084 -0.045646992169430876 0.0 0.0 0.0 0.9400995658416277 0.3408999945796173
1629013268.498708248 8.379032443203894 -0.04530653403572707 0.0 0.0 0.0 0.9400995626150065 0.3409000034776671
1629013268.498708248 8.378954945192177 -0.04472102224630197 0.0 0.0 0.0 0.9400995694796895 0.34089998454693776
1629013269.099856377 8.379265417247488 -0.04424382279148199 0.0 0.0 0.0 0.9400995553367557 0.34090002354889054
1629013269.099856377 8.379506752310709 -0.04404752903925536 0.0 0.0 0.0 0.9400995525114265 0.3409000313402973
1629013269.200072765 8.379674474952225 -0.04487632204622235 0.0 0.0 0.0 0.9400995723749754 0.34089997656261045
1629013269.400448322 8.379188734479749 -0.04525750987364806 0.0 0.0 0.0 0.9400995769748867 0.34089996387743876
1629013269.500660896 8.378148509213593 -0.04603409832588136 0.0 0.0 0.0 0.9400995628471867 0.3409000028373842
1629013269.600833416 8.377752969150581 -0.046317227169243386 0.0 0.0 0.0 0.9400995650054104 0.34089999688565314
1629013269.702066660 8.376336370465081 -0.04673558956693339 0.0 0.0 0.0 0.9400995611871559 0.34090000741524923
1629013269.801248312 8.37635311659266 -0.04741509977345233 0.0 0.0 0.0 0.9400995744198903 0.3408999709233504
1629013269.801248312 8.3776132198804 -0.0473508234951425 0.0 0.0 0.0 0.9400995697196949 0.34089998388507514
1629013269.901425600 8.376586622696083 -0.04691076607224532 0.0 0.0 0.0 0.9400995761838783 0.3408999660588021
1629013269.901425600 8.377524876642251 -0.046982467858788936 0.0 0.0 0.0 0.940099594483766 0.34089991559321137
1629013269.099856377 8.160258870332452 0.0956493671285439 0.0 0.0 0.0 0.9765325524421037 0.21536985402072872
1629013269.200072765 7.961831212808836 0.17420544152751002 0.0 0.0 0.0 0.9927274413265581 0.12038366682081521
1629013269.400448322 7.828019015514424 0.20139610226492152 0.0 0.0 0.0 0.9974615769507412 0.0712067588571512
1629013269.500660896 7.751706375672056 0.21629602106885085 0.0 0.0 0.0 0.9989212954018785 0.04643539159555991
1629013269.600833416 7.6767985523838895 0.22790398406793425 0.0 0.0 0.0 0.9997931885055561 0.02033667175064502
1629013269.702066660 7.600292108278606 0.24102719765011507 0.0 0.0 0.0 -0.9999748491484453 0.007092324763023658
1629013269.801248312 7.543776130739395 0.24716618846316687 0.0 0.0 0.0 -0.9994673919888909 0.03263330125691773
1629013269.901425600 7.470404347622185 0.2534571174300497 0.0 0.0 0.0 -0.9983545612447807 0.057342567449856434
1629013270.202024698 7.252263778006637 0.27742934644839784 0.0 0.0 0.0 -0.9963641097644453 0.08519718759034492
1629013270.302225113 7.160957094120778 0.28493235189777555 0.0 0.0 0.0 -0.996819558483138 0.07969170487247634
1629013270.403551102 7.076804227768791 0.2902126934798367 0.0 0.0 0.0 -0.9976772591357644 0.06811818115120818
1629013270.403551102 7.076205590240394 0.291798227413905 0.0 0.0 0.0 -0.9976772645655442 0.06811810162514151
1629013270.602983952 7.075482790657904 0.2931861639871394 0.0 0.0 0.0 -0.9976772657920373 0.06811808366156964
1629013270.702999592 7.074846510389406 0.29430462802458907 0.0 0.0 0.0 -0.9976772710321068 0.0681180069139448
1629013270.602983952 6.916297670865881 0.2980720653437288 0.0 0.0 0.0 -0.999374818463302 0.035354946209012576
1629013270.702999592 6.9160534077145766 0.2969416845682645 0.0 0.0 0.0 -0.9993748167442795 0.03535499480041966
1629013270.702999592 6.834838194446514 0.29978930300603446 0.0 0.0 0.0 -0.9998680818661121 0.016242501820276704
1629013270.903461933 6.83583622243947 0.30033819908710024 0.0 0.0 0.0 -0.999868082115932 0.01624248644166626
1629013270.903461933 6.67605572954288 0.29227413916826256 0.0 0.0 0.0 0.9997611453826662 0.021855255275089826
1629013270.903461933 6.675627767643109 0.29174418757277626 0.0 0.0 0.0 0.9997611460265278 0.02185522582184588
1629013270.903461933 6.676751692926197 0.29200220595291126 0.0 0.0 0.0 0.9997611457545368 0.021855238263989805
1629013271.204852819 6.677430807483513 0.291787592777564 0.0 0.0 0.0 0.9997611455231348 0.021855248849401578
1629013271.204852819 6.449115893603861 0.330285176576369 0.0 0.0 0.0 0.9962956065761684 0.08599455981063296
1629013271.404375553 6.448522542226128 0.3312510986938244 0.0 0.0 0.0 0.9962956094206274 0.08599452685596091
1629013271.404375553 6.449055475117333 0.331027283252622 0.0 0.0 0.0 0.9962956102712254 0.08599451700129794
1629013271.404375553 6.300440544402063 0.3679703644230276 0.0 0.0 0.0 0.9915316507359865 0.12986525936049903
1629013271.404375553 6.300333185618 0.3681512786506001 0.0 0.0 0.0 0.9915316450568892 0.12986530272085417
1629013271.404375553 6.302203941472625 0.36718351117896464 0.0 0.0 0.0 0.9915316443023793 0.12986530848159605
1629013271.805147171 6.302829219498691 0.3666748911374977 0.0 0.0 0.0 0.9915316512471056 0.12986525545806318
1629013271.905340433 6.302680776558522 0.3667115048149023 0.0 0.0 0.0 0.9915316456564058 0.12986529814349781
1629013271.905340433 6.3022643475372355 0.3658326794518474 0.0 0.0 0.0 0.9915316441527083 0.12986530962434517
1629013271.905340433 6.301888578536779 0.36491927722264933 0.0 0.0 0.0 0.9915316515421378 0.1298652532054689
1629013272.206001997 6.302137536371777 0.3647274252924897 0.0 0.0 0.0 0.9915316489484618 0.12986527300839282
1629013272.206001997 6.301830215990486 0.36490309909694624 0.0 0.0 0.0 0.9915316525259669 0.12986524569385516
1629013272.206001997 6.302077262078814 0.36459469502180075 0.0 0.0 0.0 0.991531657082972 0.12986521090074782
1629013271.805147171 6.021936741604087 0.4203842139705839 0.0 0.0 0.0 0.9764986717399484 0.21552341889019047
1629013271.905340433 5.883715035025317 0.4820316503120211 0.0 0.0 0.0 0.9645476979237093 0.26390857968257275
1629013272.206001997 5.688042019867884 0.5517310788497333 0.0 0.0 0.0 0.9457170899754462 0.32499105484362767
1629013272.206001997 5.6888872618245125 0.5515334902566024 0.0 0.0 0.0 0.9457170914725325 0.3249910504871381
1629013272.206001997 5.68891623313915 0.5518187759823363 0.0 0.0 0.0 0.9457170909717934 0.3249910519442786
1629013272.707123518 5.689790578714282 0.5525191132121833 0.0 0.0 0.0 0.945717101231088 0.3249910220899466
1629013272.707123518 5.689972286922913 0.5513397402824501 0.0 0.0 0.0 0.9457171053801678 0.32499101001621017
1629013272.707123518 5.40818280428542 0.7351015739245842 0.0 0.0 0.0 0.9057895326938166 0.4237278872841832
1629013272.707123518 5.4082063229593365 0.7346306038486168 0.0 0.0 0.0 0.9057895450204048 0.4237278609340295
1629013272.707123518 5.407455236751556 0.7350225261311631 0.0 0.0 0.0 0.905789556815124 0.42372783572083317
1629013272.707123518 5.4072396188998795 0.7349504539364532 0.0 0.0 0.0 0.9057895379320224 0.42372787608663814
1629013273.207884312 5.4076068165102 0.735191642961376 0.0 0.0 0.0 0.905789559668629 0.42372782962098604
1629013273.207884312 5.408376714468426 0.7356320307613293 0.0 0.0 0.0 0.9057895782026418 0.4237277900014113
1629013273.207884312 5.093671253821655 0.9842569152822886 0.0 0.0 0.0 0.8750705569022287 0.48399537233616546
1629013273.207884312 5.094398077677507 0.9834636233611442 0.0 0.0 0.0 0.8750705692554924 0.4839953500012872
1629013273.408269882 5.094872484896205 0.9841165579686653 0.0 0.0 0.0 0.8750705784458576 0.48399533338497414
1629013273.408269882 5.094596867458918 0.9835281080486535 0.0 0.0 0.0 0.875070585930122 0.4839953198533153
1629013273.408269882 4.921662175271042 1.194146171136426 0.0 0.0 0.0 0.8632093532856293 0.5048461274489542
1629013273.408269882 4.92101739896168 1.1944488104966247 0.0 0.0 0.0 0.8632093559966494 0.504846122813526
1629013273.408269882 4.921084796771445 1.1946059491004537 0.0 0.0 0.0 0.8632093552779336 0.5048461240424196
1629013273.809125662 4.921726826583724 1.194318671128487 0.0 0.0 0.0 0.8632093443405678 0.5048461427436353
1629013273.809125662 4.921705649895032 1.1954547757940173 0.0 0.0 0.0 0.8632093496299913 0.5048461336995336
1629013273.809125662 4.912102892603718 1.2731687136358985 0.0 0.0 0.0 0.871924027060925 0.4896411860065076
1629013273.809125662 4.911605271895242 1.2721980241971074 0.0 0.0 0.0 0.871924031580233 0.48964117795879136
1629013274.009464025 4.942314051696165 1.2692830159609287 0.0 0.0 0.0 0.8663364390737008 0.4994608836867006
1629013274.009464025 4.943204370371922 1.2691073121685281 0.0 0.0 0.0 0.8663364666190897 0.49946083590803275
1629013274.009464025 4.943776993542996 1.2689519376380956 0.0 0.0 0.0 0.8663364816043795 0.4994608099153973
1629013274.009464025 4.945222823533787 1.26958386336405 0.0 0.0 0.0 0.8663365123217541 0.49946075663477213
1629013274.009464025 4.945819919695549 1.2702713367052982 0.0 0.0 0.0 0.8663365141520456 0.49946075346005153
1629013274.009464025 4.946479995975752 1.270655479257432 0.0 0.0 0.0 0.8663364991353272 0.4994607795072054
1629013275.311985254 4.947005698313261 1.2706702495636637 0.0 0.0 0.0 0.8663365168005983 0.49946074886602115
1629013275.311985254 4.946036341169454 1.2703154584607526 0.0 0.0 0.0 0.8663364991703465 0.4994607794464628
1629013275.311985254 4.9482192489782575 1.2094793246731406 0.0 0.0 0.0 0.846817581822633 0.5318834300070536
1629013275.311985254 4.948475823936854 1.2095216987366442 0.0 0.0 0.0 0.8468175736640248 0.5318834429964652
1629013275.311985254 4.9482851710249065 1.2085787361370668 0.0 0.0 0.0 0.8468175732331326 0.5318834436824935
1629013275.311985254 4.948488378587945 1.2092080261007767 0.0 0.0 0.0 0.8468175738244159 0.5318834427411046
1629013275.812977314 4.948593428608438 1.2087901167454662 0.0 0.0 0.0 0.8468175884174585 0.5318834195073577
1629013275.812977314 4.948999845723187 1.2075288635298023 0.0 0.0 0.0 0.8468176267190788 0.5318833585269114
1629013275.913190365 4.948982762899608 1.2079400320540548 0.0 0.0 0.0 0.8468176168932888 0.5318833741706644
1629013275.812977314 5.037104813199571 1.0743928690939637 0.0 0.0 0.0 0.7902209025698208 0.6128220990970689
1629013276.013378859 5.036983984062503 1.074934989059191 0.0 0.0 0.0 0.7902208810182317 0.612822126887378
1629013276.013378859 5.036450269422489 1.0753945219962744 0.0 0.0 0.0 0.7902209314561129 0.6128220618488154
1629013275.913190365 5.056143674619508 0.9979574252544907 0.0 0.0 0.0 0.7738265200168499 0.633397597815631
1629013276.013378859 5.056264412280859 0.9981522612078494 0.0 0.0 0.0 0.7738265259257595 0.6333975905966724
1629013276.013378859 5.070505982227917 0.9421337038349372 0.0 0.0 0.0 0.7583125974864017 0.6518910986456454
1629013276.313955784 5.070224085676136 0.9406009250271975 0.0 0.0 0.0 0.7583126081447383 0.6518910862473305
1629013276.514402390 5.0694806433162665 0.9411350417696986 0.0 0.0 0.0 0.7583125915480617 0.6518911055534217
1629013276.313955784 5.099509937815446 0.8780840306380338 0.0 0.0 0.0 0.7110637275728665 0.703127566896776
1629013276.614527225 5.0999926478559585 0.8771008451239837 0.0 0.0 0.0 0.7110637101718141 0.7031275844942326
1629013276.614527225 5.0989080587598785 0.8768903300855344 0.0 0.0 0.0 0.7110636740550151 0.7031276210186763
1629013276.614527225 5.098630179775718 0.875916965452102 0.0 0.0 0.0 0.7110636758966651 0.70312761915624
1629013276.614527225 5.098589325920494 0.8759336914092366 0.0 0.0 0.0 0.7110636244906261 0.7031276711424845
1629013276.514402390 5.103379048804646 0.8433220872187339 0.0 0.0 0.0 0.6788156666588119 0.7343087162076675
1629013277.015316010 5.102972488801701 0.8438579419131222 0.0 0.0 0.0 0.6788156657898518 0.7343087170109588
1629013276.614527225 5.102219878447745 0.8304194390631756 0.0 0.0 0.0 0.6621123972543477 0.7494045458910034
1629013277.015316010 5.101901949571181 0.8314290417660092 0.0 0.0 0.0 0.6621123945994851 0.7494045482366222
1629013277.215725422 5.102536930270917 0.8314223377842724 0.0 0.0 0.0 0.662112402449223 0.7494045413012376
1629013277.015316010 5.081893382593355 0.8127142201123447 0.0 0.0 0.0 0.5948055424037058 0.8038696204769984
1629013277.215725422 5.081976646211941 0.8120475667848264 0.0 0.0 0.0 0.5948055581075404 0.8038696088572931
1629013277.215725422 5.051866013498739 0.8040075586831789 0.0 0.0 0.0 0.5591766547940352 0.8290485321941969
1629013277.416112423 5.0506895432092325 0.8049684983655673 0.0 0.0 0.0 0.559176624566197 0.8290485525822685
1629013277.416112423 5.050806235631173 0.8053247520581505 0.0 0.0 0.0 0.5591766341308709 0.8290485461310876
1629013277.416112423 5.050077249696569 0.8061646644433003 0.0 0.0 0.0 0.5591766203386024 0.8290485554336963
1629013277.416112423 5.010895094964118 0.7873206906668694 0.0 0.0 0.0 0.5203763376241274 0.8539370393892632
1629013277.616681337 5.0103406502783345 0.7874250489640996 0.0 0.0 0.0 0.5203763864782017 0.8539370096183262
1629013277.616681337 4.9569447675002225 0.7287402295191774 0.0 0.0 0.0 0.48192746228115535 0.8762111167402783
1629013277.616681337 4.956665050804916 0.7292010493789485 0.0 0.0 0.0 0.48192748268883895 0.8762111055157877
1629013277.616681337 4.95591974546105 0.7308276144374146 0.0 0.0 0.0 0.48192746544546755 0.8762111149998656
1629013277.616681337 4.955875262421783 0.7308353431524223 0.0 0.0 0.0 0.48192742073694284 0.876211139590132
1629013278.117462635 4.954970689098685 0.7299327256843362 0.0 0.0 0.0 0.48192739642967103 0.8762111529594443
1629013278.117462635 4.955513544642613 0.7306550072945104 0.0 0.0 0.0 0.48192740093362524 0.8762111504822115
1629013278.117462635 4.77893174172918 0.5701927803719703 0.0 0.0 0.0 0.4178087105812157 0.9085350193374286
1629013278.317893028 4.779728220202905 0.5697720130334687 0.0 0.0 0.0 0.417808657446422 0.908535043772566
1629013278.317893028 4.67985921155166 0.45598141088252964 0.0 0.0 0.0 0.4164318428156288 0.9091669375253257
1629013278.418324947 4.679725437889784 0.456140891009452 0.0 0.0 0.0 0.41643187579907764 0.9091669224176943
1629013278.518271446 4.680168848976946 0.4554491840898204 0.0 0.0 0.0 0.4164318941685321 0.9091669140038084
1629013278.418324947 4.635110900595273 0.428892620797571 0.0 0.0 0.0 0.426612424976445 0.9044345409457321
1629013278.518271446 4.635566463710074 0.42814049568604895 0.0 0.0 0.0 0.42661243971758567 0.9044345339924882
1629013278.518271446 4.590393568126588 0.40925163940714765 0.0 0.0 0.0 0.43851427059204323 0.8987242260488633
1629013278.718654156 4.5912021973579815 0.4094217415549772 0.0 0.0 0.0 0.43851429063241243 0.898724216270571
1629013278.718654156 4.591798797472244 0.4097127858226428 0.0 0.0 0.0 0.4385142921295507 0.8987242155400728
1629013278.718654156 4.5042559275895035 0.3315946203158322 0.0 0.0 0.0 0.4706515129926707 0.8823191901560965
1629013278.919036388 4.503963468211047 0.3315530448951661 0.0 0.0 0.0 0.4706514955864506 0.8823191994410171
1629013279.019241810 4.505324843998815 0.33140955690415325 0.0 0.0 0.0 0.4706514852425856 0.8823192049586976
1629013278.919036388 4.4207454766944885 0.23841057315787562 0.0 0.0 0.0 0.5081776812566954 0.861252253566032
1629013279.019241810 4.419959722062908 0.2378709626883072 0.0 0.0 0.0 0.5081776918926518 0.8612522472903377
1629013279.019241810 4.384817247295053 0.16117343469192996 0.0 0.0 0.0 0.5290331765393768 0.848601141951068
1629013279.019241810 4.384429507637639 0.16140033901755205 0.0 0.0 0.0 0.5290331831511221 0.8486011378291872
1629013279.019241810 4.384999250718315 0.16158805525510173 0.0 0.0 0.0 0.5290331852559692 0.8486011365169878
1629013279.019241810 4.385008085488242 0.16223420204632813 0.0 0.0 0.0 0.5290331827018238 0.848601138109288
1629013279.822077751 4.384322505521814 0.16224556752591515 0.0 0.0 0.0 0.529033217823597 0.848601116213743
1629013279.822077751 4.38378097265786 0.16205607894875027 0.0 0.0 0.0 0.5290332300172627 0.8486011086119921
1629013280.021559715 4.3830438362784285 0.16215757152072635 0.0 0.0 0.0 0.5290332369560065 0.8486011042862541
1629013279.822077751 4.292558950901415 0.07058682732391917 0.0 0.0 0.0 0.5802806137508529 0.8144166067222189
1629013280.021559715 4.292890591199543 0.06966214903777682 0.0 0.0 0.0 0.5802806034502551 0.8144166140615058
1629013280.021559715 4.265150958349256 -0.024550330957378446 0.0 0.0 0.0 0.6227306706132365 0.7824362669748819
1629013280.021559715 4.264835325596316 -0.024680030337780486 0.0 0.0 0.0 0.6227306568201462 0.7824362779526198
1629013280.021559715 4.265112917328005 -0.025971094141848696 0.0 0.0 0.0 0.62273065549122 0.7824362790102946
1629013280.021559715 4.2644624050297 -0.026278470117401472 0.0 0.0 0.0 0.6227306714715083 0.7824362662917949
1629013280.021559715 4.262757488502035 -0.026127384149002512 0.0 0.0 0.0 0.6227306653175958 0.7824362711896123
1629013280.822953224 4.216891330604845 -0.1435493288137744 0.0 0.0 0.0 0.6945058967492016 0.7194870112660737
1629013280.822953224 4.216649698174395 -0.14369861568672143 0.0 0.0 0.0 0.6945058959915534 0.7194870119974158
1629013281.023141384 4.214918284461105 -0.14401434010873349 0.0 0.0 0.0 0.6945059351383529 0.7194869742098199
1629013281.023141384 4.213276291798716 -0.1441925741782706 0.0 0.0 0.0 0.6945059709167412 0.7194869396736779
1629013281.023141384 4.210886140837392 -0.3274663379065804 0.0 0.0 0.0 0.7345101188207835 0.6785977345599368
1629013281.023141384 4.211910138605666 -0.32800887041052407 0.0 0.0 0.0 0.7345101207852308 0.6785977324336309
1629013281.323719501 4.2122099453977935 -0.3272814704462113 0.0 0.0 0.0 0.7345100909506119 0.6785977647264422
1629013281.323719501 4.211122189212991 -0.32749728175659193 0.0 0.0 0.0 0.7345100785718224 0.6785977781251684
1629013281.323719501 4.241667269802941 -0.5841585978024614 0.0 0.0 0.0 0.7874232041286533 0.6164127656041568
1629013281.524127960 4.241181469112317 -0.5848627364677513 0.0 0.0 0.0 0.7874232111194077 0.6164127566739682
1629013281.524127960 4.29327395175342 -0.7487489210133185 0.0 0.0 0.0 0.8046721614644687 0.5937193887385689
1629013281.524127960 4.293908982277938 -0.748906377125703 0.0 0.0 0.0 0.8046721680433955 0.5937193798221021
1629013281.724548578 4.293027458305217 -0.7496336284307076 0.0 0.0 0.0 0.8046721991144763 0.5937193377112393
1629013281.824714661 4.292150295179126 -0.7491159114839523 0.0 0.0 0.0 0.8046722213859462 0.5937193075265507
1629013281.724548578 4.340186173571481 -0.9426900495501905 0.0 0.0 0.0 0.7990594140318826 0.6012520709710898
1629013281.824714661 4.339660288493064 -0.9429230510147035 0.0 0.0 0.0 0.7990594043310013 0.6012520838634868
1629013281.824714661 4.379544262889303 -1.0168872650063618 0.0 0.0 0.0 0.7900073853817918 0.6130973259134516
1629013281.824714661 4.378941160233649 -1.0174224491342327 0.0 0.0 0.0 0.790007355847934 0.6130973639693419
1629013282.125304222 4.379388565934847 -1.017090116449727 0.0 0.0 0.0 0.7900073525486365 0.6130973682206557
1629013282.225491524 4.379084558165688 -1.016752572983055 0.0 0.0 0.0 0.7900073526088001 0.6130973681431319
1629013282.125304222 4.487589416864612 -1.242245074252695 0.0 0.0 0.0 0.7546968830426798 0.6560736351398856
1629013282.225491524 4.488005510525997 -1.2425269433503034 0.0 0.0 0.0 0.7546968974112367 0.6560736186113973
1629013282.225491524 4.521219459411601 -1.3395632814164697 0.0 0.0 0.0 0.7394899412153103 0.6731676067974282
1629013282.225491524 4.520937152891844 -1.3408442335397195 0.0 0.0 0.0 0.7394899360682134 0.6731676124516313
1629013282.526069880 4.52096634851303 -1.341942886655343 0.0 0.0 0.0 0.7394899349619645 0.673167613666871
1629013282.526069880 4.520656816542235 -1.3424156418655082 0.0 0.0 0.0 0.7394899408385709 0.673167607211285
1629013282.526069880 4.564572009447641 -1.615312394234806 0.0 0.0 0.0 0.6859853703161318 0.7276153322410404
1629013282.526069880 4.564288382600075 -1.6154188657599713 0.0 0.0 0.0 0.6859854336826269 0.7276152725000062
1629013282.526069880 4.565079088420333 -1.6147288565881976 0.0 0.0 0.0 0.6859854439497599 0.7276152628202976
1629013282.526069880 4.565498296750677 -1.6143094116410035 0.0 0.0 0.0 0.6859854067320449 0.7276152979086346
1629013283.027065277 4.565475604356155 -1.615075694652753 0.0 0.0 0.0 0.685985422061757 0.7276152834559985
1629013283.127244234 4.565579254427044 -1.6160640438977623 0.0 0.0 0.0 0.6859854420958142 0.7276152645681715
1629013283.027065277 4.546285661790635 -2.025299409748047 0.0 0.0 0.0 0.5781256146231686 0.8159477763414664
1629013283.227453947 4.545304455416711 -2.02622876416138 0.0 0.0 0.0 0.5781256158677671 0.8159477754596277
1629013283.127244234 4.539324578781699 -2.271508896159687 0.0 0.0 0.0 0.5229759362526628 0.8523474468200458
1629013283.227453947 4.538432939192947 -2.271318685839912 0.0 0.0 0.0 0.52297588963736 0.8523474754218563
1629013283.227453947 4.512710800077151 -2.3514662515827136 0.0 0.0 0.0 0.4983086457041704 0.8669997079679298
1629013283.227453947 4.513578161875651 -2.3519914686727743 0.0 0.0 0.0 0.4983086481477856 0.8669997065634604
1629013283.227453947 4.513274053245686 -2.3522185889814753 0.0 0.0 0.0 0.4983086937220894 0.8669996803695978
1629013283.227453947 4.51234808210618 -2.3523472621727763 0.0 0.0 0.0 0.49830868033936254 0.8669996880613297
1629013283.728429317 4.512401615915715 -2.351444778328152 0.0 0.0 0.0 0.4983086428473144 0.8669997096099097
1629013283.728429317 4.489372934700898 -2.439968240282557 0.0 0.0 0.0 0.4248202500360425 0.9052777226681955
1629013283.728429317 4.488812607850404 -2.439774712027572 0.0 0.0 0.0 0.42482027442044357 0.9052777112253119
1629013283.928811550 4.488796622829452 -2.4402301687755226 0.0 0.0 0.0 0.4248202522352141 0.9052777216361889
1629013284.029018402 4.489096039895231 -2.4390877367921533 0.0 0.0 0.0 0.4248202399683225 0.9052777273926808
1629013283.928811550 4.408223969844995 -2.5345710442992333 0.0 0.0 0.0 0.3798588388086817 0.9250444651901443
1629013284.129204512 4.408389826724274 -2.5358073973153155 0.0 0.0 0.0 0.3798588103581156 0.9250444768730405
1629013284.029018402 4.367195020048939 -2.5702901739885613 0.0 0.0 0.0 0.35799073175549845 0.9337251394158577
1629013284.129204512 4.365831411080971 -2.57100005875556 0.0 0.0 0.0 0.35799074055492647 0.933725136042152
1629013284.129204512 4.328281024389259 -2.591760601498955 0.0 0.0 0.0 0.3352427057289606 0.9421317998324468
1629013284.129204512 4.327181612021526 -2.59223844821132 0.0 0.0 0.0 0.33524273554097583 0.942131789224312
1629013284.129204512 4.32739376712321 -2.5921224506351095 0.0 0.0 0.0 0.3352427538377729 0.9421317827136851
1629013284.129204512 4.327168113250907 -2.5925727749907943 0.0 0.0 0.0 0.3352427733574913 0.9421317757679006
1629013285.031048775 4.3276154768924355 -2.59231259460521 0.0 0.0 0.0 0.3352427771595241 0.9421317744150071
1629013285.131157875 4.326766697505986 -2.5921529081978707 0.0 0.0 0.0 0.33524280386226346 0.9421317649132567
1629013285.031048775 4.222032964830888 -2.569464386095291 0.0 0.0 0.0 0.3557772213039179 0.9345707938948569
1629013285.131157875 4.221858373293187 -2.568833123704652 0.0 0.0 0.0 0.35577722478974816 0.934570792567853
1629013285.131157875 4.189504054611902 -2.5747531675415334 0.0 0.0 0.0 0.3775062004498787 0.926007056464418
1629013285.331543922 4.190064339988418 -2.5740998040136582 0.0 0.0 0.0 0.37750617464962816 0.926007066982431
1629013285.331543922 4.188764688258716 -2.573461571780056 0.0 0.0 0.0 0.37750621240051296 0.9260070515924913
1629013285.331543922 4.145192452614126 -2.577199527800795 0.0 0.0 0.0 0.4194222363504544 0.9077912687698553
1629013285.331543922 4.145007197359946 -2.57755651468852 0.0 0.0 0.0 0.4194222395239778 0.9077912673036082
1629013285.632148743 4.14392416816542 -2.5778905362172373 0.0 0.0 0.0 0.4194222240175635 0.9077912744679587
1629013285.732345343 4.144353295522485 -2.576347285465818 0.0 0.0 0.0 0.41942221980788746 0.9077912764129341
1629013285.632148743 4.101256598961034 -2.6234858100605667 0.0 0.0 0.0 0.4834081331582627 0.8753950975396443
1629013285.732345343 4.101963313843729 -2.6225256229657083 0.0 0.0 0.0 0.48340813974960734 0.8753950938997911
1629013285.732345343 4.077818069690646 -2.653683477746365 0.0 0.0 0.0 0.5055408444586619 0.8628026741868752
1629013285.932733774 4.077738568502051 -2.6531415365185604 0.0 0.0 0.0 0.5055408393817726 0.8628026771615702
1629013285.932733774 4.077940540522311 -2.651477245230832 0.0 0.0 0.0 0.5055407409212987 0.8628027348523788
1629013285.932733774 4.047685042889472 -2.7319928104362803 0.0 0.0 0.0 0.5481738763195593 0.8363643950580324
1629013285.932733774 4.048205520044121 -2.7318326325181035 0.0 0.0 0.0 0.5481739114852201 0.836364372009589
1629013286.233335018 4.048214828950155 -2.7306484059942204 0.0 0.0 0.0 0.5481739042024539 0.8363643767828941
1629013286.233335018 4.048206667943812 -2.731798564195404 0.0 0.0 0.0 0.5481738911343771 0.8363643853480348
1629013286.233335018 3.987066851390115 -2.926714220702323 0.0 0.0 0.0 0.6098871455954762 0.792488277287054
1629013286.233335018 3.986498778844634 -2.9265448933634177 0.0 0.0 0.0 0.6098871383444292 0.7924882828673514
1629013286.233335018 3.985884550720421 -2.9270204862024367 0.0 0.0 0.0 0.6098871397933395 0.7924882817522916
1629013286.233335018 3.985462043448053 -2.926346226634934 0.0 0.0 0.0 0.6098871238745988 0.7924882940031164
1629013287.335497141 3.9850367064436565 -2.925793616811934 0.0 0.0 0.0 0.6098871205299051 0.7924882965771425
1629013287.335497141 3.9845972069986675 -2.9259421857371164 0.0 0.0 0.0 0.6098871322007987 0.7924882875953975
1629013287.335497141 3.84483793496201 -3.233128601626299 0.0 0.0 0.0 0.7130537508952328 0.7011093697378743
1629013287.335497141 3.844096553453185 -3.2329399995436106 0.0 0.0 0.0 0.7130537649797587 0.7011093554133984
1629013287.335497141 3.845290366205558 -3.2335326153575 0.0 0.0 0.0 0.7130537839046975 0.7011093361660454
1629013287.335497141 3.846956080719479 -3.233091735826365 0.0 0.0 0.0 0.7130537791402506 0.7011093410116618
1629013288.238262653 3.846906524205694 -3.2326814065726586 0.0 0.0 0.0 0.7130537640683848 0.7011093563402989
1629013288.238262653 3.8460565985709474 -3.2320821768824994 0.0 0.0 0.0 0.713053747474063 0.7011093732173285
1629013288.238262653 3.8466360391736902 -3.232838484328214 0.0 0.0 0.0 0.7130537772805313 0.7011093429030641
1629013288.238262653 3.846109272608028 -3.233369375307771 0.0 0.0 0.0 0.7130537633492475 0.7011093570716878
1629013288.238262653 3.8444508240734097 -3.233463637918401 0.0 0.0 0.0 0.7130537548463205 0.7011093657194742
1629013288.238262653 3.7387612649390007 -3.646903706933673 0.0 0.0 0.0 0.7813029855525309 0.6241519404493603
1629013289.139037371 3.7385120229277544 -3.646947397774995 0.0 0.0 0.0 0.7813029903884176 0.6241519343958779
1629013289.139037371 3.7374896958024793 -3.9480524881978196 0.0 0.0 0.0 0.7909774694356875 0.6118452768838836
1629013289.239264727 3.737128546271048 -3.9471835539823026 0.0 0.0 0.0 0.7909774794844361 0.6118452638931255
1629013289.339389801 3.7373801763374823 -3.946976760654859 0.0 0.0 0.0 0.790977486005836 0.6118452554624311
1629013289.239264727 3.7253094602070442 -3.937736538207729 0.0 0.0 0.0 0.7864649466150686 0.6176349146103686
1629013289.539778709 3.724944237309751 -3.9375808095568394 0.0 0.0 0.0 0.7864649408422378 0.6176349219611982
1629013289.339389801 3.7122370146711834 -3.92548813644944 0.0 0.0 0.0 0.7810529242036136 0.6244648345527426
1629013289.539778709 3.7122899143284904 -3.924903926573732 0.0 0.0 0.0 0.7810529585377202 0.6244647916091622
1629013289.740151167 3.7131831106102635 -3.9243888400439086 0.0 0.0 0.0 0.7810529704880456 0.6244647766622231
1629013289.539778709 3.687116717363673 -3.850839085993973 0.0 0.0 0.0 0.7635821966629558 0.6457106387069792
1629013289.740151167 3.688102996359387 -3.851621053159818 0.0 0.0 0.0 0.7635821939996915 0.6457106418564104
1629013289.740151167 3.6655873445470015 -3.760751032370704 0.0 0.0 0.0 0.7415081559770492 0.6709438535522299
1629013289.740151167 3.6643373239100114 -3.7591861950426706 0.0 0.0 0.0 0.7415081522639468 0.6709438576558455
1629013289.940553188 3.663491850204909 -3.7588335365015095 0.0 0.0 0.0 0.741508173109708 0.6709438346176998
1629013289.940553188 3.6628710614355517 -3.7588588301058747 0.0 0.0 0.0 0.7415081761039469 0.6709438313085515
1629013289.940553188 3.6398309756919986 -3.653985572478343 0.0 0.0 0.0 0.7155700051971089 0.6985410279018761
1629013290.241132259 3.640184149160953 -3.6541313694374953 0.0 0.0 0.0 0.7155700273354713 0.6985410052238257
1629013290.241132259 3.638767510261324 -3.655150685247017 0.0 0.0 0.0 0.7155700201857456 0.6985410125478473
1629013290.241132259 3.620542881005758 -3.47355668997327 0.0 0.0 0.0 0.6708085486815407 0.7416305623528233
1629013290.241132259 3.6196917058902223 -3.4733110600323736 0.0 0.0 0.0 0.670808551089853 0.7416305601744928
1629013290.241132259 3.621092530426156 -3.472861032580141 0.0 0.0 0.0 0.6708085238501305 0.7416305848129573
1629013290.642004013 3.621713584745227 -3.4731624136488226 0.0 0.0 0.0 0.6708085004029971 0.7416306060210044
1629013290.642004013 3.621118309697528 -3.4733906876411846 0.0 0.0 0.0 0.6708084795193644 0.7416306249103515
1629013290.642004013 3.6222042436843984 -3.473418852041129 0.0 0.0 0.0 0.6708084374411796 0.7416306629702706
1629013290.642004013 3.649251382588116 -3.2146579892661094 0.0 0.0 0.0 0.6051525575516777 0.7961095289523066
1629013290.942499161 3.650772297739995 -3.214554130283934 0.0 0.0 0.0 0.605152551915302 0.796109533236726
1629013291.042703152 3.6498644575758648 -3.215880662994066 0.0 0.0 0.0 0.6051525419512521 0.7961095408107719
1629013290.942499161 3.705043931383572 -3.0090898993427633 0.0 0.0 0.0 0.5519342400831154 0.8338876390880692
1629013291.042703152 3.704715782304479 -3.0084055131475123 0.0 0.0 0.0 0.5519342405852177 0.8338876387557373
1629013291.042703152 3.7281578651718235 -2.9347100495343437 0.0 0.0 0.0 0.5333035146580298 0.8459239689554804
1629013291.042703152 3.7289428173417405 -2.935147846669967 0.0 0.0 0.0 0.5333034971333982 0.8459239800036925
1629013291.042703152 3.7296588910928348 -2.9363022357002517 0.0 0.0 0.0 0.5333034487286291 0.8459240105199464
1629013291.042703152 3.729511243110263 -2.9348840372199323 0.0 0.0 0.0 0.5333034395828345 0.8459240162858116
1629013291.643872261 3.7293225718763567 -2.9353200340268484 0.0 0.0 0.0 0.5333034064503396 0.8459240371738256
1629013291.643872261 3.7299351327264225 -2.9353776899242514 0.0 0.0 0.0 0.5333033850506613 0.8459240506650145
1629013291.643872261 3.8286851474363854 -2.8146815779936856 0.0 0.0 0.0 0.4655146616469937 0.8850401684622484
1629013291.643872261 3.82988377799097 -2.8160905886121563 0.0 0.0 0.0 0.4655147049618101 0.8850401456794595
1629013291.944457531 3.8301617224575213 -2.815900551525315 0.0 0.0 0.0 0.4655146945571499 0.8850401511521178
1629013291.944457531 3.8299157443391927 -2.816358380233015 0.0 0.0 0.0 0.46551467365648974 0.8850401621454768
1629013291.944457531 3.944343357916645 -2.665959617105617 0.0 0.0 0.0 0.41165409429544936 0.9113401706551694
1629013292.144999266 3.9448579171165266 -2.666191073036385 0.0 0.0 0.0 0.4116541214410706 0.91134015839344
1629013292.144999266 3.944164833051392 -2.6661590251508698 0.0 0.0 0.0 0.4116541485852499 0.9113401461323609
1629013292.144999266 4.025743751455799 -2.550649437391631 0.0 0.0 0.0 0.380894664706539 0.9246184371934691
1629013292.345243454 4.025787920873368 -2.5502914369314205 0.0 0.0 0.0 0.3808946406740641 0.9246184470935974
1629013292.345243454 4.026172201861401 -2.5505998999149893 0.0 0.0 0.0 0.3808946248808484 0.9246184535995795
1629013292.445479393 4.026406589289592 -2.551787641774321 0.0 0.0 0.0 0.3808946660356001 0.9246184366459651
1629013292.345243454 4.118870755656658 -2.464058869450325 0.0 0.0 0.0 0.36572781341873417 0.9307218523769342
1629013292.445479393 4.120366441513078 -2.4637225170949955 0.0 0.0 0.0 0.365727828204529 0.9307218465668454
1629013292.445479393 4.120649529734372 -2.463343763683738 0.0 0.0 0.0 0.36572783720392776 0.9307218430305251
1629013292.445479393 4.172807776613117 -2.4137951435481875 0.0 0.0 0.0 0.36572785371009553 0.930721836544414
1629013292.445479393 4.172101551191005 -2.4135052296835955 0.0 0.0 0.0 0.36572788525054395 0.9307218241505703
1629013292.445479393 4.171375570921806 -2.4134646478779356 0.0 0.0 0.0 0.36572784842425654 0.9307218386214885
1629013293.047432423 4.1715167930871235 -2.4133093715394414 0.0 0.0 0.0 0.36572785378643197 0.9307218365144175
1629013293.047432423 4.331512927531572 -2.3353766452304523 0.0 0.0 0.0 0.4353140129783989 0.9002786846886037
1629013293.247035027 4.331413386734841 -2.3363116635631576 0.0 0.0 0.0 0.4353139503640621 0.9002787149646685
1629013293.247035027 4.331097598481957 -2.335287441952685 0.0 0.0 0.0 0.4353139368589017 0.9002787214948513
1629013293.247035027 4.415100464513446 -2.2342487224176577 0.0 0.0 0.0 0.475559582671362 0.8796835131622281
1629013293.247035027 4.416173311962158 -2.235025438282859 0.0 0.0 0.0 0.4755595979062346 0.8796835049262095
1629013293.247035027 4.416830512806168 -2.233995137961646 0.0 0.0 0.0 0.47555956756998863 0.8796835213260763
1629013293.247035027 4.41678874621879 -2.2340470077925723 0.0 0.0 0.0 0.47555956783584885 0.8796835211823515
1629013293.848223686 4.417069686130737 -2.234039920621471 0.0 0.0 0.0 0.4755595854555605 0.8796835116570819
1629013293.848223686 4.417155958138817 -2.235578732940147 0.0 0.0 0.0 0.47555954326006955 0.8796835344680916
1629013293.848223686 4.539403024298172 -2.0908864884471985 0.0 0.0 0.0 0.5737443726277859 0.8190344283837819
1629013293.848223686 4.540175509702221 -2.090122151708153 0.0 0.0 0.0 0.5737443641357656 0.8190344343325535
1629013293.848223686 4.540150339495635 -2.0892515437541244 0.0 0.0 0.0 0.5737443991155519 0.8190344098287534
1629013294.248976707 4.539395495457592 -2.0901667210217543 0.0 0.0 0.0 0.5737443591009711 0.8190344378594931
1629013294.248976707 4.540230657769299 -2.089164116453635 0.0 0.0 0.0 0.5737443211615103 0.8190344644365813
1629013294.248976707 4.588122914561491 -1.9591401862656301 0.0 0.0 0.0 0.6112987987102285 0.791399885453259
1629013294.248976707 4.587873949268535 -1.9590607965901774 0.0 0.0 0.0 0.611298810998411 0.7913998759615325
1629013294.449362993 4.588408824253277 -1.9594333083697684 0.0 0.0 0.0 0.6112988205218715 0.7913998686053523
1629013294.449362993 4.603486777179983 -1.9168175020843188 0.0 0.0 0.0 0.6191723390111674 0.7852551270787348
1629013294.549557686 4.602911769633254 -1.9179278280041496 0.0 0.0 0.0 0.6191723292893749 0.7852551347443517
1629013294.549557686 4.599858518885444 -1.9134408229041089 0.0 0.0 0.0 0.6221777550128004 0.7828760062533733
1629013294.549557686 4.599408379710569 -1.914119868281967 0.0 0.0 0.0 0.6221777816240901 0.7828759851044903
1629013294.549557686 4.600269209326985 -1.9139264215584078 0.0 0.0 0.0 0.6221777928173021 0.7828759762088694
1629013294.549557686 4.600436348118387 -1.9138768935902302 0.0 0.0 0.0 0.6221777866961784 0.7828759810735317
1629013294.549557686 4.598799903867125 -1.9141771823708909 0.0 0.0 0.0 0.6221778009059532 0.7828759697805471
1629013295.150742054 4.598291816523898 -1.9139007691006182 0.0 0.0 0.0 0.6221778200600802 0.7828759545581193
1629013295.250942469 4.597687219518195 -1.9139749130950827 0.0 0.0 0.0 0.6221778131608887 0.7828759600411385
1629013295.250942469 4.597758310344351 -1.913306210073891 0.0 0.0 0.0 0.6221778164833875 0.7828759574006371
1629013295.150742054 4.602325052537319 -1.9031435671450168 0.0 0.0 0.0 0.6319272603578516 0.7750277011930735
1629013295.351131916 4.601802242405594 -1.9033046732052603 0.0 0.0 0.0 0.6319272293837992 0.7750277264481028
1629013295.250942469 4.603389347580781 -1.902122298789812 0.0 0.0 0.0 0.6330379741408758 0.7741207420652259
1629013295.351131916 4.603401559298646 -1.903840133213935 0.0 0.0 0.0 0.6330379834752339 0.7741207344320455
1629013295.351131916 4.603355955251814 -1.9034536551210235 0.0 0.0 0.0 0.6340103994811038 0.7733245200753763
1629013295.351131916 4.6024855566324065 -1.9034084840531105 0.0 0.0 0.0 0.6340103595114401 0.7733245528445184
1629013295.651784420 4.60141576197489 -1.9047131598271836 0.0 0.0 0.0 0.6340103545892126 0.7733245568800081
1629013295.651784420 4.59996930711105 -1.904321726659905 0.0 0.0 0.0 0.636101892122587 0.7716050692148573
1629013295.651784420 4.599616806718168 -1.9044723504257894 0.0 0.0 0.0 0.636101879371229 0.7716050797269225
1629013295.651784420 4.599749269584761 -1.9026780410986441 0.0 0.0 0.0 0.6361018967391083 0.7716050654090528
1629013295.651784420 4.600097028674573 -1.900528429344688 0.0 0.0 0.0 0.6361019040310528 0.7716050593976619
1629013295.651784420 4.598676920279371 -1.9001983563869884 0.0 0.0 0.0 0.6361019219722817 0.7716050446071289
1629013296.152692318 4.5993923391367595 -1.8998953759862673 0.0 0.0 0.0 0.636101898823345 0.7716050636908334
1629013296.152692318 4.595422652457408 -1.8980112170599692 0.0 0.0 0.0 0.6388115654385835 0.7693632327203492
1629013296.252875090 4.596228883957856 -1.8978648656249912 0.0 0.0 0.0 0.6388115941495903 0.7693632088812534
1629013296.252875090 4.600248825807542 -1.898383053609563 0.0 0.0 0.0 0.6401254655906718 0.7682703874953958
1629013296.453254938 4.6005072106866445 -1.8975386844596254 0.0 0.0 0.0 0.6401254563886086 0.7682703951625857
1629013296.453254938 4.600799586686525 -1.897956169594343 0.0 0.0 0.0 0.6401254714467939 0.7682703826160552
1629013296.453254938 4.599702642755969 -1.8973022811350153 0.0 0.0 0.0 0.6422075516203873 0.7665307956251644
1629013296.453254938 4.5989049636308605 -1.8973036773257665 0.0 0.0 0.0 0.6422075186854436 0.7665308232184049
1629013296.753854752 4.599024685802654 -1.896495768337091 0.0 0.0 0.0 0.6422075238885322 0.766530818859203
1629013296.753854752 4.599408187214607 -1.8967513685521609 0.0 0.0 0.0 0.6422074968359673 0.7665308415241235
1629013296.753854752 4.596057892551678 -1.8967374376208594 0.0 0.0 0.0 0.6455202959609011 0.7637431161735931
1629013296.753854752 4.595438843921598 -1.8957162074745229 0.0 0.0 0.0 0.6455202975909939 0.7637431147958289
1629013297.054462671 4.594951717039847 -1.8959951087185318 0.0 0.0 0.0 0.6455202757865758 0.7637431332250544
1629013297.154661655 4.594596077529172 -1.895944327399616 0.0 0.0 0.0 0.6455202722479002 0.7637431362159641
1629013297.054462671 4.594074326398723 -1.8945214297468467 0.0 0.0 0.0 0.6489011429267537 0.7608727270104724
1629013297.254834890 4.5943677413910935 -1.8930845285204074 0.0 0.0 0.0 0.6489011401290334 0.7608727293964743
1629013297.154661655 4.592327851441024 -1.8933507792889543 0.0 0.0 0.0 0.6504539531879965 0.759545689726502
1629013297.254834890 4.592492644056113 -1.8936923660812348 0.0 0.0 0.0 0.6504539702414075 0.7595456751224314
1629013297.254834890 4.590376746853934 -1.8933478767802217 0.0 0.0 0.0 0.6520315060726144 0.7581918722122245
1629013297.254834890 4.590608744735029 -1.893954200912688 0.0 0.0 0.0 0.6520315106643444 0.7581918682634186
1629013297.555447102 4.590747144914417 -1.89365052581362 0.0 0.0 0.0 0.6520315461233904 0.7581918377692687
1629013297.555447102 4.590625148419031 -1.8948263069414704 0.0 0.0 0.0 0.6520315308436353 0.758191850909587
1629013297.555447102 4.584608537779493 -1.8919883283263854 0.0 0.0 0.0 0.6553443111082269 0.7553302813326654
1629013297.755830765 4.585367070210668 -1.8903378211767372 0.0 0.0 0.0 0.6553442935343364 0.7553302965802321
1629013297.856037855 4.5849036001907795 -1.8909715080627718 0.0 0.0 0.0 0.6553443109372461 0.7553302814810129
1629013297.755830765 4.579845505160964 -1.8900959394050991 0.0 0.0 0.0 0.6575619994580777 0.753400435936093
1629013297.956216335 4.579355662898351 -1.8903646755493868 0.0 0.0 0.0 0.6575619582869503 0.7534004718699285
1629013297.856037855 4.580326852831741 -1.8911961092855374 0.0 0.0 0.0 0.659137438280503 0.7520224979726445
1629013298.056957483 4.581036115761985 -1.8916128076386072 0.0 0.0 0.0 0.6591374386004829 0.7520224976921864
1629013297.956216335 4.581166309563583 -1.8914920092049257 0.0 0.0 0.0 0.6607522186714472 0.7506040937276856
1629013298.156583786 4.581517079225745 -1.8919309309387085 0.0 0.0 0.0 0.6607522103606572 0.7506041010436232
1629013298.156583786 4.582857295176131 -1.8914019593033813 0.0 0.0 0.0 0.6607521898774361 0.7506041190748772
1629013298.056957483 4.582186172206069 -1.8911605151645503 0.0 0.0 0.0 0.6621996814792807 0.7493274196562802
1629013298.356981039 4.582827771253192 -1.8919009194788419 0.0 0.0 0.0 0.6621996915847531 0.7493274107258174
1629013298.156583786 4.584267456071103 -1.8927542624270255 0.0 0.0 0.0 0.6633773843255633 0.7482850031674922
1629013298.356981039 4.584131102398032 -1.8933642106087256 0.0 0.0 0.0 0.6633773601762529 0.7482850245765887
1629013298.356981039 4.583629035997498 -1.8929180823700464 0.0 0.0 0.0 0.6656377457156186 0.7462750106218414
1629013298.356981039 4.583725074709135 -1.8939975642863596 0.0 0.0 0.0 0.6656377373588233 0.7462750180756598
1629013298.557417154 4.5830500718009635 -1.8939355020478659 0.0 0.0 0.0 0.6656377329370449 0.7462750220196516
1629013298.557417154 4.580367433803277 -1.8925070036479454 0.0 0.0 0.0 0.6676187553737426 0.7445033226743953
1629013298.557417154 4.5806188274746935 -1.8921153938425472 0.0 0.0 0.0 0.6676187671010801 0.7445033121581353
1629013298.557417154 4.579737857538927 -1.8933033300795623 0.0 0.0 0.0 0.6676187088892234 0.7445033643584739
1629013298.958150387 4.57969639535261 -1.8919051486930079 0.0 0.0 0.0 0.667618713672224 0.7445033600694123
1629013298.958150387 4.5789942472495175 -1.8930705858643344 0.0 0.0 0.0 0.6676186753842136 0.7445033944034292
1629013298.958150387 4.573935443754615 -1.8917778537788636 0.0 0.0 0.0 0.6706274172499168 0.7417943564308817
1629013299.158659935 4.574127613441821 -1.891057675499413 0.0 0.0 0.0 0.6706274254290622 0.7417943490364345
1629013299.158659935 4.5738168027586505 -1.8913392013481212 0.0 0.0 0.0 0.6706273905355783 0.7417943805822749
1629013299.158659935 4.57356866221845 -1.8919310669752332 0.0 0.0 0.0 0.6724589017305549 0.7401344644612464
1629013299.358932257 4.573498432349446 -1.8914898928602237 0.0 0.0 0.0 0.6724588906470199 0.7401344745313376
1629013299.358932257 4.573392230626627 -1.89168486171175 0.0 0.0 0.0 0.6724588894682834 0.7401344756022943
1629013299.358932257 4.5729742467929695 -1.8920450150052217 0.0 0.0 0.0 0.6744725863180121 0.7382998918498442
1629013299.358932257 4.573825510561403 -1.8919288448099787 0.0 0.0 0.0 0.6744725931776875 0.7382998855831997
1629013299.358932257 4.573915083461996 -1.8918526645098683 0.0 0.0 0.0 0.6744726083879434 0.7382998716878961
1629013299.759720087 4.574726518774083 -1.8914747926441897 0.0 0.0 0.0 0.6744725521188565 0.7382999230924222
1629013299.759720087 4.57439083270183 -1.8920936244093336 0.0 0.0 0.0 0.6744725752446888 0.7382999019658594
1629013299.759720087 4.569988797847528 -1.8908279939199673 0.0 0.0 0.0 0.6782275232403405 0.7348519760599909
1629013299.759720087 4.568830853618174 -1.8911610086265902 0.0 0.0 0.0 0.6782275347354256 0.7348519654506662
1629013300.060306549 4.56942662849662 -1.890919329246944 0.0 0.0 0.0 0.6782275712304491 0.7348519317677855
1629013300.060306549 4.564742881819532 -1.8899732976669306 0.0 0.0 0.0 0.6809584885301828 0.732322017215575
1629013300.160758972 4.565216934779089 -1.8883125932241493 0.0 0.0 0.0 0.6809584765707052 0.7323220283362397
1629013300.160758972 4.562111237630023 -1.8879686841133043 0.0 0.0 0.0 0.6823306143787295 0.7310437282964307
1629013300.160758972 4.562664424497221 -1.887512636435089 0.0 0.0 0.0 0.6823306330374954 0.7310437108809915
1629013300.361333370 4.562035593604584 -1.8865985234547076 0.0 0.0 0.0 0.682330626609696 0.7310437168804746
1629013300.361333370 4.561599866051663 -1.8860447061375194 0.0 0.0 0.0 0.68406371061224 0.7294222644143882
1629013300.461078167 4.560783432587202 -1.8859223903890794 0.0 0.0 0.0 0.6840637647877141 0.7294222136077698
1629013300.461078167 4.56177063446157 -1.886569309951187 0.0 0.0 0.0 0.6840637578991947 0.7294222200679329
1629013300.461078167 4.562639157947118 -1.8862523599459746 0.0 0.0 0.0 0.6844198171954201 0.7290881385883243
1629013300.461078167 4.562454342822872 -1.8858584298469279 0.0 0.0 0.0 0.6844197971948516 0.7290881573635374
1629013300.461078167 4.562647419004445 -1.8855741538915993 0.0 0.0 0.0 0.6844197907622045 0.7290881634020815
1629013300.461078167 4.563899712965476 -1.8853380736491192 0.0 0.0 0.0 0.6844198053322543 0.7290881497246812
1629013300.962058544 4.563676793983541 -1.8862520700545153 0.0 0.0 0.0 0.6844198450155704 0.7290881124726026
1629013300.962058544 4.56220388117456 -1.8854444296958357 0.0 0.0 0.0 0.6832792432300899 0.7301571582686263
1629013300.962058544 4.563005160559983 -1.8856768359759177 0.0 0.0 0.0 0.6832792436082225 0.7301571579147708
1629013300.962058544 4.562636006843323 -1.884783533976214 0.0 0.0 0.0 0.6832792536137727 0.7301571485516016
1629013300.962058544 4.561285454391211 -1.8843509232939168 0.0 0.0 0.0 0.6832792376612463 0.7301571634799361
1629013301.362841129 4.561387364809353 -1.885445964333221 0.0 0.0 0.0 0.6832792589271176 0.7301571435793865
1629013301.362841129 4.561638201685339 -1.884597630365106 0.0 0.0 0.0 0.6832792349243206 0.7301571660411442
1629013301.362841129 4.562193139978297 -1.8831356356160944 0.0 0.0 0.0 0.6836356816026827 0.7298234408674713
1629013301.362841129 4.562459300147252 -1.883004065274836 0.0 0.0 0.0 0.6836356818096295 0.7298234406736215
1629013301.362841129 4.563213062427185 -1.8825974529664378 0.0 0.0 0.0 0.6836357080710624 0.7298234160741741
1629013301.362841129 4.561884119815955 -1.8821823858833338 0.0 0.0 0.0 0.6836356692979664 0.7298234523934686
1629013301.863822460 4.560361026135485 -1.8820539073978002 0.0 0.0 0.0 0.6836356590529005 0.7298234619901627
1629013301.863822460 4.560360521233727 -1.8818247841579456 0.0 0.0 0.0 0.683635640829169 0.7298234790605819
1629013301.863822460 4.5608956653204 -1.8816733448781182 0.0 0.0 0.0 0.6836356763018081 0.7298234458328736
1629013301.863822460 4.561729897371916 -1.8821116609588346 0.0 0.0 0.0 0.6836356339989117 0.7298234854585772
1629013302.164443970 4.561489956646287 -1.8822794469592432 0.0 0.0 0.0 0.6836356451487543 0.7298234750143671
1629013302.164443970 4.560745722306105 -1.8816663107269485 0.0 0.0 0.0 0.6836356329298223 0.7298234864600078
1629013302.164443970 4.560862044475722 -1.8816374090796808 0.0 0.0 0.0 0.6836356212219321 0.7298234974269484
1629013302.164443970 4.560285055851043 -1.8817200715713074 0.0 0.0 0.0 0.6836356508642651 0.7298234696605698
1629013302.164443970 4.559711109331522 -1.8824620920571855 0.0 0.0 0.0 0.6836356343794021 0.7298234851021667
1629013302.164443970 4.560936730026913 -1.8822696575458937 0.0 0.0 0.0 0.683635653926074 0.7298234667925314
1629013302.665424824 4.561477330025208 -1.8823763595369982 0.0 0.0 0.0 0.6836356526698519 0.7298234679692518
1629013302.665424824 4.561837350170699 -1.8821147700640317 0.0 0.0 0.0 0.6836356421496311 0.7298234778236868
1629013302.665424824 4.561598280269601 -1.8830640403069059 0.0 0.0 0.0 0.6845436880069625 0.7289718370484736
1629013302.865775824 4.559992214839171 -1.883224882847917 0.0 0.0 0.0 0.6845437085217476 0.7289718177839886
1629013302.865775824 4.559927201402383 -1.8840553554481965 0.0 0.0 0.0 0.6847216486781426 0.7288046815378495
1629013302.865775824 4.559700345999372 -1.8848264782287705 0.0 0.0 0.0 0.6847216571370324 0.7288046735906105
1629013302.865775824 4.558948736444696 -1.8843374864518505 0.0 0.0 0.0 0.6847216911508993 0.7288046416341298
1629013302.865775824 4.55928079174768 -1.8858088806237054 0.0 0.0 0.0 0.6847216963627532 0.7288046367375236
1629013302.865775824 4.559848848825253 -1.884390547969527 0.0 0.0 0.0 0.6847216859004791 0.7288046465669697
1629013303.867745638 4.559545693797275 -1.883756217829169 0.0 0.0 0.0 0.6847216978384921 0.7288046353510471
1629013303.867745638 4.559969751402056 -1.8835178160271615 0.0 0.0 0.0 0.684721724030189 0.7288046107435968
1629013303.867745638 4.558505674369056 -1.883961554099829 0.0 0.0 0.0 0.6848996015757427 0.7286374515226273
1629013304.068133831 4.5579682710324505 -1.8842711158363712 0.0 0.0 0.0 0.6848996080473471 0.7286374454394932
1629013304.168321133 4.558171641737386 -1.883683835083931 0.0 0.0 0.0 0.6848995786395266 0.7286374730820526
1629013304.068133831 4.557327843870197 -1.8841708878189307 0.0 0.0 0.0 0.6847216875381075 0.728804645028396
1629013304.168321133 4.556537467891205 -1.8848573823995602 0.0 0.0 0.0 0.6847216971005008 0.7288046360443998
1629013304.168321133 4.555549047455253 -1.8839247210815944 0.0 0.0 0.0 0.6847216708950469 0.7288046606647732
1629013304.168321133 4.555653948154461 -1.883669288501696 0.0 0.0 0.0 0.6847216928527722 0.7288046400351975
1629013304.370109081 4.5555778038945105 -1.8837915821905662 0.0 0.0 0.0 0.6847216846666161 0.7288046477262005
1629013304.370109081 4.554287946042909 -1.8838154243570278 0.0 0.0 0.0 0.6843657717420231 0.7291388691243563
1629013304.370109081 4.554396218279842 -1.8849909783856047 0.0 0.0 0.0 0.6843657504942182 0.7291388890674296
1629013304.370109081 4.5554741990173575 -1.885485158794268 0.0 0.0 0.0 0.6843657209132826 0.729138916831932
1629013304.370109081 4.555635251236487 -1.8858923043991183 0.0 0.0 0.0 0.6843657321740784 0.7291389062626117
1629013304.769490957 4.555861519515369 -1.8860092113414635 0.0 0.0 0.0 0.6843657210757339 0.7291389166794561
1629013304.769490957 4.555455667774488 -1.885934016504878 0.0 0.0 0.0 0.6843657238549241 0.7291389140709237
1629013304.769490957 4.555088875127178 -1.8861826116660219 0.0 0.0 0.0 0.6838780476005338 0.7295963377170159
1629013304.769490957 4.554141205021849 -1.8859774317026416 0.0 0.0 0.0 0.6838780651778117 0.7295963212411729
1629013304.769490957 4.553642596703751 -1.8852767616701054 0.0 0.0 0.0 0.6838780388725418 0.7295963458980905
1629013305.271343708 4.552716495373181 -1.8856628616948194 0.0 0.0 0.0 0.6838780450048982 0.7295963401500026
1629013305.271343708 4.551477800549015 -1.886073032715385 0.0 0.0 0.0 0.6838780366262522 0.729596348003622
1629013305.271343708 4.552472039478826 -1.8865911619665179 0.0 0.0 0.0 0.6833145177067415 0.7301241469032532
1629013305.470873833 4.5529555312251535 -1.8866761229237548 0.0 0.0 0.0 0.6833145584282141 0.7301241087925086
1629013305.571066380 4.5521107230375035 -1.8873155702839441 0.0 0.0 0.0 0.6833145281650829 0.7301241371154156
1629013305.470873833 4.551561310943362 -1.8874281623327709 0.0 0.0 0.0 0.6834405500078194 0.7300061743608811
1629013305.571066380 4.551690976214926 -1.887442364399506 0.0 0.0 0.0 0.6834405408053617 0.7300061829763326
1629013305.571066380 4.552264974211429 -1.8873765209371156 0.0 0.0 0.0 0.6836587820079383 0.7298018017129186
1629013305.571066380 4.553356678687995 -1.8868954936159075 0.0 0.0 0.0 0.6836588099054568 0.7298017755792695
1629013305.571066380 4.55252368244793 -1.886811552102232 0.0 0.0 0.0 0.6836587914012123 0.7298017929135511
1629013305.571066380 4.552785943882407 -1.8861582246161066 0.0 0.0 0.0 0.6836587891974223 0.7298017949780026
1629013306.072058678 4.552972985849794 -1.8846879720415641 0.0 0.0 0.0 0.6836587877691965 0.7298017963159262
1629013306.172584057 4.553037840821502 -1.8847791879561067 0.0 0.0 0.0 0.6836588114002476 0.7298017741789894
1629013306.272438526 4.553178509949834 -1.8844505816033557 0.0 0.0 0.0 0.6836588129293111 0.7298017727466035
1629013306.072058678 4.553053929227709 -1.8843553790987329 0.0 0.0 0.0 0.6831546899665599 0.7302736949779126
1629013306.272438526 4.552536376488687 -1.8828415172283273 0.0 0.0 0.0 0.6831546846507504 0.7302736999507334
1629013306.172584057 4.554582763869011 -1.8834095793294867 0.0 0.0 0.0 0.6828727358262409 0.730537354736351
1629013306.272438526 4.554398699934277 -1.8826546808096667 0.0 0.0 0.0 0.6828727232357958 0.73053736650532
1629013306.272438526 4.554811638447201 -1.8831593809132772 0.0 0.0 0.0 0.6825389907566609 0.7308491814983983
1629013306.575726032 4.554953796445584 -1.8839543495185433 0.0 0.0 0.0 0.6825390028809676 0.7308491701755258
1629013306.575726032 4.554914512865946 -1.883487961128594 0.0 0.0 0.0 0.6825390391511265 0.7308491363028742
1629013306.575726032 4.555405412863978 -1.8841816056464755 0.0 0.0 0.0 0.6825390341800663 0.7308491409453405
1629013306.575726032 4.556014423955016 -1.88441457070868 0.0 0.0 0.0 0.6820186856548923 0.7313347471695661
1629013306.575726032 4.554377493168152 -1.883353324145249 0.0 0.0 0.0 0.6820186677004416 0.7313347639132948
1629013306.575726032 4.553099894564272 -1.8827602990856236 0.0 0.0 0.0 0.6820186627000632 0.7313347685764826
1629013307.374596596 4.553739119701729 -1.8828797603390648 0.0 0.0 0.0 0.6820186543229007 0.7313347763887479
1629013307.374596596 4.554065016460509 -1.8831549156967378 0.0 0.0 0.0 0.6820186807785539 0.7313347517170786
1629013307.374596596 4.553883252722785 -1.8820333687930952 0.0 0.0 0.0 0.6820187064382445 0.7313347277876961
1629013307.374596596 4.554110519447664 -1.882151362029104 0.0 0.0 0.0 0.6821972798675923 0.7311681553112512
1629013307.374596596 4.553710256669007 -1.8829702110274498 0.0 0.0 0.0 0.6821972747472421 0.7311681600886596
1629013307.374596596 4.553137678021905 -1.8825504804775084 0.0 0.0 0.0 0.6821972777937021 0.7311681572462401
1629013307.374596596 4.551899990068859 -1.8821010592152752 0.0 0.0 0.0 0.6821973090122392 0.7311681281186013
1629013307.975763083 4.550255706595139 -1.881828509266292 0.0 0.0 0.0 0.682197277636677 0.7311681573927482
1629013307.975763083 4.550707819291417 -1.88139662546924 0.0 0.0 0.0 0.6821972504754175 0.7311681827348483
1629013308.075963020 4.5504867656214465 -1.8802096910445254 0.0 0.0 0.0 0.682197247391608 0.7311681856121156
1629013307.975763083 4.551497402127149 -1.8804742240126555 0.0 0.0 0.0 0.6827325797335838 0.7306683410209626
1629013308.075963020 4.550796151059111 -1.8799990226954668 0.0 0.0 0.0 0.6827325803708176 0.7306683404255346
1629013308.075963020 4.55158742520592 -1.8797712520340362 0.0 0.0 0.0 0.68295101402719 0.7304641760136036
1629013308.075963020 4.552389950912646 -1.8797646152413658 0.0 0.0 0.0 0.6829510123845431 0.7304641775494043
1629013308.577086210 4.552145126083825 -1.8796667403719756 0.0 0.0 0.0 0.6829509953198131 0.7304641935041557
1629013308.476742268 4.552075680745862 -1.8798847825318956 0.0 0.0 0.0 0.6830770689926948 0.7303462999265138
1629013308.577086210 4.552642446385692 -1.8789228185507723 0.0 0.0 0.0 0.6830770575017592 0.7303463106737368
1629013308.577086210 4.552413186463622 -1.8794292575627678 0.0 0.0 0.0 0.6833589714542221 0.7300825406301864
1629013308.777350664 4.55269749398121 -1.879560699269722 0.0 0.0 0.0 0.6833589734116389 0.7300825387980396
1629013308.777350664 4.551947434730321 -1.8785863647554162 0.0 0.0 0.0 0.6833589723141272 0.730082539825313
1629013308.777350664 4.55206805633519 -1.8788124815386844 0.0 0.0 0.0 0.6830254665460496 0.7303945591593295
1629013308.777350664 4.552059147397851 -1.8780319995052135 0.0 0.0 0.0 0.6830254788538331 0.7303945476497562
1629013308.777350664 4.552106239923257 -1.8775003579273246 0.0 0.0 0.0 0.6830255075478961 0.7303945208166193
1629013308.777350664 4.551992126424003 -1.8775736860956538 0.0 0.0 0.0 0.6830255170594781 0.7303945119219014
