1629013127.723922968 -0.0005834358207489331 -0.003483411979308663 0.0 0.0 0.0 1.4319099512867566e-08 0.9999999999999999
1629013127.723922968 0.0006641743257078115 -0.0018305345998879045 0.0 0.0 0.0 -7.76468723136938e-09 1.0
1629013127.723922968 0.0007022716442056108 -0.002504207133926094 0.0 0.0 0.0 -9.301416798753653e-09 1.0
1629013127.723922968 0.0010302650994830622 -0.0015908704562076568 0.0 0.0 0.0 -5.504872849988038e-09 1.0
1629013127.723922968 0.001574062816324215 -0.002286965022603356 0.0 0.0 0.0 -1.293605377259199e-08 0.9999999999999999
1629013128.224887848 0.0006204016748950415 -0.000347351161722853 0.0 0.0 0.0 3.9700352458681455e-08 0.9999999999999992
1629013128.224887848 -0.0013556207775659275 -0.0036245854355938445 0.0 0.0 0.0 5.346162236558323e-08 0.9999999999999986
1629013128.325093031 0.0014663085904565813 -0.000210583559599713 0.0 0.0 0.0 0.0005178917935758359 0.9999998658940361
1629013128.325093031 -0.0019193373230566736 -0.004662698159072587 0.0 0.0 0.0 4.6186833386598045e-08 0.9999999999999989
1629013128.425327301 0.001285102744496978 0.002088430295552693 0.0 0.0 0.0 -0.0003955382388401912 0.9999999217747477
1629013128.425327301 0.0015123698347925896 -0.0006211643506738871 0.0 0.0 0.0 7.274297712448056e-09 1.0
1629013128.525490284 0.000742079229016103 0.0012025155905794034 0.0 0.0 0.0 0.00012238607051561835 0.9999999925108248
1629013128.525490284 0.0014078849318274972 -0.0007256404834095261 0.0 0.0 0.0 0.0005179271992761746 0.9999998658756991
1629013128.625700474 0.00017421304831423707 -0.0008911012303069318 0.0 0.0 0.0 0.0005178374732426205 0.9999998659221667
1629013128.625700474 0.0010455718847829955 -0.00022438793026627888 0.0 0.0 0.0 0.000812855336817413 0.9999996696330461
1629013128.625700474 0.0014652912777530754 -0.0022768239813062523 0.0 0.0 0.0 0.0005179357943716112 0.9999998658712475
1629013128.625700474 3.8540477766209184e-05 -0.0010785616552370651 0.0 0.0 0.0 0.0005179435281506148 0.9999998658672419
1629013128.926275730 0.000133663995822348 0.00023673087033351757 0.0 0.0 0.0 0.0002951820851526977 0.9999999564337674
1629013128.926275730 0.0004582572300501044 -0.00044297356346110974 0.0 0.0 0.0 0.0005179422891141682 0.9999998658678836
1629013128.926275730 -0.000930341320146055 0.0007759856756085377 0.0 0.0 0.0 0.00029518160607258263 0.9999999564339088
1629013128.926275730 0.0011768782240930652 -0.00024374752407848931 0.0 0.0 0.0 0.00029496268122256177 0.9999999564985074
1629013128.926275730 -0.0018031211370618614 -0.0007848209578947894 0.0 0.0 0.0 0.0002951303457039847 0.9999999564490386
1629013129.327075481 0.0009810575895125512 0.0006839443156715733 0.0 0.0 0.0 0.0002951786959578442 0.9999999564347678
1629013129.327075481 0.0014670695354507199 0.0005169651430417971 0.0 0.0 0.0 0.0007180652789470595 0.9999997421910943
1629013129.327075481 0.003364830561858252 9.15048173853943e-05 0.0 0.0 0.0 0.0007180705819134418 0.9999997421872865
1629013129.327075481 5.080669775155795e-05 5.418960274951681e-05 0.0 0.0 0.0 0.0002952014828374786 0.9999999564280413
1629013129.327075481 9.898102435907614e-05 6.93760884324708e-05 0.0 0.0 0.0 0.0007179003207959501 0.9999997423095315
1629013129.727863789 0.0001656450486593687 4.4081925665008254e-05 0.0 0.0 0.0 0.000717816617069767 0.999999742369619
1629013129.727863789 0.0004950495992783451 -0.002667628486593036 0.0 0.0 0.0 0.0007178172278931754 0.9999997423691804
1629013129.727863789 -5.968576912847767e-05 4.23681618116384e-05 0.0 0.0 0.0 0.0007175789348555585 0.999999742540203
1629013129.928267002 0.0001401628356580299 3.571345606159131e-05 0.0 0.0 0.0 0.0007177857411261614 0.9999997423917817
1629013129.928267002 0.001251131410925773 0.00021314897542390164 0.0 0.0 0.0 0.0007178107244267283 0.9999997423738488
1629013129.928267002 0.001726088120907654 -0.00018964242853277912 0.0 0.0 0.0 0.0007178109280019294 0.9999997423737026
1629013129.928267002 3.643389610059552e-05 -0.0020317993796264006 0.0 0.0 0.0 0.0007178193995831157 0.9999997423676216
1629013130.128615141 -0.00010939036097317486 0.000364618936384264 0.0 0.0 0.0 0.0007177814973274352 0.9999997423948279
1629013130.128615141 0.00030526623226631897 -0.0003254329821873391 0.0 0.0 0.0 0.000717820621895282 0.9999997423667442
1629013130.128615141 0.0008546699554164139 -0.00030509520723114584 0.0 0.0 0.0 0.0007178313225307917 0.999999742359063
1629013130.128615141 0.0012966664097760405 -0.0028283434078005413 0.0 0.0 0.0 0.0007178098703846201 0.9999997423744618
1629013130.128615141 1.1756930385694892e-05 0.0002625318025624456 0.0 0.0 0.0 0.0007178024730966741 0.9999997423797716
1629013130.128615141 8.026618843466463e-05 7.485892058694011e-05 0.0 0.0 0.0 0.0007177995644782339 0.9999997423818594
1629013130.729794502 -0.00012762446501999745 5.494913355373019e-05 0.0 0.0 0.0 0.0007177884587830209 0.999999742389831
1629013130.729794502 0.0018327712769903022 -0.005118866917175488 0.0 0.0 0.0 0.0014295854976595298 0.9999989781421303
1629013130.830001831 0.00020249004061903471 -3.8726071180953596e-05 0.0 0.0 0.0 0.0007177312576386256 0.9999997424308877
1629013130.830001831 -0.0009190245834013442 0.0015639304349656462 0.0 0.0 0.0 0.0007177436335772672 0.9999997424220051
1629013130.830001831 -0.0009986033675710995 0.0013228900432318384 0.0 0.0 0.0 0.0007177917800538996 0.999999742387447
1629013130.830001831 0.002588991041064688 -0.007662506175635914 0.0 0.0 0.0 0.002600432692503693 0.9999966188691899
1629013131.230769873 0.00014728110219036026 -0.00011124451470354067 0.0 0.0 0.0 0.0007176523777178642 0.9999997424874992
1629013131.230769873 0.00023560309198357758 -0.00040617255946540613 0.0 0.0 0.0 0.0007176948907138368 0.9999997424569887
1629013131.230769873 0.04876719128121475 -0.01249118427183478 0.0 0.0 0.0 0.0071416872576143195 0.9999744978263768
1629013131.230769873 -3.196297610609056e-05 9.964297439573353e-06 0.0 0.0 0.0 0.0007177125319839402 0.9999997424443275
1629013131.631546736 0.11763750389911348 -0.015347587604813985 0.0 0.0 0.0 0.014620505007326605 0.9998931147044322
1629013131.731744289 0.12163980526202804 -0.021954795948830805 0.0 0.0 0.0 0.01627616168555323 0.9998675345068394
1629013131.831948757 0.0008132757636140871 0.0019937380991297514 0.0 0.0 0.0 0.0007176186866592141 0.9999997425116771
1629013131.831948757 0.0008278619110252136 0.001285998141197937 0.0 0.0 0.0 0.0007175851049883522 0.9999997425357754
1629013131.831948757 0.12325567238533026 -0.02488342675257629 0.0 0.0 0.0 0.018002271642453795 0.9998379459771025
1629013131.831948757 -4.952835014730903e-05 9.425770730183887e-05 0.0 0.0 0.0 0.0007178564280862232 0.9999997423410412
1629013132.533311367 -0.0007154161503946481 -0.00029803975224039345 0.0 0.0 0.0 0.0007178785841500153 0.999999742325136
1629013132.533311367 0.14556320260866756 -0.03809933117430184 0.0 0.0 0.0 0.023245935456794736 0.999729776732062
1629013132.934135914 0.1618059590952175 -0.038538082411671074 0.0 0.0 0.0 0.024679466850548396 0.9996954155721495
1629013133.635461807 -0.0005883064930507264 -0.0009240961369684445 0.0 0.0 0.0 0.0007178417188619733 0.9999997423516002
1629013135.038238049 -0.0009763824366065849 -0.0008383710081005256 0.0 0.0 0.0 0.0007178366536957037 0.9999997423552361
1629013135.243909359 -0.000489897687585915 -0.002376407963282865 0.0 0.0 0.0 0.0007178294452898905 0.9999997423604106
1629013135.243909359 -0.0007271848890887262 -0.001421458199480057 0.0 0.0 0.0 0.00071781640310325 0.9999997423697725
1629013135.639563084 -0.0008335638346662019 -0.0023058276661838918 0.0 0.0 0.0 0.0007178219446966464 0.9999997423657947
1629013136.140389442 -0.00037591572042554696 -0.0028595787301253497 0.0 0.0 0.0 0.0007177778649723616 0.999999742397435
1629013136.240868092 -0.00016423567070843005 -0.003637482863201676 0.0 0.0 0.0 0.0007177896025754739 0.99999974238901
1629013136.240868092 -0.0005335680823966672 -0.0037258389135891436 0.0 0.0 0.0 0.0007177756993863654 0.9999997423989895
1629013136.340748310 0.0004906255050990419 -0.00452856347319231 0.0 0.0 0.0 0.0007177936055096886 0.9999997423861368
1629013136.541119576 0.00028572383811117355 -0.0035950438492672915 0.0 0.0 0.0 0.0007177785181232597 0.9999997423969663
1629013136.541119576 0.0006764282607983135 -0.003640764313920254 0.0 0.0 0.0 0.0007177943244753768 0.9999997423856207
1629013136.541119576 0.16099588378343238 -0.04005759692101242 0.0 0.0 0.0 0.02467941796848293 0.9996954167788992
1629013136.541119576 0.16119581685568268 -0.04144697724902953 0.0 0.0 0.0 0.024679392130134155 0.9996954174167685
1629013136.541119576 0.16150521136207038 -0.03954652151267993 0.0 0.0 0.0 0.024679419095182883 0.9996954167510844
1629013136.541119576 0.16186323806047842 -0.03931175619753878 0.0 0.0 0.0 0.024679472924273055 0.9996954154222075
1629013137.242624760 0.1609589874876463 -0.041293833240219964 0.0 0.0 0.0 0.024679420801832466 0.9996954167089525
1629013137.242624760 0.16245922175582345 -0.04141960776106365 0.0 0.0 0.0 0.024679428751264137 0.9996954165127053
1629013137.242624760 0.23407608854080889 -0.24300658874157596 0.0 0.0 0.0 -0.13922304424877494 0.9902610483857798
1629013137.342700481 0.16098189571253582 -0.040649284975552494 0.0 0.0 0.0 0.024679412803620553 0.9996954169064038
1629013137.342700481 0.24303815979065335 -0.2609075566169889 0.0 0.0 0.0 -0.14656618632333945 0.9892008658642754
1629013137.552075386 0.1580912928834524 -0.042460952629204816 0.0 0.0 0.0 0.024679398764654397 0.9996954172529827
1629013137.552075386 0.15812232335568585 -0.04145465998819144 0.0 0.0 0.0 0.024679401039673164 0.9996954171968195
1629013137.552075386 0.158314682177368 -0.04155641703364268 0.0 0.0 0.0 0.024679364820890788 0.9996954180909491
1629013137.552075386 0.1583666261378463 -0.040946890969825865 0.0 0.0 0.0 0.02467938713854105 0.9996954175399956
1629013137.552075386 0.16010266656210054 -0.04108855925292114 0.0 0.0 0.0 0.02467940129970828 0.9996954171904
1629013137.552075386 0.2893941723681092 -0.2969467655651502 0.0 0.0 0.0 -0.16305835996980217 0.986616425589985
1629013138.044185638 0.15716546417413743 -0.03989147917751253 0.0 0.0 0.0 0.024679421721408877 0.999695416686251
1629013138.044185638 0.15808357402667478 -0.03850678642843374 0.0 0.0 0.0 0.024679430833467676 0.999695416461302
1629013138.044185638 0.15809653129866374 -0.03906470462859683 0.0 0.0 0.0 0.024679443675534186 0.9996954161442705
1629013138.044185638 0.15898456722558954 -0.03912580863883385 0.0 0.0 0.0 0.0246794410182388 0.999695416209871
1629013138.044185638 0.15944364040814604 -0.039213859695181506 0.0 0.0 0.0 0.024679421957018947 0.9996954166804344
1629013138.044185638 0.537886481991991 -0.38153754707780924 0.0 0.0 0.0 -0.20136539107809998 0.979516196535802
1629013138.545035839 0.15810534565377904 -0.03776054737722305 0.0 0.0 0.0 0.024679481287612767 0.9996954152157418
1629013138.545035839 0.15844100013622997 -0.03845454943854627 0.0 0.0 0.0 0.024679487049608977 0.9996954150734954
1629013138.545035839 0.7662876148038018 -0.4893602948667973 0.0 0.0 0.0 -0.22709275808303575 0.9738731330241326
1629013138.945878506 0.9755495055234369 -0.5625041304882814 0.0 0.0 0.0 -0.2388003763719704 0.9710686794684531
1629013139.446808338 0.9741175501144999 -0.5614994375513453 0.0 0.0 0.0 -0.23880030026893437 0.9710686981833297
1629013139.446808338 0.9742464681198648 -0.5618960546264472 0.0 0.0 0.0 -0.23880033342433762 0.9710686900299201
1629013139.446808338 1.150190837093842 -0.6527270489297782 0.0 0.0 0.0 -0.24915995241680208 0.9684623472864895
1629013139.446808338 1.1503274641380836 -0.6513688012426417 0.0 0.0 0.0 -0.24915996854641234 0.9684623431367638
1629013139.446808338 1.151052772411195 -0.6509886739419196 0.0 0.0 0.0 -0.24916000702759838 0.9684623332365627
1629013139.847644329 1.149680108425633 -0.6542811287649153 0.0 0.0 0.0 -0.2491599801825084 0.9684623401431013
1629013139.847644329 1.2442699741730598 -0.7223904329898785 0.0 0.0 0.0 -0.2565751975465602 0.9665242718131519
1629013139.847644329 1.244731256980881 -0.7226530265812918 0.0 0.0 0.0 -0.2565751600363808 0.966524281770668
1629013139.847644329 1.2450952891875873 -0.7228543464233995 0.0 0.0 0.0 -0.2565751613878521 0.9665242814119042
1629013140.047982454 1.2837795696401313 -0.7595322300838053 0.0 0.0 0.0 -0.260482621244737 0.9654785362862661
1629013140.047982454 1.284111156158274 -0.7600424379885209 0.0 0.0 0.0 -0.26048262161774205 0.9654785361856307
1629013140.248363495 1.2848905471825272 -0.7604332402071337 0.0 0.0 0.0 -0.26048258528372187 0.9654785459884174
1629013140.248363495 1.3586700386593265 -0.7794757268809848 0.0 0.0 0.0 -0.2632152152683475 0.9647371405990532
1629013140.248363495 1.3591886339256147 -0.7795596236281174 0.0 0.0 0.0 -0.2632151611445035 0.9647371553659956
1629013140.248363495 1.3593088435521818 -0.7793354334142957 0.0 0.0 0.0 -0.26321516499850967 0.9647371543144834
1629013140.248363495 1.3612634296776607 -0.7796895744856323 0.0 0.0 0.0 -0.2632151706574798 0.9647371527705118
1629013140.649135590 1.360859759070295 -0.7804692519211155 0.0 0.0 0.0 -0.2632151607816881 0.9647371554649847
1629013140.649135590 1.4782865577225803 -0.8212649183069822 0.0 0.0 0.0 -0.26477713415416354 0.9643096334835135
1629013140.649135590 1.4789960851609187 -0.8205404024035585 0.0 0.0 0.0 -0.26477709235688845 0.9643096449600781
1629013140.649135590 1.4790967791319518 -0.8210266726651974 0.0 0.0 0.0 -0.2647770621353495 0.964309653258212
1629013140.649135590 1.4791966108763739 -0.8210562851787162 0.0 0.0 0.0 -0.26477709710268593 0.964309643656992
1629013140.649135590 1.479458676499362 -0.8213053533112966 0.0 0.0 0.0 -0.2647770828000859 0.9643096475841546
1629013141.250308990 1.4788542104240694 -0.8214180046917273 0.0 0.0 0.0 -0.26477710795118925 0.9643096406782441
1629013141.250308990 1.6186455006130729 -0.9156829722451884 0.0 0.0 0.0 -0.2602949086306155 0.9655291608962308
1629013141.250308990 1.6193946000064507 -0.9154686259767177 0.0 0.0 0.0 -0.26029495704654526 0.9655291478438842
1629013141.250308990 1.620663180429442 -0.9154861733571298 0.0 0.0 0.0 -0.2602949536921214 0.9655291487481962
1629013141.250308990 1.6208420879338366 -0.9157304377826422 0.0 0.0 0.0 -0.26029491682956546 0.9655291586858936
1629013141.751293659 1.6198264373876285 -0.9148947394031709 0.0 0.0 0.0 -0.2602948626575216 0.9655291732900161
1629013141.751293659 1.6201043690332988 -0.9153313611060284 0.0 0.0 0.0 -0.2602949017894988 0.9655291627405126
1629013141.751293659 1.7874512844639234 -1.017062471454355 0.0 0.0 0.0 -0.2489522803485371 0.9685157521224234
1629013141.751293659 1.7883394313335303 -1.0148400083005773 0.0 0.0 0.0 -0.24895222682561186 0.9685157658802304
1629013141.751293659 1.7885473186982477 -1.0163980585408174 0.0 0.0 0.0 -0.24895224261087678 0.9685157618227053
1629013141.751293659 1.7891662216813369 -1.015642196021585 0.0 0.0 0.0 -0.24895221500055068 0.9685157689198042
1629013142.853490353 1.7873621182484178 -1.0141957331746372 0.0 0.0 0.0 -0.24895225572539098 0.9685157584516834
1629013142.853490353 2.1612879432103753 -1.1779732173518116 0.0 0.0 0.0 -0.1944530057081964 0.9809118352691276
1629013142.853490353 2.1621326041307127 -1.1777088292940274 0.0 0.0 0.0 -0.19445295895742296 0.9809118445368589
1629013142.853490353 2.162340815605325 -1.1779250923271598 0.0 0.0 0.0 -0.19445299462528165 0.9809118374661712
1629013143.053889513 2.160579046506637 -1.179017430397667 0.0 0.0 0.0 -0.19445299437634656 0.9809118375155192
1629013143.053889513 2.2571371634932578 -1.2104855423599425 0.0 0.0 0.0 -0.175276258217719 0.9845192904688032
1629013143.154386997 2.2569227915465726 -1.2107156896024824 0.0 0.0 0.0 -0.17527624118098015 0.9845192935018932
1629013143.154386997 2.2804989617472136 -1.2378608579726407 0.0 0.0 0.0 -0.16370803048657695 0.9865088346052487
1629013143.254235268 2.2802913738855852 -1.2377027960396867 0.0 0.0 0.0 -0.1637080364826373 0.9865088336102213
1629013143.254235268 2.295398345808772 -1.2575095565951298 0.0 0.0 0.0 -0.1513483808303113 0.9884804841877471
1629013143.354449272 2.2956992285146764 -1.2576717141987754 0.0 0.0 0.0 -0.1513484218892215 0.9884804779011279
1629013143.354449272 2.2977671602862295 -1.2699405296225503 0.0 0.0 0.0 -0.13737064184521341 0.9905197154822483
1629013143.454634190 2.298500167405361 -1.2696644379448556 0.0 0.0 0.0 -0.13737058002779545 0.9905197240554209
1629013143.454634190 2.303245848185551 -1.284747035316309 0.0 0.0 0.0 -0.1234842452708441 0.9923465328048917
1629013143.454634190 2.3032797389636124 -1.2845992871003011 0.0 0.0 0.0 -0.12348422574884338 0.9923465352341433
1629013143.454634190 2.303535229592453 -1.2852412042493573 0.0 0.0 0.0 -0.12348423219498425 0.9923465344320074
1629013143.454634190 2.303952896262836 -1.284505148925722 0.0 0.0 0.0 -0.1234842582878797 0.9923465311850957
1629013143.454634190 2.304505481100224 -1.284594572428163 0.0 0.0 0.0 -0.12348423331440261 0.9923465342927108
1629013144.055785656 2.3023746443191038 -1.2851506397334342 0.0 0.0 0.0 -0.12348419576604108 0.9923465389651006
1629013144.055785656 2.30301447650295 -1.2839892199526652 0.0 0.0 0.0 -0.12348421157584938 0.9923465369977823
1629013144.055785656 2.372978963480239 -1.4070686299403559 0.0 0.0 0.0 -0.05057773568447186 0.9987201272894383
1629013144.256221533 2.3729044024170003 -1.407158851391562 0.0 0.0 0.0 -0.05057772079128655 0.998720128043667
1629013144.256221533 2.4001265814609973 -1.4182092261154775 0.0 0.0 0.0 -0.015277376329961668 0.9998832940761
1629013144.357876301 2.3725432939369124 -1.4076567975207956 0.0 0.0 0.0 -0.050577720251047655 0.9987201280710261
1629013144.357876301 2.39934420728704 -1.4196535641096235 0.0 0.0 0.0 -0.015277373315753288 0.9998832941221546
1629013144.357876301 2.402607747615516 -1.4242635824933274 0.0 0.0 0.0 0.0037363597035758207 0.999993019783721
1629013144.357876301 2.402654731736035 -1.423607365354583 0.0 0.0 0.0 0.0037363483917809822 0.9999930198259862
1629013144.656959772 2.403062055303421 -1.4240882957399323 0.0 0.0 0.0 0.003736354074117412 0.9999930198047549
1629013144.656959772 2.424629262946875 -1.4432886164953938 0.0 0.0 0.0 0.055804682644247254 0.9984417045551407
1629013144.757164955 2.403609016409984 -1.4240382786455688 0.0 0.0 0.0 0.003736324104275164 0.9999930199167332
1629013144.757164955 2.4044242405703424 -1.4233978839053039 0.0 0.0 0.0 0.0037362672260218264 0.9999930201292486
1629013144.757164955 2.4271153860380252 -1.4460773216922902 0.0 0.0 0.0 0.07321437712239784 0.9973162261703051
1629013144.957559347 2.40432307585629 -1.4240305364704955 0.0 0.0 0.0 0.0037362653140128967 0.9999930201363924
1629013144.957559347 2.444047665928518 -1.4532347795808582 0.0 0.0 0.0 0.10712519646031163 0.9942455392323064
1629013145.057746887 2.427912898551086 -1.4446259296982467 0.0 0.0 0.0 0.07321437635714155 0.9973162262264837
1629013145.057746887 2.444913208204156 -1.452062481185379 0.0 0.0 0.0 0.1255856695066984 0.992082778610008
1629013145.157940865 2.4438675980531004 -1.454189731223382 0.0 0.0 0.0 0.10712515097290098 0.994245544133356
1629013145.157940865 2.444727100252541 -1.4451799832279495 0.0 0.0 0.0 0.1425407776422583 0.9897889303832107
1629013145.258138657 2.444274393803901 -1.4368077733360785 0.0 0.0 0.0 0.15937755002699394 0.9872177047376091
1629013145.258138657 2.44444687017432 -1.4453650710076502 0.0 0.0 0.0 0.14254081875665567 0.9897889244622725
1629013145.258138657 2.4452223225153826 -1.4530706912579785 0.0 0.0 0.0 0.1255856535701693 0.9920827806273796
1629013145.258138657 2.445819645732373 -1.438977771380113 0.0 0.0 0.0 0.15937755433598882 0.98721770404196
1629013145.258138657 2.446599842333688 -1.4397520333725742 0.0 0.0 0.0 0.15937752441107805 0.9872177088730714
1629013145.658915520 2.4456082194060693 -1.4400630768690401 0.0 0.0 0.0 0.15937754963724485 0.9872177048005306
1629013145.658915520 2.4462996936639674 -1.440451265673879 0.0 0.0 0.0 0.15937755088903077 0.9872177045984408
1629013145.658915520 2.520343198465889 -1.4031667742464908 0.0 0.0 0.0 0.22746361544429483 0.9737865801339686
1629013145.658915520 2.520669595645803 -1.4037856326626494 0.0 0.0 0.0 0.2274636165790961 0.973786579868894
1629013145.859305143 2.520553532300514 -1.404521826388376 0.0 0.0 0.0 0.22746352853126064 0.9737866004356952
1629013145.859305143 2.56172667484278 -1.3535457904858952 0.0 0.0 0.0 0.2535694194995408 0.9673171917704481
1629013145.959497690 2.561708093333099 -1.353091709612822 0.0 0.0 0.0 0.253569419652711 0.9673171917302966
1629013145.959497690 2.5799228323410244 -1.3338504910243276 0.0 0.0 0.0 0.26149777713782363 0.9652040781886373
1629013145.959497690 2.5799341898211607 -1.333975381711031 0.0 0.0 0.0 0.26149780332506073 0.9652040710938635
1629013145.959497690 2.5805688221115974 -1.3338424645184048 0.0 0.0 0.0 0.2614977609462052 0.9652040825753491
1629013146.260293722 2.580179991404623 -1.3340864377001487 0.0 0.0 0.0 0.26149774522276076 0.9652040868352206
1629013146.260293722 2.647192755608939 -1.267630988319329 0.0 0.0 0.0 0.26768228594199184 0.9635072359836586
1629013146.360308409 2.6469646322517826 -1.2679838598840545 0.0 0.0 0.0 0.2676822764052954 0.9635072386331506
1629013146.360308409 2.6666277606527578 -1.2347470377172938 0.0 0.0 0.0 0.26675609585639976 0.9637640714010101
1629013146.360308409 2.6671154088063354 -1.2343344602635595 0.0 0.0 0.0 0.2667560976930226 0.9637640708926591
1629013146.360308409 2.6676782767158347 -1.2348419964709367 0.0 0.0 0.0 0.26675606154729076 0.9637640808972796
1629013146.761072397 2.667339074219161 -1.234626991680713 0.0 0.0 0.0 0.26675610310485176 0.9637640693947424
1629013146.761072397 2.7454174581924895 -1.1402492978174938 0.0 0.0 0.0 0.25027119963476435 0.9681757725916178
1629013146.861275196 2.6677400080913234 -1.2341488465721318 0.0 0.0 0.0 0.2667561649773759 0.9637640522693108
1629013146.861275196 2.7560405715052956 -1.118050867363764 0.0 0.0 0.0 0.24500327765936736 0.9695222503564149
1629013146.961471319 2.7449576875562434 -1.1394176726831189 0.0 0.0 0.0 0.2502711904657399 0.9681757749617893
1629013146.961471319 2.7556710661506485 -1.1176602571997252 0.0 0.0 0.0 0.24500327642080968 0.9695222506694049
1629013146.961471319 2.7586799406231286 -1.1002110558233416 0.0 0.0 0.0 0.2393207434029768 0.9709405655224457
1629013146.961471319 2.7587225227217806 -1.099926094207428 0.0 0.0 0.0 0.2393207222245414 0.9709405707425784
1629013146.961471319 2.759626456856503 -1.099756254566271 0.0 0.0 0.0 0.23932075275519554 0.9709405632172788
1629013147.363122463 2.7595923963957216 -1.1010795888133216 0.0 0.0 0.0 0.23932069812781281 0.9709405766820214
1629013147.363122463 2.7601113240537485 -1.100061736536203 0.0 0.0 0.0 0.23932070030122043 0.9709405761463126
1629013147.363122463 2.798910869472756 -1.0188886676104858 0.0 0.0 0.0 0.21372781295901933 0.9768932500369497
1629013147.363122463 2.7994351904122303 -1.0188800556401383 0.0 0.0 0.0 0.21372782910519053 0.9768932465044389
1629013147.662840843 2.7998250905084716 -1.0181369608187294 0.0 0.0 0.0 0.21372783669211262 0.9768932448445478
1629013147.662840843 2.8712198294129645 -0.962730934135749 0.0 0.0 0.0 0.19286693582176018 0.9812249207326142
1629013147.662840843 2.8719994314388786 -0.9633919372818178 0.0 0.0 0.0 0.19286690414906588 0.9812249269581135
1629013147.662840843 2.8720486604972737 -0.9625933577719702 0.0 0.0 0.0 0.19286688229373153 0.9812249312539383
1629013147.963420868 2.8714891952423036 -0.9631430795751612 0.0 0.0 0.0 0.1928668860322924 0.981224930519097
1629013147.963420868 2.9688249468023375 -0.9214947011053328 0.0 0.0 0.0 0.17401745803522106 0.9847425675266405
1629013147.963420868 2.9699657045511976 -0.9211318639680063 0.0 0.0 0.0 0.17401742697486275 0.9847425730154294
1629013148.163911819 2.9700483088298166 -0.9216365464267836 0.0 0.0 0.0 0.1740174016536868 0.9847425774900258
1629013148.163911819 3.0333349474324085 -0.8843022904411406 0.0 0.0 0.0 0.1610634525068962 0.986944053260649
1629013148.163911819 3.0334841958050323 -0.8850149129977524 0.0 0.0 0.0 0.1610634369276717 0.9869440558030865
1629013148.163911819 3.0340936225448623 -0.8861715830783334 0.0 0.0 0.0 0.16106341574086686 0.9869440592606477
1629013148.464430809 3.0334654404551276 -0.8845663991112606 0.0 0.0 0.0 0.16106344981889145 0.9869440536993156
1629013148.464430809 3.086576357497463 -0.8615723835880793 0.0 0.0 0.0 0.14302550308624398 0.9897190032867546
1629013148.564584255 3.086712164854256 -0.8606606210710706 0.0 0.0 0.0 0.14302552256675335 0.9897190004716021
1629013148.564584255 3.1056810731589026 -0.8381855994602507 0.0 0.0 0.0 0.13715132916812792 0.9905501062073618
1629013148.564584255 3.1057039671666424 -0.837825833362394 0.0 0.0 0.0 0.13715129321480585 0.9905501111854494
1629013148.564584255 3.106334119166155 -0.8391670830342272 0.0 0.0 0.0 0.13715129286898115 0.9905501112333323
1629013148.564584255 3.106337972150289 -0.8399438387152052 0.0 0.0 0.0 0.137151293613956 0.9905501111301833
1629013148.967636585 3.105167167614095 -0.839314707146852 0.0 0.0 0.0 0.13715132848417286 0.9905501063020621
1629013148.967636585 3.144333731471934 -0.8101464506454015 0.0 0.0 0.0 0.1130664623749986 0.9935874269967404
1629013148.967636585 3.14454722079166 -0.8110567402553968 0.0 0.0 0.0 0.11306638995444884 0.9935874352379204
1629013148.967636585 3.1448759682291567 -0.8099449351957905 0.0 0.0 0.0 0.11306640416073435 0.9935874336213001
1629013148.967636585 3.1452098087369653 -0.8098789758657846 0.0 0.0 0.0 0.11306639207666944 0.9935874349964199
1629013148.967636585 3.146471341311956 -0.8117232856192778 0.0 0.0 0.0 0.1130663906871236 0.9935874351545447
1629013149.566569805 3.1455198756822695 -0.8119210190600127 0.0 0.0 0.0 0.11306640448977168 0.9935874335838569
1629013149.566569805 3.1458041687734943 -0.8125485800790754 0.0 0.0 0.0 0.11306642985598223 0.9935874306972801
1629013149.566569805 3.2742297750774574 -0.763672736828881 0.0 0.0 0.0 0.09195288983935827 0.9957633584593233
1629013149.566569805 3.2744440957585192 -0.7633505368433499 0.0 0.0 0.0 0.09195291775118773 0.9957633558818296
1629013149.566569805 3.2750089813058105 -0.7630395531795011 0.0 0.0 0.0 0.09195293017962186 0.9957633547341365
1629013149.566569805 3.275298300323061 -0.7623264498109508 0.0 0.0 0.0 0.0919529183350036 0.9957633558279176
1629013149.566569805 3.2753256623792053 -0.7631054079826765 0.0 0.0 0.0 0.09195294204356934 0.99576335363857
1629013150.267954588 3.2742927888802336 -0.7642083838410085 0.0 0.0 0.0 0.09195295345232178 0.9957633525850382
1629013150.267954588 3.5255707111446446 -0.7085742774747525 0.0 0.0 0.0 0.10027592437510614 0.9949596670170696
1629013150.368111134 3.5253178526057796 -0.70868255143648 0.0 0.0 0.0 0.1002759400301194 0.994959665439296
1629013150.368111134 3.600084931774727 -0.6924938380612374 0.0 0.0 0.0 0.10446834593839974 0.9945282121171298
1629013150.468353271 3.5991217665919426 -0.6937466575640986 0.0 0.0 0.0 0.1044683066404411 0.9945282162451092
1629013150.468353271 3.6188763751214115 -0.6938679122757299 0.0 0.0 0.0 0.10915640506883119 0.9940245868349783
1629013150.571737289 3.6186450430403596 -0.6934743654438561 0.0 0.0 0.0 0.10915641865784775 0.9940245853427332
1629013150.571737289 3.6253239222887905 -0.6971948137073791 0.0 0.0 0.0 0.11586619351166563 0.9932648313522014
1629013150.668736935 3.6247607912437614 -0.6906691483082371 0.0 0.0 0.0 0.12371290702899036 0.9923180521558783
1629013150.668736935 3.625375914397815 -0.6970209726906852 0.0 0.0 0.0 0.1158662165393094 0.9932648286659836
1629013150.768898010 3.6254795239056197 -0.6911690765250403 0.0 0.0 0.0 0.12371290276831852 0.9923180526870589
1629013150.768898010 3.6257680100226874 -0.6908390482322639 0.0 0.0 0.0 0.1331074165833604 0.991101617217177
1629013150.869095564 3.6234773865047263 -0.6898248482768159 0.0 0.0 0.0 0.14272519559393143 0.9897623545794586
1629013150.869095564 3.6245370825573544 -0.6894097342329611 0.0 0.0 0.0 0.14272521528286644 0.9897623517402849
1629013150.869095564 3.6247142894340514 -0.6885853347411858 0.0 0.0 0.0 0.1427252187464121 0.9897623512408364
1629013150.869095564 3.62472402485891 -0.689018464616225 0.0 0.0 0.0 0.14272523035223644 0.9897623495672591
1629013150.869095564 3.624875183991887 -0.6884870197185722 0.0 0.0 0.0 0.14272525657645005 0.9897623457856873
1629013150.869095564 3.6251696182483606 -0.6906083024923173 0.0 0.0 0.0 0.13310741171163676 0.9911016178714617
1629013151.470263958 3.6207094349314666 -0.6456056310719386 0.0 0.0 0.0 0.20885993432196165 0.9779455648629047
1629013151.470263958 3.623614046023002 -0.6904546796683941 0.0 0.0 0.0 0.142725221648421 0.9897623508223623
1629013151.470263958 3.624316425143714 -0.6909777541740865 0.0 0.0 0.0 0.14272521166352045 0.9897623522622
1629013151.570468903 3.6187949062938394 -0.6437584098577759 0.0 0.0 0.0 0.21932463617512554 0.9756519379197937
1629013151.570468903 3.6193515113332917 -0.6458360840262116 0.0 0.0 0.0 0.20885989974313962 0.9779455722479067
1629013151.570468903 3.619824328815444 -0.6439477316214345 0.0 0.0 0.0 0.21932460259642653 0.9756519454682185
1629013151.570468903 3.6199595394657638 -0.6433806934284789 0.0 0.0 0.0 0.2193245912273832 0.9756519480239566
1629013151.770849705 3.619560042488396 -0.620730949127033 0.0 0.0 0.0 0.24154992581258578 0.9703883930364864
1629013151.770849705 3.6200728528543356 -0.6196690021768502 0.0 0.0 0.0 0.2415499285102676 0.970388392364977
1629013151.971232891 3.618315517640535 -0.5882151813565845 0.0 0.0 0.0 0.26402256815055386 0.9645165024545646
1629013151.971232891 3.619808481100254 -0.6219785761186993 0.0 0.0 0.0 0.24154996032616208 0.9703883844453361
1629013152.171621323 3.617175815578194 -0.5732916841525539 0.0 0.0 0.0 0.2858381995684116 0.9582778948026971
1629013152.171621323 3.6173827876044102 -0.5739561112099951 0.0 0.0 0.0 0.28583822476701054 0.9582778872863779
1629013152.171621323 3.6175004833181625 -0.5886221366081503 0.0 0.0 0.0 0.2640225409376532 0.9645165099037057
1629013152.171621323 3.6175922635676643 -0.5734688116455756 0.0 0.0 0.0 0.2858382220959454 0.9582778880831119
1629013152.171621323 3.618057683370902 -0.5738904109542018 0.0 0.0 0.0 0.28583819125850407 0.9582778972814029
1629013152.171621323 3.6183910306259883 -0.5885786307134533 0.0 0.0 0.0 0.2640225127252431 0.9645165176264473
1629013152.672604084 3.6180945639427167 -0.5744662070670014 0.0 0.0 0.0 0.285838237343346 0.9582778835350678
1629013152.672604084 3.6376871805703024 -0.4781258671330283 0.0 0.0 0.0 0.34083713244246183 0.9401223586046658
1629013152.772806168 3.619396342504205 -0.574803375991774 0.0 0.0 0.0 0.28583824966620097 0.9582778798593665
1629013152.772806168 3.647423265127625 -0.44972060981893647 0.0 0.0 0.0 0.3512437043573023 0.9362840702208706
1629013152.872993946 3.637487017826915 -0.47821055180574534 0.0 0.0 0.0 0.3408371860187946 0.9401223391808056
1629013152.872993946 3.6448664419993624 -0.4305434875935107 0.0 0.0 0.0 0.3624666845649696 0.9319967288464476
1629013152.872993946 3.645214243271076 -0.431009279216901 0.0 0.0 0.0 0.36246667573323454 0.931996732281234
1629013152.872993946 3.6466372122577515 -0.4504238331617834 0.0 0.0 0.0 0.3512436716014696 0.9362840825091063
1629013153.073383331 3.6453165426372456 -0.4313116005370872 0.0 0.0 0.0 0.36246665809082107 0.9319967391426173
1629013153.073383331 3.6692455452851296 -0.38381360307376233 0.0 0.0 0.0 0.38438443852046383 0.923173116713928
1629013153.073383331 3.670029805875705 -0.3843458675972426 0.0 0.0 0.0 0.38438446940397936 0.9231731038548627
1629013153.073383331 3.6702800960438213 -0.3844506402526046 0.0 0.0 0.0 0.3843845015742561 0.9231730904600235
1629013153.073383331 3.6712138768865685 -0.38500543107381624 0.0 0.0 0.0 0.3843844898585888 0.9231730953381129
1629013153.574472904 3.6716302335646684 -0.3819032313484392 0.0 0.0 0.0 0.38438457151428757 0.9231730613388681
1629013153.574472904 3.6718608932814223 -0.3832971541837072 0.0 0.0 0.0 0.3843845006987127 0.9231730908245762
1629013153.574472904 3.8281363140839817 -0.20565126515127433 0.0 0.0 0.0 0.4386573560523473 0.8986543962954636
1629013153.574472904 3.8282581278851704 -0.2052135591469366 0.0 0.0 0.0 0.4386573806654205 0.8986543842811608
1629013153.874973774 3.8277870208136466 -0.2033857242255453 0.0 0.0 0.0 0.4386574071539315 0.8986543713514056
1629013153.874973774 3.906667188521415 -0.0911307018667895 0.0 0.0 0.0 0.47011662613717103 0.8826043042209818
1629013153.975163460 3.82905761215607 -0.20355123403545217 0.0 0.0 0.0 0.4386573985919215 0.8986543755307532
1629013153.975163460 3.9074829123780783 -0.09058521021859765 0.0 0.0 0.0 0.47011663922996066 0.8826042972471452
1629013153.975163460 3.908649771000091 -0.0902744345454087 0.0 0.0 0.0 0.4701166322336066 0.882604300973733
1629013153.975163460 3.9288673873635136 -0.05455316549260214 0.0 0.0 0.0 0.4805768667101743 0.8769526071476333
1629013154.278061152 3.90886018530738 -0.09127682603322473 0.0 0.0 0.0 0.47011666615941816 0.8826042829032466
1629013154.278061152 3.9940043635175533 0.07369860575614225 0.0 0.0 0.0 0.5109459638450279 0.8596128326348296
1629013154.375954628 3.9086333068614043 -0.08987464397646572 0.0 0.0 0.0 0.47011665275117287 0.8826042900451103
1629013154.375954628 3.908918851378283 -0.0899470678306399 0.0 0.0 0.0 0.4701166368446835 0.8826042985176562
1629013154.375954628 3.999534556179187 0.10790835703823655 0.0 0.0 0.0 0.5210278010678714 0.8535397064661835
1629013154.576766491 3.9091001526881355 -0.0903243832997839 0.0 0.0 0.0 0.4701166882209322 0.8826042711522434
1629013154.576766491 4.042151530782786 0.18980409543286866 0.0 0.0 0.0 0.5399646057923185 0.8416877238569813
1629013154.678047657 3.99971414002216 0.10818628533054293 0.0 0.0 0.0 0.5210277734251073 0.8535397233402058
1629013154.678047657 4.042441058909637 0.1912176711097762 0.0 0.0 0.0 0.5399645900092206 0.8416877339822497
1629013154.678047657 4.059548460017593 0.22934892068915244 0.0 0.0 0.0 0.5498345145898472 0.8352736117978031
1629013154.878062725 4.060507083122078 0.22879617159760926 0.0 0.0 0.0 0.549834511017126 0.8352736141496138
1629013154.878062725 4.060767709196208 0.22966083519670183 0.0 0.0 0.0 0.5498345200309795 0.8352736082160758
1629013154.878062725 4.067772211404478 0.3160443614111398 0.0 0.0 0.0 0.5688483727730582 0.822442416703713
1629013154.878062725 4.0678382809542155 0.31513738185531986 0.0 0.0 0.0 0.568848385980003 0.8224424075690319
1629013154.878062725 4.068312600013119 0.3157166783043653 0.0 0.0 0.0 0.5688484040977894 0.8224423950377304
1629013154.878062725 4.068582700592814 0.3154408927275856 0.0 0.0 0.0 0.5688484142661441 0.822442388004712
1629013155.377923250 4.0674611948724415 0.31721274954553047 0.0 0.0 0.0 0.5688483757940996 0.8224424146141873
1629013155.377923250 4.068300870694325 0.31798830859131644 0.0 0.0 0.0 0.568848379014072 0.8224424123870696
1629013155.377923250 4.090673564925173 0.5120931816157369 0.0 0.0 0.0 0.6153567810502367 0.7882487120290721
1629013155.578306198 4.067852920146131 0.3171769770610185 0.0 0.0 0.0 0.5688483778646384 0.8224424131820839
1629013155.578306198 4.068290735873004 0.3181680881086005 0.0 0.0 0.0 0.5688483745359847 0.8224424154843718
1629013155.578306198 4.100154338713435 0.5965950177670983 0.0 0.0 0.0 0.6327800344574095 0.7743316007965061
1629013155.778695822 4.068572040142639 0.31699987660718004 0.0 0.0 0.0 0.568848383835698 0.8224424090521563
1629013155.778695822 4.09660449997799 0.6830924330256803 0.0 0.0 0.0 0.6501831573247517 0.7597775081767143
1629013155.878878117 4.0698552703168955 0.31696233887219055 0.0 0.0 0.0 0.568848428297194 0.8224423783000315
1629013155.878878117 4.094670653513331 0.7243836291404878 0.0 0.0 0.0 0.6589893883790138 0.7521522359229236
1629013155.979108810 4.07067804631131 0.3167245256195048 0.0 0.0 0.0 0.5688483890314971 0.8224424054584433
1629013155.979108810 4.09067147332734 0.7664242537983236 0.0 0.0 0.0 0.667652703703311 0.7444728787791124
1629013156.079273701 4.068883693762204 0.31552325358527555 0.0 0.0 0.0 0.5688484019725765 0.8224423965076497
1629013156.079273701 4.070147159274762 0.31555076784176206 0.0 0.0 0.0 0.5688483975625743 0.8224423995578605
1629013156.079273701 4.085738890580696 0.8072350331592417 0.0 0.0 0.0 0.6755405414344109 0.7373228444029812
1629013156.279649734 4.069963664245426 0.3153331271660665 0.0 0.0 0.0 0.5688484071087995 0.8224423929551428
1629013156.279649734 4.081067624069304 0.8937274055251716 0.0 0.0 0.0 0.692185797975314 0.7217193506351882
1629013156.379860163 4.077079022071798 0.9355731755958508 0.0 0.0 0.0 0.6998280030745987 0.7143113929601147
1629013156.480060577 4.073228414546312 0.9763015122102916 0.0 0.0 0.0 0.7075766914906542 0.7066365583941575
1629013156.581030369 4.074221171838265 1.0187231853175038 0.0 0.0 0.0 0.7155829731395928 0.6985277435812416
1629013156.680430412 4.070762102287253 1.0596797215140112 0.0 0.0 0.0 0.7238924982600028 0.6899127850409005
1629013156.780653477 4.070777870969656 0.31556245249081294 0.0 0.0 0.0 0.568848443763691 0.8224423676025128
1629013157.181401730 4.058528929133486 1.2783481901221851 0.0 0.0 0.0 0.7651969202219003 0.6437962979723623
1629013157.181401730 4.058721506934436 1.2788072225961815 0.0 0.0 0.0 0.7651969148161761 0.6437963043974435
1629013157.181401730 4.05877787305553 1.2791275380706761 0.0 0.0 0.0 0.7651969262884383 0.6437962907618577
1629013157.181401730 4.0590470868272295 1.278428553539615 0.0 0.0 0.0 0.7651969138473682 0.6437963055489394
1629013157.181401730 4.059367801379046 1.2796555541709143 0.0 0.0 0.0 0.7651969102534032 0.6437963098206181
1629013157.181401730 4.059807759596679 1.279502446381183 0.0 0.0 0.0 0.7651969164564689 0.6437963024478408
1629013157.686052322 4.037670328309554 1.5033638597940355 0.0 0.0 0.0 0.8058391562017341 0.5921344900713665
1629013157.686052322 4.037703717481701 1.5035431977881524 0.0 0.0 0.0 0.8058391497701517 0.5921344988241429
1629013157.686052322 4.058346305749854 1.280267122028091 0.0 0.0 0.0 0.7651969291653531 0.6437962873424432
1629013157.686052322 4.058637006999165 1.279578054631691 0.0 0.0 0.0 0.7651969411252472 0.643796273127272
1629013157.982985973 4.016253282101346 1.6498801820884523 0.0 0.0 0.0 0.8297119583038274 0.5581917826765527
1629013157.982985973 4.016521459146906 1.6479861300499057 0.0 0.0 0.0 0.8297119268818142 0.5581918293831136
1629013157.982985973 4.0166859821458925 1.6490251984241406 0.0 0.0 0.0 0.8297119692145517 0.5581917664585451
1629013157.982985973 4.016831216544716 1.649562526203407 0.0 0.0 0.0 0.8297119024308585 0.5581918657276955
1629013157.982985973 4.016990843492134 1.6499429394372762 0.0 0.0 0.0 0.829711986603161 0.5581917406116252
1629013157.982985973 4.018007519797725 1.6481637864927836 0.0 0.0 0.0 0.8297119735574203 0.5581917600031827
1629013157.982985973 4.036613276454242 1.5033005331954183 0.0 0.0 0.0 0.8058391923906896 0.5921344408216104
1629013158.684444427 3.9821471423786927 1.9639505971156566 0.0 0.0 0.0 0.8806898032205084 0.47369343514917145
1629013158.684444427 3.9827368926702755 1.9628993407476172 0.0 0.0 0.0 0.8806897944499159 0.47369345145543734
1629013158.784572601 3.9825249259141016 1.9640719508737392 0.0 0.0 0.0 0.8806898092702322 0.47369342390153774
1629013158.784572601 3.9845191059296243 2.0482154591410366 0.0 0.0 0.0 0.893243541592001 0.44957310351507807
1629013158.984942913 3.9763685743553485 2.1354889349698394 0.0 0.0 0.0 0.9037923884510621 0.42797116559170717
1629013158.984942913 3.985894470705523 2.049258636785978 0.0 0.0 0.0 0.8932435331913203 0.4495731202061424
1629013159.085130692 3.973576478911884 2.16628895017907 0.0 0.0 0.0 0.9066147523992129 0.4219593472505545
1629013159.085130692 3.973714154796107 2.165255591888493 0.0 0.0 0.0 0.9066147660977772 0.42195931781804813
1629013159.085130692 3.973856711349563 2.1671197180443964 0.0 0.0 0.0 0.9066147597996851 0.42195933135002406
1629013159.085130692 3.973927371456627 2.1663789583942266 0.0 0.0 0.0 0.9066147572096976 0.42195933691482757
1629013159.085130692 3.9755084938251546 2.1356905676703746 0.0 0.0 0.0 0.9037924076973637 0.42797112494723555
1629013159.485904694 3.950278431787273 2.2995970433486352 0.0 0.0 0.0 0.9075453963176993 0.41995398988764254
1629013159.485904694 3.9513452204421147 2.2998539031001966 0.0 0.0 0.0 0.9075454117447953 0.4199539565487744
1629013159.485904694 3.9726352993611824 2.166829574736169 0.0 0.0 0.0 0.9066147478326093 0.4219593570622819
1629013159.686296701 3.950439821150276 2.3004682198874002 0.0 0.0 0.0 0.9075454210961189 0.41995393634000877
1629013159.686296701 3.9504934992846836 2.300367439252262 0.0 0.0 0.0 0.907545405541996 0.4199539699533914
1629013159.686296701 3.9506859832546444 2.329503856232149 0.0 0.0 0.0 0.9060755227358899 0.42311599721457466
1629013159.886710405 3.9494933911396632 2.344577354757616 0.0 0.0 0.0 0.9054089071624373 0.4245405879664759
1629013159.886710405 3.949608060492165 2.3445676919543637 0.0 0.0 0.0 0.905408921006239 0.4245405584420857
1629013159.886710405 3.949973720560165 2.3440345867665267 0.0 0.0 0.0 0.9054089223264324 0.42454055562653636
1629013159.886710405 3.950001393111604 2.3289709103354985 0.0 0.0 0.0 0.9060755093067533 0.42311602597220016
1629013160.187287807 3.9491693525909004 2.322730945304228 0.0 0.0 0.0 0.9070344890144265 0.42105633321247915
1629013160.187287807 3.94974949310156 2.3446553378962696 0.0 0.0 0.0 0.9054089353492619 0.42454052785301444
1629013160.287604094 3.9496248616079845 2.322358247823574 0.0 0.0 0.0 0.9070344900283726 0.42105633102824863
1629013160.287604094 3.9499050655764454 2.3107688712275207 0.0 0.0 0.0 0.9080973940627314 0.4187590272417734
1629013160.287604094 3.950572876232409 2.311557110264298 0.0 0.0 0.0 0.908097395751319 0.4187590235799967
1629013160.287604094 3.9510527125909527 2.3114106596469477 0.0 0.0 0.0 0.9080973964517081 0.41875902206117227
1629013160.490854502 3.9503792404808897 2.31002700219295 0.0 0.0 0.0 0.908097395498993 0.41875902412717686
1629013160.490854502 3.9536288438290303 2.278338006555792 0.0 0.0 0.0 0.9119937068691643 0.410204191386486
1629013160.588062286 3.954619171983471 2.279250265077313 0.0 0.0 0.0 0.911993708366743 0.41020418805696773
1629013160.588062286 3.958926410220801 2.2533144169465102 0.0 0.0 0.0 0.9147168729647622 0.4040953381487678
1629013160.788452625 3.960201699041919 2.2533346942673953 0.0 0.0 0.0 0.9147168909311653 0.40409529747971923
1629013160.788452625 3.960288043433 2.2530851600938844 0.0 0.0 0.0 0.9147168912947287 0.40409529665675104
1629013160.788452625 3.970258210298297 2.1737168309554 0.0 0.0 0.0 0.9227311241936205 0.38544425335497917
1629013160.788452625 3.9705104515046914 2.1747244252372613 0.0 0.0 0.0 0.9227311227811968 0.3854442567362391
1629013161.089177847 3.9680879774181625 2.1717794391405865 0.0 0.0 0.0 0.9227311163575065 0.3854442721141796
1629013161.089177847 3.9685064439072315 2.172202682090979 0.0 0.0 0.0 0.9227311260147568 0.3854442489952847
1629013161.089177847 3.99641392777648 2.0331783500580496 0.0 0.0 0.0 0.9381095099318102 0.3463387754432052
1629013161.089177847 3.996605658118114 2.0327595055283805 0.0 0.0 0.0 0.9381095116300944 0.3463387708431527
1629013161.089177847 3.9968965043441393 2.031878235496149 0.0 0.0 0.0 0.938109510188093 0.3463387747490255
1629013161.089177847 3.996957733825392 2.032036590096916 0.0 0.0 0.0 0.9381095172901336 0.3463387555121033
1629013161.590049744 3.9953245467561924 2.0317942053631386 0.0 0.0 0.0 0.9381094947964843 0.3463388164394587
1629013161.590049744 3.9959946287320838 2.0311511315513777 0.0 0.0 0.0 0.9381094705032227 0.3463388822413147
1629013161.590049744 4.0689247615586766 1.802406535776721 0.0 0.0 0.0 0.9644924258359396 0.2641105081307907
1629013161.790414810 3.9955996539969516 2.0322810462979035 0.0 0.0 0.0 0.9381094725544733 0.3463388766852026
1629013161.790414810 3.9958401300207114 2.0313872007823432 0.0 0.0 0.0 0.9381094710385571 0.34633888079128305
1629013161.790414810 3.996415716826711 2.0317834925462708 0.0 0.0 0.0 0.9381094764104873 0.3463388662406248
1629013161.790414810 4.108357022597323 1.7116809425832087 0.0 0.0 0.0 0.9700728193614053 0.24281417820262122
1629013161.990804672 3.9956479673114664 2.032375450752075 0.0 0.0 0.0 0.9381094744217766 0.34633887162733834
1629013161.990804672 3.9956631896363644 2.0319346748270966 0.0 0.0 0.0 0.9381094836077433 0.34633884674580356
1629013161.990804672 3.996212854011546 2.0323795224866967 0.0 0.0 0.0 0.9381094802185574 0.3463388559259097
1629013161.990804672 4.169332871126797 1.6315982265701212 0.0 0.0 0.0 0.9690132766085732 0.24700864308019033
1629013162.391571283 3.995268960394132 2.0312865628167156 0.0 0.0 0.0 0.9381094897291952 0.34633883016495426
1629013162.391571283 3.9954762266595902 2.0295981654078985 0.0 0.0 0.0 0.9381094829194273 0.3463388486102082
1629013162.391571283 3.995562628933141 2.0299977391412027 0.0 0.0 0.0 0.9381094699672717 0.3463388836930159
1629013162.391571283 4.286069799911272 1.5304835673226491 0.0 0.0 0.0 0.9609604366893706 0.27668581300416223
1629013162.391571283 4.286490040521218 1.529501254064034 0.0 0.0 0.0 0.9609604380419986 0.27668580830633555
1629013162.391571283 4.286548762426536 1.5294150241437656 0.0 0.0 0.0 0.9609604429081484 0.2766857914056579
1629013162.792377234 4.287314415836086 1.5304511596753543 0.0 0.0 0.0 0.960960439563528 0.2766858030218955
1629013162.792377234 4.31286419617269 1.5143624076665014 0.0 0.0 0.0 0.9591551815420266 0.2828804300779429
1629013162.992767334 4.285458538234989 1.5286413567784198 0.0 0.0 0.0 0.9609604395467298 0.2766858030802372
1629013162.992767334 4.286263686072926 1.5292073586135255 0.0 0.0 0.0 0.9609604419230975 0.2766857948268489
1629013162.992767334 4.286426612301406 1.528501870725959 0.0 0.0 0.0 0.9609604473802178 0.2766857758736644
1629013162.992767334 4.286755261978081 1.530179956570881 0.0 0.0 0.0 0.960960438148713 0.27668580793570424
1629013162.992767334 4.286853471191038 1.5295534369144033 0.0 0.0 0.0 0.9609604408033827 0.27668579871574234
1629013162.992767334 4.309623331297881 1.5297907380261089 0.0 0.0 0.0 0.9608860709975708 0.2769439628568408
1629013163.794341564 4.267126975470363 1.6469095849243185 0.0 0.0 0.0 0.9762694336112727 0.21655944448655357
1629013163.794341564 4.284763012157931 1.530136195443687 0.0 0.0 0.0 0.9609604383568646 0.27668580721277075
1629013163.994716644 4.218018336405564 1.6810959139133916 0.0 0.0 0.0 0.9808707110470088 0.19466034061959114
1629013163.994716644 4.283834315040569 1.5323472386379817 0.0 0.0 0.0 0.9609604460325724 0.2766857805541868
1629013163.994716644 4.284995477558732 1.530104893113208 0.0 0.0 0.0 0.9609604569331275 0.27668574269534535
1629013163.994716644 4.285107810076422 1.531746814486781 0.0 0.0 0.0 0.9609604484713354 0.2766857720840915
1629013164.297129869 4.190329894839715 1.7334267093065636 0.0 0.0 0.0 0.9869200774144014 0.16121029990776656
1629013164.395480871 4.18694770388097 1.7525434954639065 0.0 0.0 0.0 0.9887016179651426 0.14989700008041978
1629013164.395480871 4.284649689092849 1.5325022306392313 0.0 0.0 0.0 0.9609604769787827 0.27668567307453834
1629013164.395480871 4.284915198461444 1.533245145627208 0.0 0.0 0.0 0.9609604657481484 0.27668571207979226
1629013164.796288013 4.134106049993759 1.8048167223682685 0.0 0.0 0.0 0.9940738446722778 0.10870690566139853
1629013164.796288013 4.186885840877458 1.7535316265157732 0.0 0.0 0.0 0.9887016147337898 0.1498970213940111
1629013164.796288013 4.188622238282449 1.7532688942409578 0.0 0.0 0.0 0.9887016138059089 0.14989702751419512
1629013164.796288013 4.188777011814016 1.7529393045800332 0.0 0.0 0.0 0.9887016075242964 0.14989706894690155
1629013164.796288013 4.1892158747535015 1.7520255490239272 0.0 0.0 0.0 0.9887016151623039 0.14989701856758658
1629013165.197075605 4.023644912963023 1.832035030122807 0.0 0.0 0.0 0.9972888890060252 0.07358581293379902
1629013165.197075605 4.188131091912102 1.754176383385248 0.0 0.0 0.0 0.9887016059173426 0.14989707954615972
1629013165.197075605 4.189502221223728 1.7541234212826775 0.0 0.0 0.0 0.9887015977932537 0.14989713313158157
1629013165.197075605 4.189674315621892 1.7543982948454917 0.0 0.0 0.0 0.9887016064311709 0.14989707615701564
1629013165.197075605 4.190495657288501 1.7545723934959374 0.0 0.0 0.0 0.9887016088930188 0.14989705991898553
1629013165.597881317 3.922427893428611 1.8458841458800246 0.0 0.0 0.0 0.9990835937697455 0.04280154973981843
1629013165.597881317 4.189447257830639 1.7545389540112433 0.0 0.0 0.0 0.9887016000848897 0.14989711801625402
1629013165.597881317 4.189602050985722 1.7526878908059718 0.0 0.0 0.0 0.9887016101351344 0.14989705172615253
1629013165.597881317 4.189674664590966 1.7549670483355284 0.0 0.0 0.0 0.988701595748174 0.14989714662065595
1629013165.898430824 3.8500874063249513 1.8494188731013028 0.0 0.0 0.0 0.9997559157884658 0.02209318550970228
1629013165.898430824 4.189106643604137 1.7529960376723628 0.0 0.0 0.0 0.9887016158817 0.1498970138225418
1629013165.998615742 3.815372449472155 1.84744911272194 0.0 0.0 0.0 0.999890462979626 0.014800744656570945
1629013165.998615742 4.190122919201123 1.7531012586859087 0.0 0.0 0.0 0.9887016158381734 0.14989701410963763
1629013165.998615742 4.190232876051294 1.7538786024132755 0.0 0.0 0.0 0.9887016145477167 0.14989702262132587
1629013166.299229145 3.7607693274496063 1.8577616531305616 0.0 0.0 0.0 -0.9999579759692977 0.009167676662357281
1629013166.299229145 3.761382966344027 1.8570034851243282 0.0 0.0 0.0 -0.9999579759044674 0.009167683733669624
1629013166.299229145 3.7618563706364654 1.8566274888716765 0.0 0.0 0.0 -0.9999579763383563 0.00916763640745274
1629013166.299229145 3.761939701202017 1.8565733077317224 0.0 0.0 0.0 -0.999957976135538 0.009167658529787813
1629013166.299229145 4.188825385794664 1.7540664590265098 0.0 0.0 0.0 0.9887016114175141 0.14989704326774062
1629013166.299229145 4.190081154684607 1.7542133397025717 0.0 0.0 0.0 0.9887016140645444 0.14989702580826866
1629013167.200989485 3.6738225445649277 1.8553634901337943 0.0 0.0 0.0 -0.9957716315286659 0.0918632562167208
1629013167.200989485 3.6739840940343975 1.8548542688306529 0.0 0.0 0.0 -0.9957716290915657 0.09186328263419145
1629013167.200989485 3.6747925704980204 1.8547911994857664 0.0 0.0 0.0 -0.9957716275044934 0.0918632998375971
1629013167.200989485 3.675341564521815 1.853622971447993 0.0 0.0 0.0 -0.9957716245485353 0.09186333187932427
1629013167.200989485 3.7624115189832064 1.8572664449646457 0.0 0.0 0.0 -0.9999579763796672 0.009167631901475333
1629013167.200989485 3.7630384451252876 1.8570728668205256 0.0 0.0 0.0 -0.9999579761065214 0.009167661694766975
1629013167.902340412 3.4563016406217684 1.7915470206058137 0.0 0.0 0.0 -0.9824605065678558 0.18647078332659034
1629013167.902340412 3.6722520033809727 1.8545295746941393 0.0 0.0 0.0 -0.9957716384780984 0.0918631808868128
1629013167.902340412 3.673128881563618 1.8551209017417163 0.0 0.0 0.0 -0.9957716383307293 0.09186318248425256
1629013168.102773190 3.3714467571476745 1.7567055360397263 0.0 0.0 0.0 -0.9770163595553303 0.2131643336987909
1629013168.102773190 3.456780462797019 1.7910965090928743 0.0 0.0 0.0 -0.9824605062985294 0.18647078474559298
1629013168.206339836 3.368649945434677 1.7425940872482208 0.0 0.0 0.0 -0.9741951166444467 0.22570749811672827
1629013168.206339836 3.3704578007210757 1.7573162974417431 0.0 0.0 0.0 -0.9770163705166459 0.21316428345874477
1629013168.206339836 3.3714855563776256 1.757842734074975 0.0 0.0 0.0 -0.9770163727853284 0.21316427306047384
1629013168.403431416 3.3565222228869844 1.7125620721091743 0.0 0.0 0.0 -0.9682880929485933 0.24983628450242418
1629013168.403431416 3.367970477117776 1.7410875026181867 0.0 0.0 0.0 -0.9741951235060565 0.22570746850075485
1629013168.403431416 3.3682423604376774 1.7410459182413727 0.0 0.0 0.0 -0.974195111983543 0.22570751823404553
1629013168.603710651 3.3501196375739974 1.678125746485285 0.0 0.0 0.0 -0.9617205389148568 0.2740321240827751
1629013168.603710651 3.3554502732145735 1.7120388336094738 0.0 0.0 0.0 -0.9682880970821697 0.2498362684819615
1629013168.603710651 3.3560418720199285 1.7116809448417762 0.0 0.0 0.0 -0.9682880892179145 0.24983629896137996
1629013168.804109335 3.331168334735012 1.6411092773184832 0.0 0.0 0.0 -0.9545765404836981 0.2979658174324272
1629013168.804109335 3.349323996248314 1.6781213076838981 0.0 0.0 0.0 -0.9617205341175109 0.274032140919144
1629013168.804109335 3.349933937144863 1.6781714332115925 0.0 0.0 0.0 -0.9617205404069237 0.27403211884634
1629013169.004486561 3.32503071913294 1.6038112097410835 0.0 0.0 0.0 -0.9470347236071464 0.32113117612953096
1629013169.004486561 3.3256523430456246 1.6034634854156995 0.0 0.0 0.0 -0.9470347205169416 0.3211311852427264
1629013169.004486561 3.3311886124220345 1.6406669162188823 0.0 0.0 0.0 -0.9545765449783254 0.29796580303323894
1629013169.004486561 3.331974028830488 1.6408311997538667 0.0 0.0 0.0 -0.9545765347023719 0.2979658359537406
1629013169.305072069 3.298205834548363 1.539090774261765 0.0 0.0 0.0 -0.9345075440135506 0.35594332439555854
1629013169.305072069 3.298464791422821 1.5406611711823432 0.0 0.0 0.0 -0.9345075411033918 0.3559433320360031
1629013169.305072069 3.2991405559671003 1.5402242851194274 0.0 0.0 0.0 -0.9345075241121115 0.3559433766455717
1629013169.305072069 3.3244721809777213 1.604701321440794 0.0 0.0 0.0 -0.947034704025022 0.32113123387836173
1629013169.605694056 3.270627539489121 1.467514989034278 0.0 0.0 0.0 -0.9216544587746265 0.38801167330487674
1629013169.605694056 3.2990317693736877 1.5415031134997121 0.0 0.0 0.0 -0.9345075334229834 0.355943352200447
1629013169.705881596 3.2646087147290754 1.444519719905287 0.0 0.0 0.0 -0.9180023659783829 0.39657490598636114
1629013169.705881596 3.2702667390091973 1.4680959140912064 0.0 0.0 0.0 -0.9216544714808333 0.38801164312348374
1629013169.806046009 3.2619643850907813 1.4185462355984702 0.0 0.0 0.0 -0.9154675118943572 0.4023918918988738
1629013169.806046009 3.2630561631208463 1.4445814545480553 0.0 0.0 0.0 -0.9180023907209739 0.3965748487115343
1629013169.806046009 3.264108231817267 1.4451590412344877 0.0 0.0 0.0 -0.9180023814418081 0.3965748701912024
1629013170.010056734 3.256509860748456 1.363891559436764 0.0 0.0 0.0 -0.910839547960749 0.41276060600626424
1629013170.010056734 3.2624736251696524 1.4188473919986115 0.0 0.0 0.0 -0.9154675209410326 0.4023918713171032
1629013170.106631994 3.255688151329568 1.3378533107387363 0.0 0.0 0.0 -0.9092768241908876 0.41619185118083907
1629013170.106631994 3.262481981430926 1.4185919711203858 0.0 0.0 0.0 -0.9154675299560695 0.40239185080731066
1629013170.206834793 3.255153441150241 1.3154494136913455 0.0 0.0 0.0 -0.9076203006317811 0.41979207934532936
1629013170.206834793 3.2566691331128657 1.3639717135275313 0.0 0.0 0.0 -0.9108395666251704 0.4127605648194505
1629013170.307057381 3.251481406331272 1.2886231084657118 0.0 0.0 0.0 -0.906354713517057 0.4225176129883978
1629013170.307057381 3.2545096577987835 1.33764066902022 0.0 0.0 0.0 -0.9092768195343742 0.4161918613541753
1629013170.407232761 3.249507472685802 1.2584658221298537 0.0 0.0 0.0 -0.9058081078271227 0.4236881775488285
1629013170.407232761 3.2545654470135488 1.3164924586406288 0.0 0.0 0.0 -0.9076203098253491 0.41979205946818143
1629013170.507467270 3.2453311355482306 1.2283845273342906 0.0 0.0 0.0 -0.9056288749611727 0.424071150677054
1629013170.507467270 3.249441454199808 1.257787474622564 0.0 0.0 0.0 -0.905808122934591 0.4236881452503869
1629013170.507467270 3.25208191145073 1.2895595426224453 0.0 0.0 0.0 -0.9063547143106965 0.42251761128593884
1629013170.707806826 3.2417398180558177 1.1673726462374427 0.0 0.0 0.0 -0.9077654132692256 0.4194781930829685
1629013170.707806826 3.242605953726826 1.1670396064509294 0.0 0.0 0.0 -0.9077654015260446 0.4194782184956199
1629013170.707806826 3.242757436779349 1.1671683409994114 0.0 0.0 0.0 -0.9077653833503116 0.4194782578285336
1629013170.707806826 3.245747127719753 1.2275522892198332 0.0 0.0 0.0 -0.9056288817508018 0.42407113617740155
1629013171.009956837 3.22103153804578 1.0756848783184338 0.0 0.0 0.0 -0.9137753959183829 0.4062197998795759
1629013171.009956837 3.243331885048603 1.167821394250779 0.0 0.0 0.0 -0.9077654040926539 0.41947821294138843
1629013171.108597279 3.2178916185927635 1.0458979705702667 0.0 0.0 0.0 -0.9159250193807472 0.40134942241440674
1629013171.108597279 3.2181729383246687 1.047135514091653 0.0 0.0 0.0 -0.9159250022525354 0.4013494615029314
1629013171.108597279 3.2225543733936655 1.0764843958085202 0.0 0.0 0.0 -0.9137753767578662 0.40621984298039854
1629013171.309024096 3.2088479304478565 0.9769333927986981 0.0 0.0 0.0 -0.9212406899500762 0.3889930477274723
1629013171.309024096 3.2088949134194786 0.9765859628230757 0.0 0.0 0.0 -0.9212406974344846 0.3889930300023697
1629013171.309024096 3.2092639432296157 0.976813909134644 0.0 0.0 0.0 -0.9212406978327152 0.3889930290592518
1629013171.309024096 3.2191350950022164 1.0473490589278416 0.0 0.0 0.0 -0.9159250073863489 0.40134944978698645
1629013171.509395123 3.199447220454889 0.9100442361690759 0.0 0.0 0.0 -0.9265679514405277 0.37612741373543057
1629013171.509395123 3.2099304169307024 0.976522403683768 0.0 0.0 0.0 -0.9212406987248802 0.3889930269463637
1629013171.709802628 3.1893106603975387 0.8453367808866448 0.0 0.0 0.0 -0.9318997866856299 0.3627158496333976
1629013171.709802628 3.18938060560758 0.8438737879700982 0.0 0.0 0.0 -0.9318997759538868 0.3627158772056933
1629013171.709802628 3.1895968090183358 0.8444892277053753 0.0 0.0 0.0 -0.9318997903631069 0.3627158401851199
1629013171.709802628 3.1898362679036585 0.8440163958229342 0.0 0.0 0.0 -0.9318997944719156 0.36271582962865206
1629013171.709802628 3.190198900610885 0.8445842713771093 0.0 0.0 0.0 -0.9318997831052099 0.3627158588323132
1629013171.709802628 3.1992874343960334 0.909180840126896 0.0 0.0 0.0 -0.9265679457674656 0.3761274277106881
1629013172.310935020 3.1274638791544005 0.6506729015342293 0.0 0.0 0.0 -0.9473872341415566 0.32008971958751115
1629013172.310935020 3.1891496802324957 0.8442350890485902 0.0 0.0 0.0 -0.9318997720426007 0.3627158872546788
1629013172.310935020 3.189362801974362 0.8440649123544175 0.0 0.0 0.0 -0.9318997803169237 0.3627158659960569
1629013172.411147356 3.1023965097956725 0.6116881693605399 0.0 0.0 0.0 -0.950154931523435 0.3117781360225512
1629013172.411147356 3.1894353621291405 0.8447072437932825 0.0 0.0 0.0 -0.9318997730632848 0.36271588463230897
1629013172.411147356 3.18983988698157 0.8450491500237205 0.0 0.0 0.0 -0.931899773745629 0.36271588287921097
1629013172.611762047 3.054911374764344 0.5485554353785178 0.0 0.0 0.0 -0.9549164338193767 0.2968747284995538
1629013172.611762047 3.189867773645385 0.845600910339266 0.0 0.0 0.0 -0.9318997752862047 0.36271587892112095
1629013172.611762047 3.1903502516719175 0.8451782919869361 0.0 0.0 0.0 -0.9318997747408962 0.36271588032214264
1629013172.811977863 2.999640981615056 0.4887154812268615 0.0 0.0 0.0 -0.9596637018378701 0.28115045682843115
1629013172.811977863 3.1900972239011005 0.8448764327287429 0.0 0.0 0.0 -0.9318997722420971 0.36271588674212724
1629013172.811977863 3.191021725680177 0.845148327112262 0.0 0.0 0.0 -0.9318997693730382 0.36271589411339317
1629013172.811977863 3.1914564177224722 0.8454794515378291 0.0 0.0 0.0 -0.9318997723444012 0.3627158864792844
1629013173.112493277 2.8858274679275646 0.3923992277314739 0.0 0.0 0.0 -0.9665848647658755 0.2563468338121895
1629013173.112493277 3.1899749125844146 0.8441908842028609 0.0 0.0 0.0 -0.9318997655649414 0.36271590389726144
1629013173.212690830 2.857774153333482 0.36752985682994777 0.0 0.0 0.0 -0.9688047760169178 0.24782515200602553
1629013173.312892914 2.8432907263995015 0.34015270614421783 0.0 0.0 0.0 -0.9709173112658024 0.23941506778894472
1629013173.312892914 3.190909347322134 0.8437747791023557 0.0 0.0 0.0 -0.9318997687414377 0.36271589573611895
1629013173.413134813 2.8248258280629357 0.31862542803522526 0.0 0.0 0.0 -0.9730262508779113 0.23069441931368018
1629013173.413134813 2.8251787985946093 0.3186161109276719 0.0 0.0 0.0 -0.9730262605080259 0.23069437869564016
1629013173.413134813 2.8251937371692954 0.31901054730720557 0.0 0.0 0.0 -0.9730262519628442 0.23069441473763408
1629013173.413134813 2.8252532099303442 0.3201519416860482 0.0 0.0 0.0 -0.9730262482960746 0.23069443020338745
1629013173.413134813 2.826109834784557 0.31934563350716727 0.0 0.0 0.0 -0.9730262499273792 0.23069442332284812
1629013174.114495277 2.615861702357647 0.15805582577099617 0.0 0.0 0.0 -0.9856236111099911 0.168955903189267
1629013174.114495277 2.825514337425374 0.3175241876228023 0.0 0.0 0.0 -0.973026259571123 0.2306943826473234
1629013174.314868450 2.508835278945269 0.11346361247878697 0.0 0.0 0.0 -0.9887495297332132 0.1495806386279646
1629013174.314868450 2.6157498166417406 0.15804537346151235 0.0 0.0 0.0 -0.9856236153579034 0.16895587840858198
1629013174.314868450 2.6161961911060256 0.15857107694583522 0.0 0.0 0.0 -0.9856236116535501 0.16895590001835348
1629013174.415051937 2.4500945998447508 0.09155626409569532 0.0 0.0 0.0 -0.9900910671286581 0.14042677377208035
1629013174.415051937 2.4502754096635506 0.09109332467254241 0.0 0.0 0.0 -0.9900910649339391 0.14042678924613544
1629013174.415051937 2.4513991042104886 0.08958887536342072 0.0 0.0 0.0 -0.990091064412799 0.14042679292047744
1629013174.415051937 2.4515697261222567 0.09001637956380656 0.0 0.0 0.0 -0.990091066319652 0.14042677947604698
1629013174.415051937 2.4526360913886647 0.0906721919508103 0.0 0.0 0.0 -0.9900910627410379 0.14042680470737162
1629013174.415051937 2.5094919957572466 0.11264078656841477 0.0 0.0 0.0 -0.9887495243181867 0.14958067442206383
1629013174.916043282 2.2246594228211993 0.012452166405476282 0.0 0.0 0.0 -0.9955842755181115 0.0938719891185709
1629013174.916043282 2.2250208123769144 0.013458846628603707 0.0 0.0 0.0 -0.9955842697898445 0.09387204987120581
1629013174.916043282 2.4512484301941884 0.09173636852088575 0.0 0.0 0.0 -0.9900910631527877 0.14042680180429384
1629013175.116446972 2.0917077683825727 -0.01183667768681413 0.0 0.0 0.0 -0.9972335248499244 0.07433234097884464
1629013175.116446972 2.2242712992771176 0.014478423392810367 0.0 0.0 0.0 -0.9955842775570432 0.09387196749413797
1629013175.216599941 2.039471216752775 -0.02083298066263104 0.0 0.0 0.0 -0.9979601807743302 0.0638394673291224
1629013175.216599941 2.0397058149571032 -0.02174574759671307 0.0 0.0 0.0 -0.997960179537577 0.0638394866624659
1629013175.216599941 2.040164553285382 -0.020386446771899717 0.0 0.0 0.0 -0.9979601836836521 0.06383942184960129
1629013175.216599941 2.0908704522582187 -0.01091024806438502 0.0 0.0 0.0 -0.9972335217921452 0.07433238200162251
1629013175.517198086 1.8724885035876448 -0.04300808101235481 0.0 0.0 0.0 -0.9996211672066634 0.027523118871014135
1629013175.517198086 1.8724987789688659 -0.042745089485893645 0.0 0.0 0.0 -0.9996211680851954 0.027523086963300702
1629013175.517198086 1.8733572763751292 -0.04295508870098098 0.0 0.0 0.0 -0.9996211679577214 0.02752309159307751
1629013175.517198086 2.038776306573621 -0.01907011909415034 0.0 0.0 0.0 -0.9979601830153462 0.0638394322967934
1629013175.817921162 1.7113083794717774 -0.05358060084341734 0.0 0.0 0.0 0.9999304390820569 0.011794786863897571
1629013175.817921162 1.8720582445099176 -0.043648517117334515 0.0 0.0 0.0 -0.9996211669108381 0.027523129615187304
1629013176.018274307 1.580354156588117 -0.061009439930387675 0.0 0.0 0.0 0.9993174425261548 0.036941156762956145
1629013176.018274307 1.5813438041730068 -0.061235501162449295 0.0 0.0 0.0 0.9993174419932693 0.036941171178359516
1629013176.018274307 1.7110685581416067 -0.053947193818990755 0.0 0.0 0.0 0.9999304382638416 0.011794856229800546
1629013176.018274307 1.7116527438106182 -0.05389466407307134 0.0 0.0 0.0 0.9999304385491815 0.011794832039560244
1629013176.218912125 1.4693326702395855 -0.05745117717155917 0.0 0.0 0.0 0.9979638827229206 0.06378157085391432
1629013176.218912125 1.5821521035581976 -0.061736659861203004 0.0 0.0 0.0 0.9993174429042212 0.036941146535654217
1629013176.420287848 1.358836733070832 -0.052701355198930676 0.0 0.0 0.0 0.995996127935007 0.08939638213302045
1629013176.420287848 1.4687842396037216 -0.057661500247180385 0.0 0.0 0.0 0.9979638830657669 0.06378156548953826
1629013176.420287848 1.4693864597716113 -0.057070261958224136 0.0 0.0 0.0 0.9979638819890416 0.06378158233661343
1629013176.619600296 1.2524146141042733 -0.03535379866479559 0.0 0.0 0.0 0.9932379266936713 0.11609660191951021
1629013176.619600296 1.2533739658438872 -0.03484724831234253 0.0 0.0 0.0 0.993237919975238 0.11609665939751519
1629013176.619600296 1.3585346170609045 -0.05428462623122762 0.0 0.0 0.0 0.9959961244260596 0.08939642122741442
1629013176.619600296 1.3586536098033986 -0.05274317994836658 0.0 0.0 0.0 0.995996127136097 0.08939639103395523
1629013176.820007801 1.1523694862130365 -0.01060130182917021 0.0 0.0 0.0 0.9897900581960404 0.14253294600294716
1629013176.820007801 1.1524595816198462 -0.011409028758017527 0.0 0.0 0.0 0.9897900623117466 0.1425329174222878
1629013176.820007801 1.1530344468506664 -0.011828816204885833 0.0 0.0 0.0 0.9897900624753552 0.1425329162861425
1629013176.820007801 1.1532714045536463 -0.010674121740559393 0.0 0.0 0.0 0.9897900596279264 0.14253293605951553
1629013176.820007801 1.1539769817284027 -0.011167144686850651 0.0 0.0 0.0 0.9897900523298621 0.14253298673938264
1629013176.820007801 1.252069765446448 -0.035090737725316255 0.0 0.0 0.0 0.9932379260348941 0.11609660755552786
1629013177.621303797 0.906744833867837 0.14819833490532974 0.0 0.0 0.0 0.9775271207895789 0.21080969645828881
1629013177.621303797 1.1543827288882815 -0.010393174904925015 0.0 0.0 0.0 0.9897900591338149 0.1425329394907689
1629013177.721537590 0.8120079985370166 0.17387474788496904 0.0 0.0 0.0 0.976801802660621 0.21414536726009545
1629013177.721537590 0.9064551940168627 0.14828504107952453 0.0 0.0 0.0 0.9775271315142456 0.21080964672787322
1629013177.721537590 1.1538047545098342 -0.011173260648648006 0.0 0.0 0.0 0.9897900579121675 0.14253294797424293
1629013177.921918392 0.7312572307957338 0.22955925903182262 0.0 0.0 0.0 0.9778006791646423 0.20953718482685657
1629013177.921918392 0.8124336631337604 0.1750467162863993 0.0 0.0 0.0 0.9768018178663171 0.21414529790088385
1629013177.921918392 0.8125138335725974 0.1745480896289446 0.0 0.0 0.0 0.9768018127719295 0.2141453211384095
1629013178.122301817 0.6667482584060591 0.2813643987110063 0.0 0.0 0.0 0.9809490082218543 0.19426539390370196
1629013178.122301817 0.6670996528920543 0.28024064659992914 0.0 0.0 0.0 0.9809490029523071 0.1942654205124386
1629013178.122301817 0.6672520400710844 0.2806752108171196 0.0 0.0 0.0 0.9809490126791456 0.19426537139647282
1629013178.122301817 0.7315043857908521 0.2310123602655193 0.0 0.0 0.0 0.9778006720613532 0.20953721797419625
1629013178.122301817 0.732065226608423 0.23002316323065972 0.0 0.0 0.0 0.9778006802245308 0.20953717988090992
1629013178.523101568 0.5269391537674618 0.37063357067155045 0.0 0.0 0.0 0.9888731252824216 0.14876135954667857
1629013178.523101568 0.5278202011600867 0.3700003888313359 0.0 0.0 0.0 0.9888731177437556 0.14876140965903867
1629013178.523101568 0.6673776477972232 0.2799124265182464 0.0 0.0 0.0 0.9809489986007816 0.19426544248559438
1629013178.523101568 0.6678632630640082 0.2795176885885804 0.0 0.0 0.0 0.9809489951751096 0.19426545978362375
1629013178.723504305 0.4096076715010771 0.4019787068148227 0.0 0.0 0.0 0.9925432697960479 0.12189281185767174
1629013178.723504305 0.40992756755129206 0.40135973648825896 0.0 0.0 0.0 0.9925432676363829 0.12189282944329262
1629013178.723504305 0.4102910606275726 0.4019758168934422 0.0 0.0 0.0 0.9925432724597882 0.12189279016748472
1629013178.723504305 0.4103970982224933 0.40146159225368533 0.0 0.0 0.0 0.9925432710125597 0.12189280195191388
1629013178.723504305 0.411015900806718 0.40083776865714144 0.0 0.0 0.0 0.9925432721263401 0.12189279288267196
1629013178.723504305 0.5288391796134609 0.37179935201162884 0.0 0.0 0.0 0.9888731270268819 0.14876134795058893
1629013179.925849915 0.22119702478681533 0.6332395421762599 0.0 0.0 0.0 0.9997202052707383 0.02365398853117158
1629013179.925849915 0.22180772435198923 0.6337412251850051 0.0 0.0 0.0 0.9997202049148597 0.02365400357214378
1629013179.925849915 0.2220318250929974 0.6333972732423948 0.0 0.0 0.0 0.9997202051336864 0.023653994323579473
1629013179.925849915 0.2225908003041836 0.6327592666897892 0.0 0.0 0.0 0.9997202046532838 0.02365401462746565
1629013179.925849915 0.41125348964886604 0.40130527463280385 0.0 0.0 0.0 0.9925432712584612 0.12189279994959784
1629013179.925849915 0.4116442557094367 0.4024372528316708 0.0 0.0 0.0 0.9925432688738405 0.1218928193669798
1629013180.627175808 -0.10774650758453112 0.6324008409053979 0.0 0.0 0.0 -0.9939494502356553 0.10983847402544583
1629013180.627175808 0.22193442230102264 0.6322605676848789 0.0 0.0 0.0 0.9997202048528238 0.023654006194050527
1629013180.627175808 0.22238120405493136 0.6325836208120831 0.0 0.0 0.0 0.9997202046814487 0.02365401343709238
1629013180.828376532 -0.10713085047158001 0.6325169224429513 0.0 0.0 0.0 -0.993949442660158 0.10983854257755554
1629013180.828376532 -0.10811700645144441 0.6322911623355745 0.0 0.0 0.0 -0.9939494483961586 0.10983849067140351
1629013180.828376532 -0.4171199734432033 0.5172116959283877 0.0 0.0 0.0 -0.9814793921082942 0.1915677500696121
1629013180.828376532 -0.41734090656068834 0.5168868826527205 0.0 0.0 0.0 -0.9814793880393586 0.19156777091642
1629013180.828376532 -0.4182176930866152 0.5161726618874346 0.0 0.0 0.0 -0.9814793944540058 0.19156773805157834
1629013180.828376532 -0.41834914318746425 0.5151481273689476 0.0 0.0 0.0 -0.9814793916206783 0.19156775256786593
1629013181.328547478 -0.4180272902168498 0.5155968263899717 0.0 0.0 0.0 -0.9814794030006745 0.1915676942635151
1629013181.328547478 -0.7071362787016113 0.3607901972861179 0.0 0.0 0.0 -0.9542511385086582 0.29900629534330836
1629013181.428739548 -0.7076188417170314 0.3611149443862483 0.0 0.0 0.0 -0.9542511314947298 0.2990063177276155
1629013181.428739548 -0.7083053308589747 0.36083675947236427 0.0 0.0 0.0 -0.9542511350872128 0.29900630626253677
1629013181.428739548 -0.93918695741924 0.19952689189106051 0.0 0.0 0.0 -0.9375614232053727 0.34781974888886924
1629013181.629146099 -0.937928251114572 0.19938565885153753 0.0 0.0 0.0 -0.9375614491737316 0.3478196788901575
1629013181.629146099 -0.9382352013539671 0.19894568855190875 0.0 0.0 0.0 -0.9375614384539324 0.3478197077857913
1629013181.629146099 -0.9974013869749827 0.10974852291886189 0.0 0.0 0.0 -0.920877027959545 0.38985317669142494
1629013181.629146099 -0.9974181859127512 0.10990537586887597 0.0 0.0 0.0 -0.9208770181321325 0.3898531999048771
1629013181.832266808 -0.9981453239408424 0.11072926112310251 0.0 0.0 0.0 -0.9208770316644986 0.3898531679399077
1629013181.832266808 -1.0233234421043358 0.013118853494953744 0.0 0.0 0.0 -0.9029596188343693 0.4297254085511939
1629013181.832266808 -1.0249491349035227 0.012789185136833825 0.0 0.0 0.0 -0.9029596208506337 0.4297254043145225
1629013181.832266808 -1.0250319300557433 0.012952995820610488 0.0 0.0 0.0 -0.902959626435727 0.4297253925788564
1629013181.832266808 -1.0255180505138797 0.013003546830650164 0.0 0.0 0.0 -0.9029596355366887 0.42972537345547845
1629013181.832266808 -1.025851995504622 0.013950964504135086 0.0 0.0 0.0 -0.9029596283404913 0.42972538857647447
1629013182.330725193 -1.0232792865806284 0.013661754671728503 0.0 0.0 0.0 -0.9029596159571216 0.4297254145970047
1629013182.330725193 -1.0449656793808257 -0.21694828845544112 0.0 0.0 0.0 -0.8592587637396379 0.5115411781436848
1629013182.531440973 -1.022810819367639 0.012920405550692496 0.0 0.0 0.0 -0.9029596261739964 0.4297253931288175
1629013182.531440973 -1.0230467436476913 0.013196158157832106 0.0 0.0 0.0 -0.9029596282096152 0.4297253888514774
1629013182.531440973 -1.0501015512079874 -0.33285312485576984 0.0 0.0 0.0 -0.8518153350767521 0.5238421851360202
1629013182.734062195 -1.0478185579061092 -0.4632601088433756 0.0 0.0 0.0 -0.8611306025531961 0.50838379728938
1629013182.734062195 -1.049582325513092 -0.333006357255173 0.0 0.0 0.0 -0.851815328443285 0.5238421959226448
1629013182.831467628 -1.049477164643916 -0.4630646596232985 0.0 0.0 0.0 -0.8611306060305681 0.5083837913992011
1629013182.831467628 -1.0556526103279762 -0.5283181911868016 0.0 0.0 0.0 -0.8661732813581221 0.49974378101313416
1629013182.831467628 -1.0559199327128972 -0.5281468214190632 0.0 0.0 0.0 -0.8661732856948507 0.4997437734965654
1629013182.831467628 -1.0562738577369528 -0.5279795269181822 0.0 0.0 0.0 -0.866173276017412 0.49974379026983834
1629013183.132084608 -1.05531029135312 -0.527867139768456 0.0 0.0 0.0 -0.8661732665351952 0.4997438067047451
1629013183.132084608 -1.0677054210661383 -0.7092694783583904 0.0 0.0 0.0 -0.8842894019970734 0.4669392396400825
1629013183.132084608 -1.0689113223905982 -0.709717568730515 0.0 0.0 0.0 -0.8842893860910059 0.46693926976298733
1629013183.132084608 -1.068954388935582 -0.7085463118318982 0.0 0.0 0.0 -0.8842893830575854 0.4669392755076777
1629013183.132084608 -1.0690189429242112 -0.709962733467953 0.0 0.0 0.0 -0.8842893900584256 0.4669392622494897
1629013183.132084608 -1.0692337095758593 -0.709412852772703 0.0 0.0 0.0 -0.8842893746713011 0.46693929138961876
1629013183.634452820 -1.0688448456594188 -0.7096203842849002 0.0 0.0 0.0 -0.8842893818875562 0.46693927772347843
1629013183.634452820 -1.0691835259885603 -0.7086622629002866 0.0 0.0 0.0 -0.884289363872639 0.46693931184011844
1629013183.634452820 -1.0694342269937855 -0.7089186757935435 0.0 0.0 0.0 -0.8842893500629 0.4669393379929923
1629013183.634452820 -1.0707733596020903 -0.7070287050227663 0.0 0.0 0.0 -0.8842893708491065 0.46693929862808864
1629013183.634452820 -1.0715753085615156 -0.7075124290310887 0.0 0.0 0.0 -0.884289381601314 0.4669392782655638
1629013183.634452820 -1.1046431033053539 -0.9966106394490787 0.0 0.0 0.0 -0.9131932210069639 0.40752685936871264
1629013184.033816814 -1.0696600231269757 -0.7075135834724721 0.0 0.0 0.0 -0.8842894077806404 0.46693922868716475
1629013184.033816814 -1.0701997365766105 -0.7072043755177481 0.0 0.0 0.0 -0.8842894019944662 0.46693923964502
1629013184.033816814 -1.0708321439337134 -0.707228475939675 0.0 0.0 0.0 -0.8842893730851465 0.4669392943934773
1629013184.033816814 -1.0709795918163374 -0.7082226953903201 0.0 0.0 0.0 -0.8842893820679992 0.4669392773817556
1629013184.033816814 -1.0714723441702163 -0.7073946465408468 0.0 0.0 0.0 -0.8842893863117943 0.4669392693448584
1629013184.033816814 -1.0716828015042463 -0.7074519349891851 0.0 0.0 0.0 -0.8842893643289468 0.4669393109759631
1629013184.033816814 -1.264927213009438 -1.2041785106035319 0.0 0.0 0.0 -0.9341934479973171 0.3567668730682321
1629013184.635001659 -1.2645002305095028 -1.2025880013769261 0.0 0.0 0.0 -0.9341934463935591 0.35676687726766976
1629013184.635001659 -1.2665930981407754 -1.2031369741771196 0.0 0.0 0.0 -0.9341934381273431 0.3567668989127409
1629013184.635001659 -1.5667246371932093 -1.4951227731244834 0.0 0.0 0.0 -0.9551096125214292 0.2962526422990441
1629013184.835386753 -1.2673017716193264 -1.2033669622413163 0.0 0.0 0.0 -0.9341934459503489 0.3567668784282146
1629013184.835386753 -1.5669692867281244 -1.4952182330450252 0.0 0.0 0.0 -0.9551096120130282 0.29625264393811357
1629013184.835386753 -1.6862717943168437 -1.5896602715448527 0.0 0.0 0.0 -0.9532478359636786 0.3021896146967392
1629013185.035778046 -1.5672372208653946 -1.4963356897355875 0.0 0.0 0.0 -0.9551095957777314 0.29625269628021716
1629013185.035778046 -1.6841275062416867 -1.5877914386338554 0.0 0.0 0.0 -0.9532478260095991 0.3021896460965746
1629013185.035778046 -1.6849939421431246 -1.5887868411139991 0.0 0.0 0.0 -0.9532478388495443 0.30218960559336444
1629013185.035778046 -1.756330910216259 -1.6584047489558402 0.0 0.0 0.0 -0.9474036202306441 0.32004121667977337
1629013185.035778046 -1.7567071743054001 -1.659372968988118 0.0 0.0 0.0 -0.9474036279541489 0.32004119381622825
1629013185.035778046 -1.7569128675194718 -1.6588495821705802 0.0 0.0 0.0 -0.9474036274574986 0.32004119528643976
1629013185.737141132 -1.7555653818691954 -1.6588443670717667 0.0 0.0 0.0 -0.9474036008999526 0.32004127390354414
1629013185.737141132 -1.7559819040875373 -1.6593189331071625 0.0 0.0 0.0 -0.9474036161696776 0.3200412287012694
1629013185.737141132 -1.7613750614856836 -1.6893300116566201 0.0 0.0 0.0 -0.9412579294753929 0.337688480999421
1629013185.737141132 -1.761844225185022 -1.68932138605603 0.0 0.0 0.0 -0.9412579296620205 0.3376884804792234
1629013185.737141132 -1.7619566125216963 -1.6887667983613959 0.0 0.0 0.0 -0.9412579507835743 0.33768842160593304
1629013185.737141132 -1.7629099163367925 -1.6887617402766606 0.0 0.0 0.0 -0.9412579661698022 0.3376883787190307
1629013186.238120079 -1.7612188821493555 -1.6890194608236841 0.0 0.0 0.0 -0.9412579707539083 0.3376883659414916
1629013186.238120079 -1.7616867760672332 -1.688205049943831 0.0 0.0 0.0 -0.9412579711034205 0.33768836496727656
1629013186.238120079 -1.76280379617178 -1.6700704529273422 0.0 0.0 0.0 -0.9565757471509814 0.29148385883705774
1629013186.238120079 -1.7638016643186196 -1.6704174228823097 0.0 0.0 0.0 -0.9565757451338311 0.2914838654568307
1629013186.538707733 -1.742963751582584 -1.578862809097619 0.0 0.0 0.0 -0.9751372483875871 0.22160177527963368
1629013186.538707733 -1.763871206294186 -1.6706042682407964 0.0 0.0 0.0 -0.9565757578931434 0.2914838235840168
1629013186.638895512 -1.7392231441601245 -1.5516462344418078 0.0 0.0 0.0 -0.9809510915714491 0.1942548736706046
1629013186.638895512 -1.7431712517350728 -1.5784718404411155 0.0 0.0 0.0 -0.9751372466678622 0.22160178284711723
1629013186.638895512 -1.7635200542091207 -1.6714446662529883 0.0 0.0 0.0 -0.9565757674309533 0.29148379228334936
1629013186.638895512 -1.7639278363715873 -1.6710555737166226 0.0 0.0 0.0 -0.9565757725097027 0.2914837756161834
1629013187.039713860 -1.5731577325474686 -1.4501122446419583 0.0 0.0 0.0 -0.9939584495439494 0.10975700697535527
1629013187.039713860 -1.7430406213877117 -1.5782482324483966 0.0 0.0 0.0 -0.9751372400752742 0.22160181185716205
1629013187.039713860 -1.7432873633335035 -1.578025502869255 0.0 0.0 0.0 -0.9751372478145175 0.22160177780137136
1629013187.039713860 -1.7434848407978576 -1.577941259609353 0.0 0.0 0.0 -0.9751372454927852 0.2216017880179297
1629013187.039713860 -1.7440628043596293 -1.578369023324464 0.0 0.0 0.0 -0.9751372364277259 0.2216018279078435
1629013187.039713860 -1.7444997043518713 -1.5784801812009694 0.0 0.0 0.0 -0.9751372259123349 0.2216018741797911
1629013187.039713860 -1.7449620430329185 -1.5796356838325567 0.0 0.0 0.0 -0.9751372240090578 0.22160188255497448
1629013188.142455101 -1.2634640479168167 -1.37159104450906 0.0 0.0 0.0 -0.9965173599050673 0.08338555874871001
1629013188.142455101 -1.263470640882842 -1.371912096601428 0.0 0.0 0.0 -0.9965173585839336 0.08338557453720523
1629013188.142455101 -1.574077193575114 -1.4499427152265205 0.0 0.0 0.0 -0.9939584482463169 0.10975701872670279
1629013188.142455101 -1.574423314096177 -1.4495648352347181 0.0 0.0 0.0 -0.9939584524836272 0.10975698035365598
1629013188.542624950 -1.2625709403764402 -1.3725304252260488 0.0 0.0 0.0 -0.9965173596044586 0.08338556234119987
1629013188.542624950 -1.3500454262727453 -1.3866153870385167 0.0 0.0 0.0 -0.9993076004983917 0.03720644549196707
1629013188.642812967 -1.2625446621950265 -1.3725257794823813 0.0 0.0 0.0 -0.9965173583351438 0.08338557751042265
1629013188.642812967 -1.350236404098606 -1.3859863041356355 0.0 0.0 0.0 -0.9993075993044097 0.037206477560463316
1629013188.642812967 -1.4284901641693704 -1.4000859830430454 0.0 0.0 0.0 -0.999745097977977 0.02257740173282468
1629013188.642812967 -1.4294091409515368 -1.3996362773342061 0.0 0.0 0.0 -0.9997450962414323 0.022577478628253378
1629013188.642812967 -1.4304448953018392 -1.4005174580792499 0.0 0.0 0.0 -0.9997450969202015 0.0225774485719033
1629013188.642812967 -1.4304712891774465 -1.3999414203740301 0.0 0.0 0.0 -0.9997450971467472 0.02257743854030131
1629013189.150118589 -1.429478991198721 -1.4002279909453523 0.0 0.0 0.0 -0.9997450974198976 0.02257742644500226
1629013189.150118589 -1.6220865016337007 -1.4042003776794338 0.0 0.0 0.0 0.9984323861607756 0.055971155654497666
1629013189.243979216 -1.428972645019639 -1.4007093240189608 0.0 0.0 0.0 -0.9997450972999757 0.022577431755231272
1629013189.346075773 -1.6213509358462366 -1.4041292101006952 0.0 0.0 0.0 0.9984323869430597 0.05597114169984716
1629013189.346075773 -1.6224005816738007 -1.4036958282399394 0.0 0.0 0.0 0.9984323851508726 0.05597117366948499
1629013189.346075773 -1.7702067724148656 -1.39870901866707 0.0 0.0 0.0 0.9962391997283832 0.08664558225640052
1629013189.346075773 -1.770721354006528 -1.3992742367842004 0.0 0.0 0.0 0.9962391980568996 0.08664560147488953
1629013189.346075773 -1.7719542578439678 -1.3995724928764277 0.0 0.0 0.0 0.9962391997669394 0.08664558181308621
1629013189.945374012 -1.7704645214372705 -1.4001745536970351 0.0 0.0 0.0 0.9962391970744103 0.08664561277141632
1629013189.945374012 -1.7706807327770675 -1.4003470387383805 0.0 0.0 0.0 0.9962391975163841 0.0866456076896627
1629013189.945374012 -2.001883506504485 -1.337923234877983 0.0 0.0 0.0 0.9857715087686186 0.16809084597336407
1629013189.945374012 -2.0023309912656178 -1.3384379413612606 0.0 0.0 0.0 0.9857715119605654 0.16809082725413896
1629013190.145747185 -2.0002866222628723 -1.3385248139029455 0.0 0.0 0.0 0.9857715285657782 0.16809072987255758
1629013190.145747185 -2.000428438752353 -1.33852979508345 0.0 0.0 0.0 0.9857715181410323 0.16809079100868254
1629013190.145747185 -2.0911911552302107 -1.3075221235808547 0.0 0.0 0.0 0.9808146808889096 0.19494245754269804
1629013190.145747185 -2.091688677279459 -1.308599124103087 0.0 0.0 0.0 0.9808146895434755 0.1949424139989443
1629013190.145747185 -2.0917320832815895 -1.3085817630687748 0.0 0.0 0.0 0.9808146873040893 0.1949424252659782
1629013190.145747185 -2.091818803702371 -1.3087360877653267 0.0 0.0 0.0 0.9808146793245629 0.19494246541340066
1629013190.446377039 -2.09238622740308 -1.3074135105590619 0.0 0.0 0.0 0.980814686174737 0.19494243094809363
1629013190.446377039 -2.1558230788266646 -1.2534121168726036 0.0 0.0 0.0 0.971698901351904 0.23622287169430237
1629013190.446377039 -2.1561112666499476 -1.2544743555618643 0.0 0.0 0.0 0.971698892992918 0.2362229060788509
1629013190.446377039 -2.15616658598967 -1.2535001553981011 0.0 0.0 0.0 0.9716988947835253 0.23622289871321842
1629013190.446377039 -2.156310697856352 -1.2537377777602465 0.0 0.0 0.0 0.9716988857899526 0.23622293570812433
1629013190.446377039 -2.1564500754977285 -1.2560777201720017 0.0 0.0 0.0 0.9716988978542708 0.2362228860817587
1629013191.448290825 -2.1573228891249463 -1.256283533808564 0.0 0.0 0.0 0.9716988943911578 0.23622290032721566
1629013191.448290825 -2.259111474492221 -1.1385556936114298 0.0 0.0 0.0 0.9399525344878856 0.34130519027667916
1629013191.548486233 -2.1583290226115017 -1.2559631955032264 0.0 0.0 0.0 0.9716988996484809 0.23622287870130493
1629013191.548486233 -2.259393332038928 -1.1388078859464712 0.0 0.0 0.0 0.9399525372726282 0.341305182607514
1629013191.548486233 -2.2808591958269453 -1.084434365225934 0.0 0.0 0.0 0.9307281405129562 0.3657118106614756
1629013191.548486233 -2.2822837617969975 -1.0843787546578751 0.0 0.0 0.0 0.9307281374495746 0.36571181845771095
1629013191.548486233 -2.282582238781875 -1.0853235641276693 0.0 0.0 0.0 0.9307281532379426 0.3657117782766763
1629013191.548486233 -2.2830822335678493 -1.0862214005094708 0.0 0.0 0.0 0.9307281477357504 0.36571179227962985
1629013191.949263096 -2.28319525436531 -1.0861371958281623 0.0 0.0 0.0 0.930728163546924 0.3657117520405522
1629013191.949263096 -2.3556302805372336 -0.9156707925424777 0.0 0.0 0.0 0.9025789769190877 0.43052432036261656
1629013192.049455166 -2.282209725798506 -1.0858629025071984 0.0 0.0 0.0 0.9307281570842626 0.36571176848787934
1629013192.049455166 -2.377041202799762 -0.8631844338951531 0.0 0.0 0.0 0.894615765113919 0.446836248316581
1629013192.249902725 -2.355585332049494 -0.9150950279404927 0.0 0.0 0.0 0.9025789673954826 0.43052434032851644
1629013192.249902725 -2.3768038728393965 -0.8630806889801741 0.0 0.0 0.0 0.8946157577990523 0.44683626296175566
1629013192.249902725 -2.423473293399165 -0.7629214427538887 0.0 0.0 0.0 0.8777694498407496 0.47908328391446503
1629013192.249902725 -2.424431601617791 -0.7610756562846884 0.0 0.0 0.0 0.8777694657448365 0.4790832547752262
1629013192.249902725 -2.4248635694515133 -0.762131258705237 0.0 0.0 0.0 0.8777694693003767 0.47908324826081633
1629013192.249902725 -2.4254759410089757 -0.7618862889976764 0.0 0.0 0.0 0.8777694723969268 0.4790832425873616
1629013192.851044893 -2.4235703378361277 -0.7624787574012972 0.0 0.0 0.0 0.8777694574951763 0.47908326989013494
1629013192.851044893 -2.4250136688519666 -0.762249984873552 0.0 0.0 0.0 0.8777694453563788 0.4790832921306639
1629013192.851044893 -2.515081599969344 -0.49537597875982836 0.0 0.0 0.0 0.8216506664548646 0.5699913879299202
1629013193.051414251 -2.5152111045899033 -0.4960281544034308 0.0 0.0 0.0 0.821650654197298 0.5699914055993758
1629013193.051414251 -2.5156682423364733 -0.4960924449310383 0.0 0.0 0.0 0.8216506314948486 0.5699914383252755
1629013193.051414251 -2.573391029920202 -0.34655597031801016 0.0 0.0 0.0 0.7972680026388664 0.6036254898264589
1629013193.051414251 -2.5741840038654304 -0.3467643124281527 0.0 0.0 0.0 0.7972680064175064 0.6036254848356347
1629013193.151612282 -2.574763207673905 -0.34745225395530144 0.0 0.0 0.0 0.7972680199101081 0.6036254670146178
1629013193.151612282 -2.5961888044558035 -0.2806293212766075 0.0 0.0 0.0 0.7856422187904177 0.6186811004500374
1629013193.251803398 -2.575737458080941 -0.347119879641369 0.0 0.0 0.0 0.7972680422119975 0.6036254375582994
1629013193.251803398 -2.5955848202968874 -0.2805125042288886 0.0 0.0 0.0 0.7856421936867324 0.6186811323283576
1629013193.251803398 -2.6118845691084367 -0.21922978273873486 0.0 0.0 0.0 0.7731966626967078 0.6341663195051227
1629013193.354059696 -2.610780963035156 -0.22010584504252678 0.0 0.0 0.0 0.7731966772076118 0.6341663018129458
1629013193.354059696 -2.6115839670266645 -0.22120018360061006 0.0 0.0 0.0 0.7731966475760681 0.6341663379407091
1629013193.354059696 -2.611769072878146 -0.21951237241319554 0.0 0.0 0.0 0.7731966721883333 0.6341663079326172
1629013193.354059696 -2.624488985037004 -0.1583055623626565 0.0 0.0 0.0 0.7610686826305336 0.6486713037579388
1629013193.452210426 -2.624216619406605 -0.15979748775538619 0.0 0.0 0.0 0.7610686711910251 0.6486713171796079
1629013193.452210426 -2.635005865311229 -0.1008620490519743 0.0 0.0 0.0 0.7480966240346661 0.6635898138970604
1629013193.552470684 -2.6351408357330226 -0.10142073933166312 0.0 0.0 0.0 0.7480966497796603 0.6635897848734927
1629013193.552470684 -2.6353455934193737 -0.10182152666919451 0.0 0.0 0.0 0.7480966489006597 0.6635897858644323
1629013193.552470684 -2.645114191814508 -0.036234366581910184 0.0 0.0 0.0 0.7350898051555482 0.6779697473754843
1629013193.552470684 -2.646086469314383 -0.037468381854255724 0.0 0.0 0.0 0.735089805471242 0.6779697470331928
1629013193.552470684 -2.6467800746724253 -0.037616385295072684 0.0 0.0 0.0 0.7350898250835585 0.6779697257685062
1629013193.552470684 -2.6476237061449286 -0.03851968484152315 0.0 0.0 0.0 0.7350898115899772 0.6779697403989442
1629013194.253760338 -2.6467868682247806 -0.038448456112209435 0.0 0.0 0.0 0.7350897617355668 0.6779697944536671
1629013194.253760338 -2.6472313617501766 -0.03781376671130778 0.0 0.0 0.0 0.7350897811268312 0.677969773428659
1629013194.253760338 -2.647407001540036 -0.03813393636724961 0.0 0.0 0.0 0.7350897956074952 0.6779697577279763
1629013194.253760338 -2.6736560202742825 0.06517602941370118 0.0 0.0 0.0 0.6827111716522731 0.7306883440299158
1629013194.554497957 -2.6454775116887648 -0.03768796957397543 0.0 0.0 0.0 0.735089773324603 0.6779697818882371
1629013194.554497957 -2.645685353230963 -0.03759600660987694 0.0 0.0 0.0 0.7350897827317073 0.6779697716885696
1629013194.554497957 -2.6459499845626815 -0.03736641772716977 0.0 0.0 0.0 0.7350897588803396 0.6779697975494515
1629013194.554497957 -2.6731284170492584 0.06583668172006459 0.0 0.0 0.0 0.6827111958762258 0.7306883213965129
1629013194.554497957 -2.688293139083133 0.2493598171863648 0.0 0.0 0.0 0.6365169905190755 0.7712626794941779
1629013194.554497957 -2.6886380782043457 0.24917027274049078 0.0 0.0 0.0 0.6365170072766466 0.7712626656642868
1629013194.854950905 -2.6527658391132727 0.43894572197791215 0.0 0.0 0.0 0.5870609270955979 0.8095427523470624
1629013194.854950905 -2.6542686083361917 0.438120377920421 0.0 0.0 0.0 0.5870609567252922 0.80954273086032
1629013194.854950905 -2.654300389112831 0.43776283850731945 0.0 0.0 0.0 0.5870609074431922 0.8095427665985138
1629013194.854950905 -2.687984089638905 0.24788526714966894 0.0 0.0 0.0 0.6365170148678462 0.7712626593993295
1629013194.854950905 -2.6883458524827417 0.24731520509708588 0.0 0.0 0.0 0.6365170325342149 0.7712626448194139
1629013194.854950905 -2.6883820065707735 0.2487918120712138 0.0 0.0 0.0 0.6365170036481184 0.7712626686588825
1629013195.957142353 -2.505995488885639 0.6937727635676584 0.0 0.0 0.0 0.5005277643895133 0.8657204843800543
1629013195.957142353 -2.5063516096708534 0.6943794900366084 0.0 0.0 0.0 0.5005277789295699 0.8657204759735279
1629013195.957142353 -2.6525220462446653 0.4352090728463646 0.0 0.0 0.0 0.587060922048518 0.8095427560070833
1629013195.957142353 -2.652869133990869 0.4387814773333943 0.0 0.0 0.0 0.5870609184370582 0.8095427586260269
1629013195.957142353 -2.6533631713121726 0.4372031333631456 0.0 0.0 0.0 0.5870609062652529 0.8095427674527269
1629013196.458153248 -2.3573357023115933 0.9657688821953528 0.0 0.0 0.0 0.40355901005312067 0.9149536192643566
1629013196.458153248 -2.3573674867120538 0.964769015244871 0.0 0.0 0.0 0.4035589838978596 0.914953630800669
1629013196.458153248 -2.3574683961299705 0.9663945373619799 0.0 0.0 0.0 0.40355902381051567 0.914953613196376
1629013196.458153248 -2.358658836193405 0.9664433531967415 0.0 0.0 0.0 0.4035590321041286 0.9149536095383082
1629013196.458153248 -2.506374428652736 0.6936030599328884 0.0 0.0 0.0 0.5005277355087506 0.8657205010778491
1629013196.458153248 -2.5065881335052715 0.6936898793254002 0.0 0.0 0.0 0.5005277447135642 0.8657204957559645
1629013197.259631634 -2.1626552975294544 1.2322473069742321 0.0 0.0 0.0 0.2513086357763298 0.9679070046157534
1629013197.259631634 -2.1633073790855133 1.2317013146702491 0.0 0.0 0.0 0.2513086045942546 0.9679070127119075
1629013197.259631634 -2.358199472057547 0.9645083135097927 0.0 0.0 0.0 0.40355897694303217 0.9149536338682377
1629013197.259631634 -2.3591908921986557 0.9650558970834628 0.0 0.0 0.0 0.40355901041171377 0.9149536191061918
1629013197.359828949 -1.9016110859994555 1.4352026232826205 0.0 0.0 0.0 0.1431630537037927 0.9896991159206948
1629013197.359828949 -1.9016452060060651 1.4344935196363866 0.0 0.0 0.0 0.14316304143561845 0.9896991176953243
1629013197.359828949 -1.9021895204002544 1.432764000755475 0.0 0.0 0.0 0.14316301317972183 0.9896991217826269
1629013197.359828949 -1.9021956292728066 1.4326837811141153 0.0 0.0 0.0 0.14316300405190283 0.9896991231029938
1629013197.359828949 -1.9024296749208935 1.4352100400729781 0.0 0.0 0.0 0.1431630927116704 0.9896991102780833
1629013197.359828949 -2.162958694244776 1.2320025724853527 0.0 0.0 0.0 0.25130861829523843 0.9679070091545665
1629013197.760605812 -1.6338658331353981 1.521994389175858 0.0 0.0 0.0 0.05819811926691479 0.9983050530342887
1629013197.760605812 -1.9002075940424406 1.4292478114119853 0.0 0.0 0.0 0.14316289052226883 0.9896991395253958
1629013197.760605812 -1.9009822413278015 1.4304913460353927 0.0 0.0 0.0 0.14316295329736406 0.9896991304447916
1629013197.760605812 -1.902156853071552 1.4322113757410178 0.0 0.0 0.0 0.1431629932107966 0.9896991246711929
1629013197.760605812 -1.9022105372401688 1.4315318501962784 0.0 0.0 0.0 0.1431629715032153 0.9896991278112605
1629013198.161396980 -1.3641699249202384 1.5495443537383864 0.0 0.0 0.0 -0.029006356172037437 0.9995792271259046
1629013198.161396980 -1.8990697721926806 1.4277029168084017 0.0 0.0 0.0 0.1431627612101963 0.9896991582307587
1629013198.161396980 -1.8992983807910029 1.4277592332793567 0.0 0.0 0.0 0.14316279815859886 0.9896991528860678
1629013198.161396980 -1.8993973461229097 1.427203974910751 0.0 0.0 0.0 0.1431628470351614 0.9896991458159328
1629013198.161396980 -1.8994922118263284 1.4284728121147954 0.0 0.0 0.0 0.14316284738875718 0.9896991457647841
1629013198.161396980 -1.899936588150908 1.4283225716615753 0.0 0.0 0.0 0.1431628804875209 0.9896991409769516
1629013198.562168837 -1.0703911724417388 1.5423857908328669 0.0 0.0 0.0 -0.11458256971177502 0.9934137278688302
1629013198.562168837 -1.8998846885389864 1.4282983791615371 0.0 0.0 0.0 0.1431627329962845 0.9896991623119799
1629013199.163362503 -0.6910292243400337 1.3904636341308625 0.0 0.0 0.0 -0.21525169032205432 0.9765586054167453
1629013199.263733149 -0.4577558086891015 1.409268392585534 0.0 0.0 0.0 -0.2568258068949227 0.9664577098418595
1629013199.363727808 -0.38387136268676836 1.385285246827183 0.0 0.0 0.0 -0.2563252537630931 0.9665905877274441
1629013199.865200996 -0.06002173064560346 1.2264724021992854 0.0 0.0 0.0 -0.2166767086486602 0.976243414282106
1629013200.065204859 0.0756802475782256 1.1734081564578676 0.0 0.0 0.0 -0.1872148784056931 0.9823189855151643
1629013200.767469406 0.43092522740853784 1.0311496586881561 0.0 0.0 0.0 -0.09527274352359152 0.9954512064091781
1629013201.067073822 0.6099071387311664 1.0106042609916368 0.0 0.0 0.0 -0.05762934290924532 0.9983380483763246
1629013201.267458916 0.7057403592128209 0.9993656584371907 0.0 0.0 0.0 -0.03617289046282634 0.999345546843315
1629013201.467884541 -1.9001061149805716 1.4275900632082812 0.0 0.0 0.0 0.14316271799230734 0.9896991644823466
1629013201.467884541 -1.9007552503984468 1.427512785587013 0.0 0.0 0.0 0.14316272536938138 0.9896991634152325
1629013201.568065166 0.7051075708566141 0.9996097176319326 0.0 0.0 0.0 -0.036172895616150544 0.9993455466567823
1629013201.568065166 0.8088728976713682 0.9759628010920354 0.0 0.0 0.0 -0.004937895939660568 0.9999878085175284
1629013201.568065166 -1.9014301148955532 1.4283318027065022 0.0 0.0 0.0 0.14316272765786286 0.9896991630841974
1629013201.568065166 -1.9014875910839935 1.4289235213035936 0.0 0.0 0.0 0.1431627614461823 0.9896991581966227
1629013201.768421173 0.8080201282256769 0.9753391433619164 0.0 0.0 0.0 -0.004937926944928974 0.9999878083644252
1629013201.768421173 0.8547114561339914 0.9586046941632673 0.0 0.0 0.0 0.01464282609200083 0.9998927880748213
1629013201.868645191 0.8548085049931584 0.9595550390541498 0.0 0.0 0.0 0.014642821188662596 0.9998927881466276
1629013201.868645191 0.8722468563053486 0.9448560792099997 0.0 0.0 0.0 0.025602657461211615 0.9996721982384645
1629013202.074606419 0.8717558055376406 0.9453324560549174 0.0 0.0 0.0 0.025602613841790908 0.9996721993556028
1629013202.169236660 0.8711170206973623 0.9440724118927042 0.0 0.0 0.0 0.025602629207557175 0.9996721989620699
1629013202.169236660 0.920817351708085 0.923391854227699 0.0 0.0 0.0 0.05483819850464224 0.9984952538619127
1629013202.369596958 0.9208046598889723 0.9228635004304251 0.0 0.0 0.0 0.05483816437566499 0.9984952557363043
1629013202.369596958 0.921315309332933 0.9229697368544731 0.0 0.0 0.0 0.054838178122314375 0.9984952549813271
1629013202.369596958 0.9489693772860364 0.9128144412724439 0.0 0.0 0.0 0.07046338994208373 0.9975143661511195
1629013202.670295238 0.9490320201438366 0.9124478493676018 0.0 0.0 0.0 0.07046337758537792 0.9975143670239845
1629013202.670295238 0.9953433327177464 0.9019714859812928 0.0 0.0 0.0 0.09046049842884216 0.9959000442936056
1629013202.770405769 0.9491513253610023 0.912010541065512 0.0 0.0 0.0 0.07046336476758874 0.9975143679294197
1629013202.870672941 0.9479366125855127 0.9130173431659322 0.0 0.0 0.0 0.07046336527963833 0.9975143678932491
1629013202.870672941 1.013124145648173 0.8943750083116294 0.0 0.0 0.0 0.0902173645542957 0.9959220989278615
1629013203.171209335 0.9960873315240134 0.9017991400770431 0.0 0.0 0.0 0.09046049761280812 0.9959000443677283
1629013203.171209335 1.013373847859169 0.894172136585735 0.0 0.0 0.0 0.0902173360589432 0.995922101509163
1629013203.171209335 1.0437393860447377 0.8814562627931934 0.0 0.0 0.0 0.07249014782636282 0.9973691284916092
1629013203.571948051 1.0439521830424927 0.8821755390313327 0.0 0.0 0.0 0.07249010875307446 0.9973691313315083
1629013203.571948051 1.1283736416215044 0.8701884957501121 0.0 0.0 0.0 0.028812837738574508 0.9995848240051719
1629013203.677692413 1.0450331697716788 0.8818834744908176 0.0 0.0 0.0 0.07249009277245812 0.9973691324930005
1629013203.878424644 1.0454323124346006 0.8821466032466105 0.0 0.0 0.0 0.07249009847049274 0.9973691320788599
1629013203.878424644 1.2463708032455665 0.8544078195494277 0.0 0.0 0.0 -0.00603310599934286 0.9999818006503922
1629013204.072945595 1.129650782507085 0.869401401821138 0.0 0.0 0.0 0.028812837404563564 0.9995848240147998
1629013204.072945595 1.1299411072038597 0.8686484439519434 0.0 0.0 0.0 0.028812779753606684 0.9995848256765757
1629013204.072945595 1.2456569818099346 0.8542388761786173 0.0 0.0 0.0 -0.006033071925101289 0.9999818008559689
1629013204.072945595 1.2723891644026697 0.8378298668843475 0.0 0.0 0.0 -0.026758951417617034 0.9996419151471339
1629013204.573929071 1.2733307978310515 0.838095744063045 0.0 0.0 0.0 -0.02675898775737507 0.9996419141743711
1629013204.573929071 1.2736910201116447 0.838386818961616 0.0 0.0 0.0 -0.026758999844163002 0.9996419138508249
1629013204.573929071 1.2744844457281268 0.8385239053537142 0.0 0.0 0.0 -0.026758931433017788 0.9996419156820922
1629013204.573929071 1.4649079788860406 0.79324250133363 0.0 0.0 0.0 -0.05118483986514664 0.9986891969817133
1629013204.573929071 1.4655183981265918 0.7934266450244667 0.0 0.0 0.0 -0.05118495365154745 0.9986891911499237
1629013204.573929071 1.465639031093539 0.793459178194691 0.0 0.0 0.0 -0.05118490629121581 0.9986891935772407
1629013205.475691319 1.4636658091390977 0.7925469968619956 0.0 0.0 0.0 -0.05118485981684958 0.998689195959148
1629013205.475691319 1.4652865682938554 0.7928813162080239 0.0 0.0 0.0 -0.05118483517305012 0.9986891972221927
1629013205.475691319 1.8425087192106733 0.7127946569043193 0.0 0.0 0.0 -0.0711961569002821 0.9974623337463077
1629013205.676188707 1.4641619689950802 0.7926187778021067 0.0 0.0 0.0 -0.05118487826621314 0.9986891950135802
1629013205.878082752 1.8417282186570996 0.7125214619509753 0.0 0.0 0.0 -0.07119615833605346 0.9974623336438262
1629013205.878082752 2.044249725451656 0.6928363669811732 0.0 0.0 0.0 -0.07952339213832944 0.9968330001072464
1629013206.076845169 2.044230012638588 0.6949205561983375 0.0 0.0 0.0 -0.07952343172802841 0.9968329969489361
1629013206.076845169 2.0447157238383284 0.693949735049458 0.0 0.0 0.0 -0.07952340545488755 0.996832999044904
1629013206.076845169 2.143864075238634 0.6908059169912582 0.0 0.0 0.0 -0.08488467364828416 0.9963907828656507
1629013206.076845169 2.144052342861587 0.6914431292933956 0.0 0.0 0.0 -0.08488466823352475 0.9963907833269456
1629013206.377456665 2.2853260371863624 0.6785273425780665 0.0 0.0 0.0 -0.09053348416930754 0.9958934120899514
1629013206.477707386 2.1437497025412187 0.6903581904310756 0.0 0.0 0.0 -0.0848846652692067 0.9963907835794823
1629013206.477707386 2.2859203289826397 0.6779345070190819 0.0 0.0 0.0 -0.0905335373042173 0.9958934072596253
1629013206.477707386 2.3134965154538314 0.6576513948254828 0.0 0.0 0.0 -0.09185406752167782 0.995772479173693
1629013207.078907251 2.3123117919788503 0.6576103013196507 0.0 0.0 0.0 -0.0918540869520347 0.9957724773813584
1629013207.078907251 2.595167879394524 0.5778105381635552 0.0 0.0 0.0 -0.09121090434508208 0.9958315976753059
1629013207.379912376 2.3114715742775127 0.6576892535548741 0.0 0.0 0.0 -0.09185408075531477 0.995772477952969
1629013207.379912376 2.596072622942332 0.5778197346231279 0.0 0.0 0.0 -0.09121088554839213 0.9958315993969453
1629013207.379912376 2.749372287053004 0.5874675369380725 0.0 0.0 0.0 -0.06835208814911291 0.9976612611731779
1629013207.580000401 2.748085354667773 0.587489070335085 0.0 0.0 0.0 -0.06835206452526346 0.9976612627917024
1629013207.580000401 2.749192258728099 0.587142467793067 0.0 0.0 0.0 -0.0683520651555869 0.9976612627485175
1629013207.580000401 2.8339732315779673 0.5718330952562298 0.0 0.0 0.0 -0.0480997012193031 0.9988425395139184
1629013207.580000401 2.8344341611336814 0.5719061586427948 0.0 0.0 0.0 -0.048099745343368784 0.9988425373891038
1629013207.580000401 2.8346426877628925 0.5722762985671462 0.0 0.0 0.0 -0.04809973427463088 0.9988425379221241
1629013208.080886364 2.8340251986426073 0.5724897430043734 0.0 0.0 0.0 -0.04809973822987678 0.9988425377316573
1629013208.080886364 2.8343427020101783 0.5743438319691825 0.0 0.0 0.0 -0.04809974231689562 0.998842537534845
1629013208.080886364 2.834617571109853 0.5738420728239066 0.0 0.0 0.0 -0.04809975659610643 0.9988425368472227
1629013208.080886364 3.0148336224745442 0.49711252296102665 0.0 0.0 0.0 0.009144935262355857 0.9999581842052433
1629013208.481552601 3.0140530242985872 0.49776043561622185 0.0 0.0 0.0 0.009144956485586124 0.9999581840111499
1629013208.481552601 3.014678309722882 0.4984357852772223 0.0 0.0 0.0 0.00914490820316139 0.9999581844527079
1629013208.481552601 3.1794581385086773 0.5115095713948653 0.0 0.0 0.0 0.06695382521310661 0.9977560750450647
1629013208.481552601 3.180405955579865 0.5118413198014898 0.0 0.0 0.0 0.06695380409097083 0.9977560764624528
1629013208.481552601 3.1809217044237315 0.5108882188541267 0.0 0.0 0.0 0.06695376541603415 0.9977560790577097
1629013208.481552601 3.181187491560134 0.5108721964708419 0.0 0.0 0.0 0.06695378814280581 0.9977560775326444
1629013209.383306265 3.178421810741092 0.5114266018810827 0.0 0.0 0.0 0.0669538500545389 0.9977560733780949
1629013209.383306265 3.347328026112979 0.5226730246146746 0.0 0.0 0.0 0.17757501100433695 0.984107268272524
1629013209.483502388 3.1771991772781987 0.5120610213343673 0.0 0.0 0.0 0.06695386752214011 0.9977560722059414
1629013209.483502388 3.4621151273134108 0.480687108644057 0.0 0.0 0.0 0.2509353836530409 0.9680038394711569
1629013209.784077168 3.3472475363725365 0.5239684509578878 0.0 0.0 0.0 0.17757497368424172 0.9841072750066635
1629013209.784077168 3.4622449634401486 0.48051441662066285 0.0 0.0 0.0 0.2509353567954703 0.9680038464334375
1629013209.784077168 3.527861750069464 0.5167490663836336 0.0 0.0 0.0 0.2955549034205935 0.9553257554698521
1629013209.986763000 3.4619960419374234 0.4813530411798483 0.0 0.0 0.0 0.25093540414793547 0.9680038341582704
1629013209.986763000 3.527899408764763 0.5170893142332091 0.0 0.0 0.0 0.29555493042520875 0.9553257471152706
1629013209.986763000 3.583783796940012 0.5673021209969809 0.0 0.0 0.0 0.3245506741970715 0.9458683100084421
1629013209.986763000 3.583926044880993 0.569009407679503 0.0 0.0 0.0 0.32455065127796673 0.9458683178725502
1629013210.385328293 3.5840108632851426 0.5681217748843085 0.0 0.0 0.0 0.32455058801249154 0.9458683395804862
1629013210.385328293 3.5850084855412025 0.5680387455068518 0.0 0.0 0.0 0.32455062462491 0.9458683270178682
1629013210.385328293 3.6764275402888194 0.6643514423316637 0.0 0.0 0.0 0.3806256467670859 0.9247292128094243
1629013210.385328293 3.676452775912623 0.6653067258293575 0.0 0.0 0.0 0.3806256511579328 0.924729211002118
1629013210.786072731 3.676397618492271 0.6642007210632397 0.0 0.0 0.0 0.3806256453715764 0.9247292133838267
1629013210.786072731 3.765023215683203 0.7842899882779358 0.0 0.0 0.0 0.44163579722524016 0.8971944173974928
1629013210.786072731 3.7661609626599133 0.7823795628016823 0.0 0.0 0.0 0.4416357941587003 0.8971944189069692
1629013210.786072731 3.766375036500075 0.7829107103628806 0.0 0.0 0.0 0.44163578862312003 0.8971944216318082
1629013210.786072731 3.7667307383834547 0.7824295344639879 0.0 0.0 0.0 0.44163580283025383 0.8971944146384757
1629013211.487395525 3.7664313193269536 0.7817173397869587 0.0 0.0 0.0 0.4416358122100546 0.8971944100213539
1629013211.487395525 3.9356189906087717 1.0622054920543333 0.0 0.0 0.0 0.5439228783145134 0.8391352110631844
1629013211.687815666 3.7663725031155852 0.7821046679096626 0.0 0.0 0.0 0.44163579669919995 0.8971944176564314
1629013211.687815666 3.935472196283852 1.0623269489931808 0.0 0.0 0.0 0.5439228782872644 0.8391352110808471
1629013211.687815666 4.049167791024942 1.287201959547875 0.0 0.0 0.0 0.6002890338670012 0.7997831429950386
1629013211.687815666 4.049170954493765 1.287709054890976 0.0 0.0 0.0 0.6002890209917261 0.799783152658766
1629013212.089605808 4.050638644858262 1.2879316751851377 0.0 0.0 0.0 0.6002890153415453 0.7997831568995923
1629013212.089605808 4.090604280998222 1.4920322466379818 0.0 0.0 0.0 0.6548002440256555 0.755801984929877
1629013212.389182568 4.050447028316419 1.288356244084891 0.0 0.0 0.0 0.6002890284383543 0.7997831470695895
1629013212.489371300 4.091154978478171 1.4915697163806825 0.0 0.0 0.0 0.6548002616493751 0.7558019696613062
1629013212.489371300 4.110457522818121 1.728645253939082 0.0 0.0 0.0 0.6786363081924169 0.7344744796131224
1629013212.790127516 4.110188755211215 1.7285161432943141 0.0 0.0 0.0 0.6786362841874212 0.7344745017931458
1629013212.790127516 4.1107198982137625 1.7278055225782314 0.0 0.0 0.0 0.6786362791575695 0.7344745064406043
1629013212.790127516 4.116547660102155 1.9132743188738546 0.0 0.0 0.0 0.6687392336105215 0.7434970325630172
1629013212.790127516 4.117530305142015 1.9132473712678768 0.0 0.0 0.0 0.6687392770886049 0.7434969934566044
1629013213.491334200 4.098578693162618 2.175310753136585 0.0 0.0 0.0 0.6215972939511815 0.7833369671811541
1629013213.491334200 4.118055523177655 1.9138036519924404 0.0 0.0 0.0 0.6687392923438001 0.7434969797353002
1629013213.491334200 4.118282369076397 1.9122018398554825 0.0 0.0 0.0 0.6687392991342629 0.7434969736276099
1629013213.691732168 4.101676173703989 2.2712214840749 0.0 0.0 0.0 0.5958627943462 0.8030862533463875
1629013213.691732168 4.117551520546089 1.9145333010810186 0.0 0.0 0.0 0.6687393229738224 0.743496952185087
1629013213.892106056 4.097893446112657 2.1743518083601288 0.0 0.0 0.0 0.6215973046037281 0.7833369587280943
1629013213.992370605 4.102366424736749 2.271538408707269 0.0 0.0 0.0 0.5958628108566868 0.8030862410961654
1629013213.992370605 4.159176527402733 2.4400030057478674 0.0 0.0 0.0 0.5556448086970727 0.8314197775901133
1629013214.192687035 4.102548604698678 2.2713325641266042 0.0 0.0 0.0 0.5958628180467198 0.8030862357614041
1629013214.192687035 4.160611137721858 2.5145749357169715 0.0 0.0 0.0 0.5282888740829166 0.8490647004323076
1629013214.394271851 4.158415549435562 2.4402221468917746 0.0 0.0 0.0 0.5556448461866783 0.8314197525354943
1629013214.394271851 4.1750054171147415 2.581169441839223 0.0 0.0 0.0 0.5006044394317923 0.8656761491580908
1629013214.793873310 4.1523872945361315 2.6654358949903916 0.0 0.0 0.0 0.4474185321731778 0.8943246933122215
1629013214.793873310 4.161834430855328 2.514746837689064 0.0 0.0 0.0 0.5282888794070069 0.8490646971196535
1629013214.793873310 4.176466308009051 2.580951740186056 0.0 0.0 0.0 0.5006043964780229 0.8656761739974564
1629013215.094453812 4.141730204472862 2.7224350696559774 0.0 0.0 0.0 0.4040413711133129 0.9147407121304234
1629013215.094453812 4.142221421640665 2.722792199019117 0.0 0.0 0.0 0.4040413982090553 0.9147407001622218
1629013215.094453812 4.15278820673262 2.665419724482218 0.0 0.0 0.0 0.4474185501888899 0.8943246842992045
1629013215.094453812 4.178183044384319 2.5809219036520186 0.0 0.0 0.0 0.5006043107264164 0.8656762235860065
1629013215.595432520 4.12611547301661 2.773270131420865 0.0 0.0 0.0 0.33092128062886134 0.9436583629825755
1629013215.595432520 4.141585243453642 2.723088291220917 0.0 0.0 0.0 0.4040413983413422 0.9147407001037905
1629013215.695641518 4.124598398383949 2.7773650604289895 0.0 0.0 0.0 0.314527226875066 0.9492484519630678
1629013215.695641518 4.141594906619216 2.723408630383436 0.0 0.0 0.0 0.40404144432636907 0.9147406797921811
1629013215.795802355 4.1241056257088475 2.7780728009032223 0.0 0.0 0.0 0.31452722573850006 0.9492484523396615
1629013215.795802355 4.124808594824886 2.7771325600190404 0.0 0.0 0.0 0.31452724007365773 0.9492484475898012
1629013215.795802355 4.127015489592647 2.773295977623043 0.0 0.0 0.0 0.33092131103869143 0.9436583523184827
1629013215.795802355 4.127718815397336 2.7738192505757207 0.0 0.0 0.0 0.29887640010252675 0.9542918303442371
1629013215.996199131 4.127887417719178 2.7735862207103805 0.0 0.0 0.0 0.2988764372169918 0.9542918187202893
1629013215.996199131 4.170696470993999 2.814745946794374 0.0 0.0 0.0 0.26621041289260644 0.9639149423406341
1629013216.196589470 4.170747640294527 2.814713101708608 0.0 0.0 0.0 0.26621037552818605 0.9639149526597988
1629013216.196589470 4.259350176939384 2.8722231809157477 0.0 0.0 0.0 0.2333542266353561 0.9723917959914177
1629013216.497184753 4.169813844848966 2.8148841146896992 0.0 0.0 0.0 0.2662104187494553 0.9639149407231116
1629013216.497184753 4.387258769580672 2.931561323023247 0.0 0.0 0.0 0.18255497735518128 0.983195646981235
1629013216.597385406 4.258478320574228 2.871056333256405 0.0 0.0 0.0 0.23335427020526167 0.9723917855355266
1629013216.597385406 4.25868953738129 2.870828082254119 0.0 0.0 0.0 0.23335427919354676 0.9723917833785208
1629013216.597385406 4.387550485998577 2.931466513174105 0.0 0.0 0.0 0.18255498126840516 0.9831956462546466
1629013216.597385406 4.433110130492663 2.9520345661021783 0.0 0.0 0.0 0.1654814507496784 0.9862129027029517
1629013216.597385406 4.43313491027441 2.9521517620042546 0.0 0.0 0.0 0.16548149193948813 0.9862128957915127
1629013216.597385406 4.433431687314857 2.952484658670287 0.0 0.0 0.0 0.1654814742576169 0.9862128987584403
1629013217.098364115 4.433036365458015 2.9515904884015303 0.0 0.0 0.0 0.16548146477986317 0.9862129003487589
1629013217.098364115 4.4330630777493365 2.9516020478584495 0.0 0.0 0.0 0.16548144176359073 0.986212904210771
1629013217.098364115 4.591162600509024 2.9795541733179047 0.0 0.0 0.0 0.08648284735435552 0.9962533398255101
1629013217.499140263 4.591335788590461 2.980034004693027 0.0 0.0 0.0 0.08648288566920259 0.9962533364994707
1629013217.499140263 4.807144275525749 3.0159144129694075 0.0 0.0 0.0 0.015946387374807858 0.9998728482810665
1629013217.599331856 4.590241298484711 2.978442071075029 0.0 0.0 0.0 0.08648290430655176 0.9962533348815972
1629013217.599331856 4.590685200382309 2.9773199198871594 0.0 0.0 0.0 0.08648295842879497 0.9962533301833442
1629013217.599331856 4.5908305557011335 2.977756443401396 0.0 0.0 0.0 0.0864829376084404 0.9962533319907214
1629013217.599331856 4.809068100029554 3.014980737059016 0.0 0.0 0.0 0.015946359951427774 0.9998728487184255
1629013217.599331856 4.879961269428316 3.0171675114928296 0.0 0.0 0.0 -0.0027080687639526126 0.9999963331750621
1629013217.799716949 4.809896065630204 3.014701741514283 0.0 0.0 0.0 0.01594634074789483 0.9998728490246908
1629013217.799716949 4.880960250945356 3.0176064979834805 0.0 0.0 0.0 -0.0027080716554188063 0.9999963331672317
1629013217.799716949 4.881149028742981 3.0169783041682945 0.0 0.0 0.0 -0.0027080851020304755 0.9999963331308171
1629013217.799716949 4.996730943717461 3.0178208416098906 0.0 0.0 0.0 -0.04082442278160804 0.999166335754237
1629013218.100379467 4.9950664723418825 3.017189593090669 0.0 0.0 0.0 -0.040824468407403655 0.999166333890035
1629013218.100379467 4.99561070528878 3.017267615598211 0.0 0.0 0.0 -0.04082445134487531 0.9991663345871847
1629013218.100379467 5.200723292523283 3.014266649309983 0.0 0.0 0.0 -0.09873121129569051 0.9951141381349607
1629013218.200509548 4.994762788174454 3.01777290999086 0.0 0.0 0.0 -0.040824478850362896 0.9991663334633509
1629013218.200509548 5.2000340584993925 3.013433753698617 0.0 0.0 0.0 -0.09873124772289994 0.9951141345207992
1629013218.200509548 5.2853299404605565 3.031891367358636 0.0 0.0 0.0 -0.1183308013882755 0.9929742299993533
1629013218.200509548 5.285435554630744 3.03231172754812 0.0 0.0 0.0 -0.11833080241177987 0.9929742298773843
1629013218.200509548 5.286485493927918 3.0320035086734674 0.0 0.0 0.0 -0.11833078750139042 0.9929742316542262
1629013218.200509548 5.286845348061718 3.0317050017270732 0.0 0.0 0.0 -0.11833072110141912 0.992974239566978
1629013219.406359673 5.28543977694822 3.0325821246407023 0.0 0.0 0.0 -0.11833079250142178 0.9929742310583822
1629013219.406359673 5.49502994292608 2.996524043711208 0.0 0.0 0.0 -0.16003419908437086 0.9871114704649238
1629013219.503051281 5.495427101163081 2.996093835690764 0.0 0.0 0.0 -0.16003413883902973 0.9871114802321216
1629013219.503051281 5.496809040150495 2.9971358397216865 0.0 0.0 0.0 -0.16003416300387133 0.9871114763144284
1629013219.503051281 5.561449190518946 2.978775002896288 0.0 0.0 0.0 -0.1800536827997166 0.983656785322126
1629013219.503051281 5.561592037420276 2.977903855720312 0.0 0.0 0.0 -0.18005368400444963 0.9836567851016054
1629013219.804655790 5.560278448470291 2.9785164136775157 0.0 0.0 0.0 -0.18005371650502922 0.9836567791525287
1629013219.804655790 5.742333471059394 2.9112144515861815 0.0 0.0 0.0 -0.23813249648652618 0.9712326776406849
1629013219.804655790 5.742881387805837 2.912146720902899 0.0 0.0 0.0 -0.2381324350746723 0.9712326926979996
1629013219.804655790 5.743028454983924 2.912126949255468 0.0 0.0 0.0 -0.23813246328097637 0.9712326857822148
1629013220.204417229 5.743483610740422 2.9099430488839015 0.0 0.0 0.0 -0.23813245659221247 0.9712326874222047
1629013220.204417229 5.965526812861075 2.7990953830405814 0.0 0.0 0.0 -0.30118639535498515 0.9535652863087407
1629013220.204417229 5.9663657746229495 2.7971777900859243 0.0 0.0 0.0 -0.30118642177400246 0.9535652779642161
1629013220.204417229 5.967178176424688 2.7991087464858175 0.0 0.0 0.0 -0.301186350361306 0.9535653005201252
1629013220.204417229 5.9672696967914005 2.7986061057711096 0.0 0.0 0.0 -0.3011864419917842 0.9535652715783696
1629013220.204417229 5.968053339468349 2.79895617910107 0.0 0.0 0.0 -0.30118641404981744 0.9535652804039229
1629013220.806005239 5.966749921060225 2.798590485813559 0.0 0.0 0.0 -0.3011863797276597 0.9535652912446771
1629013220.806005239 5.967212548823911 2.7985973979528076 0.0 0.0 0.0 -0.30118637672483406 0.9535652921931284
1629013220.806005239 5.967499998579073 2.798919731472343 0.0 0.0 0.0 -0.3011863524708876 0.9535652998538078
1629013220.806005239 5.967897535338341 2.8000269132166777 0.0 0.0 0.0 -0.30118634086613627 0.9535653035192019
1629013220.806005239 6.257006525955327 2.708422633706627 0.0 0.0 0.0 -0.28734555044868665 0.9578269857533465
1629013221.106210232 5.965322834900845 2.799390963268823 0.0 0.0 0.0 -0.30118631988760125 0.9535653101453322
1629013221.106210232 5.965724338328702 2.798329745936132 0.0 0.0 0.0 -0.30118637622803607 0.9535652923500435
1629013221.106210232 5.966597271800625 2.797953688250803 0.0 0.0 0.0 -0.30118634218358936 0.9535653031030805
1629013221.106210232 6.309816108769511 2.6814817998866003 0.0 0.0 0.0 -0.2769416327796134 0.960886742563015
1629013221.406772852 5.9654314217468105 2.7991177815402617 0.0 0.0 0.0 -0.30118634682550294 0.9535653016369188
1629013221.406772852 5.965492752462748 2.79840268926555 0.0 0.0 0.0 -0.3011862992851419 0.9535653166526774
1629013221.406772852 5.9657714196361855 2.7995996953309175 0.0 0.0 0.0 -0.30118629251719115 0.9535653187903538
1629013221.406772852 6.270482813620975 2.7023605581014416 0.0 0.0 0.0 -0.2903070042166136 0.9569335626378537
1629013221.607167244 6.195493243956201 2.7366275990437052 0.0 0.0 0.0 -0.3125348557249732 0.949906292197799
1629013221.707352638 6.154141097431657 2.7641496882278287 0.0 0.0 0.0 -0.32560550292265195 0.9455057146662239
1629013221.807577133 6.101990108078382 2.7944524798715675 0.0 0.0 0.0 -0.34168942198624674 0.9398129276099072
1629013221.907737732 6.0477409231652866 2.8162009890514184 0.0 0.0 0.0 -0.3580981151489026 0.9336839614809731
1629013221.907737732 6.047798853256933 2.816463423792282 0.0 0.0 0.0 -0.3580981153688349 0.9336839613966219
1629013221.907737732 6.047851299841327 2.8161674827348286 0.0 0.0 0.0 -0.3580981073132162 0.9336839644862133
1629013221.907737732 6.047939761022116 2.816479271262971 0.0 0.0 0.0 -0.3580980586520622 0.9336839831493439
1629013221.907737732 6.048134626677999 2.816316890715987 0.0 0.0 0.0 -0.35809816385747767 0.9336839427996516
1629013221.907737732 6.048866163532837 2.8161975331214006 0.0 0.0 0.0 -0.35809808338279586 0.9336839736643059
1629013223.711259842 5.881835907745314 2.8460343289295746 0.0 0.0 0.0 -0.3990807626086071 0.9169157785291584
1629013223.711259842 6.047559233916539 2.8161411270073873 0.0 0.0 0.0 -0.35809813481658137 0.9336839539377795
1629013223.911646843 5.766701241912291 2.913878023041953 0.0 0.0 0.0 -0.4367022216451652 0.8996061191489179
1629013223.911646843 6.047556935879138 2.8165775638002812 0.0 0.0 0.0 -0.3580981309777855 0.9336839554100824
1629013223.911646843 6.048037471774393 2.8161464091415795 0.0 0.0 0.0 -0.35809813633360466 0.9336839533559518
1629013224.012077093 5.729861873251166 2.9727269963690643 0.0 0.0 0.0 -0.45635267076107505 0.8897989884739327
1629013224.012077093 6.046968666115803 2.816253449681467 0.0 0.0 0.0 -0.3580980954285546 0.9336839690443667
1629013224.212237358 5.664571829665085 3.0358577842500267 0.0 0.0 0.0 -0.49171480873960915 0.870756307393848
1629013224.212237358 6.045473505047068 2.816917102741352 0.0 0.0 0.0 -0.3580982327631529 0.9336839163720808
1629013224.212237358 6.046335161006958 2.8175356875613002 0.0 0.0 0.0 -0.3580981763124522 0.9336839380227636
1629013224.212237358 6.04709153133899 2.8168260295130345 0.0 0.0 0.0 -0.3580981832905987 0.9336839353464172
1629013224.212237358 6.047183841114061 2.816271989573116 0.0 0.0 0.0 -0.35809811448662593 0.9336839617349777
1629013224.212237358 6.04738883228586 2.816673327012485 0.0 0.0 0.0 -0.3580980995417543 0.9336839674668211
1629013224.813429356 5.475440137084804 3.2211390975538827 0.0 0.0 0.0 -0.49575983249366645 0.8684596642826031
1629013224.813429356 6.045225732924683 2.8175242552802358 0.0 0.0 0.0 -0.3580982614900284 0.9336839053543866
1629013224.813429356 6.046701008991887 2.8172962026006005 0.0 0.0 0.0 -0.35809825010417534 0.9336839097212329
1629013224.813429356 6.047388404000656 2.818529058587683 0.0 0.0 0.0 -0.3580982775561857 0.9336838991924906
1629013225.014685154 5.3885532628840345 3.3524982281641647 0.0 0.0 0.0 -0.4750459663486816 0.8799609820076384
1629013225.014685154 6.047386722933407 2.816499986897931 0.0 0.0 0.0 -0.3580982807028717 0.9336838979856338
1629013225.114006281 5.344654870429889 3.417502459247684 0.0 0.0 0.0 -0.46304552070314936 0.8863344999246894
1629013225.114006281 6.047290813167473 2.8150519613052247 0.0 0.0 0.0 -0.358098281929489 0.9336838975151859
1629013225.314388275 5.262809203948539 3.517229136835732 0.0 0.0 0.0 -0.4359296383849565 0.8999807500038881
1629013225.314388275 6.0473053976292706 2.814912228063213 0.0 0.0 0.0 -0.35809826235112596 0.9336839050241277
1629013225.514781952 5.163594627993395 3.633617625191885 0.0 0.0 0.0 -0.40699253295015464 0.91343148518256
1629013225.614995480 5.115727061085278 3.68814253101417 0.0 0.0 0.0 -0.3916077411342188 0.9201322606472151
1629013225.715173721 5.070809232322619 3.72630614887788 0.0 0.0 0.0 -0.3741407099437536 0.9273719475824056
1629013226.015756130 5.07151396394491 3.7271991109794116 0.0 0.0 0.0 -0.3741406791833435 0.9273719599924436
1629013226.015756130 6.048129702089656 2.814087380031954 0.0 0.0 0.0 -0.35809826539706757 0.9336839038559096
1629013226.015756130 6.048135553009092 2.8152477799578315 0.0 0.0 0.0 -0.3580982993914478 0.933683890817954
1629013226.416540146 4.732180797034432 3.8451229827980353 0.0 0.0 0.0 -0.24396797066081016 0.9697832898599801
1629013226.416540146 4.7325849901911585 3.8450205100667314 0.0 0.0 0.0 -0.24396793305747252 0.969783299319835
1629013226.416540146 5.072383944695038 3.7273971430623165 0.0 0.0 0.0 -0.37414069323870053 0.927371954321924
1629013226.416540146 5.072521029368005 3.7271487953421736 0.0 0.0 0.0 -0.37414064860375307 0.9273719723295302
1629013226.618190289 4.600671719529233 3.898974048379237 0.0 0.0 0.0 -0.20044772236059585 0.9797043996024768
1629013226.618190289 4.731918096870581 3.844585070495075 0.0 0.0 0.0 -0.24396798434176645 0.9697832864182676
1629013226.618190289 4.732568626667092 3.8436555956050036 0.0 0.0 0.0 -0.24396797222866848 0.9697832894655546
1629013226.817325592 4.460920748928338 3.946594595485566 0.0 0.0 0.0 -0.15626536414658748 0.9877151087070272
1629013226.817325592 4.599112752409327 3.8991788840063957 0.0 0.0 0.0 -0.2004476629071845 0.9797044117666551
1629013226.917517185 4.393552304306215 3.957961300040701 0.0 0.0 0.0 -0.13374171254234832 0.9910162230388764
1629013226.917517185 4.3938891970874865 3.957747979553362 0.0 0.0 0.0 -0.13374174329950558 0.991016218888071
1629013226.917517185 4.394264199028258 3.957236893862344 0.0 0.0 0.0 -0.13374169703590713 0.9910162251315342
1629013226.917517185 4.461775591383507 3.946630452542035 0.0 0.0 0.0 -0.15626535693802138 0.9877151098474868
1629013227.318311214 4.142448419292201 3.9357775301160807 0.0 0.0 0.0 -0.05090893209473263 0.998703299600524
1629013227.318311214 4.394116553361053 3.9592025359843435 0.0 0.0 0.0 -0.13374171722356967 0.9910162224071263
1629013227.418504953 4.0635794444461775 3.9324880677967218 0.0 0.0 0.0 -0.02687099164164478 0.9996389097109989
1629013227.418504953 4.142323758091614 3.935514290397942 0.0 0.0 0.0 -0.05090889004546551 0.9987033017439858
1629013227.418504953 4.394633644014885 3.9590487437129416 0.0 0.0 0.0 -0.13374171756064923 0.991016222361636
1629013227.618903399 3.9340764961386623 3.9183362639483286 0.0 0.0 0.0 -0.005843240747762241 0.9999829281230573
1629013227.618903399 4.06277830695818 3.9323730594655655 0.0 0.0 0.0 -0.02687100278141323 0.9996389094115541
1629013227.618903399 4.063020100176745 3.9325443095239496 0.0 0.0 0.0 -0.026870993159367106 0.9996389096702015
1629013227.819284201 3.818717384063538 3.9140829852279553 0.0 0.0 0.0 -0.00908652474451764 0.9999587166818774
1629013227.819284201 3.8194285289235923 3.9138353957768754 0.0 0.0 0.0 -0.009086531880214802 0.9999587166170361
1629013227.819284201 3.820282852841248 3.9138866494350957 0.0 0.0 0.0 -0.009086524473211762 0.9999587166843428
1629013227.819284201 3.935030520185002 3.918107310428833 0.0 0.0 0.0 -0.005843183291486499 0.9999829284587923
1629013227.819284201 3.9351199463657016 3.917402083715851 0.0 0.0 0.0 -0.005843155611976324 0.9999829286205311
1629013228.220059395 3.715941867801688 3.9098922793285866 0.0 0.0 0.0 -0.021299698491884397 0.9997731356883695
1629013228.220059395 3.8192603149044357 3.9137630566061863 0.0 0.0 0.0 -0.009086541643243937 0.9999587165283202
1629013228.220059395 3.81934514828345 3.9133277588919455 0.0 0.0 0.0 -0.009086524206171917 0.9999587166867694
1629013228.420449734 3.7150206505756223 3.909251157653108 0.0 0.0 0.0 -0.021299647834266144 0.999773136767605
1629013228.420449734 3.7153470987207338 3.909340570893673 0.0 0.0 0.0 -0.021299679626480397 0.9997731360902878
1629013228.420449734 3.73191169297188 3.9114518633995345 0.0 0.0 0.0 -0.01635099282613125 0.9998663135807706
1629013228.620867252 3.731601971296252 3.910852568062358 0.0 0.0 0.0 -0.016350981647543592 0.9998663137635759
1629013228.620867252 3.732569912790537 3.9110628141409314 0.0 0.0 0.0 -0.016350966915830184 0.999866314004486
1629013228.620867252 3.7767297593555047 3.9217156944208633 0.0 0.0 0.0 -0.004832674087110001 0.9999883225624027
1629013228.620867252 3.7778450816564426 3.92123056133825 0.0 0.0 0.0 -0.004832672405123644 0.9999883225705312
1629013228.821250439 3.776667673288992 3.921758047101577 0.0 0.0 0.0 -0.0048326524875904695 0.999988322666787
1629013228.821250439 3.848118557130937 3.923357869425413 0.0 0.0 0.0 0.015589269208221465 0.9998784799592166
1629013229.021659851 3.846818390913051 3.922435585786287 0.0 0.0 0.0 0.015589284466489784 0.9998784797213224
1629013229.021659851 3.9332316258962736 3.92981481043 0.0 0.0 0.0 0.04401326489597266 0.999030946724473
1629013229.121829271 3.8461596715213804 3.9224870234828195 0.0 0.0 0.0 0.015589280616291456 0.9998784797813515
1629013229.121829271 3.9779970333012855 3.9448100097923784 0.0 0.0 0.0 0.059821137669782656 0.9982091121042188
1629013229.222027302 3.9333532797441606 3.929482488539896 0.0 0.0 0.0 0.044013273835726556 0.9990309463306236
1629013229.222027302 3.978360031091571 3.945102196802032 0.0 0.0 0.0 0.059821140700887156 0.9982091119225693
1629013229.222027302 4.029696576264887 3.9513393752838017 0.0 0.0 0.0 0.07662643713047752 0.9970598723911663
1629013229.422421217 4.028621378429842 3.949895281994633 0.0 0.0 0.0 0.0766264325762848 0.9970598727411669
1629013229.422421217 4.02873873353991 3.9499176917474697 0.0 0.0 0.0 0.07662639863605444 0.9970598753495542
1629013229.422421217 4.1382720225303915 3.9696095688421673 0.0 0.0 0.0 0.11285500726469354 0.9936114669906371
1629013229.422421217 4.138503167672304 3.970298359088113 0.0 0.0 0.0 0.1128550339915799 0.9936114639549805
1629013229.422421217 4.138992530242447 3.969517939312809 0.0 0.0 0.0 0.11285499909867906 0.993611467918138
1629013229.422421217 4.139950610954166 3.9704544219156226 0.0 0.0 0.0 0.11285496654625285 0.993611471615462
1629013230.023580551 4.140610277915643 3.9711552079773456 0.0 0.0 0.0 0.11285499297444256 0.9936114686137326
1629013230.023580551 4.398061267917604 4.029052961325964 0.0 0.0 0.0 0.21286855043568348 0.9770808463148845
1629013230.123798370 4.140678186041294 3.9705883253924115 0.0 0.0 0.0 0.11285493584247344 0.9936114751028147
1629013230.123798370 4.525608875382628 4.029693486384496 0.0 0.0 0.0 0.2509721951930944 0.9679942960782152
1629013230.223979473 4.398748555806016 4.028298553128963 0.0 0.0 0.0 0.21286858396584496 0.9770808390099439
1629013230.223979473 4.524383028555595 4.030362410060501 0.0 0.0 0.0 0.25097220785191854 0.9679942927961577
1629013230.223979473 4.572815454956758 4.0479622514557025 0.0 0.0 0.0 0.2701271261875478 0.9628246650858383
1629013230.424386501 4.572722837512549 4.045396393973413 0.0 0.0 0.0 0.2701271837609239 0.9628246489332272
1629013230.424386501 4.573842043445829 4.045885205403786 0.0 0.0 0.0 0.27012712204584366 0.962824666247822
1629013230.424386501 4.663055784423001 4.091187735275723 0.0 0.0 0.0 0.30783595289089377 0.9514394495225408
1629013230.624771357 4.6628983276585005 4.091309913667096 0.0 0.0 0.0 0.3078359749528777 0.9514394423844384
1629013230.624771357 4.752307322990268 4.130507210624876 0.0 0.0 0.0 0.33743786981698054 0.9413478018317026
1629013230.724998474 4.662864484241168 4.09160501678898 0.0 0.0 0.0 0.3078359650845689 0.9514394455773063
1629013230.724998474 4.7517769238777054 4.1323362132068215 0.0 0.0 0.0 0.3374378902974835 0.9413477944902104
1629013230.724998474 4.79427467813921 4.150202404855896 0.0 0.0 0.0 0.3439685884753408 0.9389811553712256
1629013230.724998474 4.794762374499251 4.151228944521817 0.0 0.0 0.0 0.34396854461031223 0.9389811714399089
1629013230.724998474 4.7947862799891245 4.148725533267737 0.0 0.0 0.0 0.3439686112337981 0.9389811470343227
1629013230.724998474 4.7948921736397665 4.148819924817691 0.0 0.0 0.0 0.34396860947678104 0.938981147677955
1629013231.125766754 4.795688111091273 4.148793284108423 0.0 0.0 0.0 0.34396861989435806 0.9389811438617768
1629013231.125766754 4.905763358818127 4.225648083712551 0.0 0.0 0.0 0.3365597454636278 0.9416621144197413
1629013231.225924015 4.906000448403895 4.224756724599096 0.0 0.0 0.0 0.33655976418727834 0.9416621077277154
1629013231.225924015 4.929565494348288 4.237385130101574 0.0 0.0 0.0 0.3332781106063261 0.9428285639450459
1629013231.426332474 4.926850265787766 4.236978687177346 0.0 0.0 0.0 0.3349454616598601 0.9422375166132281
1629013231.426332474 4.927074551590694 4.237057480990004 0.0 0.0 0.0 0.3349454364722083 0.9422375255669039
1629013231.426332474 4.929365242057114 4.236369179887455 0.0 0.0 0.0 0.33327813631573877 0.9428285548570895
1629013231.426332474 4.9294403913291465 4.236627615160756 0.0 0.0 0.0 0.3332781079838854 0.9428285648720459
1629013231.726910353 4.869890692716788 4.186408333497387 0.0 0.0 0.0 0.3550609207700096 0.9348431646762749
1629013231.726910353 4.870356152727215 4.186459286071113 0.0 0.0 0.0 0.3550609098578936 0.9348431688207839
1629013231.726910353 4.927036873631034 4.238673633859914 0.0 0.0 0.0 0.3349455260756426 0.9422374937147805
1629013231.726910353 4.927042763621986 4.2368661592365635 0.0 0.0 0.0 0.33494548899651444 0.9422375068956265
1629013231.927503109 4.792219947750917 4.127799385211537 0.0 0.0 0.0 0.3847551528382352 0.9230186738980021
1629013231.927503109 4.869886938750567 4.18574942793101 0.0 0.0 0.0 0.3550609550731964 0.9348431516476492
1629013232.027493000 4.744802636971732 4.093474855499389 0.0 0.0 0.0 0.4038661245949372 0.9148180985336193
1629013232.027493000 4.870097064205409 4.185724676077838 0.0 0.0 0.0 0.35506098687615484 0.9348431395686289
1629013232.227927685 4.655926471330685 4.000107626476284 0.0 0.0 0.0 0.44476470592314266 0.895647450934295
1629013232.227927685 4.745110811523166 4.093660988626907 0.0 0.0 0.0 0.4038661423347073 0.914818090702016
1629013232.227927685 4.791623190348212 4.126937347967718 0.0 0.0 0.0 0.3847551915128086 0.9230186577767223
1629013232.328094959 4.606277974082341 3.9501976389848683 0.0 0.0 0.0 0.46762196830475716 0.8839285574970325
1629013232.328094959 4.6566815188495285 4.001030733631215 0.0 0.0 0.0 0.44476472129158323 0.8956474433025644
1629013232.428275108 4.555326844471271 3.888857948379589 0.0 0.0 0.0 0.49155331738700064 0.8708474815751807
1629013232.428275108 4.607096189508943 3.9503782283746904 0.0 0.0 0.0 0.4676219705995521 0.8839285562830242
1629013232.528468847 4.521035241680619 3.8085916570777147 0.0 0.0 0.0 0.51604492807269 0.8565615168862376
1629013232.528468847 4.555076392146538 3.8900404119726173 0.0 0.0 0.0 0.49155331282293424 0.870847484151386
1629013232.628664970 4.4760942864839235 3.735009718373512 0.0 0.0 0.0 0.5395332779718863 0.841964275941035
1629013232.628664970 4.521199852150903 3.808887260595836 0.0 0.0 0.0 0.5160449385633658 0.8565615105660142
1629013232.728875399 4.438042974767374 3.6639650231102445 0.0 0.0 0.0 0.5629201822041515 0.8265112633638121
1629013232.728875399 4.438326986535106 3.6628258838118626 0.0 0.0 0.0 0.5629201979076329 0.8265112526684869
1629013232.728875399 4.438773275284666 3.6636226027039878 0.0 0.0 0.0 0.5629202209694391 0.8265112369615538
1629013232.728875399 4.47636763141614 3.736346754448685 0.0 0.0 0.0 0.5395332779036909 0.8419642759847348
1629013233.129659176 4.339558565333612 3.461939878392359 0.0 0.0 0.0 0.6347744669981747 0.7726974673487569
1629013233.129659176 4.4393881038659675 3.6630710000872986 0.0 0.0 0.0 0.5629202055072987 0.8265112474925073
1629013233.129659176 4.439592553014099 3.6633824233873438 0.0 0.0 0.0 0.5629202329985938 0.8265112287687377
1629013233.129659176 4.440734071947573 3.6643081403313955 0.0 0.0 0.0 0.5629202074776579 0.8265112461505352
1629013233.430244684 4.302896257579577 3.2750343003095232 0.0 0.0 0.0 0.6808586334761685 0.7324148559532121
1629013233.430244684 4.33954358324956 3.463787800225111 0.0 0.0 0.0 0.6347744516444224 0.7726974799619337
1629013233.530465126 4.298828251139473 3.212747503138558 0.0 0.0 0.0 0.6934091605058822 0.7205440556458208
1629013233.530465126 4.3041097024705355 3.275699095537758 0.0 0.0 0.0 0.6808585898528839 0.7324148965057594
1629013233.530465126 4.340208098569039 3.4642254734459472 0.0 0.0 0.0 0.6347744645568338 0.7726974693543295
1629013233.730814695 4.298986285161516 3.2117230107636288 0.0 0.0 0.0 0.6934091682448131 0.7205440481983294
1629013233.730814695 4.2999109030259826 3.2124499298948894 0.0 0.0 0.0 0.6934091791909592 0.7205440376644027
1629013233.730814695 4.3006402593974284 3.2132193470194665 0.0 0.0 0.0 0.6934092026927531 0.7205440150476586
1629013233.730814695 4.302435618049684 3.119939679993868 0.0 0.0 0.0 0.7153698116635819 0.6987460429658342
1629013233.730814695 4.302690010090635 3.1185340589263713 0.0 0.0 0.0 0.7153698108037422 0.6987460438461301
1629013233.730814695 4.303157799612957 3.11829185922827 0.0 0.0 0.0 0.715369799014088 0.69874605591627
1629013233.730814695 4.303176175648978 3.119057793780874 0.0 0.0 0.0 0.7153698040602802 0.6987460507500248
1629013234.632601976 4.303794601658176 3.1190384711161454 0.0 0.0 0.0 0.7153698054310537 0.6987460493466395
1629013234.632601976 4.304005268857935 3.1188726434591296 0.0 0.0 0.0 0.7153698184382151 0.6987460360300265
1629013234.632601976 4.306062536310847 2.88806212835465 0.0 0.0 0.0 0.7447196865713189 0.6673773958062382
1629013234.632601976 4.306690317423346 2.889158833762971 0.0 0.0 0.0 0.7447196895300604 0.6673773925046087
1629013234.632601976 4.3072354854747275 2.88966523859935 0.0 0.0 0.0 0.7447196853355419 0.6673773971852295
1629013235.033603668 4.305991345726556 2.888737068055618 0.0 0.0 0.0 0.7447197103307079 0.6673773692933755
1629013235.033603668 4.325299644816213 2.754968931516208 0.0 0.0 0.0 0.7349328883877216 0.6781398451396885
1629013235.133549213 4.305032365182299 2.888923608571168 0.0 0.0 0.0 0.7447196815663284 0.6673774013912566
1629013235.133549213 4.305165906700984 2.888380564889871 0.0 0.0 0.0 0.7447196744523491 0.6673774093296739
1629013235.133549213 4.305355108378558 2.888497364404765 0.0 0.0 0.0 0.7447196904235068 0.6673773915076209
1629013235.133549213 4.305730949834886 2.888820149371819 0.0 0.0 0.0 0.7447196878541974 0.6673773943746872
1629013235.133549213 4.328919305248898 2.7255994287327594 0.0 0.0 0.0 0.7305687993372161 0.6828390948349241
1629013235.534484386 4.305009499497717 2.88955530303273 0.0 0.0 0.0 0.744719667674296 0.6673774168932346
1629013235.534484386 4.305056315234823 2.8900296165632327 0.0 0.0 0.0 0.7447196395967067 0.6673774482247293
1629013235.534484386 4.306070403356406 2.889101633085989 0.0 0.0 0.0 0.7447196065557168 0.6673774850948287
1629013235.534484386 4.306374589808829 2.8888416771835463 0.0 0.0 0.0 0.7447196276863467 0.6673774615153775
1629013235.534484386 4.306664117981552 2.8891350868837637 0.0 0.0 0.0 0.7447196198505444 0.6673774702592685
1629013235.534484386 4.342606665440716 2.5480561582844428 0.0 0.0 0.0 0.7069891383839539 0.7072244044199227
1629013236.035361052 4.30475196325534 2.888518817575897 0.0 0.0 0.0 0.7447196176848346 0.6673774726759616
1629013236.035361052 4.305861824803768 2.887509477926053 0.0 0.0 0.0 0.7447195689516802 0.6673775270567803
1629013236.035361052 4.306021068027519 2.88815568287926 0.0 0.0 0.0 0.7447195637243821 0.6673775328898673
1629013236.035361052 4.338981275661475 2.2703382634989073 0.0 0.0 0.0 0.6583121887525659 0.7527450180106182
1629013236.335923672 4.306471960428352 2.8882382147820485 0.0 0.0 0.0 0.7447195884444255 0.66737750530503
1629013236.335923672 4.321159575113455 2.0687631208517416 0.0 0.0 0.0 0.6223861331705836 0.7827103559024683
1629013236.335923672 4.338050848561357 2.2694007950487665 0.0 0.0 0.0 0.6583121771530609 0.7527450281549503
1629013236.536616802 4.293392239270927 1.93358865842327 0.0 0.0 0.0 0.5971731332272598 0.8021123667863109
1629013236.536616802 4.320008957962572 2.0683713601041354 0.0 0.0 0.0 0.6223861425439114 0.782710348449099
1629013236.736684799 4.253880529505743 1.809541016318895 0.0 0.0 0.0 0.5701935992496677 0.8215103525669711
1629013236.736684799 4.254274525944112 1.8091979033935592 0.0 0.0 0.0 0.5701935475852387 0.8215103884261965
1629013236.736684799 4.291677924840011 1.934832261695723 0.0 0.0 0.0 0.5971731617765602 0.802112345531339
1629013236.736684799 4.292767152592081 1.935280041281073 0.0 0.0 0.0 0.597173167540659 0.8021123412399638
1629013237.037281513 4.203633208721853 1.6164351180146852 0.0 0.0 0.0 0.5293647980462728 0.8483943131524567
1629013237.037281513 4.254383324020673 1.8093786052139698 0.0 0.0 0.0 0.5701935442832438 0.8215103907180435
1629013237.137472868 4.180911359746883 1.541013812503246 0.0 0.0 0.0 0.5172292678850495 0.855846881423947
1629013237.137472868 4.253939584129036 1.8090747652379313 0.0 0.0 0.0 0.570193517705661 0.8215104091649991
1629013237.237663746 4.1482976886871255 1.4909769333947944 0.0 0.0 0.0 0.5083204850970829 0.8611679768957193
1629013237.237663746 4.2032931772402975 1.6163651784053739 0.0 0.0 0.0 0.5293648014406703 0.8483943110344857
1629013237.337888718 4.1130474092052145 1.452413541071128 0.0 0.0 0.0 0.5051668816650405 0.8630216808799296
1629013237.337888718 4.203641919709274 1.61586164170507 0.0 0.0 0.0 0.529364777068318 0.8483943262418779
1629013237.337888718 4.204031061289998 1.6166053708821917 0.0 0.0 0.0 0.5293647721636137 0.848394329302221
1629013237.337888718 4.204036087348327 1.6168636263303637 0.0 0.0 0.0 0.5293648355573635 0.8483942897470053
1629013237.337888718 4.204450486760892 1.6168594462123425 0.0 0.0 0.0 0.5293648040677214 0.8483943093953088
1629013237.738643646 3.967226504544813 1.283133463557733 0.0 0.0 0.0 0.5295211369190236 0.8482967438084297
1629013237.738643646 4.203074041406754 1.6174113035995257 0.0 0.0 0.0 0.5293648614489996 0.848394273591637
1629013237.738643646 4.203861424259486 1.6169776437838923 0.0 0.0 0.0 0.5293648335503944 0.8483942909992754
1629013237.738643646 4.204020544713312 1.616990519155346 0.0 0.0 0.0 0.5293648290948034 0.8483942937793898
1629013237.738643646 4.204160579993171 1.6181365617981902 0.0 0.0 0.0 0.5293649086040487 0.8483942441687279
1629013237.738643646 4.204905501467516 1.6182691481324718 0.0 0.0 0.0 0.5293648560501505 0.8483942769603078
1629013238.239623070 3.8098072983326365 1.108238150345641 0.0 0.0 0.0 0.5943123780651688 0.8042342925283178
1629013238.239623070 4.203615581297574 1.6192599201175064 0.0 0.0 0.0 0.5293648700579507 0.848394268219988
1629013238.239623070 4.204243949799094 1.618501666546093 0.0 0.0 0.0 0.5293648519984804 0.8483942794883915
1629013238.441780090 3.774283932450471 0.9927309478632379 0.0 0.0 0.0 0.6275583120800752 0.7785695633270074
1629013238.640418053 3.753705744101559 0.8629566177237954 0.0 0.0 0.0 0.6606150543472562 0.7507248164072983
1629013238.941011429 3.734092825548433 0.660912211928741 0.0 0.0 0.0 0.7107512936904054 0.703443386860247
1629013239.041179180 3.7370922917260616 0.584966484268538 0.0 0.0 0.0 0.7267943348671065 0.6868551483428512
1629013239.141399860 3.741748309836065 0.5186280914197579 0.0 0.0 0.0 0.7427230829383306 0.6695987022617217
1629013239.542208195 3.759093160378003 0.37340670320154457 0.0 0.0 0.0 0.7992806337387859 0.6009579590371733
1629013241.245482445 4.411912742591544 -0.5325704595704144 0.0 0.0 0.0 0.8933635975295813 0.4493344885594742
1629013241.245482445 4.412476922302649 -0.5317658705958225 0.0 0.0 0.0 0.8933636106491166 0.4493344624753075
1629013241.245482445 4.41292012402334 -0.5329086919617971 0.0 0.0 0.0 0.8933636030473114 0.44933447758916273
1629013241.245482445 4.413538337424699 -0.5336445694823102 0.0 0.0 0.0 0.8933636237275017 0.44933443647295357
1629013241.646275520 4.413759035950116 -0.5336133761715075 0.0 0.0 0.0 0.8933636206760743 0.44933444253978033
1629013241.646275520 4.586127796300458 -0.7092366333987825 0.0 0.0 0.0 0.864493921015687 0.5026432736314325
1629013241.746649981 4.4136110217917635 -0.5333912646778162 0.0 0.0 0.0 0.8933636218685219 0.4493344401689644
1629013241.746649981 4.620775749476231 -0.7889329038652826 0.0 0.0 0.0 0.8563606880389629 0.5163781288759566
1629013241.846660614 4.586634817704905 -0.7092314416107884 0.0 0.0 0.0 0.8644939247556918 0.502643267199015
1629013241.846660614 4.6201072641538685 -0.7886058062367789 0.0 0.0 0.0 0.8563606851264227 0.5163781337061086
1629013241.846660614 4.649067445140586 -0.8133818862446615 0.0 0.0 0.0 0.8474140081930754 0.5309326687237717
1629013241.846660614 4.649896508476723 -0.8122051585630519 0.0 0.0 0.0 0.8474139968175476 0.530932686880088
1629013241.846660614 4.650197326761262 -0.8126208218995581 0.0 0.0 0.0 0.8474139987792566 0.5309326837490324
1629013242.247446537 4.649834849941522 -0.8110378984570459 0.0 0.0 0.0 0.8474139742921484 0.5309327228325507
1629013242.247446537 4.739869425007994 -0.9089428573485766 0.0 0.0 0.0 0.8087882777880354 0.5880999249384951
1629013242.347635746 4.649223211438003 -0.8119059995319226 0.0 0.0 0.0 0.8474139620929704 0.5309327423034803
1629013242.347635746 4.740089763792842 -0.9096062627737371 0.0 0.0 0.0 0.8087882887957277 0.5880999098000939
1629013242.347635746 4.7610241345472035 -0.9544451156732577 0.0 0.0 0.0 0.798282314568019 0.6022834434449666
1629013242.347635746 4.761226376485979 -0.9553678980852142 0.0 0.0 0.0 0.7982823036892238 0.6022834578640076
1629013242.347635746 4.761788661248753 -0.9550133637321779 0.0 0.0 0.0 0.7982823323486361 0.6022834198780685
1629013242.748418331 4.762472108347392 -0.9555783912193132 0.0 0.0 0.0 0.7982823447361302 0.6022834034593566
1629013242.748418331 4.7630484362970185 -0.9554772350235193 0.0 0.0 0.0 0.7982823035755706 0.6022834580146466
1629013242.748418331 4.806375824735439 -1.0237628489809825 0.0 0.0 0.0 0.7693355437178717 0.6388449116744429
1629013242.948856115 4.76371629630505 -0.9566842433668256 0.0 0.0 0.0 0.7982823198667667 0.6022834364218671
1629013242.948856115 4.828769316227721 -1.0444701864951482 0.0 0.0 0.0 0.7740273136280871 0.6331522074175269
1629013243.049047709 4.762978277189525 -0.9582752944918715 0.0 0.0 0.0 0.7982822837929309 0.6022834842350756
1629013243.049047709 4.7630652159586315 -0.9577718724210831 0.0 0.0 0.0 0.7982822993527675 0.6022834636116606
1629013243.049047709 4.7632836203197915 -0.9583120606310912 0.0 0.0 0.0 0.7982823207749954 0.6022834352180768
1629013243.049047709 4.763406368747384 -0.957465077961268 0.0 0.0 0.0 0.7982823062681489 0.6022834544458326
1629013243.049047709 4.763711661927973 -0.9574693678794342 0.0 0.0 0.0 0.7982823245524155 0.6022834302113848
1629013243.049047709 4.831732366660032 -1.0470321800327484 0.0 0.0 0.0 0.7780703568515742 0.62817714045392
1629013243.550235271 4.763610607133136 -0.9579047523007053 0.0 0.0 0.0 0.7982823188789155 0.602283437731191
1629013243.550235271 4.764222836899458 -0.9572586963362958 0.0 0.0 0.0 0.7982822950058346 0.6022834693731994
1629013243.550235271 4.764328911618416 -0.9576577035714355 0.0 0.0 0.0 0.798282304702057 0.602283456521572
1629013243.550235271 4.868159045178474 -1.0526169678545487 0.0 0.0 0.0 0.8107010572607775 0.5854603280806118
1629013243.750394821 4.904895895682795 -1.0725236773513682 0.0 0.0 0.0 0.8257158320190897 0.5640863096663687
1629013243.850748301 4.924235225623855 -1.0822111507105936 0.0 0.0 0.0 0.8330097400563946 0.553258323905911
1629013244.051008224 4.764312941552046 -0.9582817449262921 0.0 0.0 0.0 0.7982823377388719 0.6022834127337077
1629013244.051008224 4.962323036493722 -1.0886801516880396 0.0 0.0 0.0 0.8463959066822798 0.5325541936286687
1629013244.351556540 4.762371351108566 -0.9573642571847565 0.0 0.0 0.0 0.7982823452052011 0.6022834028376376
1629013244.351556540 5.0372397903893935 -1.1386700914352967 0.0 0.0 0.0 0.8632396817872854 0.5047942667936971
1629013244.551958561 4.763259241634757 -0.957639234299308 0.0 0.0 0.0 0.7982823469232303 0.6022834005605163
1629013244.551958561 5.036339669154484 -1.139495182700971 0.0 0.0 0.0 0.863239663328513 0.5047942983597136
1629013244.551958561 5.09827633003697 -1.2079590762592116 0.0 0.0 0.0 0.8702338492759413 0.49263886121009415
1629013244.551958561 5.098396120421009 -1.2068897660346471 0.0 0.0 0.0 0.8702338589823635 0.4926388440639491
1629013244.752338409 5.098536849967747 -1.2080728544158719 0.0 0.0 0.0 0.8702338629500409 0.4926388370551488
1629013244.752338409 5.169719778412846 -1.2928381716106936 0.0 0.0 0.0 0.8753377357280596 0.48351199407095763
1629013244.752338409 5.170104508685801 -1.293173683331948 0.0 0.0 0.0 0.8753377415608268 0.483511983511465
1629013244.752338409 5.170657783518682 -1.293405943432883 0.0 0.0 0.0 0.8753377202994608 0.4835120220024968
1629013245.052947521 5.169931789942879 -1.2937076664472034 0.0 0.0 0.0 0.875337750256816 0.48351196776846794
1629013245.052947521 5.27067332878021 -1.4088063313088655 0.0 0.0 0.0 0.8810404291924672 0.47304097299108594
1629013245.253318071 5.26919463320603 -1.409011879590368 0.0 0.0 0.0 0.8810404371660878 0.4730409581401898
1629013245.253318071 5.269654739755853 -1.4090571048737417 0.0 0.0 0.0 0.8810404372951325 0.47304095789984374
1629013245.253318071 5.343238823962721 -1.476473225719662 0.0 0.0 0.0 0.883905515124857 0.4676655218549484
1629013245.253318071 5.343405401774391 -1.4768424193771614 0.0 0.0 0.0 0.8839055243229326 0.4676655044702374
1629013245.253318071 5.34383978444815 -1.4765548388785987 0.0 0.0 0.0 0.8839055054811563 0.4676655400819068
1629013245.654092550 5.343538186786864 -1.4768821816323574 0.0 0.0 0.0 0.8839055316347775 0.4676654906505731
1629013245.654092550 5.343790856839937 -1.476930272401085 0.0 0.0 0.0 0.8839055237527147 0.4676655055479709
1629013245.654092550 5.4707031996366355 -1.6029049387040804 0.0 0.0 0.0 0.8837249490383826 0.46800663931947384
1629013245.654092550 5.471172295484737 -1.6031315544455742 0.0 0.0 0.0 0.8837249364425264 0.4680066631039058
1629013245.858057976 5.471133875056062 -1.6039871949358528 0.0 0.0 0.0 0.8837249374427809 0.4680066612151508
1629013245.858057976 5.536498196104284 -1.6730458188143587 0.0 0.0 0.0 0.8821617473336008 0.47094654849709683
1629013245.954675913 5.5374178282670075 -1.6726964125223374 0.0 0.0 0.0 0.8821617089296395 0.4709466204341401
1629013245.954675913 5.563035060788178 -1.673818214390477 0.0 0.0 0.0 0.8813352401311837 0.4724914755875589
1629013245.954675913 5.563084507195124 -1.674404732461676 0.0 0.0 0.0 0.8813352468607645 0.47249146303491596
1629013245.954675913 5.563103666615499 -1.674534104552906 0.0 0.0 0.0 0.8813352253060449 0.47249150324079164
1629013246.255266666 5.562673912550083 -1.6739132780169725 0.0 0.0 0.0 0.8813352213593404 0.47249151060255296
1629013246.255266666 5.646730894206258 -1.721273752716916 0.0 0.0 0.0 0.8789944573790102 0.4768319870740421
1629013246.255266666 5.647081657800018 -1.7206441900562544 0.0 0.0 0.0 0.878994465440831 0.4768319722128412
1629013246.255266666 5.647526832066091 -1.7211228668840177 0.0 0.0 0.0 0.8789944602679849 0.4768319817484917
1629013246.555862904 5.647987116530671 -1.7210682141598816 0.0 0.0 0.0 0.8789944578580171 0.4768319861910383
1629013246.555862904 5.729049879451316 -1.8022751702799105 0.0 0.0 0.0 0.8737186353858918 0.48643164594772725
1629013246.555862904 5.72914356412749 -1.8024526416339466 0.0 0.0 0.0 0.8737186407090041 0.486431636386461
1629013246.555862904 5.7296615585514745 -1.8037193793435027 0.0 0.0 0.0 0.8737186377202953 0.48643164175471904
1629013246.956682920 5.729206140950228 -1.8032890665015 0.0 0.0 0.0 0.8737186609581561 0.48643160001534297
1629013246.956682920 5.828261790649624 -1.9218882191415596 0.0 0.0 0.0 0.8543219418388747 0.5197441867810111
1629013247.057110310 5.729105821236027 -1.8023370526790337 0.0 0.0 0.0 0.8737186526256278 0.4864316149820627
1629013247.057110310 5.850594468969254 -1.937719167532858 0.0 0.0 0.0 0.8492055899599297 0.5280623694042285
1629013247.157055855 5.828541723836939 -1.921723718981793 0.0 0.0 0.0 0.8543219437412888 0.5197441836539455
1629013247.157055855 5.8511555127581225 -1.9369834326802522 0.0 0.0 0.0 0.8492055937433823 0.5280623633198539
1629013247.157055855 5.866526636132905 -1.9604905364866132 0.0 0.0 0.0 0.84357262632889 0.5370151060338796
1629013247.358104467 5.866787533132514 -1.9602657300374382 0.0 0.0 0.0 0.8435726669333877 0.537015042250114
1629013247.358104467 5.901754286933415 -1.981655635908812 0.0 0.0 0.0 0.8321944474402212 0.5544839056723513
1629013247.358104467 5.902331288966276 -1.9824992450052679 0.0 0.0 0.0 0.8321944736612047 0.5544838663187149
1629013247.557822704 5.902864575622527 -1.982959882233258 0.0 0.0 0.0 0.8321944729867538 0.5544838673309614
1629013247.557822704 5.923860878805197 -1.9882399077744934 0.0 0.0 0.0 0.8248994498222595 0.5652794863454126
1629013247.557822704 5.923944307173474 -1.9878604966063047 0.0 0.0 0.0 0.8248994442969062 0.5652794944084345
1629013247.557822704 5.924224806491463 -1.9881654055089284 0.0 0.0 0.0 0.8248994503424484 0.5652794855863129
1629013247.557822704 5.924445999881329 -1.9873008848079807 0.0 0.0 0.0 0.8248994711649548 0.5652794552005035
1629013247.958601952 5.924849604473783 -1.9891327064925401 0.0 0.0 0.0 0.8248994233950961 0.565279524909967
1629013247.958601952 5.924971126957197 -1.9887674895314988 0.0 0.0 0.0 0.8248994241893632 0.5652795237509112
1629013247.958601952 5.925807311564932 -1.9894709407965894 0.0 0.0 0.0 0.8248994071034702 0.5652795486839616
1629013247.958601952 5.963181871708349 -2.0059537318454566 0.0 0.0 0.0 0.8333238198088966 0.5527851403023688
1629013248.259931803 5.9246137697988255 -1.9890929142870253 0.0 0.0 0.0 0.8248994500168008 0.5652794860615231
1629013248.259931803 6.004341431105259 -2.0296017627655214 0.0 0.0 0.0 0.8472581023490963 0.531181426636708
1629013248.359395504 5.924121009600178 -1.9890599622459044 0.0 0.0 0.0 0.8248994511933314 0.5652794843446387
1629013248.359395504 6.0166438605221435 -2.03424833151881 0.0 0.0 0.0 0.8531534435011584 0.5216600443220812
1629013248.459567547 5.924394817283058 -1.9892108080000444 0.0 0.0 0.0 0.8248994330662415 0.5652795107970864
1629013248.459567547 6.028653074010896 -2.035171718987211 0.0 0.0 0.0 0.858516920899307 0.5127852343131314
1629013248.559775829 5.92269647748486 -1.9905853031181864 0.0 0.0 0.0 0.8248994590978156 0.5652794728098052
1629013248.559775829 5.922870834397849 -1.9915179978489763 0.0 0.0 0.0 0.824899454955245 0.5652794788549641
1629013248.559775829 5.923056078372237 -1.9901245408069803 0.0 0.0 0.0 0.8248994344125399 0.565279508832464
1629013248.559775829 5.923873458360047 -1.9905635862493973 0.0 0.0 0.0 0.8248994393835373 0.5652795015784015
1629013248.559775829 6.046082638349726 -2.034319799722227 0.0 0.0 0.0 0.8643840819670747 0.5028321378372085
1629013248.960558414 5.922455099616812 -1.9923186437500133 0.0 0.0 0.0 0.82489944505596 0.5652794933007645
1629013248.960558414 6.110758431611957 -2.0420515403329413 0.0 0.0 0.0 0.8866230088937233 0.46249285410721824
1629013249.261137486 5.922872223423865 -1.9918974547615762 0.0 0.0 0.0 0.8248994638001476 0.5652794659477992
1629013249.261137486 6.163871386148211 -2.0476294437340035 0.0 0.0 0.0 0.9037517344800998 0.4280570083811398
1629013249.461553097 5.921053464507548 -1.9923619615252466 0.0 0.0 0.0 0.8248994465034536 0.5652794911884704
1629013249.461553097 5.921266029603078 -1.9929515487917149 0.0 0.0 0.0 0.8248994595837951 0.5652794721006263
1629013249.461553097 6.209923864167709 -2.050160460047186 0.0 0.0 0.0 0.9143351944265702 0.4049582104772369
1629013249.661929369 5.921501314123771 -1.9926451342324614 0.0 0.0 0.0 0.824899460301487 0.565279471053315
1629013249.661929369 5.922144502707396 -1.9911413466069166 0.0 0.0 0.0 0.8248994749122522 0.5652794497321573
1629013249.661929369 5.922304725795601 -1.9918259208319542 0.0 0.0 0.0 0.8248994763455514 0.5652794476405764
1629013249.661929369 6.269484290571093 -2.105431808096269 0.0 0.0 0.0 0.9237895650768947 0.38290056079227897
1629013249.661929369 6.270708242899666 -2.1048734093151 0.0 0.0 0.0 0.9237895779572571 0.3829005297169915
1629013249.661929369 6.271001701778871 -2.1048485710918423 0.0 0.0 0.0 0.9237895593881537 0.38290057451698983
1629013249.661929369 6.27150503016825 -2.104668727523599 0.0 0.0 0.0 0.9237895760639347 0.38290053428483967
1629013250.263106346 6.2708873102625615 -2.104802598097176 0.0 0.0 0.0 0.9237895611073652 0.3829005703692039
1629013250.263106346 6.270976692595977 -2.1053848236773693 0.0 0.0 0.0 0.923789572924614 0.38290054185879546
1629013250.263106346 6.453014963895216 -2.2890274907569395 0.0 0.0 0.0 0.9216686288591409 0.3879780130070661
1629013250.363283634 6.4533369982914195 -2.290022061996146 0.0 0.0 0.0 0.9216686017768085 0.3879780773430153
1629013250.363283634 6.488420259907907 -2.340583549491622 0.0 0.0 0.0 0.9188459224678961 0.39461648567200175
1629013250.463474512 6.488079069258138 -2.340110806070355 0.0 0.0 0.0 0.9188459220416921 0.3946164866643974
1629013250.463474512 6.513721995815662 -2.3396623760410566 0.0 0.0 0.0 0.9164104962639797 0.40023968111271313
1629013250.666935921 6.514444980658624 -2.338176046152947 0.0 0.0 0.0 0.9164104949540319 0.4002396841120407
1629013250.666935921 6.515193835468257 -2.339316183837345 0.0 0.0 0.0 0.9164104871403981 0.40023970200256037
1629013250.666935921 6.564790523266363 -2.354441114432773 0.0 0.0 0.0 0.9112656005446311 0.41181914144929294
1629013250.864261150 6.565734342624353 -2.355495771982783 0.0 0.0 0.0 0.9112655890879595 0.41181916680039815
1629013250.864261150 6.628041222077708 -2.3800099629232077 0.0 0.0 0.0 0.9077046051613868 0.41960975890559404
1629013250.864261150 6.6282145336834555 -2.3804893632697297 0.0 0.0 0.0 0.9077046172740187 0.41960973270340995
1629013250.864261150 6.628975548285656 -2.3811217478287476 0.0 0.0 0.0 0.9077045803485237 0.41960981258105784
1629013250.864261150 6.629347032206335 -2.380008127748453 0.0 0.0 0.0 0.9077045887250214 0.41960979446092517
1629013250.864261150 6.6297371534470875 -2.380331409225154 0.0 0.0 0.0 0.9077046003505567 0.4196097693124366
1629013251.365235329 6.627930922948293 -2.380037616625521 0.0 0.0 0.0 0.907704617281355 0.41960973268754004
1629013251.365235329 6.771460497296335 -2.5024694581155686 0.0 0.0 0.0 0.9003375254401507 0.4351923026482731
1629013251.465437651 6.7717718264510065 -2.5034540602506237 0.0 0.0 0.0 0.9003374946347285 0.43519236637935227
1629013251.465437651 6.795217016296141 -2.522600691926052 0.0 0.0 0.0 0.8991752862783974 0.4375886247906384
1629013251.565629005 6.795055649030308 -2.521442800290251 0.0 0.0 0.0 0.8991752958314765 0.437588605160574
1629013251.565629005 6.819202764460279 -2.5289936532756676 0.0 0.0 0.0 0.8979373808253003 0.4401232328752933
1629013251.565629005 6.819809368196817 -2.5282561806345036 0.0 0.0 0.0 0.8979373592747525 0.4401232768426185
1629013251.565629005 6.820172465001916 -2.528411481073752 0.0 0.0 0.0 0.8979373631557325 0.4401232689246619
1629013251.565629005 6.8202844132035585 -2.5286175138421236 0.0 0.0 0.0 0.8979373503458785 0.44012329505926284
1629013251.565629005 6.8204206606758095 -2.5278417171121044 0.0 0.0 0.0 0.8979373583417644 0.4401232787460963
1629013252.166831970 6.818742775509271 -2.527180211231828 0.0 0.0 0.0 0.897937370613069 0.4401232537102397
1629013252.166831970 6.818970828143421 -2.5284966314209085 0.0 0.0 0.0 0.8979373664199601 0.4401232622650003
1629013252.166831970 6.977211872711054 -2.6497884572584423 0.0 0.0 0.0 0.8906582794951008 0.45467332137131916
1629013252.367221832 6.975897359597439 -2.651154324982869 0.0 0.0 0.0 0.8906582714685906 0.45467333709442703
1629013252.367221832 7.036942992900702 -2.7106318158065217 0.0 0.0 0.0 0.8879301937476232 0.45997822886665873
1629013252.467393875 6.976839745969388 -2.6509801635532333 0.0 0.0 0.0 0.8906582647641283 0.4546733502277782
1629013252.467393875 7.055727317967838 -2.7108346226513533 0.0 0.0 0.0 0.8865531499716967 0.4626267526584064
1629013252.567692995 7.03880574156967 -2.710193049039728 0.0 0.0 0.0 0.8879301895860346 0.4599782369000826
1629013252.567692995 7.071233868152603 -2.7113056635563177 0.0 0.0 0.0 0.8851728370114068 0.4652623438633062
1629013252.667804718 7.055236717584702 -2.7108604979426767 0.0 0.0 0.0 0.8865531451450637 0.4626267619079073
1629013252.667804718 7.0703176225006565 -2.7111921062275774 0.0 0.0 0.0 0.8851728455997931 0.4652623275236937
1629013252.667804718 7.08915051248186 -2.7146407756639492 0.0 0.0 0.0 0.8840602693079227 0.4673729134547734
1629013252.868175983 7.0888492556967755 -2.7136910901082834 0.0 0.0 0.0 0.884060302811485 0.46737285008103063
1629013252.868175983 7.089027453366695 -2.714541593266344 0.0 0.0 0.0 0.8840602856452608 0.46737288255184395
1629013252.868175983 7.13506406464577 -2.7521386211025893 0.0 0.0 0.0 0.8815861760122374 0.47202310776499096
1629013253.068570137 7.135881632453597 -2.751887799363402 0.0 0.0 0.0 0.8815861883514525 0.47202308471933574
1629013253.068570137 7.172105008001474 -2.75337039205637 0.0 0.0 0.0 0.8791352337873186 0.47657238769542304
1629013253.168779850 7.13659732161161 -2.750665290607011 0.0 0.0 0.0 0.8815861531121071 0.47202315053500965
1629013253.168779850 7.170924964621234 -2.7549762866611593 0.0 0.0 0.0 0.8791352555246893 0.47657234759639516
1629013253.168779850 7.187718549863247 -2.76513292287402 0.0 0.0 0.0 0.8775959187167814 0.4794010882879266
1629013253.168779850 7.188193513740617 -2.766225377343481 0.0 0.0 0.0 0.8775959515539021 0.47940102817599484
1629013253.168779850 7.188208003298648 -2.7661596647807416 0.0 0.0 0.0 0.8775959449110201 0.47940104033651587
1629013253.168779850 7.18844400429646 -2.7651241876363306 0.0 0.0 0.0 0.8775959732468559 0.47940098846467116
1629013253.769940376 7.188239883852832 -2.7654275125735635 0.0 0.0 0.0 0.8775959748847313 0.479400985466361
1629013253.769940376 7.1891058947114885 -2.765370615347035 0.0 0.0 0.0 0.8775959891054943 0.47940095943369704
1629013253.769940376 7.304068500404603 -2.825121697795246 0.0 0.0 0.0 0.869913523193094 0.4932042803603576
1629013253.970323563 7.304285158522945 -2.8258277366537268 0.0 0.0 0.0 0.8699135421330448 0.493204246954078
1629013253.970323563 7.341103038521121 -2.8480239725256817 0.0 0.0 0.0 0.8677209590360714 0.49705164444906574
1629013254.070553541 7.302971678917241 -2.825433479096269 0.0 0.0 0.0 0.869913536652627 0.49320425662043765
1629013254.070553541 7.3504100026743755 -2.852509790915273 0.0 0.0 0.0 0.8665294944520312 0.49912587114344936
1629013254.170717239 7.303192620810823 -2.824692726914945 0.0 0.0 0.0 0.8699135494270178 0.49320423408896996
1629013254.170717239 7.350278953745127 -2.852735479405211 0.0 0.0 0.0 0.8665295025636336 0.49912585706094387
1629013254.170717239 7.362027809320325 -2.8521501808834646 0.0 0.0 0.0 0.8653614750216437 0.5011481991869922
1629013254.170717239 7.363221992311386 -2.8522274490882054 0.0 0.0 0.0 0.8653614916370439 0.5011481704962221
1629013254.170717239 7.3633122166156095 -2.852613594179154 0.0 0.0 0.0 0.8653614890424935 0.5011481749763819
1629013254.170717239 7.363320185988586 -2.852456648490195 0.0 0.0 0.0 0.8653614997501407 0.501148156486869
1629013254.170717239 7.364154152124932 -2.852922595605805 0.0 0.0 0.0 0.8653614997109899 0.501148156554473
1629013254.771917343 7.3615779658094995 -2.8513701582720916 0.0 0.0 0.0 0.8653614238609827 0.5011482875290434
1629013254.771917343 7.361783724564243 -2.851871871108068 0.0 0.0 0.0 0.8653614366703791 0.5011482654103249
1629013254.771917343 7.470988603367632 -2.9079063091347135 0.0 0.0 0.0 0.8584026408660267 0.5129765161820092
1629013254.972341061 7.46841461569736 -2.905022056037767 0.0 0.0 0.0 0.8584026206825796 0.5129765499565057
1629013254.972341061 7.470448771800089 -2.906572654243791 0.0 0.0 0.0 0.8584026075099978 0.5129765719991867
1629013254.972341061 7.5038054448406495 -2.9476257791896865 0.0 0.0 0.0 0.8565758736388237 0.5160210971461204
1629013254.972341061 7.504063513550864 -2.946135196473286 0.0 0.0 0.0 0.856575862261007 0.5160211160328736
1629013254.972341061 7.504355618573932 -2.947824576178289 0.0 0.0 0.0 0.8565758809824763 0.5160210849559296
1629013254.972341061 7.504707291895362 -2.948811852452241 0.0 0.0 0.0 0.8565758700472772 0.5160211031079545
1629013254.972341061 7.505236797211399 -2.9485139853799374 0.0 0.0 0.0 0.8565758765961141 0.5160210922371281
1629013255.573482752 7.505274609853859 -2.948646148873435 0.0 0.0 0.0 0.8565758854855692 0.5160210774809622
1629013255.573482752 7.505326456459225 -2.9495286864433883 0.0 0.0 0.0 0.8565758807048691 0.5160210854167472
1629013255.573482752 7.505426999395749 -2.948481982881837 0.0 0.0 0.0 0.8565758780797573 0.5160210897743354
1629013255.573482752 7.506379675409606 -2.949960168490584 0.0 0.0 0.0 0.8565758784256626 0.5160210892001456
1629013255.573482752 7.575101578919885 -3.01964328562672 0.0 0.0 0.0 0.8573515026343448 0.5147313871628881
1629013255.974318027 7.506875777119382 -2.9500828472521983 0.0 0.0 0.0 0.8565758478850416 0.5160211398964407
1629013255.974318027 7.589122005148382 -3.0264780245921004 0.0 0.0 0.0 0.8585413843058107 0.5127442748917458
1629013256.074461937 7.507870704999624 -2.949486095685454 0.0 0.0 0.0 0.8565758498410243 0.5160211366495825
1629013256.074461937 7.588247665135055 -3.0259841753930883 0.0 0.0 0.0 0.8587581624897649 0.512381126074334
1629013256.074461937 7.588605563682737 -3.025855878259258 0.0 0.0 0.0 0.858541387677129 0.512744269246795
1629013256.174642801 7.588193968476429 -3.0262162831264465 0.0 0.0 0.0 0.8584390874468528 0.5129155224239316
1629013256.174642801 7.588282824101114 -3.027219194712231 0.0 0.0 0.0 0.8584391054489584 0.5129154922947757
1629013256.174642801 7.588358614086155 -3.0279426619773804 0.0 0.0 0.0 0.8584391073582112 0.5129154890993619
1629013256.174642801 7.588397393577299 -3.027027909075614 0.0 0.0 0.0 0.8587581525823246 0.5123811426793466
1629013256.174642801 7.588982574161851 -3.0274199602003087 0.0 0.0 0.0 0.8584390967465494 0.5129155068595298
1629013256.174642801 7.589505027483317 -3.0268769802624247 0.0 0.0 0.0 0.858439109494824 0.5129154855234277
1629013256.876011133 7.5848366350679 -3.026084424170931 0.0 0.0 0.0 0.8576216985837665 0.5142810730702573
1629013256.876011133 7.588947167642394 -3.0266667670156244 0.0 0.0 0.0 0.8584391202449234 0.512915467531563
1629013256.876011133 7.588970860863104 -3.0259694615581525 0.0 0.0 0.0 0.8584391235658421 0.5129154619735194
1629013257.076419830 7.582181403877452 -3.0254816899267736 0.0 0.0 0.0 0.8571774859422501 0.5150211234441978
1629013257.076419830 7.585015640001504 -3.0259982349336845 0.0 0.0 0.0 0.857621711232517 0.5142810519770384
1629013257.276793480 7.575842576804168 -3.0251364417052207 0.0 0.0 0.0 0.8558771807813297 0.5171791289464445
1629013257.276793480 7.5760917813891275 -3.0255260586064074 0.0 0.0 0.0 0.8558771559167759 0.5171791700946693
1629013257.276793480 7.576233515740321 -3.0251494528175016 0.0 0.0 0.0 0.8558771525553771 0.5171791756574309
1629013257.276793480 7.577270731905511 -3.0247304789966405 0.0 0.0 0.0 0.855877152485076 0.5171791757737717
1629013257.276793480 7.581805122703601 -3.0254182736756925 0.0 0.0 0.0 0.8571774978502159 0.5150211036251262
1629013257.276793480 7.58229985741279 -3.024888238593888 0.0 0.0 0.0 0.8571774907649398 0.5150211154175347
1629013258.078352928 7.499523220991008 -3.0312981198334823 0.0 0.0 0.0 0.8349499084760063 0.5503259491754944
1629013258.078352928 7.499549348176157 -3.033421431419535 0.0 0.0 0.0 0.8349499444798555 0.5503258945507526
1629013258.078352928 7.499815009446581 -3.032952266376989 0.0 0.0 0.0 0.8349499385444831 0.5503259035558512
1629013258.078352928 7.500054944048064 -3.032400066067901 0.0 0.0 0.0 0.8349499210320177 0.5503259301256187
1629013258.078352928 7.500057356166269 -3.030324202002373 0.0 0.0 0.0 0.8349498867894569 0.5503259820781434
1629013258.078352928 7.57705314606831 -3.0257869152171275 0.0 0.0 0.0 0.8558771717678827 0.517179143862753
1629013258.579374075 7.435967430822974 -2.975347828988817 0.0 0.0 0.0 0.8078927551992973 0.5893295309896563
1629013258.579374075 7.499152986502225 -3.0334496751821 0.0 0.0 0.0 0.8349499506013265 0.550325885263307
1629013258.779723406 7.39843395936598 -2.932599231967532 0.0 0.0 0.0 0.7963061351797931 0.6048938246295965
1629013258.779723406 7.499101304279157 -3.0325939555588035 0.0 0.0 0.0 0.8349499470604611 0.550325890635479
1629013258.779723406 7.500429600062372 -3.0329230271731102 0.0 0.0 0.0 0.8349499607236462 0.5503258699058055
1629013258.779723406 7.501527186885652 -3.0330682526048998 0.0 0.0 0.0 0.8349499545168497 0.5503258793227069
1629013258.980110645 7.3925387381185805 -2.9186729674473213 0.0 0.0 0.0 0.7847314162433373 0.619835949554982
1629013258.980110645 7.499429758111377 -3.0337762234747077 0.0 0.0 0.0 0.8349499238440006 0.5503259258593016
1629013258.980110645 7.500172692974544 -3.0342153018985734 0.0 0.0 0.0 0.834949900640498 0.5503259610634614
1629013258.980110645 7.5007566697418895 -3.033241692625975 0.0 0.0 0.0 0.8349499711924924 0.5503258540225566
1629013258.980110645 7.501102480679522 -3.033430460783767 0.0 0.0 0.0 0.8349499335566843 0.5503259111232983
1629013258.980110645 7.5012964986464885 -3.033138432148918 0.0 0.0 0.0 0.8349499595059787 0.5503258717532409
1629013259.581286430 7.380646360219225 -2.9138893722796135 0.0 0.0 0.0 0.7483490347584485 0.6633051501202885
1629013259.581286430 7.380667206461376 -2.914235353231266 0.0 0.0 0.0 0.7483490232245458 0.6633051631329793
1629013259.581286430 7.381732267431079 -2.913722960010107 0.0 0.0 0.0 0.7483490468708142 0.6633051364549682
1629013259.581286430 7.382649066258105 -2.913425017291211 0.0 0.0 0.0 0.7483490111528137 0.6633051767524553
1629013259.581286430 7.392445393354659 -2.918083129830124 0.0 0.0 0.0 0.78473138406652 0.6198359902918222
1629013259.581286430 7.49954463338012 -3.0339324503994396 0.0 0.0 0.0 0.8349499061357152 0.5503259527261642
1629013260.082254410 7.381891982190051 -2.91349628839833 0.0 0.0 0.0 0.7483489976669776 0.6633051919673402
1629013260.082254410 7.384481067702529 -2.9032169400069288 0.0 0.0 0.0 0.7092629784675939 0.7049439888212945
1629013260.182537079 7.381215212984727 -2.91516347974965 0.0 0.0 0.0 0.7483490164574207 0.6633051707677328
1629013260.182537079 7.381499883493523 -2.914121195752003 0.0 0.0 0.0 0.7483490227570744 0.6633051636603863
1629013260.182537079 7.393797178221078 -2.898363228993165 0.0 0.0 0.0 0.700885418302499 0.7132738817669767
1629013260.382846355 7.381223601523354 -2.9146098958038182 0.0 0.0 0.0 0.7483490501896475 0.6633051327106194
1629013260.382846355 7.381341223770886 -2.915218131606881 0.0 0.0 0.0 0.7483489980853898 0.6633051914952823
1629013260.382846355 7.381397554974419 -2.915856772362326 0.0 0.0 0.0 0.7483490308986199 0.6633051544749946
1629013260.382846355 7.401394157213306 -2.8949280230032093 0.0 0.0 0.0 0.6836578177329193 0.7298027050187348
1629013260.683427811 7.3809096463190285 -2.9142010785424994 0.0 0.0 0.0 0.7483490393340685 0.6633051449580176
1629013260.683427811 7.426244404132039 -2.8814215755045294 0.0 0.0 0.0 0.6560777347338506 0.7546933191611671
1629013260.783623695 7.3803195114936315 -2.9150301500509213 0.0 0.0 0.0 0.7483490602383757 0.6633051213735199
1629013260.783623695 7.380423767147654 -2.9144385500548102 0.0 0.0 0.0 0.7483490849523999 0.6633050934908503
1629013260.783623695 7.380876658841537 -2.9141412916944547 0.0 0.0 0.0 0.74834907455284 0.6633051052237634
1629013260.783623695 7.436683443193341 -2.8714157921155894 0.0 0.0 0.0 0.646438452071411 0.7629661379665011
1629013260.984056950 7.457266958251048 -2.8102204253780574 0.0 0.0 0.0 0.6269789803798426 0.779036172563157
1629013261.184803009 7.494145890967697 -2.6935080362099244 0.0 0.0 0.0 0.6059732496401656 0.7954850223106262
1629013261.385650158 7.514098927680779 -2.652882112330146 0.0 0.0 0.0 0.5849350997720097 0.8110801002704412
1629013261.485024929 7.380549863439052 -2.9146547271235765 0.0 0.0 0.0 0.7483490585835312 0.6633051232405359
1629013261.485024929 7.537250162470945 -2.6386861669568273 0.0 0.0 0.0 0.5746652656195006 0.8183885583819392
1629013262.086208582 7.536035593463867 -2.6389585803455478 0.0 0.0 0.0 0.5746652692814829 0.8183885558105274
1629013262.086208582 7.536564950862338 -2.6386375061799283 0.0 0.0 0.0 0.5746652419676456 0.8183885749900638
1629013262.086208582 7.658332308118027 -2.370002996411662 0.0 0.0 0.0 0.5056512266855114 0.862737988587171
1629013262.186375856 7.534931116218391 -2.639627610120934 0.0 0.0 0.0 0.5746652570647206 0.8183885643890306
1629013262.186375856 7.683224855386322 -2.27778828613654 0.0 0.0 0.0 0.48874911240902774 0.872424383611203
1629013262.286608219 7.658016510798541 -2.3701384892451607 0.0 0.0 0.0 0.5056512318692965 0.8627379855489515
1629013262.286608219 7.683628684134479 -2.2784816651841986 0.0 0.0 0.0 0.48874908814844453 0.8724243972024532
1629013262.286608219 7.7171293384701505 -2.2140452615452455 0.0 0.0 0.0 0.4752564750198467 0.879847306611613
1629013262.286608219 7.717158165597087 -2.2135640399404806 0.0 0.0 0.0 0.4752564840775729 0.8798473017190106
1629013262.687365055 7.716905608340241 -2.2149372203672177 0.0 0.0 0.0 0.4752565035611771 0.8798472911947873
1629013262.687365055 7.716968820489138 -2.2148942717707105 0.0 0.0 0.0 0.47525649178307783 0.8798472975568211
1629013262.687365055 7.86445262155737 -1.9982653546400864 0.0 0.0 0.0 0.4198768213353431 0.9075811010071377
1629013262.787581205 7.863923688502392 -1.9982511059383516 0.0 0.0 0.0 0.41987682811430105 0.9075810978709692
1629013262.787581205 7.8956469461621746 -1.905937707004489 0.0 0.0 0.0 0.40458034134963045 0.9145024589324058
1629013262.887779713 7.864602101916407 -1.9978242361332073 0.0 0.0 0.0 0.4198768888563678 0.9075810697696913
1629013262.887779713 7.929357908467619 -1.8376054989760648 0.0 0.0 0.0 0.38966170445442094 0.9209580642361929
1629013263.088128090 7.894483650172839 -1.9054449561508089 0.0 0.0 0.0 0.4045803237226876 0.9145024667306509
1629013263.088128090 7.894696108825901 -1.9051061832679435 0.0 0.0 0.0 0.4045803157294459 0.9145024702668998
1629013263.088128090 7.895813504228263 -1.9055420374269714 0.0 0.0 0.0 0.40458030889996094 0.9145024732882969
1629013263.088128090 8.020628664494946 -1.7396028148446019 0.0 0.0 0.0 0.35984652419975893 0.9330115106585515
1629013263.388790369 7.893026043702081 -1.904850877106219 0.0 0.0 0.0 0.40458039097678067 0.9145024369771112
1629013263.388790369 7.893244085632344 -1.9053144419046286 0.0 0.0 0.0 0.4045803258140654 0.9145024658054153
1629013263.388790369 8.188085555829213 -1.625196039334211 0.0 0.0 0.0 0.3354335521123002 0.9420638683854321
1629013263.589112759 7.891910858263296 -1.9051567900341204 0.0 0.0 0.0 0.4045804099878831 0.9145024285665054
1629013263.589112759 8.298823965213614 -1.5400912985194404 0.0 0.0 0.0 0.3403376830454626 0.9403032816592987
1629013263.689300060 7.889750806298642 -1.9038668881319067 0.0 0.0 0.0 0.4045804480711239 0.9145024117182899
1629013263.689300060 7.889914651229468 -1.9039021149563005 0.0 0.0 0.0 0.40458043000111604 0.9145024197125516
1629013263.689300060 7.891449376427975 -1.9050696645186787 0.0 0.0 0.0 0.4045803265247042 0.9145024654910252
1629013263.689300060 7.89150897829686 -1.9040255316946286 0.0 0.0 0.0 0.40458039266796686 0.9145024362289221
1629013263.689300060 7.891629079773024 -1.9039866220121613 0.0 0.0 0.0 0.404580367163091 0.9145024475124047
1629013263.689300060 7.891658566791181 -1.9045466804496316 0.0 0.0 0.0 0.4045803683886203 0.9145024469702245
1629013263.689300060 8.351585654890485 -1.5064969963905925 0.0 0.0 0.0 0.3497384222057035 0.936847392072511
1629013264.691281557 8.385861184436921 -1.4687979995012768 0.0 0.0 0.0 0.3850317653554155 0.9229033208669759
1629013265.292447567 8.494316429229102 -1.3529030322195237 0.0 0.0 0.0 0.4624059002047023 0.8866683615963067
1629013265.893932343 7.890095807701047 -1.9033227818678127 0.0 0.0 0.0 0.4045804788541212 0.9145023980997371
1629013265.893932343 8.643968698155764 -1.181046799620216 0.0 0.0 0.0 0.5795624969168042 0.814927795677359
1629013265.893932343 8.644275756173862 -1.179259559680696 0.0 0.0 0.0 0.5795624800949245 0.8149278076407874
1629013265.893932343 8.64446639533203 -1.1803965513100587 0.0 0.0 0.0 0.5795624382041726 0.8149278374327598
1629013265.893932343 8.644468497746038 -1.180479355829973 0.0 0.0 0.0 0.5795624786129875 0.8149278086947153
1629013266.795362473 8.644133832215315 -1.1787964195772216 0.0 0.0 0.0 0.5795624970968718 0.8149277955492981
1629013266.795362473 8.644661106020893 -1.1798186508106394 0.0 0.0 0.0 0.5795624968528975 0.8149277957228083
1629013266.795362473 8.709818768493053 -0.8684631586941144 0.0 0.0 0.0 0.7373437518818504 0.6755177211300946
1629013266.795362473 8.710017584512787 -0.8699284229501532 0.0 0.0 0.0 0.7373437390438028 0.6755177351431304
1629013266.996018648 8.709752518998839 -0.869789739297944 0.0 0.0 0.0 0.7373437794141756 0.6755176910779018
1629013266.996018648 8.71036809676952 -0.8694892101806515 0.0 0.0 0.0 0.7373437694675743 0.6755177019348557
1629013266.996018648 8.74421231002583 -0.5478827617113382 0.0 0.0 0.0 0.8284544948695604 0.5600563810282154
1629013267.296465397 8.667798102012478 -0.3414983357456243 0.0 0.0 0.0 0.8722810171539545 0.48900493567331466
1629013267.296465397 8.743323953696327 -0.5465212817637164 0.0 0.0 0.0 0.8284544933855877 0.5600563832233583
1629013267.396602631 8.63438150982323 -0.26464068365505644 0.0 0.0 0.0 0.8835286222356374 0.46837717033433257
1629013267.396602631 8.63504584437986 -0.263674519096767 0.0 0.0 0.0 0.8835286239577326 0.46837716708583865
1629013267.396602631 8.667933274052718 -0.34118020754699346 0.0 0.0 0.0 0.8722809809893627 0.4890050001832651
1629013267.396602631 8.743447339601554 -0.5461074244334512 0.0 0.0 0.0 0.8284544787913518 0.560056404811649
1629013267.596940279 8.566746369145234 -0.16422888001529176 0.0 0.0 0.0 0.9048503850192053 0.4257297038387101
1629013267.596940279 8.567334540375859 -0.16420364083757374 0.0 0.0 0.0 0.9048504083828324 0.4257296541814083
1629013267.596940279 8.567890401210628 -0.16506662805263522 0.0 0.0 0.0 0.9048504122480754 0.42572964596617885
1629013267.596940279 8.568224076438458 -0.16477199458886355 0.0 0.0 0.0 0.9048504201948913 0.42572962907592965
1629013267.596940279 8.56864435730127 -0.16506412364371864 0.0 0.0 0.0 0.9048504128877825 0.4257296446065385
1629013267.596940279 8.63488783031647 -0.2638019799070467 0.0 0.0 0.0 0.8835286255580463 0.46837716406706836
1629013267.596940279 8.635445112900234 -0.26440185274124545 0.0 0.0 0.0 0.8835286197338269 0.46837717505365134
1629013268.498708248 8.352824288696512 -0.04851710541929016 0.0 0.0 0.0 0.9401001273809328 0.34089844601927094
1629013268.498708248 8.35378993898495 -0.048276089118040266 0.0 0.0 0.0 0.9401001373859109 0.34089841842841023
1629013268.498708248 8.354302220869185 -0.047182800424811766 0.0 0.0 0.0 0.9401001350209719 0.3408984249502342
1629013268.498708248 8.354685599212578 -0.04711104127783725 0.0 0.0 0.0 0.9401001312245526 0.34089843541967013
1629013268.498708248 8.568511794107334 -0.16655998833462654 0.0 0.0 0.0 0.9048504164481762 0.42572963703923883
1629013268.498708248 8.569560862554399 -0.16584022480257987 0.0 0.0 0.0 0.9048504295303527 0.42572960923423725
1629013269.099856377 8.14062722415064 0.09825834033728427 0.0 0.0 0.0 0.9765329249293923 0.21536816507749212
1629013269.099856377 8.354525560533038 -0.047450658411133245 0.0 0.0 0.0 0.9401001347020169 0.3408984258298205
1629013269.099856377 8.355364016634043 -0.04628031261556371 0.0 0.0 0.0 0.9401001421216661 0.3408984053685543
1629013269.200072765 7.940295339213763 0.17740821883263153 0.0 0.0 0.0 0.9927276509020625 0.12038193857249821
1629013269.200072765 8.354838592096447 -0.046924712135392475 0.0 0.0 0.0 0.9401001453242395 0.3408983965367743
1629013269.400448322 7.806482027337833 0.20632704760512754 0.0 0.0 0.0 0.9974616992372132 0.0712050458521811
1629013269.400448322 8.354576766809712 -0.04658745379798912 0.0 0.0 0.0 0.9401001530327834 0.34089837527881717
1629013269.500660896 7.729940591275853 0.22074684918249637 0.0 0.0 0.0 0.9989213722028637 0.04643373941809902
1629013269.500660896 8.355142324358091 -0.04738735713351885 0.0 0.0 0.0 0.9401001577907769 0.3408983621576325
1629013269.600833416 7.655344804320644 0.230845805402863 0.0 0.0 0.0 0.9997932234923571 0.020334951653783507
1629013269.600833416 8.355892792793057 -0.04741699312515234 0.0 0.0 0.0 0.9401001535330117 0.34089837389933075
1629013269.702066660 7.578169797817483 0.24336687810497193 0.0 0.0 0.0 -0.9999748372979425 0.007093995415386092
1629013269.702066660 8.355802417099506 -0.04681533355578053 0.0 0.0 0.0 0.9401001492449746 0.34089838572450953
1629013269.801248312 7.522726812628839 0.248601599776671 0.0 0.0 0.0 -0.999467339011267 0.032634923774034465
1629013269.801248312 8.355840696058536 -0.046162270618413215 0.0 0.0 0.0 0.9401001501049194 0.3408983833530278
1629013269.801248312 8.356246324611034 -0.04771382296475336 0.0 0.0 0.0 0.9401001759894114 0.3408983119710007
1629013269.901425600 7.4488996343387885 0.2555253212780203 0.0 0.0 0.0 -0.9983544674249337 0.05734420086353026
1629013269.901425600 8.356873685059742 -0.04752275600516302 0.0 0.0 0.0 0.9401001640629703 0.3408983448607172
1629013270.202024698 7.232024427273964 0.2780178603747495 0.0 0.0 0.0 -0.9963639759162405 0.08519875290390921
1629013270.302225113 7.141657439039108 0.2855749349716306 0.0 0.0 0.0 -0.9968194332982382 0.07969327072582331
1629013270.302225113 8.357278795432 -0.046570212838718095 0.0 0.0 0.0 0.9401001831288623 0.3408982922824335
1629013270.403551102 7.057408580497635 0.2906977287317915 0.0 0.0 0.0 -0.9976771494182061 0.06811978808512709
1629013270.702999592 8.358598445922038 -0.04579774582302529 0.0 0.0 0.0 0.9401001885624876 0.3408982772980459
1629013272.206001997 7.056782805572326 0.29093147286325327 0.0 0.0 0.0 -0.9976771452266083 0.06811984947491456
1629013272.206001997 7.057278101740606 0.29119271524703005 0.0 0.0 0.0 -0.9976771462873762 0.06811983393900307
1629013272.707123518 5.379803459439402 0.7311960462004246 0.0 0.0 0.0 0.9057901878296631 0.42372648681844716
1629013272.707123518 7.056511329409548 0.2923591596613898 0.0 0.0 0.0 -0.9976771522417741 0.06811974673135437
1629013272.707123518 7.0566983669641425 0.2928502363611011 0.0 0.0 0.0 -0.9976771544012815 0.06811971510334934
1629013272.707123518 7.0568100109380465 0.2917689797732013 0.0 0.0 0.0 -0.9976771535804355 0.0681197271254081
1629013272.707123518 7.057236032982369 0.2924732149597419 0.0 0.0 0.0 -0.9976771496068565 0.06811978532216659
1629013273.207884312 5.064459043036812 0.9792663330550964 0.0 0.0 0.0 0.8750712529557787 0.483994113859253
1629013273.207884312 7.056165201405332 0.288706314896244 0.0 0.0 0.0 -0.9976771482538863 0.0681198051376611
1629013273.207884312 7.056797124708038 0.2918506336606752 0.0 0.0 0.0 -0.9976771515342138 0.06811975709423396
1629013273.207884312 7.056942925744109 0.2889811550950612 0.0 0.0 0.0 -0.9976771499700671 0.06811978000261167
1629013273.408269882 4.89104802924684 1.1909291401480298 0.0 0.0 0.0 0.8632100433229339 0.5048449475892758
1629013273.408269882 7.056387208055787 0.28714958059899903 0.0 0.0 0.0 -0.9976771458700219 0.06811984005153814
1629013273.408269882 7.057317895673508 0.2887390760900252 0.0 0.0 0.0 -0.9976771458344721 0.06811984057219646
1629013273.408269882 7.057918831918059 0.2871930807104895 0.0 0.0 0.0 -0.9976771463068401 0.06811983365393579
1629013273.809125662 4.882701659317231 1.269405889118827 0.0 0.0 0.0 0.871924718454456 0.4896399548118165
1629013274.009464025 4.9122602556083095 1.266283368605699 0.0 0.0 0.0 0.8663371551311027 0.49945964165220375
1629013275.311985254 4.911977040292294 1.204798005222357 0.0 0.0 0.0 0.8468182856704133 0.5318823094014523
1629013275.311985254 7.054690149098617 0.286341904215133 0.0 0.0 0.0 -0.9976771458359356 0.06811984055076287
1629013275.311985254 7.054958494481162 0.2875141310098441 0.0 0.0 0.0 -0.9976771440525461 0.06811986667012171
1629013275.311985254 7.055712887375395 0.286841751146942 0.0 0.0 0.0 -0.9976771459728079 0.06811983854614319
1629013275.812977314 4.912036312074091 1.203509422785406 0.0 0.0 0.0 0.8468182863291114 0.5318823083527286
1629013275.812977314 4.912840074269734 1.2027893029735344 0.0 0.0 0.0 0.8468183075924521 0.531882274499024
1629013275.812977314 5.000222727250688 1.0672037870639368 0.0 0.0 0.0 0.7902216603705214 0.6128211219281335
1629013275.913190365 4.913275456995726 1.2016893738682384 0.0 0.0 0.0 0.8468182822914095 0.531882314781218
1629013275.913190365 5.019286362777938 0.9917104629428555 0.0 0.0 0.0 0.7738272508879895 0.6333967049039144
1629013276.013378859 4.998961091409289 1.068825909683301 0.0 0.0 0.0 0.7902216484253357 0.6128211373312323
1629013276.013378859 4.999460921421036 1.0687260355261654 0.0 0.0 0.0 0.7902216648281021 0.6128211161801645
1629013276.013378859 5.019106508438537 0.9914280359994783 0.0 0.0 0.0 0.7738272600116761 0.6333966937574127
1629013276.013378859 5.032641114241129 0.9351212278626706 0.0 0.0 0.0 0.7583133759405313 0.6518901931074547
1629013276.313955784 5.032223646143035 0.9363717802304352 0.0 0.0 0.0 0.7583133414746103 0.6518902332000467
1629013276.313955784 5.032302477151603 0.9361853258379322 0.0 0.0 0.0 0.7583133699794811 0.6518902000416655
1629013276.313955784 5.063000803007794 0.872048484836538 0.0 0.0 0.0 0.7110645448558399 0.7031267403882157
1629013276.514402390 5.032248284871322 0.9351818856070063 0.0 0.0 0.0 0.7583133276242352 0.651890249311538
1629013276.514402390 5.066537942261101 0.8415760762765127 0.0 0.0 0.0 0.6788165901522861 0.7343078625032032
1629013276.614527225 5.062508465470986 0.8742551811941982 0.0 0.0 0.0 0.7110645293931143 0.7031267560255042
1629013276.614527225 5.062885197227915 0.873322712216584 0.0 0.0 0.0 0.7110645368823256 0.7031267484517452
1629013276.614527225 5.063101517310879 0.8736211254717653 0.0 0.0 0.0 0.7110645246210515 0.7031267608514399
1629013276.614527225 5.0641978380267085 0.8289565253569938 0.0 0.0 0.0 0.6621132818082773 0.7494037643707647
1629013277.015316010 5.043427470091476 0.8108849619078501 0.0 0.0 0.0 0.5948064754472204 0.8038689300912526
1629013277.015316010 5.062241394358146 0.8746573418158687 0.0 0.0 0.0 0.7110645460887475 0.7031267391413895
1629013277.015316010 5.063931500653721 0.82956337861034 0.0 0.0 0.0 0.6621133037557125 0.7494037449797643
1629013277.015316010 5.065211537566132 0.8418632187518847 0.0 0.0 0.0 0.6788165539261168 0.7343078959917776
1629013277.215725422 5.012610366838949 0.8025670575682881 0.0 0.0 0.0 0.5591775613382595 0.8290479207475265
1629013277.215725422 5.043796133032325 0.8110545364814767 0.0 0.0 0.0 0.594806437624569 0.8038689580773534
1629013277.416112423 4.975405309547698 0.7856158441515423 0.0 0.0 0.0 0.5203773231200822 0.8539364388421292
1629013277.416112423 5.014267848791549 0.8021583354701002 0.0 0.0 0.0 0.5591776070037422 0.8290478899469972
1629013277.416112423 5.014500266282553 0.8028247381778254 0.0 0.0 0.0 0.5591776362025428 0.8290478702529407
1629013277.416112423 5.042452569456631 0.810441430541957 0.0 0.0 0.0 0.5948064621155054 0.803868939955784
1629013277.616681337 4.922934089062918 0.7253265326094939 0.0 0.0 0.0 0.481928389103206 0.8762106069755085
1629013277.616681337 4.923217066471366 0.7259459824356389 0.0 0.0 0.0 0.4819284160720504 0.876210592142257
1629013277.616681337 4.924038780621384 0.7251982704055648 0.0 0.0 0.0 0.48192843340989705 0.876210582606192
1629013277.616681337 4.9752400822974705 0.7838160298044977 0.0 0.0 0.0 0.5203772874478646 0.8539364605802955
1629013277.616681337 4.976162659582943 0.7841495486609893 0.0 0.0 0.0 0.5203773171156862 0.853936442501127
1629013278.117462635 4.745460326499146 0.5653190806396271 0.0 0.0 0.0 0.4178097755684495 0.9085345295801596
1629013278.117462635 4.923167269285349 0.7241876282355588 0.0 0.0 0.0 0.48192843834230104 0.8762105798932988
1629013278.117462635 4.9232981393094315 0.7251198079128651 0.0 0.0 0.0 0.48192839102269835 0.8762106059197601
1629013278.317893028 4.644684174547827 0.4510936372211977 0.0 0.0 0.0 0.416433030889615 0.9091663933428737
1629013278.317893028 4.745099167203629 0.5646425097392599 0.0 0.0 0.0 0.417809785845781 0.9085345248539004
1629013278.418324947 4.598286632995924 0.4231560244152912 0.0 0.0 0.0 0.4266135026722071 0.904434032606995
1629013278.418324947 4.744753114429776 0.5649302740895488 0.0 0.0 0.0 0.4178098336082261 0.9085345028892774
1629013278.518271446 4.552716285653407 0.4050883173016271 0.0 0.0 0.0 0.4385153062912131 0.8987237206997062
1629013278.518271446 4.553872877760524 0.40454716107034216 0.0 0.0 0.0 0.4385153124595179 0.898723717689998
1629013278.518271446 4.597698713274538 0.4230524254677825 0.0 0.0 0.0 0.4266134770307904 0.9044340447018231
1629013278.518271446 4.6438529572781455 0.45061352827156065 0.0 0.0 0.0 0.4164330092240511 0.9091664032665315
1629013278.718654156 4.466927169595922 0.3265489108099788 0.0 0.0 0.0 0.47065246435484376 0.8823186826746402
1629013278.718654156 4.5541855922763785 0.4044503009341027 0.0 0.0 0.0 0.43851528678124213 0.8987237302192287
1629013278.919036388 4.382489721774064 0.23405047998258155 0.0 0.0 0.0 0.5081785295499238 0.8612517530341969
1629013278.919036388 4.466769812624629 0.32610924782663087 0.0 0.0 0.0 0.47065240033527084 0.8823187168243956
1629013279.019241810 4.346504203214943 0.15821038221186687 0.0 0.0 0.0 0.5290340850519302 0.8486005755673673
1629013279.019241810 4.346924182028436 0.15778057073756305 0.0 0.0 0.0 0.5290340405524111 0.8486006033092305
1629013279.019241810 4.347084184862703 0.1570493562707546 0.0 0.0 0.0 0.5290340382356215 0.8486006047535619
1629013279.019241810 4.347701611570261 0.15766423651773712 0.0 0.0 0.0 0.5290341044929413 0.8486005634474629
1629013279.019241810 4.3835533364946935 0.23470083989551774 0.0 0.0 0.0 0.5081785316088793 0.8612517518193176
1629013279.019241810 4.467064729304896 0.3258397858742242 0.0 0.0 0.0 0.470652390332662 0.8823187221600546
1629013279.822077751 4.254685796840861 0.06474014935581572 0.0 0.0 0.0 0.5802814876694028 0.8144159840451222
1629013279.822077751 4.348088330094515 0.15856609393807194 0.0 0.0 0.0 0.5290341359989313 0.8486005438060149
1629013279.822077751 4.348633045019895 0.15807537963562204 0.0 0.0 0.0 0.5290340972074317 0.8486005679893914
1629013280.021559715 4.2263407498796886 -0.029037409856939582 0.0 0.0 0.0 0.6227315813633484 0.7824355421200544
1629013280.021559715 4.226501304176616 -0.029167988573840516 0.0 0.0 0.0 0.6227315773354293 0.7824355453258296
1629013280.021559715 4.227095889928899 -0.02983449806291827 0.0 0.0 0.0 0.6227315667175072 0.7824355537765132
1629013280.021559715 4.227671513222966 -0.02939411722527954 0.0 0.0 0.0 0.6227315572775863 0.7824355612896389
1629013280.021559715 4.228701394934557 -0.029653077896411594 0.0 0.0 0.0 0.6227315267646585 0.7824355855745299
1629013280.021559715 4.254842829094179 0.0643614454526215 0.0 0.0 0.0 0.5802815359904632 0.8144159496157654
1629013280.021559715 4.347898632000652 0.15771496623469272 0.0 0.0 0.0 0.529034167550383 0.8486005241362236
1629013280.822953224 4.181884395119227 -0.14714542678133097 0.0 0.0 0.0 0.6945067228889885 0.7194862138095475
1629013280.822953224 4.182560312405004 -0.1466160787861363 0.0 0.0 0.0 0.6945067240496527 0.7194862126891797
1629013281.023141384 4.179820832457815 -0.32674928154874294 0.0 0.0 0.0 0.734510833267111 0.6785969612466992
1629013281.023141384 4.179911159060924 -0.3280066180494548 0.0 0.0 0.0 0.7345108520924644 0.6785969408702061
1629013281.023141384 4.181967148318953 -0.14629478182652988 0.0 0.0 0.0 0.6945067179234881 0.7194862186026529
1629013281.023141384 4.182914913963293 -0.14442972683821007 0.0 0.0 0.0 0.694506733779793 0.7194862032968552
1629013281.323719501 4.177496168170386 -0.32862542413099927 0.0 0.0 0.0 0.7345108171932831 0.6785969786449505
1629013281.323719501 4.178041316613744 -0.32903318278032806 0.0 0.0 0.0 0.7345108492269827 0.6785969439717929
1629013281.323719501 4.209793643905367 -0.5847609595568949 0.0 0.0 0.0 0.7874238709928787 0.6164119137318732
1629013281.524127960 4.2094855527951465 -0.5841005303275089 0.0 0.0 0.0 0.7874238806540528 0.6164119013903869
1629013281.524127960 4.259416642579415 -0.7474302152095051 0.0 0.0 0.0 0.8046727877944982 0.5937185398680341
1629013281.524127960 4.259806526507325 -0.7469255662627446 0.0 0.0 0.0 0.8046727758125912 0.5937185561072343
1629013281.724548578 4.259101461835971 -0.7485175251467913 0.0 0.0 0.0 0.8046727951095678 0.5937185299538458
1629013281.724548578 4.307100114021228 -0.9402578751894788 0.0 0.0 0.0 0.7990599646602047 0.6012513391895542
1629013281.824714661 4.258610065729041 -0.7475763814919261 0.0 0.0 0.0 0.804672796572964 0.5937185279704899
1629013281.824714661 4.3061697487153925 -0.9388743518127866 0.0 0.0 0.0 0.799059973552967 0.6012513273711183
1629013281.824714661 4.347432379134978 -1.0120339852172198 0.0 0.0 0.0 0.7900079374000052 0.6130966146089779
1629013281.824714661 4.3475544670847315 -1.0113430252977629 0.0 0.0 0.0 0.7900079436400331 0.6130966065683664
1629013282.125304222 4.3476361698989585 -1.0109749322472361 0.0 0.0 0.0 0.7900079271904792 0.6130966277645006
1629013282.125304222 4.457676110123266 -1.2354916410519532 0.0 0.0 0.0 0.7546975153115641 0.6560729078254576
1629013282.225491524 4.348589207143141 -1.0105038793899408 0.0 0.0 0.0 0.7900079385157331 0.6130966131713024
1629013282.225491524 4.4568509818421065 -1.236182658861074 0.0 0.0 0.0 0.7546974794062442 0.656072949128267
1629013282.225491524 4.491239011082016 -1.3335518266764466 0.0 0.0 0.0 0.7394905026053943 0.6731669900971239
1629013282.225491524 4.491930738689998 -1.3334260436198138 0.0 0.0 0.0 0.7394905266308579 0.67316696370456
1629013282.526069880 4.492174720660331 -1.3322840367597488 0.0 0.0 0.0 0.7394905179035114 0.6731669732917654
1629013282.526069880 4.492661397167291 -1.3318405823216772 0.0 0.0 0.0 0.7394905294871824 0.673166960566817
1629013282.526069880 4.533543233499222 -1.6031383908128187 0.0 0.0 0.0 0.6859859425737206 0.7276147927243124
1629013282.526069880 4.534805406621169 -1.6032002425338734 0.0 0.0 0.0 0.6859859470343276 0.727614788518909
1629013282.526069880 4.534831059393412 -1.6040479437117892 0.0 0.0 0.0 0.6859859357505966 0.7276147991570666
1629013282.526069880 4.5355977727698376 -1.6035866178191447 0.0 0.0 0.0 0.6859859677825809 0.7276147689577197
1629013283.027065277 4.513082144214147 -2.0111057758839834 0.0 0.0 0.0 0.578126206077251 0.8159473572766346
1629013283.027065277 4.5336222919112705 -1.603912589681472 0.0 0.0 0.0 0.6859859598978323 0.7276147763913605
1629013283.127244234 4.5058494710897685 -2.2559460246251333 0.0 0.0 0.0 0.5229765168048438 0.8523470906096137
1629013283.127244234 4.533502107344436 -1.6032986158612155 0.0 0.0 0.0 0.685985966276489 0.7276147703776441
1629013283.227453947 4.479743782034288 -2.3375568090041035 0.0 0.0 0.0 0.49830930048247035 0.8669993316333474
1629013283.227453947 4.479827697701859 -2.3358109855769578 0.0 0.0 0.0 0.49830934426827217 0.8669993064673839
1629013283.227453947 4.480367816898539 -2.336032841338011 0.0 0.0 0.0 0.49830935855877934 0.8669992982538901
1629013283.227453947 4.48102888119113 -2.3353979402261236 0.0 0.0 0.0 0.49830935233349477 0.8669993018318832
1629013283.227453947 4.506192331223514 -2.2563903478586416 0.0 0.0 0.0 0.522976508508605 0.8523470956999555
1629013283.227453947 4.511943597898974 -2.0120542378458652 0.0 0.0 0.0 0.5781261739473333 0.8159473800417633
1629013283.728429317 4.457315303263599 -2.423897787703423 0.0 0.0 0.0 0.4248209385749847 0.9052773995567707
1629013283.728429317 4.457464963392361 -2.42496845903464 0.0 0.0 0.0 0.4248209952267073 0.9052773729717263
1629013283.728429317 4.480198674249961 -2.33736499634148 0.0 0.0 0.0 0.4983093961650712 0.8669992766396072
1629013283.928811550 4.377846276559011 -2.5216268025251782 0.0 0.0 0.0 0.37985950386713696 0.925044192091282
1629013283.928811550 4.45635761206713 -2.4239665070407335 0.0 0.0 0.0 0.4248209129924116 0.9052774115619443
1629013284.029018402 4.332979629820941 -2.5552978580619965 0.0 0.0 0.0 0.3579914200571037 0.9337248755203528
1629013284.029018402 4.4564874325277675 -2.425113625084078 0.0 0.0 0.0 0.42482091561778346 0.905277410329932
1629013284.129204512 4.292250477248655 -2.575073781722243 0.0 0.0 0.0 0.3352433936411626 0.9421315550494828
1629013284.129204512 4.293053467038198 -2.575173086181765 0.0 0.0 0.0 0.3352433627347277 0.9421315660470738
1629013284.129204512 4.293326495644745 -2.5737694433992284 0.0 0.0 0.0 0.3352433717756146 0.94213156283001
1629013284.129204512 4.2937008252517535 -2.574510326606213 0.0 0.0 0.0 0.3352433974848018 0.9421315536817814
1629013284.129204512 4.332449171610625 -2.5544345621079896 0.0 0.0 0.0 0.3579914158801973 0.9337248771217845
1629013284.129204512 4.3767428982873025 -2.522029186932597 0.0 0.0 0.0 0.379859518699762 0.925044186000423
1629013285.031048775 4.189330688768271 -2.553404156174001 0.0 0.0 0.0 0.3557778056947635 0.934570571425732
1629013285.031048775 4.292866913332651 -2.5744863649923158 0.0 0.0 0.0 0.3352433710524986 0.9421315630873199
1629013285.131157875 4.154921267200007 -2.5601637371641184 0.0 0.0 0.0 0.3775067600114868 0.926006828347194
1629013285.131157875 4.1885400668393995 -2.552273600677571 0.0 0.0 0.0 0.35577778794950254 0.9345705781811018
1629013285.131157875 4.293307019368651 -2.574656829755888 0.0 0.0 0.0 0.33524336804691557 0.9421315641568115
1629013285.331543922 4.108816747354165 -2.563679058953867 0.0 0.0 0.0 0.41942287280593943 0.9077909747112562
1629013285.331543922 4.108967136586921 -2.5620093175100105 0.0 0.0 0.0 0.41942284416952513 0.9077909879420186
1629013285.331543922 4.153868999997877 -2.559801678620442 0.0 0.0 0.0 0.3775067731971092 0.9260068229717892
1629013285.331543922 4.1542235439332975 -2.5596432384268235 0.0 0.0 0.0 0.37750675669963385 0.9260068296973427
1629013285.632148743 4.066380265228355 -2.606115749006694 0.0 0.0 0.0 0.4834086973666638 0.8753947859738858
1629013285.632148743 4.109899500780926 -2.5614987615580445 0.0 0.0 0.0 0.41942282585994983 0.9077909964015143
1629013285.732345343 4.0402799797892 -2.6365666744050795 0.0 0.0 0.0 0.5055413427484586 0.8628023822243918
1629013285.732345343 4.0654498439905264 -2.6057773211958466 0.0 0.0 0.0 0.48340866964136503 0.8753948012842923
1629013285.732345343 4.10965115623812 -2.56112710326136 0.0 0.0 0.0 0.4194228206689458 0.9077909987998919
1629013285.932733774 4.007389728062754 -2.716027351514353 0.0 0.0 0.0 0.5481744881966143 0.8363639940183819
1629013285.932733774 4.008008897095711 -2.716207122677186 0.0 0.0 0.0 0.5481744832582667 0.836363997255102
1629013285.932733774 4.0393880836714935 -2.6364831822086487 0.0 0.0 0.0 0.5055413534654334 0.8628023759450003
1629013285.932733774 4.040161461186533 -2.636238088091587 0.0 0.0 0.0 0.5055413283363617 0.862802390668864
1629013286.233335018 3.947396964935645 -2.9140673159633614 0.0 0.0 0.0 0.6098876764704412 0.7924878687333242
1629013286.233335018 3.9474350829723392 -2.9126549940523336 0.0 0.0 0.0 0.6098876700859054 0.7924878736467743
1629013286.233335018 3.9475988683646634 -2.914650846929206 0.0 0.0 0.0 0.6098876726043784 0.7924878717085925
1629013286.233335018 3.9480929891728223 -2.9140750548651715 0.0 0.0 0.0 0.609887655949143 0.7924878845262304
1629013286.233335018 4.008086300902676 -2.7166370627788385 0.0 0.0 0.0 0.5481744889020987 0.8363639935559892
1629013286.233335018 4.008759207449697 -2.7168245937573303 0.0 0.0 0.0 0.5481744608585076 0.83636401193648
1629013287.335497141 3.8104971506554297 -3.219984654870434 0.0 0.0 0.0 0.7130542309510832 0.701108881503265
1629013287.335497141 3.8105912461944165 -3.219814456911786 0.0 0.0 0.0 0.7130542303866958 0.7011088820772683
1629013287.335497141 3.810818009182999 -3.2187865655161647 0.0 0.0 0.0 0.7130542261664375 0.7011088863694305
1629013287.335497141 3.8108324731230567 -3.2198433151834522 0.0 0.0 0.0 0.7130542540831845 0.7011088579770429
1629013287.335497141 3.9478251549080325 -2.91425415720127 0.0 0.0 0.0 0.609887676307378 0.7924878688588154
1629013287.335497141 3.949178836928117 -2.914120588344528 0.0 0.0 0.0 0.6098876826634376 0.7924878639672799
1629013288.238262653 3.705737288346552 -3.6280428724853175 0.0 0.0 0.0 0.7813033698736469 0.6241514593622955
1629013288.238262653 3.8094485036719576 -3.218853016425376 0.0 0.0 0.0 0.7130542432676209 0.7011088689768805
1629013288.238262653 3.8097310229458365 -3.217288829609811 0.0 0.0 0.0 0.7130542588718016 0.701108853106838
1629013288.238262653 3.8097628942073962 -3.2186085940619975 0.0 0.0 0.0 0.7130542623014747 0.7011088496187305
1629013288.238262653 3.810541083334087 -3.2171523792778327 0.0 0.0 0.0 0.7130542355636719 0.701108876812088
1629013288.238262653 3.81141612972051 -3.2177763679565117 0.0 0.0 0.0 0.7130542399718864 0.7011088723287671
1629013289.139037371 3.7056200165625426 -3.928608876835528 0.0 0.0 0.0 0.7909778720263965 0.6118447564248578
1629013289.139037371 3.8111627993782777 -3.21750927966172 0.0 0.0 0.0 0.7130542266503413 0.7011088858772819
1629013289.239264727 3.695217414809423 -3.9192435691997445 0.0 0.0 0.0 0.7864653167385645 0.6176344433136073
1629013289.239264727 3.7060045493427864 -3.9286836249602564 0.0 0.0 0.0 0.7909778820287306 0.6118447434940857
1629013289.339389801 3.683947267310949 -3.910780845909865 0.0 0.0 0.0 0.7810533098121014 0.62446435225044
1629013289.339389801 3.707070512396366 -3.928907606171142 0.0 0.0 0.0 0.7909778750658444 0.6118447524955342
1629013289.539778709 3.658359378216807 -3.8377427641032873 0.0 0.0 0.0 0.7635824926788273 0.645710288654586
1629013289.539778709 3.6844193055094405 -3.9097964668658074 0.0 0.0 0.0 0.7810533268899557 0.6244643308901895
1629013289.539778709 3.6851782172037044 -3.909586103880507 0.0 0.0 0.0 0.7810532996947736 0.6244643649047608
1629013289.539778709 3.695945987292492 -3.919972556151491 0.0 0.0 0.0 0.786465323509288 0.6176344346921009
1629013289.740151167 3.6349656674244026 -3.7463846476911447 0.0 0.0 0.0 0.7415084254944081 0.6709435556891532
1629013289.740151167 3.6584934762493235 -3.837328425016399 0.0 0.0 0.0 0.7635824888397482 0.6457102931944757
1629013289.940553188 3.613561744257498 -3.642580217686113 0.0 0.0 0.0 0.7155703799070713 0.6985406440570582
1629013289.940553188 3.634967531462698 -3.746242936589914 0.0 0.0 0.0 0.7415084838850484 0.6709434911574125
1629013289.940553188 3.6351094234954133 -3.7452302133572535 0.0 0.0 0.0 0.7415084773809703 0.6709434983455426
1629013289.940553188 3.635675019106931 -3.7470629099813637 0.0 0.0 0.0 0.7415085123432031 0.6709434597062333
1629013290.241132259 3.594545008931678 -3.4605289132401804 0.0 0.0 0.0 0.670809015762967 0.7416301398750724
1629013290.241132259 3.594821468314046 -3.459897205372186 0.0 0.0 0.0 0.670809002460397 0.7416301519073285
1629013290.241132259 3.5953266062841505 -3.4595321118139446 0.0 0.0 0.0 0.6708090190064764 0.7416301369412982
1629013290.241132259 3.613394712272986 -3.6435427241860436 0.0 0.0 0.0 0.7155703714284335 0.6985406527423967
1629013290.241132259 3.6139387096098385 -3.642585435546183 0.0 0.0 0.0 0.7155704181657367 0.6985406048656818
1629013290.642004013 3.5967390502550565 -3.459993813757897 0.0 0.0 0.0 0.670809012068147 0.7416301432170598
1629013290.642004013 3.5967639518241707 -3.46059595433059 0.0 0.0 0.0 0.6708090160305945 0.7416301396330017
1629013290.642004013 3.5974824786425366 -3.4605618222874903 0.0 0.0 0.0 0.670809012281837 0.7416301430237758
1629013290.642004013 3.6228017704238025 -3.202312030075857 0.0 0.0 0.0 0.6051531787336846 0.7961090567683031
1629013290.942499161 3.6225884017087497 -3.202607281643794 0.0 0.0 0.0 0.6051531796701628 0.7961090560564499
1629013290.942499161 3.6784452083677976 -2.997581167994309 0.0 0.0 0.0 0.5519347990277341 0.8338872691330733
1629013291.042703152 3.622990463811571 -3.2027112743437387 0.0 0.0 0.0 0.6051531740580531 0.7961090603224307
1629013291.042703152 3.679649624938109 -2.9975988632696913 0.0 0.0 0.0 0.5519347690516091 0.8338872889737239
1629013291.042703152 3.7020782729623907 -2.9260227292784386 0.0 0.0 0.0 0.533304069635303 0.8459236190758737
1629013291.042703152 3.7021642320217136 -2.9264018288220424 0.0 0.0 0.0 0.5333040936772997 0.8459236039188374
1629013291.042703152 3.7026324449506878 -2.9250119412951148 0.0 0.0 0.0 0.5333040979203374 0.8459236012438565
1629013291.042703152 3.7036742352835526 -2.925066881912169 0.0 0.0 0.0 0.5333040763754395 0.8459236148266221
1629013291.643872261 3.7017607005819166 -2.924075262608518 0.0 0.0 0.0 0.5333041044389789 0.8459235971342439
1629013291.643872261 3.702419940961039 -2.9249516195440752 0.0 0.0 0.0 0.5333040778079382 0.8459236139235177
1629013291.643872261 3.800416358122323 -2.8021269573775336 0.0 0.0 0.0 0.4655154041709184 0.8850397779080816
1629013291.643872261 3.801366748272182 -2.80191463639597 0.0 0.0 0.0 0.465515373355291 0.8850397941165606
1629013291.944457531 3.7993740965309684 -2.801271910236794 0.0 0.0 0.0 0.4655154293775095 0.8850397646498562
1629013291.944457531 3.800300210472205 -2.8024440117503455 0.0 0.0 0.0 0.46551538220277866 0.8850397894629376
1629013291.944457531 3.9130540153608555 -2.6496432887829378 0.0 0.0 0.0 0.4116548917995003 0.9113398104206475
1629013292.144999266 3.912734259905502 -2.650499829399254 0.0 0.0 0.0 0.41165488602202166 0.9113398130303517
1629013292.144999266 3.913056957842274 -2.6503998109340254 0.0 0.0 0.0 0.4116548758830983 0.9113398176101333
1629013292.144999266 3.9936414925289436 -2.534236412829661 0.0 0.0 0.0 0.38089541871340765 0.9246181265815298
1629013292.345243454 3.9942852257356996 -2.5341101131639814 0.0 0.0 0.0 0.3808953915935191 0.9246181377535375
1629013292.345243454 3.994338313187713 -2.5343776592383196 0.0 0.0 0.0 0.38089543062669134 0.9246181216738656
1629013292.345243454 4.085948084005616 -2.444679542031143 0.0 0.0 0.0 0.36572846228365885 0.9307215974047397
1629013292.445479393 3.9932983790436882 -2.534696618460379 0.0 0.0 0.0 0.3808953411525546 0.924618158532634
1629013292.445479393 4.085530788986192 -2.4440730439424985 0.0 0.0 0.0 0.3657284563304905 0.9307215997440462
1629013292.445479393 4.085818267124005 -2.4443411683025458 0.0 0.0 0.0 0.3657284779539163 0.9307215912470881
1629013292.445479393 4.134809195438687 -2.3949863047919373 0.0 0.0 0.0 0.36572850583471633 0.9307215802912845
1629013292.445479393 4.13516451407708 -2.3942227969966416 0.0 0.0 0.0 0.3657284991447013 0.9307215829201363
1629013292.445479393 4.13521843670461 -2.3935851431747603 0.0 0.0 0.0 0.36572851909209975 0.9307215750817748
1629013293.047432423 4.135216330276566 -2.394782166113838 0.0 0.0 0.0 0.36572852014487334 0.9307215746680857
1629013293.047432423 4.296413323075155 -2.3158575412230067 0.0 0.0 0.0 0.43531464706632167 0.9002783780862027
1629013293.247035027 4.296360673977958 -2.316907197647388 0.0 0.0 0.0 0.4353146234652592 0.9002783894981039
1629013293.247035027 4.296649608761694 -2.316591636431899 0.0 0.0 0.0 0.4353146836659155 0.9002783603890765
1629013293.247035027 4.3781560090611045 -2.2149439795541706 0.0 0.0 0.0 0.4755602418408854 0.8796831568128598
1629013293.247035027 4.379176608260416 -2.2152209957377793 0.0 0.0 0.0 0.4755602825462281 0.8796831348073871
1629013293.247035027 4.379883039407247 -2.214529799023498 0.0 0.0 0.0 0.47556029413139694 0.8796831285443977
1629013293.247035027 4.380621653426132 -2.2150111116396003 0.0 0.0 0.0 0.47556029777704695 0.8796831265735443
1629013293.848223686 4.377118661832291 -2.2144624785251112 0.0 0.0 0.0 0.4755602087306004 0.8796831747124119
1629013293.848223686 4.377692019707067 -2.2149563452438814 0.0 0.0 0.0 0.47556020705013924 0.8796831756208758
1629013293.848223686 4.499924694452463 -2.0707047899330506 0.0 0.0 0.0 0.5737450149545132 0.8190339784250988
1629013293.848223686 4.501587447775182 -2.069752487673907 0.0 0.0 0.0 0.5737450198267114 0.8190339750120544
1629013293.848223686 4.5021567254902575 -2.0695458686183765 0.0 0.0 0.0 0.5737450207990579 0.8190339743309117
1629013294.248976707 4.500513646752578 -2.0703452570540657 0.0 0.0 0.0 0.5737450227968551 0.8190339729314262
1629013294.248976707 4.5009882361558935 -2.070293911294935 0.0 0.0 0.0 0.5737450257141005 0.8190339708878541
1629013294.248976707 4.549077276058311 -1.940715464221422 0.0 0.0 0.0 0.6112995075339398 0.7913993379380366
1629013294.248976707 4.550187138082926 -1.9408642235938751 0.0 0.0 0.0 0.6112995306797044 0.7913993200595848
1629013294.449362993 4.550430178981754 -1.941486716112659 0.0 0.0 0.0 0.6112995616107609 0.7913992961675487
1629013294.449362993 4.564064108926796 -1.899154536741535 0.0 0.0 0.0 0.6191730788453375 0.7852545437201784
1629013294.549557686 4.56166209360278 -1.8938887703763545 0.0 0.0 0.0 0.6221784554721433 0.7828754495743867
1629013294.549557686 4.562167592693645 -1.895561424195483 0.0 0.0 0.0 0.6221785170558138 0.7828754006316895
1629013294.549557686 4.562704554312283 -1.8959268429228164 0.0 0.0 0.0 0.6221784958686383 0.78287541746988
1629013294.549557686 4.562878060873404 -1.8948518033428 0.0 0.0 0.0 0.6221784840946255 0.7828754268270999
1629013294.549557686 4.562965280598169 -1.8939546425536171 0.0 0.0 0.0 0.6221784723789386 0.7828754361379658
1629013294.549557686 4.563651826821136 -1.899521645907021 0.0 0.0 0.0 0.6191730958539288 0.7852545303089067
1629013295.150742054 4.56219015880717 -1.893001286338322 0.0 0.0 0.0 0.6221784299766767 0.7828754698365236
1629013295.150742054 4.566670193860566 -1.8824481730998783 0.0 0.0 0.0 0.6319279655650921 0.7750271261941505
1629013295.250942469 4.562620276595693 -1.8934967738881414 0.0 0.0 0.0 0.6221784878590857 0.7828754238353517
1629013295.250942469 4.563790022544871 -1.8926692106177767 0.0 0.0 0.0 0.6221785291838988 0.7828753909930751
1629013295.250942469 4.56820563410037 -1.8837972803444079 0.0 0.0 0.0 0.6330386498512559 0.7741201895019267
1629013295.351131916 4.566384435444631 -1.8828867450495055 0.0 0.0 0.0 0.6319279543275679 0.7750271353568049
1629013295.351131916 4.56798122921355 -1.88385862963408 0.0 0.0 0.0 0.6340111393315095 0.7733239135081503
1629013295.351131916 4.568513108536239 -1.8833339801664841 0.0 0.0 0.0 0.6340111415220299 0.7733239117122479
1629013295.351131916 4.569165469838493 -1.8832113961098607 0.0 0.0 0.0 0.6330386896321681 0.7741201569709882
1629013295.651784420 4.566558109178601 -1.8836661965083017 0.0 0.0 0.0 0.6361026977417388 0.7716044050714602
1629013295.651784420 4.56785139914031 -1.8840490726344277 0.0 0.0 0.0 0.6361027303409725 0.7716043781969877
1629013295.651784420 4.567938021916541 -1.8833208698948802 0.0 0.0 0.0 0.6361027136264564 0.7716043919762628
1629013295.651784420 4.567972588457533 -1.883844164146927 0.0 0.0 0.0 0.634011124242096 0.7733239258792356
1629013295.651784420 4.568765598410918 -1.884260947208556 0.0 0.0 0.0 0.6361026662210602 0.7716044310567809
1629013295.651784420 4.56880484753739 -1.8833504803778303 0.0 0.0 0.0 0.6361026829804667 0.7716044172405001
1629013296.152692318 4.5656062650221765 -1.8849879751527248 0.0 0.0 0.0 0.6388123595376837 0.7693625733696027
1629013296.152692318 4.569327122711927 -1.8849036208938195 0.0 0.0 0.0 0.636102715456712 0.771604390467419
1629013296.252875090 4.565951380358163 -1.8858416750177196 0.0 0.0 0.0 0.6388123433057641 0.7693625868471892
1629013296.252875090 4.5696023154646195 -1.8865554058132212 0.0 0.0 0.0 0.6401262469372349 0.7682697364741438
1629013296.453254938 4.568001376503034 -1.8860647664242725 0.0 0.0 0.0 0.6422083199954021 0.7665301518718513
1629013296.453254938 4.56831880430366 -1.8858850749970157 0.0 0.0 0.0 0.6422083322892662 0.7665301415719016
1629013296.453254938 4.5689785887352485 -1.885935516142697 0.0 0.0 0.0 0.6401262609614311 0.7682697247891119
1629013296.453254938 4.569215248314875 -1.8862049544988249 0.0 0.0 0.0 0.6401262398839975 0.7682697423509368
1629013296.753854752 4.566518664559398 -1.8840187212437736 0.0 0.0 0.0 0.6455211065746522 0.763742431037216
1629013296.753854752 4.567019951169587 -1.883808772317687 0.0 0.0 0.0 0.6455210869379429 0.7637424476343165
1629013296.753854752 4.569103406909278 -1.8854885951643772 0.0 0.0 0.0 0.642208347767598 0.7665301286039655
1629013296.753854752 4.569202711943824 -1.8853301744729973 0.0 0.0 0.0 0.6422083579685791 0.7665301200574582
1629013297.054462671 4.564290754748004 -1.881332816452467 0.0 0.0 0.0 0.6489019401243538 0.7608720471293775
1629013297.054462671 4.567230680541476 -1.88303061642499 0.0 0.0 0.0 0.645521035976475 0.7637424907073447
1629013297.154661655 4.563661251776468 -1.8817184843328694 0.0 0.0 0.0 0.650454720067889 0.7595450329910691
1629013297.154661655 4.566695342738397 -1.8810413171241958 0.0 0.0 0.0 0.6455210225154542 0.763742502084703
1629013297.254834890 4.560894925783809 -1.881407058795333 0.0 0.0 0.0 0.6520322751805021 0.758191210792461
1629013297.254834890 4.561967562552219 -1.880009361438294 0.0 0.0 0.0 0.6520322780706249 0.7581912083070017
1629013297.254834890 4.562632416707039 -1.882739983374854 0.0 0.0 0.0 0.6504547354940033 0.7595450197805435
1629013297.254834890 4.564412122069982 -1.8820005441420264 0.0 0.0 0.0 0.648901941919728 0.7608720455982109
1629013297.555447102 4.5532611973943 -1.8784190238068608 0.0 0.0 0.0 0.6553450100284389 0.7553296749306394
1629013297.555447102 4.560621439432451 -1.8799822883653383 0.0 0.0 0.0 0.6520322561074869 0.7581912271949476
1629013297.555447102 4.56102231990916 -1.880661905532926 0.0 0.0 0.0 0.6520322579230742 0.7581912256335717
1629013297.755830765 4.5493787962060255 -1.877120192400644 0.0 0.0 0.0 0.6575627583586007 0.7533997735729873
1629013297.755830765 4.553187442314149 -1.8783578659830464 0.0 0.0 0.0 0.6553450027069944 0.755329681282928
1629013297.856037855 4.5504352283819465 -1.8764171240640504 0.0 0.0 0.0 0.6591382061652924 0.7520218249314314
1629013297.856037855 4.553779906647938 -1.8779758781681652 0.0 0.0 0.0 0.6553450151795555 0.7553296704613874
1629013297.956216335 4.549293850016127 -1.8771307681580323 0.0 0.0 0.0 0.657562722899417 0.7533998045215465
1629013297.956216335 4.551076804474646 -1.8757680644346877 0.0 0.0 0.0 0.6607529830582421 0.7506034208419479
1629013298.056957483 4.549178655526731 -1.8748686504089067 0.0 0.0 0.0 0.6622005063152824 0.7493266907269377
1629013298.056957483 4.550725919760728 -1.876245753074613 0.0 0.0 0.0 0.6591382098508227 0.7520218217011079
1629013298.156583786 4.549665268183396 -1.8742991564271494 0.0 0.0 0.0 0.6633782227617343 0.7482842598675205
1629013298.156583786 4.551421483940164 -1.8757393291559128 0.0 0.0 0.0 0.6607529968411654 0.7506034087088992
1629013298.156583786 4.5521842705670075 -1.8753486776518093 0.0 0.0 0.0 0.6607529938577177 0.7506034113352157
1629013298.356981039 4.5485898666186095 -1.8719490821595508 0.0 0.0 0.0 0.6656385907133927 0.7462742569277655
1629013298.356981039 4.550152516451964 -1.8739920693935248 0.0 0.0 0.0 0.6622005085355365 0.7493266887648383
1629013298.356981039 4.550241049670811 -1.8730028579566096 0.0 0.0 0.0 0.6633782404508667 0.7482842441855314
1629013298.557417154 4.545381173876702 -1.8675052938497012 0.0 0.0 0.0 0.6676195798582376 0.7445025833332685
1629013298.557417154 4.545487598367054 -1.868369770599587 0.0 0.0 0.0 0.6676195538880034 0.7445026066216177
1629013298.557417154 4.545523975254412 -1.8680758930314632 0.0 0.0 0.0 0.6676195806756566 0.7445025826002624
1629013298.557417154 4.547801563304289 -1.870559843241067 0.0 0.0 0.0 0.6656385789927379 0.7462742673819918
1629013298.557417154 4.548288219783491 -1.870534921679259 0.0 0.0 0.0 0.6656385911457563 0.7462742565421191
1629013298.958150387 4.538287095459115 -1.8662955667662229 0.0 0.0 0.0 0.6706283185921953 0.7417935415614004
1629013298.958150387 4.544173132121129 -1.866944664579241 0.0 0.0 0.0 0.6676195538511963 0.7445026066546239
1629013298.958150387 4.544861206777963 -1.8671608537118853 0.0 0.0 0.0 0.6676195692705126 0.7445025928276242
1629013299.158659935 4.537624690964495 -1.867050676758629 0.0 0.0 0.0 0.6706283243172241 0.741793536385612
1629013299.158659935 4.538243888961149 -1.8669713806024364 0.0 0.0 0.0 0.6706283084991909 0.7417935506861152
1629013299.158659935 4.538276505659835 -1.8663830494964768 0.0 0.0 0.0 0.6724598019495683 0.7401336465544228
1629013299.358932257 4.537685881643619 -1.8661625470675929 0.0 0.0 0.0 0.6724597927649005 0.7401336548992938
1629013299.358932257 4.538202937951538 -1.8671746865343881 0.0 0.0 0.0 0.6744734590096908 0.7382990946029279
1629013299.358932257 4.538535397739917 -1.86695320503135 0.0 0.0 0.0 0.6744734756119216 0.7382990794359523
1629013299.358932257 4.538894445483967 -1.8674112529411473 0.0 0.0 0.0 0.672459772894118 0.7401336729531979
1629013299.358932257 4.53939266810541 -1.8677761321181212 0.0 0.0 0.0 0.6744734798760191 0.7382990755404839
1629013299.759720087 4.534877106368757 -1.8668335467356254 0.0 0.0 0.0 0.678228435978835 0.7348511336520502
1629013299.759720087 4.53499295873244 -1.866288710849522 0.0 0.0 0.0 0.6782284267975865 0.7348511421258531
1629013299.759720087 4.53894083986436 -1.8670404060451373 0.0 0.0 0.0 0.6744734707902948 0.7382990838407516
1629013299.759720087 4.539398227738746 -1.8673559885993907 0.0 0.0 0.0 0.6744734701904249 0.7382990843887631
1629013300.060306549 4.531468277261738 -1.865216880169531 0.0 0.0 0.0 0.6809593474900054 0.7323212185004515
1629013300.060306549 4.536111684461485 -1.866567337736451 0.0 0.0 0.0 0.6782284405834342 0.7348511294022504
1629013300.160758972 4.529784587034094 -1.8666778009480396 0.0 0.0 0.0 0.6823314656772204 0.7310429337233048
1629013300.160758972 4.530415126199445 -1.8661959657645966 0.0 0.0 0.0 0.6823314459605411 0.7310429521262052
1629013300.160758972 4.5321481180444 -1.866262260045666 0.0 0.0 0.0 0.680959353580429 0.7323212128371841
1629013300.361333370 4.528867881815133 -1.8670844209500028 0.0 0.0 0.0 0.6840645318571924 0.7294214942370427
1629013300.361333370 4.529822951211149 -1.866625679442355 0.0 0.0 0.0 0.6823314793111709 0.731042920997823
1629013300.461078167 4.528029068607134 -1.8663125808466319 0.0 0.0 0.0 0.6840645267534995 0.7294214990233773
1629013300.461078167 4.528301592828822 -1.865933540038319 0.0 0.0 0.0 0.6844206108312417 0.7290873935745906
1629013300.461078167 4.528463039719909 -1.8668376629083145 0.0 0.0 0.0 0.6844206253672017 0.7290873799291608
1629013300.461078167 4.5287119186129665 -1.8655204382589607 0.0 0.0 0.0 0.6844206100033703 0.7290873943517433
1629013300.461078167 4.5293061057172235 -1.8664422816395463 0.0 0.0 0.0 0.684064544730898 0.729421482163851
1629013300.461078167 4.52959315417228 -1.8673352452068372 0.0 0.0 0.0 0.6844206485865615 0.7290873581323095
1629013300.962058544 4.527407134530371 -1.8669891925415165 0.0 0.0 0.0 0.6832799911917515 0.7301564583272546
1629013300.962058544 4.527541502001674 -1.866466393736942 0.0 0.0 0.0 0.6832799915357413 0.7301564580053492
1629013300.962058544 4.527730542790156 -1.8670640525323292 0.0 0.0 0.0 0.6832799833638526 0.7301564656525977
1629013300.962058544 4.527907035385214 -1.8661122060808104 0.0 0.0 0.0 0.6844206105844051 0.729087393806305
1629013300.962058544 4.528148717930855 -1.8671702157708578 0.0 0.0 0.0 0.6832799630273985 0.7301564846834389
1629013301.362841129 4.526335724996857 -1.8667474401426183 0.0 0.0 0.0 0.6832799967564525 0.7301564531198107
1629013301.362841129 4.526753695832224 -1.866840538161954 0.0 0.0 0.0 0.6832799450805866 0.7301565014780533
1629013301.362841129 4.527019464365802 -1.8686206321720888 0.0 0.0 0.0 0.6836364180087426 0.7298227510650621
1629013301.362841129 4.527067348586498 -1.868366580809309 0.0 0.0 0.0 0.6836364058313995 0.7298227624717702
1629013301.362841129 4.527095387818944 -1.8669441565224287 0.0 0.0 0.0 0.6836364116865669 0.7298227569871433
1629013301.362841129 4.5277706412571845 -1.8686354831278382 0.0 0.0 0.0 0.6836364107300785 0.7298227578831009
1629013301.863822460 4.527729133457544 -1.8686066271350545 0.0 0.0 0.0 0.683636385538054 0.7298227814808642
1629013301.863822460 4.528079656977519 -1.8690592471745253 0.0 0.0 0.0 0.6836363894145954 0.7298227778496473
1629013301.863822460 4.528502891871337 -1.8694879742938522 0.0 0.0 0.0 0.6836364024326523 0.72982276565543
1629013301.863822460 4.529051914897114 -1.8689019209253153 0.0 0.0 0.0 0.6836363848376561 0.7298227821369377
1629013302.164443970 4.526522312198563 -1.867618065363736 0.0 0.0 0.0 0.6836364004973138 0.7298227674682919
1629013302.164443970 4.527654425482753 -1.8670938466834042 0.0 0.0 0.0 0.6836363874543343 0.7298227796858545
1629013302.164443970 4.528703193534905 -1.868989370753328 0.0 0.0 0.0 0.6836364036582725 0.7298227645073724
1629013302.164443970 4.528733205215684 -1.8688551463267236 0.0 0.0 0.0 0.6836364030969229 0.7298227650331973
1629013302.164443970 4.529050509470587 -1.8675828612159309 0.0 0.0 0.0 0.6836364411684839 0.7298227293709686
1629013302.164443970 4.529359862788833 -1.868672358743021 0.0 0.0 0.0 0.6836363922250474 0.7298227752170531
1629013302.665424824 4.525628191290214 -1.866318344967183 0.0 0.0 0.0 0.6836363597277124 0.7298228056578129
1629013302.665424824 4.526182594166529 -1.864981045127573 0.0 0.0 0.0 0.6836363932246933 0.7298227742806691
1629013302.665424824 4.526854057473767 -1.864806277440074 0.0 0.0 0.0 0.6845444247839487 0.7289711451746309
1629013302.865775824 4.5261329341648695 -1.864192292549943 0.0 0.0 0.0 0.6847223647988434 0.7288040087323062
1629013302.865775824 4.526171442347936 -1.8645463758783616 0.0 0.0 0.0 0.684722353414847 0.7288040194277425
1629013302.865775824 4.526233689016713 -1.8638857075140742 0.0 0.0 0.0 0.6847223187384179 0.7288040520067683
1629013302.865775824 4.526500467999379 -1.8641220054950451 0.0 0.0 0.0 0.6847223657029353 0.7288040078828982
1629013302.865775824 4.526914020440451 -1.8650328968524654 0.0 0.0 0.0 0.6845444299401076 0.728971140332711
1629013302.865775824 4.527124567989888 -1.8652165729741355 0.0 0.0 0.0 0.6847223770233968 0.7288039972471538
1629013303.867745638 4.523841177331654 -1.8635386418437885 0.0 0.0 0.0 0.6849002355242418 0.728636855627574
1629013303.867745638 4.525213470612215 -1.8641536176342137 0.0 0.0 0.0 0.6847223111040508 0.7288040591793706
1629013303.867745638 4.525329912295913 -1.8648660189468078 0.0 0.0 0.0 0.6847223171073404 0.7288040535391901
1629013304.068133831 4.52357489739077 -1.8614188415673716 0.0 0.0 0.0 0.6847223622691233 0.7288040111090165
1629013304.068133831 4.525003250965998 -1.8626694662454495 0.0 0.0 0.0 0.6849002483969167 0.7286368435275846
1629013304.168321133 4.522859939826337 -1.862426940117354 0.0 0.0 0.0 0.6847223531904574 0.72880401963856
1629013304.168321133 4.523155868232134 -1.8624304767227433 0.0 0.0 0.0 0.6847223801385789 0.7288039943203931
1629013304.168321133 4.523945620792594 -1.8626405198821672 0.0 0.0 0.0 0.684722400621737 0.7288039750761556
1629013304.168321133 4.5248362911650695 -1.861092082229534 0.0 0.0 0.0 0.6849002591280858 0.7286368334405563
1629013304.370109081 4.522050589621413 -1.8622641885839384 0.0 0.0 0.0 0.6843664588591019 0.7291382241993991
1629013304.370109081 4.522184533750619 -1.8637930228487065 0.0 0.0 0.0 0.6843664576552335 0.7291382253293456
1629013304.370109081 4.5222770143863995 -1.8610857107480587 0.0 0.0 0.0 0.684366442211737 0.7291382398245543
1629013304.370109081 4.522431615777641 -1.8627060655584218 0.0 0.0 0.0 0.6847223619825443 0.7288040113782618
1629013304.370109081 4.522614388123994 -1.8629238009373015 0.0 0.0 0.0 0.6843664325883722 0.7291382488570086
1629013304.769490957 4.522988449507637 -1.8612480842711212 0.0 0.0 0.0 0.6843664645576385 0.7291382188507736
1629013304.769490957 4.522996266839851 -1.8611977434320721 0.0 0.0 0.0 0.6843664934648579 0.7291381917185621
1629013304.769490957 4.523809439028358 -1.8607955697685234 0.0 0.0 0.0 0.6838788326807758 0.7295956018310278
1629013304.769490957 4.524763620963712 -1.8618120024113207 0.0 0.0 0.0 0.6838788531104695 0.7295955826814666
1629013304.769490957 4.525014563940686 -1.8613317658554656 0.0 0.0 0.0 0.6838788535215098 0.7295955822961823
1629013304.769490957 4.525519912086935 -1.8604549804270165 0.0 0.0 0.0 0.6838788837914398 0.7295955539229761
1629013305.271343708 4.523828977693106 -1.859964505496622 0.0 0.0 0.0 0.6838788577064596 0.729595578373463
1629013305.271343708 4.524877868970537 -1.8611357989298434 0.0 0.0 0.0 0.6833154067178586 0.7301233148872918
1629013305.470873833 4.523412000605122 -1.8621593565633807 0.0 0.0 0.0 0.6834414403122537 0.7300053408461559
1629013305.470873833 4.52468067094654 -1.8618714868384247 0.0 0.0 0.0 0.6833154121763387 0.7301233097787525
1629013305.571066380 4.5225167097968635 -1.861064237747685 0.0 0.0 0.0 0.6836597019352331 0.7298009399485783
1629013305.571066380 4.522603955432336 -1.8611970198768661 0.0 0.0 0.0 0.6836596905378503 0.729800950625368
1629013305.571066380 4.5231154642636024 -1.8622681179514404 0.0 0.0 0.0 0.6834414057288396 0.7300053732236412
1629013305.571066380 4.523214565871256 -1.861182552435458 0.0 0.0 0.0 0.6834414004613114 0.7300053781551759
1629013305.571066380 4.523374115995263 -1.8613362699309837 0.0 0.0 0.0 0.6836596605522318 0.7298009787151611
1629013305.571066380 4.524598713496075 -1.8628739587370924 0.0 0.0 0.0 0.6833154343783371 0.7301232890001144
1629013306.072058678 4.52045353890542 -1.8592341894915505 0.0 0.0 0.0 0.6831555646555919 0.7302728767249262
1629013306.072058678 4.521140018435416 -1.8597418440778872 0.0 0.0 0.0 0.6836597218055742 0.7298009213345272
1629013306.072058678 4.522666660942808 -1.8607558488193525 0.0 0.0 0.0 0.6836596883992011 0.7298009526288023
1629013306.172584057 4.520932986248378 -1.8586414115863048 0.0 0.0 0.0 0.6828735636906391 0.7305365808858901
1629013306.172584057 4.521374658836136 -1.859595039845107 0.0 0.0 0.0 0.6836596935587365 0.7298009477954757
1629013306.272438526 4.520316359100601 -1.8592773186460692 0.0 0.0 0.0 0.6831555140249959 0.7302729240888256
1629013306.272438526 4.521625802838749 -1.8585500391155463 0.0 0.0 0.0 0.682873547924048 0.7305365956238079
1629013306.272438526 4.522919068001458 -1.859079559356871 0.0 0.0 0.0 0.6825398435623617 0.7308483850634595
1629013306.272438526 4.523712109673198 -1.8579482886071914 0.0 0.0 0.0 0.6825398160388614 0.7308484107676757
1629013306.575726032 4.52194265374953 -1.8561713153256294 0.0 0.0 0.0 0.6820194630400623 0.7313340222050011
1629013306.575726032 4.5219584987026895 -1.8563184015821543 0.0 0.0 0.0 0.6820194782948135 0.7313340079788923
1629013306.575726032 4.522978291990053 -1.8573487350576308 0.0 0.0 0.0 0.6820195038766281 0.7313339841220823
1629013306.575726032 4.522991875815442 -1.8562960377948767 0.0 0.0 0.0 0.682019496878074 0.7313339906487178
1629013306.575726032 4.523121194807386 -1.8566467407848266 0.0 0.0 0.0 0.6825398538094793 0.7308483754936688
1629013306.575726032 4.523192413402789 -1.8578878572456259 0.0 0.0 0.0 0.6825398597673283 0.730848369929629
1629013307.374596596 4.519544253300397 -1.8583805040294437 0.0 0.0 0.0 0.6821979997655607 0.7311674836286608
1629013307.374596596 4.51971486209931 -1.8577941211179647 0.0 0.0 0.0 0.6821980205951135 0.7311674641941538
1629013307.374596596 4.520619342110923 -1.8576081949681607 0.0 0.0 0.0 0.6821980398740818 0.7311674462063807
1629013307.374596596 4.521252833276799 -1.8584704979160254 0.0 0.0 0.0 0.6820194847000726 0.7313340020055457
1629013307.374596596 4.5214722188105725 -1.8585157801410979 0.0 0.0 0.0 0.6820194526578736 0.7313340318871088
1629013307.374596596 4.521607976082789 -1.857581406007745 0.0 0.0 0.0 0.6820194633414987 0.7313340219238909
1629013307.975763083 4.519353638773234 -1.8576944911001705 0.0 0.0 0.0 0.6827333631228851 0.7306676090254136
1629013307.975763083 4.519913042553646 -1.8576804022115736 0.0 0.0 0.0 0.6821980198112385 0.7311674649255292
1629013308.075963020 4.517516673163683 -1.857945405974362 0.0 0.0 0.0 0.6829518369138876 0.7304634066508374
1629013308.075963020 4.517913365312408 -1.857909648781448 0.0 0.0 0.0 0.6829517920288877 0.7304634486163774
1629013308.075963020 4.518439457324447 -1.8589880348418755 0.0 0.0 0.0 0.6821980393306143 0.7311674467134499
1629013308.075963020 4.519175863378102 -1.8579255477488907 0.0 0.0 0.0 0.6827333628978124 0.7306676092357208
1629013308.476742268 4.515959988992857 -1.8582264249575453 0.0 0.0 0.0 0.6830779495483564 0.7303454763608884
1629013308.476742268 4.518401772641503 -1.8583412679315896 0.0 0.0 0.0 0.6829518287199594 0.7304634143118074
1629013308.577086210 4.515329040737151 -1.8589987457914043 0.0 0.0 0.0 0.6830779610267935 0.7303454656253288
1629013308.577086210 4.5161943108900395 -1.8596983361772663 0.0 0.0 0.0 0.683359857627037 0.7300817111693428
1629013308.577086210 4.517090808170355 -1.8586332838812452 0.0 0.0 0.0 0.6829518344050679 0.7304634089964758
1629013308.777350664 4.5136288683234165 -1.8605644596303614 0.0 0.0 0.0 0.6830262912598498 0.7303937879307401
1629013308.777350664 4.513707141575421 -1.8612886305489127 0.0 0.0 0.0 0.6830262629890218 0.7303938143681473
1629013308.777350664 4.51388280050072 -1.8609778365252496 0.0 0.0 0.0 0.6830262941944437 0.7303937851864604
1629013308.777350664 4.514093440501647 -1.860447590484528 0.0 0.0 0.0 0.6830263231360413 0.730393758121782
1629013308.777350664 4.515058170941983 -1.8604608048699909 0.0 0.0 0.0 0.6833598180891516 0.7300817481769843
1629013308.777350664 4.5154443460303915 -1.8600936160962245 0.0 0.0 0.0 0.68335982227708 0.7300817442570644
