1629013127.723922968 -0.00025840392579886095 -0.0007296951264129822 0.0 0.0 0.0 -1.5217385246836376e-08 0.9999999999999999
1629013127.723922968 -0.0003752478972698387 -0.0003112476563132559 0.0 0.0 0.0 3.874815470737878e-09 1.0
1629013127.723922968 -0.00045111963002562666 0.00013931644802710706 0.0 0.0 0.0 2.691034056848016e-08 0.9999999999999997
1629013127.723922968 -0.0009474170396463296 0.0004313804452168174 0.0 0.0 0.0 2.79460075737938e-08 0.9999999999999996
1629013127.723922968 0.0018939304775393746 0.005179813828701249 0.0 0.0 0.0 -2.0779738212612318e-08 0.9999999999999998
1629013128.224887848 0.0015692238590691414 -0.0007075986227265322 0.0 0.0 0.0 -2.487878850556658e-08 0.9999999999999997
1629013128.224887848 0.006068545393582116 0.0010341004495009465 0.0 0.0 0.0 -1.0171303665453329e-07 0.9999999999999948
1629013128.325093031 0.004177464051604956 0.0020079773275800275 0.0 0.0 0.0 0.000517870287794727 0.9999998659051735
1629013128.325093031 -0.005233574473062793 -0.0016967797682190355 0.0 0.0 0.0 -1.188098395599922e-07 0.9999999999999929
1629013128.425327301 0.004072229307491223 0.0032236478242085673 0.0 0.0 0.0 -5.4369251901664295e-08 0.9999999999999986
1629013128.425327301 0.0056218357758820855 0.0029468663094675673 0.0 0.0 0.0 -0.0003955282426059573 0.9999999217787016
1629013128.525490284 0.005241398117484601 0.00511339122188577 0.0 0.0 0.0 0.0001222655434224337 0.9999999925255684
1629013128.525490284 0.0053991620705767535 8.063938319579256e-05 0.0 0.0 0.0 0.0005179661240869497 0.9999998658555381
1629013128.625700474 0.0039517341793034975 -0.004117156913350651 0.0 0.0 0.0 0.0001223879675221623 0.9999999925105927
1629013128.625700474 0.004139856604292777 0.004871446749853961 0.0 0.0 0.0 -0.0003956133579910331 0.9999999217450324
1629013128.625700474 0.004315929479199304 -0.005736109509668514 0.0 0.0 0.0 0.000812893886653262 0.9999996696017099
1629013128.625700474 0.007673996273977548 0.0010887953188840722 0.0 0.0 0.0 0.0008129016384025547 0.9999996695954085
1629013128.926275730 0.0005437630453579243 0.007391936899562545 0.0 0.0 0.0 0.00029497511537656534 0.9999999564948397
1629013128.926275730 -0.0007680240016378662 0.008322528325813226 0.0 0.0 0.0 0.0002950227413880367 0.9999999564807901
1629013128.926275730 -0.0018652252452993625 0.008451323415083485 0.0 0.0 0.0 0.0008129172528354118 0.9999996695827155
1629013128.926275730 0.0019011438631814925 0.009988891235831123 0.0 0.0 0.0 0.0002950087093887201 0.9999999564849298
1629013128.926275730 -0.008712359277759542 0.0032899328411695266 0.0 0.0 0.0 0.0002948334185511724 0.9999999565366267
1629013128.926275730 7.754301868212932e-05 0.007618352039236517 0.0 0.0 0.0 0.0002949902963550987 0.9999999564903616
1629013129.327075481 -0.0026033886960756918 -0.009035517075007361 0.0 0.0 0.0 0.00029507218187330706 0.9999999564662028
1629013129.327075481 -0.0033330628692161573 -0.010096256400879813 0.0 0.0 0.0 0.0007179025132623036 0.9999997423079575
1629013129.327075481 -0.0035308112394234143 -0.011357823283461417 0.0 0.0 0.0 0.0007179234060790363 0.9999997422929583
1629013129.327075481 -0.004107792929376786 -0.010947245031975457 0.0 0.0 0.0 0.0007179289179588803 0.9999997422890011
1629013129.727863789 -0.0022218409063693243 0.01062639479684514 0.0 0.0 0.0 0.0007179178029102036 0.999999742296981
1629013129.727863789 -0.0029903614113517565 0.009032000414127057 0.0 0.0 0.0 0.0007178965169022826 0.9999997423122623
1629013129.727863789 -0.0036774885012812427 -0.011582011983213208 0.0 0.0 0.0 0.0007180216958203909 0.999999742222389
1629013129.928267002 0.007245001272729073 -0.009773510450225266 0.0 0.0 0.0 0.0007179685400549836 0.9999997422605545
1629013129.928267002 0.0072605583299147096 -0.00994960259395144 0.0 0.0 0.0 0.0007179676788538355 0.9999997422611728
1629013129.928267002 0.00878887429867999 -0.011165696789618701 0.0 0.0 0.0 0.000717957526874799 0.9999997422684616
1629013129.928267002 0.008834304095056944 -0.010791956656161441 0.0 0.0 0.0 0.000717974660119001 0.9999997422561605
1629013130.128615141 -0.002190620682045542 0.014458698154610074 0.0 0.0 0.0 0.0007177434350701567 0.9999997424221475
1629013130.128615141 -0.005949688654717759 0.010778821728940876 0.0 0.0 0.0 0.0007177813614152355 0.9999997423949254
1629013130.128615141 0.0063122422602481885 -0.012184285247816238 0.0 0.0 0.0 0.0007178967061865536 0.9999997423121264
1629013130.128615141 0.0064822189469845555 -0.011233102619728326 0.0 0.0 0.0 0.0007179341193882076 0.9999997422852669
1629013130.128615141 -0.006854065809715442 0.011626038344316827 0.0 0.0 0.0 0.000717830777351015 0.9999997423594543
1629013130.128615141 -0.006899781202066928 0.011005803623750943 0.0 0.0 0.0 0.0007177708427486249 0.9999997424024755
1629013130.729794502 0.011273614720128599 -0.009970542591301597 0.0 0.0 0.0 0.000718065929645655 0.9999997421906271
1629013130.729794502 0.013326942926556756 -0.012351603206801842 0.0 0.0 0.0 0.0014298312286202843 0.9999989777908064
1629013130.830001831 -0.004376617532206086 0.01413924953983807 0.0 0.0 0.0 0.0014296206089514328 0.999998978091935
1629013130.830001831 -0.004939918114654343 0.012412054838491941 0.0 0.0 0.0 0.0026005316133680518 0.999996618611947
1629013130.830001831 -0.005439143000409819 0.01466305614400764 0.0 0.0 0.0 0.0014296945398853142 0.999998977986239
1629013130.830001831 -0.005725958548292664 0.012777225589469579 0.0 0.0 0.0 0.0026005355547946583 0.9999966186016972
1629013130.830001831 -0.0114114745472016 0.0017925407814663968 0.0 0.0 0.0 0.002600182095152674 0.9999966195208222
1629013131.230769873 -0.010347694122508426 0.010637977021092124 0.0 0.0 0.0 0.0026004892976917177 0.9999966187219897
1629013131.230769873 0.03407652302830033 0.008087564376399363 0.0 0.0 0.0 0.007141825487678691 0.9999744968391462
1629013131.230769873 0.034923065431698264 -0.0046131468986515545 0.0 0.0 0.0 0.007141276295130255 0.9999745007613328
1629013131.230769873 0.03564813856863422 0.0037526443422178906 0.0 0.0 0.0 0.007141742354409236 0.9999744974328811
1629013131.230769873 0.035739132428084186 0.0038681605815250432 0.0 0.0 0.0 0.007141756945558472 0.9999744973286722
1629013131.230769873 0.03622302420560401 0.004524377118908948 0.0 0.0 0.0 0.007141715626452414 0.9999744976237699
1629013131.631546736 0.06184354355632589 -0.007314179806514591 0.0 0.0 0.0 0.007141885619597031 0.9999744964096817
1629013131.631546736 0.13005160149284964 -0.00983878701700372 0.0 0.0 0.0 0.014620702402929238 0.9998931118180808
1629013131.731744289 0.10033670176601696 -0.005163849679078805 0.0 0.0 0.0 0.014620170630764682 0.999893119593653
1629013131.731744289 0.10406400642209636 -0.011827242160564574 0.0 0.0 0.0 0.016275803320137002 0.9998675403403614
1629013131.831948757 0.12157707245451893 -0.027851168113623 0.0 0.0 0.0 0.016276106730569718 0.9998675354014126
1629013131.831948757 0.12186313132976295 -0.03213076557427678 0.0 0.0 0.0 0.018002156031606056 0.999837948058691
1629013131.831948757 0.12214030654033177 -0.030908396322474236 0.0 0.0 0.0 0.01800216792390767 0.9998379478445691
1629013131.831948757 0.1222921362652471 -0.029832851889561474 0.0 0.0 0.0 0.018002243901645492 0.9998379464765806
1629013131.831948757 0.12400926096451101 -0.023259013829591037 0.0 0.0 0.0 0.0180022000192448 0.9998379472666894
1629013131.831948757 0.12486953572567497 -0.022484626048061156 0.0 0.0 0.0 0.018002214811894977 0.9998379470003459
1629013132.533311367 0.12492152752749443 -0.02360908204267053 0.0 0.0 0.0 0.01800217571312435 0.9998379477043237
1629013132.533311367 0.12498703117043983 -0.02291194986332066 0.0 0.0 0.0 0.018002221191223206 0.9998379468854852
1629013132.533311367 0.14668637594195608 -0.03534394449799453 0.0 0.0 0.0 0.023245785065884966 0.999729780228973
1629013132.533311367 0.14732210722312422 -0.03521876653049752 0.0 0.0 0.0 0.02324582177308551 0.999729779375454
1629013132.533311367 0.14743533360965963 -0.035671887478952655 0.0 0.0 0.0 0.023245832805131275 0.9997297791189357
1629013132.533311367 0.14808378461328703 -0.03527369850110141 0.0 0.0 0.0 0.023245807834060224 0.9997297796995656
1629013132.934135914 0.14777778121515822 -0.03545131889000254 0.0 0.0 0.0 0.02324573930113025 0.9997297812930972
1629013132.934135914 0.1618229088219663 -0.034950429493458245 0.0 0.0 0.0 0.024679349084735878 0.9996954184794256
1629013132.934135914 0.16206501738841161 -0.034756681187892075 0.0 0.0 0.0 0.024679367064823397 0.9996954180355533
1629013133.134488583 0.1602504227624348 -0.037175045148698974 0.0 0.0 0.0 0.024334112327816126 0.9997038816455687
1629013133.134488583 0.1606640365772315 -0.036713376140354095 0.0 0.0 0.0 0.02433412230077564 0.9997038814028136
1629013133.134488583 0.16156020175040828 -0.03598702258285534 0.0 0.0 0.0 0.024334140164870444 0.9997038809679777
1629013133.134488583 0.16186268417483488 -0.03536864626473976 0.0 0.0 0.0 0.02433416582359522 0.9997038803434094
1629013133.134488583 0.1618884965650434 -0.03515091156969083 0.0 0.0 0.0 0.024679349653383982 0.9996954184653873
1629013133.134488583 0.16232300402395 -0.03597226780746098 0.0 0.0 0.0 0.02433416724747293 0.9997038803087502
1629013133.635461807 0.15878134260795837 -0.04305358065972022 0.0 0.0 0.0 0.01860720134992546 0.9998268710421436
1629013133.635461807 0.1588430113360587 -0.04267471284217218 0.0 0.0 0.0 0.018607274574313486 0.9998268696794042
1629013133.635461807 0.15912656628991623 -0.0420138825551099 0.0 0.0 0.0 0.01860721374108929 0.9998268708115388
1629013133.635461807 0.15971525618279944 -0.038152796770330746 0.0 0.0 0.0 0.024334127565454142 0.9997038812746644
1629013133.635461807 0.16007639659805248 -0.04245932339732361 0.0 0.0 0.0 0.018607211291067946 0.9998268708571347
1629013133.635461807 0.16012283405799635 -0.042129936595897845 0.0 0.0 0.0 0.018607219202844222 0.9998268707098931
1629013135.038238049 0.15784506496697903 -0.04249361071785123 0.0 0.0 0.0 0.018607297620773677 0.9998268692504978
1629013135.038238049 0.15839552414692623 -0.04280543928721496 0.0 0.0 0.0 0.01860728569137778 0.99982686947251
1629013135.038238049 0.1612299773276015 -0.06002747659509391 0.0 0.0 0.0 -0.02755904581430309 0.9996201773642853
1629013135.243909359 0.1623255151214294 -0.060907750169231806 0.0 0.0 0.0 -0.027559039049379234 0.9996201775507909
1629013135.243909359 0.16239554172253715 -0.061714368162979885 0.0 0.0 0.0 -0.02755903340130287 0.9996201777065056
1629013135.243909359 0.16272707030018096 -0.05962092335517291 0.0 0.0 0.0 -0.02755901587984259 0.9996201781895635
1629013135.243909359 0.16717411467329293 -0.07456606733774165 0.0 0.0 0.0 -0.037056894061221334 0.9993131574249062
1629013135.243909359 0.16796272159972797 -0.07378245189873442 0.0 0.0 0.0 -0.03705689052544279 0.9993131575560212
1629013135.639563084 0.16826368501938915 -0.07441314125531945 0.0 0.0 0.0 -0.037056893781341325 0.9993131574352848
1629013135.639563084 0.1782920403934475 -0.0996159311576381 0.0 0.0 0.0 -0.05373462571338931 0.9985552513503907
1629013135.739579201 0.16863815764287385 -0.07575809813684099 0.0 0.0 0.0 -0.03705690236123514 0.9993131571171221
1629013135.739579201 0.16916705676102467 -0.07606241587182229 0.0 0.0 0.0 -0.03705687583703739 0.9993131581007019
1629013135.739579201 0.16927491176888723 -0.07553325689935458 0.0 0.0 0.0 -0.03705682886022385 0.9993131598427112
1629013135.739579201 0.16951745803768448 -0.07548459699649265 0.0 0.0 0.0 -0.037056828870210785 0.9993131598423408
1629013135.739579201 0.17996529230383537 -0.10334293303639533 0.0 0.0 0.0 -0.05823261188199143 0.9983030416228338
1629013136.140389442 0.16787550313273494 -0.07441127129594761 0.0 0.0 0.0 -0.03705683366662435 0.9993131596644789
1629013136.140389442 0.19011893088164522 -0.13310745978295918 0.0 0.0 0.0 -0.07539246902777841 0.9971539377718445
1629013136.240868092 0.16741707191579383 -0.07419247549623925 0.0 0.0 0.0 -0.03705675272292277 0.9993131626660544
1629013136.240868092 0.19229797466845958 -0.14163086428626248 0.0 0.0 0.0 -0.07963639637441336 0.9968239786303785
1629013136.340748310 0.1672891885410661 -0.07405887649520596 0.0 0.0 0.0 -0.037056681365967424 0.9993131653121263
1629013136.340748310 0.16818759551437096 -0.07446187921433922 0.0 0.0 0.0 -0.037056710677609385 0.9993131642251872
1629013136.340748310 0.19170094694298528 -0.14664583441899873 0.0 0.0 0.0 -0.0844661002545291 0.996426353479168
1629013136.541119576 0.16849917351999313 -0.07506276451009976 0.0 0.0 0.0 -0.03705669347438027 0.9993131648631203
1629013136.541119576 0.19108996456400268 -0.14574908086762894 0.0 0.0 0.0 -0.08446612892651406 0.996426351048671
1629013136.541119576 0.1979960557804073 -0.1721138511058175 0.0 0.0 0.0 -0.09637653640102627 0.9953449468557831
1629013136.541119576 0.1985067538905315 -0.17383569431520446 0.0 0.0 0.0 -0.0963765335397807 0.9953449471328297
1629013136.541119576 0.19863852655832476 -0.1738264957728491 0.0 0.0 0.0 -0.09637654966105233 0.9953449455718508
1629013136.541119576 0.19890587217814534 -0.17357738083580837 0.0 0.0 0.0 -0.09637650252009936 0.9953449501363802
1629013137.242624760 0.19800758990893846 -0.17315775853154441 0.0 0.0 0.0 -0.09637651491990613 0.9953449489357411
1629013137.242624760 0.23307793760403003 -0.240477769594137 0.0 0.0 0.0 -0.13922297946909923 0.990261057493299
1629013137.342700481 0.1985185940005643 -0.1726645677908876 0.0 0.0 0.0 -0.09637651728744422 0.9953449487064989
1629013137.342700481 0.19941887208433848 -0.17311258546878108 0.0 0.0 0.0 -0.09637649780515206 0.9953449505929156
1629013137.342700481 0.24213139631260253 -0.25864752651436623 0.0 0.0 0.0 -0.14656615778678123 0.9892008700924299
1629013137.552075386 0.19905067667351622 -0.17310081519583326 0.0 0.0 0.0 -0.09637656498975973 0.9953449440876135
1629013137.552075386 0.19940622482967463 -0.17131483880554868 0.0 0.0 0.0 -0.09637656637480631 0.9953449439535033
1629013137.552075386 0.20009792813246743 -0.17169520833822505 0.0 0.0 0.0 -0.09637659659932023 0.9953449410269446
1629013137.552075386 0.20016110839299786 -0.17294570254048933 0.0 0.0 0.0 -0.09637658273593411 0.9953449423692993
1629013137.552075386 0.2003444816977524 -0.1724302365846492 0.0 0.0 0.0 -0.09637659116792886 0.9953449415528518
1629013137.552075386 0.28767138211915394 -0.29583620157162105 0.0 0.0 0.0 -0.16305825549315928 0.986616442856862
1629013138.044185638 0.19812840775519178 -0.1718480497431326 0.0 0.0 0.0 -0.09637658132092926 0.9953449425063103
1629013138.044185638 0.1984876393255773 -0.1709281928537069 0.0 0.0 0.0 -0.0963765669982417 0.9953449438931377
1629013138.044185638 0.19852171446388647 -0.17048415422887653 0.0 0.0 0.0 -0.09637656566011175 0.9953449440227052
1629013138.044185638 0.19897390410599078 -0.17183504980324654 0.0 0.0 0.0 -0.09637657593002824 0.9953449430282969
1629013138.044185638 0.536261254696877 -0.3816922749448312 0.0 0.0 0.0 -0.20136526725552853 0.9795162219907895
1629013138.545035839 0.5346994033206182 -0.38133029356218645 0.0 0.0 0.0 -0.20136523034139306 0.9795162295794582
1629013138.545035839 0.5351313365403588 -0.3812161846622751 0.0 0.0 0.0 -0.2013652766421173 0.9795162200611297
1629013138.545035839 0.7655598911435799 -0.49012430811657465 0.0 0.0 0.0 -0.22709252899907925 0.9738731864430822
1629013138.545035839 0.7656325285367934 -0.4902911054695796 0.0 0.0 0.0 -0.2270925261151584 0.973873187115569
1629013138.545035839 0.7667398625350791 -0.489138410332645 0.0 0.0 0.0 -0.2270924921323655 0.9738731950398427
1629013138.945878506 0.764992989547546 -0.4870141407628431 0.0 0.0 0.0 -0.22709248588125552 0.9738731964975069
1629013138.945878506 0.7657633829817656 -0.48886514947596005 0.0 0.0 0.0 -0.22709249047850213 0.9738731954254987
1629013138.945878506 0.9740775330708489 -0.5602850160209132 0.0 0.0 0.0 -0.23880004864035456 0.9710687600625222
1629013138.945878506 0.9749444780284415 -0.5601654519013575 0.0 0.0 0.0 -0.2388001144652976 0.971068743875201
1629013138.945878506 0.9750147936606727 -0.561157406364459 0.0 0.0 0.0 -0.23880007151075147 0.9710687544383559
1629013138.945878506 0.975603325490194 -0.5591025956326463 0.0 0.0 0.0 -0.23880013026296143 0.9710687399903225
1629013139.446808338 0.9753038450049769 -0.5609144180130878 0.0 0.0 0.0 -0.23880008702571276 0.9710687506229989
1629013139.446808338 0.9760111212305399 -0.5610164656031804 0.0 0.0 0.0 -0.23880003955847107 0.9710687622958905
1629013139.446808338 1.1524229347674062 -0.6510559431501459 0.0 0.0 0.0 -0.24915970269217227 0.9684624115340503
1629013139.446808338 1.1532434207572566 -0.6504144652909766 0.0 0.0 0.0 -0.24915970267950854 0.9684624115373084
1629013139.446808338 1.1534112429986567 -0.6506158709057244 0.0 0.0 0.0 -0.24915971949211382 0.9684624072118706
1629013139.847644329 1.15250121786821 -0.6495097251030275 0.0 0.0 0.0 -0.24915966986536078 0.9684624199795181
1629013139.847644329 1.2475845744314344 -0.7198017220461352 0.0 0.0 0.0 -0.2565748199640617 0.9665243720467732
1629013139.847644329 1.248871116638019 -0.7187758588803105 0.0 0.0 0.0 -0.25657483508713236 0.9665243680321831
1629013140.047982454 1.2482132225688887 -0.7182843895314105 0.0 0.0 0.0 -0.256574816268941 0.9665243730276848
1629013140.047982454 1.2483423095277009 -0.7183343627344387 0.0 0.0 0.0 -0.2565748372221208 0.9665243674654262
1629013140.047982454 1.288926321729146 -0.7562490415464971 0.0 0.0 0.0 -0.26048222590339454 0.9654786429478452
1629013140.248363495 1.2899856005517987 -0.7565641393529053 0.0 0.0 0.0 -0.26048223465328874 0.9654786405871593
1629013140.248363495 1.3603524921665935 -0.7769706490933599 0.0 0.0 0.0 -0.26321487030308643 0.9647372347179979
1629013140.248363495 1.361355848869249 -0.7765981486880145 0.0 0.0 0.0 -0.2632148361025256 0.9647372440491352
1629013140.248363495 1.3614754579306412 -0.7764962130895804 0.0 0.0 0.0 -0.26321485294572217 0.9647372394537084
1629013140.248363495 1.362598480848368 -0.7757220784342502 0.0 0.0 0.0 -0.2632148518114002 0.964737239763192
1629013140.649135590 1.3596454081555265 -0.777198493618996 0.0 0.0 0.0 -0.2632148784908413 0.964737232484085
1629013140.649135590 1.4775283071890308 -0.8180574229272058 0.0 0.0 0.0 -0.2647769436147824 0.9643096858012028
1629013140.649135590 1.4777566632349108 -0.8183432813825936 0.0 0.0 0.0 -0.2647769235644776 0.9643096913065484
1629013140.649135590 1.477897371436926 -0.8186632388438299 0.0 0.0 0.0 -0.2647769383779817 0.964309687239106
1629013140.649135590 1.4779251723233997 -0.817423179998392 0.0 0.0 0.0 -0.26477693914656447 0.9643096870280711
1629013140.649135590 1.4780332270197236 -0.8178711576215961 0.0 0.0 0.0 -0.26477691008111226 0.9643096950087656
1629013141.250308990 1.4773900926841086 -0.8174812264893047 0.0 0.0 0.0 -0.26477697707918696 0.9643096766126573
1629013141.250308990 1.6178044917320047 -0.9117440685481402 0.0 0.0 0.0 -0.260294836239953 0.9655291804118693
1629013141.250308990 1.6185148192912382 -0.9113947997215771 0.0 0.0 0.0 -0.2602948321069847 0.9655291815260669
1629013141.250308990 1.6187023818662616 -0.910532401796791 0.0 0.0 0.0 -0.2602947572506486 0.9655292017064144
1629013141.250308990 1.620265455591605 -0.9103807728815788 0.0 0.0 0.0 -0.26029474046140205 0.965529206232588
1629013141.751293659 1.6194586871053487 -0.9116935430755247 0.0 0.0 0.0 -0.26029472505785217 0.9655292103851945
1629013141.751293659 1.6196806947324434 -0.9109789332650718 0.0 0.0 0.0 -0.2602947287371313 0.9655292093933063
1629013141.751293659 1.7849423067710242 -1.0111554214763028 0.0 0.0 0.0 -0.2489521641049388 0.9685157820022695
1629013141.751293659 1.7851272217404346 -1.0120733683812388 0.0 0.0 0.0 -0.24895224215474315 0.9685157619399521
1629013141.751293659 1.7864535087168494 -1.01316355509902 0.0 0.0 0.0 -0.24895222543184242 0.9685157662384919
1629013141.751293659 1.7873093550628671 -1.0136976007162424 0.0 0.0 0.0 -0.2489522424812272 0.968515761856031
1629013142.853490353 1.7848523477285168 -1.0108088047457655 0.0 0.0 0.0 -0.24895218279423956 0.9685157771982775
1629013142.853490353 2.1594096446972966 -1.1713313217702226 0.0 0.0 0.0 -0.19445275693858827 0.9809118845844321
1629013142.853490353 2.1594825393458272 -1.1734029311875982 0.0 0.0 0.0 -0.19445277776708678 0.9809118804554586
1629013142.853490353 2.159627486473421 -1.173820805780275 0.0 0.0 0.0 -0.1944527788023633 0.9809118802502288
1629013143.053889513 2.1581352171096584 -1.1707332208537666 0.0 0.0 0.0 -0.19445273589545461 0.9809118887559537
1629013143.053889513 2.256182153762036 -1.2026252234321835 0.0 0.0 0.0 -0.17527603707687864 0.9845193298389954
1629013143.154386997 2.255849416365781 -1.2032876579378398 0.0 0.0 0.0 -0.17527605768424817 0.9845193261702221
1629013143.154386997 2.279417715003325 -1.2301185731446027 0.0 0.0 0.0 -0.1637078420732855 0.9865088658718218
1629013143.254235268 2.2805987721918175 -1.230981249012085 0.0 0.0 0.0 -0.1637078043841048 0.9865088721262144
1629013143.254235268 2.2927553544682455 -1.2487021115574533 0.0 0.0 0.0 -0.1513481695213793 0.9884805165416908
1629013143.354449272 2.293271957459661 -1.24890277438938 0.0 0.0 0.0 -0.15134816035414597 0.9884805179453037
1629013143.354449272 2.2942312780728327 -1.2597835717362622 0.0 0.0 0.0 -0.137370366242394 0.9905197537043017
1629013143.454634190 2.294189108562653 -1.2585375533165628 0.0 0.0 0.0 -0.13737033326556006 0.9905197582776979
1629013143.454634190 2.2978259368470395 -1.2741961398978379 0.0 0.0 0.0 -0.12348393778619217 0.9923465710671932
1629013143.454634190 2.2978974100178404 -1.2750741662412157 0.0 0.0 0.0 -0.12348394332124833 0.9923465703784312
1629013143.454634190 2.2986206633714326 -1.2732874763024844 0.0 0.0 0.0 -0.12348396223141106 0.9923465680253202
1629013143.454634190 2.298729806707578 -1.2738088076497114 0.0 0.0 0.0 -0.12348399064123688 0.9923465644901054
1629013143.454634190 2.2988595978664534 -1.2748078228833786 0.0 0.0 0.0 -0.12348398959689805 0.9923465646200591
1629013144.055785656 2.2985676556988563 -1.2728820790635855 0.0 0.0 0.0 -0.1234839518998184 0.9923465693109456
1629013144.055785656 2.2993642039239273 -1.273006856127803 0.0 0.0 0.0 -0.12348392973492181 0.9923465720690634
1629013144.055785656 2.3702950236520075 -1.3944980347522986 0.0 0.0 0.0 -0.05057754598491365 0.9987201368962898
1629013144.256221533 2.3705380492335615 -1.3946887447390524 0.0 0.0 0.0 -0.050577539982625964 0.9987201372002599
1629013144.256221533 2.396228226802679 -1.4051798571799117 0.0 0.0 0.0 -0.015277197359661387 0.9998832968105997
1629013144.357876301 2.395468822812944 -1.4058734527614531 0.0 0.0 0.0 -0.015277156955363622 0.9998832974279355
1629013144.357876301 2.395617980413271 -1.4057083527856078 0.0 0.0 0.0 -0.015277173628529974 0.999883297173187
1629013144.357876301 2.3994509443112793 -1.4104137616999084 0.0 0.0 0.0 0.0037365811965744795 0.9999930189561133
1629013144.357876301 2.3997348702481993 -1.4107490875226558 0.0 0.0 0.0 0.00373658666340128 0.9999930189356858
1629013144.656959772 2.4005342895052824 -1.4102047204574701 0.0 0.0 0.0 0.0037365533823652893 0.9999930190600436
1629013144.656959772 2.418094468310745 -1.4303891784808003 0.0 0.0 0.0 0.05580487315371489 0.9984416939072095
1629013144.757164955 2.399563468254729 -1.4101477019584614 0.0 0.0 0.0 0.0037364997521085385 0.9999930192604359
1629013144.757164955 2.4171645200254703 -1.431403767269 0.0 0.0 0.0 0.055804847077453125 0.9984416953646628
1629013144.757164955 2.4208285180766085 -1.433615538695624 0.0 0.0 0.0 0.07321451866807946 0.9973162157792289
1629013144.957559347 2.419371712395179 -1.433561176154379 0.0 0.0 0.0 0.07321450420737197 0.9973162168408116
1629013144.957559347 2.4330643591564076 -1.4405094091320036 0.0 0.0 0.0 0.10712548138874244 0.9942455085325909
1629013145.057746887 2.4179259030852194 -1.434080621073243 0.0 0.0 0.0 0.07321456617500319 0.9973162122916713
1629013145.057746887 2.432600228444405 -1.4388154414703247 0.0 0.0 0.0 0.1255859761526232 0.9920827397922981
1629013145.157940865 2.4321745496283107 -1.4399090350102142 0.0 0.0 0.0 0.10712548039998937 0.9942455086391245
1629013145.157940865 2.4325607621038485 -1.4304293936418089 0.0 0.0 0.0 0.14254125714514884 0.9897888613292638
1629013145.258138657 2.4309080913057977 -1.421047370362623 0.0 0.0 0.0 0.1593779171096277 0.9872176454753008
1629013145.258138657 2.4310002913502715 -1.421654402277472 0.0 0.0 0.0 0.15937790613042882 0.9872176472477993
1629013145.258138657 2.4314475072492985 -1.4297944485417133 0.0 0.0 0.0 0.1425412133690254 0.9897888676335403
1629013145.258138657 2.431804280128003 -1.4204058522017187 0.0 0.0 0.0 0.15937788599108327 0.9872176504991254
1629013145.258138657 2.43330533153965 -1.4391976325363824 0.0 0.0 0.0 0.1255860370842295 0.9920827320790734
1629013145.658915520 2.430787657931109 -1.4213489307423144 0.0 0.0 0.0 0.1593779202283021 0.9872176449718172
1629013145.658915520 2.5065607600244912 -1.3848800495421627 0.0 0.0 0.0 0.22746393741943474 0.9737865049247948
1629013145.658915520 2.506758017519207 -1.385125669085772 0.0 0.0 0.0 0.22746395997792357 0.9737864996554232
1629013145.658915520 2.5072438933433716 -1.385726768313284 0.0 0.0 0.0 0.22746398912991753 0.9737864928458931
1629013145.859305143 2.5072976151533375 -1.3855491351555267 0.0 0.0 0.0 0.22746400992006846 0.9737864879895813
1629013145.859305143 2.550318130160198 -1.3335365382888442 0.0 0.0 0.0 0.25356995058854476 0.9673170525523278
1629013145.959497690 2.5081054610446376 -1.3848608361125734 0.0 0.0 0.0 0.2274640003135877 0.9737864902335317
1629013145.959497690 2.5696143054117595 -1.3138255520769582 0.0 0.0 0.0 0.2614983448220175 0.965203924388699
1629013145.959497690 2.5696572815743877 -1.3129952562950875 0.0 0.0 0.0 0.261498357475481 0.9652039209605531
1629013145.959497690 2.5697342901960885 -1.3133543413845776 0.0 0.0 0.0 0.2614983513263881 0.9652039226264991
1629013146.260293722 2.5706427898343094 -1.3131911433369674 0.0 0.0 0.0 0.2614983699625841 0.9652039175774783
1629013146.260293722 2.6376879112593996 -1.2453070325110531 0.0 0.0 0.0 0.2676828842029064 0.9635070697741732
1629013146.360308409 2.5704498985856477 -1.3115202997812658 0.0 0.0 0.0 0.2614983502558557 0.9652039229165337
1629013146.360308409 2.5705354397431863 -1.3124983765893286 0.0 0.0 0.0 0.26149833341024326 0.9652039274804394
1629013146.360308409 2.571393698742175 -1.31166202774721 0.0 0.0 0.0 0.2614983378180954 0.96520392628624
1629013146.360308409 2.6572838269377783 -1.2138409402888084 0.0 0.0 0.0 0.2667566727348273 0.9637639117291352
1629013146.761072397 2.6576748398677505 -1.2138493118251588 0.0 0.0 0.0 0.2667567184626291 0.9637638990723038
1629013146.761072397 2.7343724480921487 -1.1197462236730238 0.0 0.0 0.0 0.25027168571449865 0.9681756469409997
1629013146.861275196 2.736086325059924 -1.1190187603593766 0.0 0.0 0.0 0.2502717143398617 0.9681756395413937
1629013146.861275196 2.7464583634777977 -1.0973922086850265 0.0 0.0 0.0 0.24500380958313187 0.9695221159363785
1629013146.961471319 2.746516763570943 -1.0974220230903067 0.0 0.0 0.0 0.2450038379073909 0.969522108778675
1629013146.961471319 2.7487546142765575 -1.0785879938883363 0.0 0.0 0.0 0.2393212881117957 0.9709404312605954
1629013146.961471319 2.749133429301667 -1.0800029019080863 0.0 0.0 0.0 0.2393213711194596 0.97094041080053
1629013146.961471319 2.749842277706246 -1.079735231408013 0.0 0.0 0.0 0.2393213099658258 0.9709404258739261
1629013146.961471319 2.7499470941377724 -1.0784183693903497 0.0 0.0 0.0 0.2393212878387658 0.9709404313278929
1629013147.363122463 2.7492683779500617 -1.0802454373919903 0.0 0.0 0.0 0.23932138979842993 0.9709404061964606
1629013147.363122463 2.7886476330078547 -1.0004181852005907 0.0 0.0 0.0 0.2137285040379497 0.9768930988402468
1629013147.363122463 2.7891317949048102 -0.9997117302626525 0.0 0.0 0.0 0.213728534945136 0.9768930920782508
1629013147.363122463 2.789566708869045 -1.000117199951341 0.0 0.0 0.0 0.21372855822985334 0.976893086983928
1629013147.662840843 2.7897712815501556 -1.0005401358747 0.0 0.0 0.0 0.21372860635571334 0.9768930764547594
1629013147.662840843 2.8597509658919518 -0.9477705779445141 0.0 0.0 0.0 0.1928677336918057 0.9812247639050834
1629013147.662840843 2.8603732081800572 -0.9474210479065628 0.0 0.0 0.0 0.19286776819171034 0.981224757123845
1629013147.662840843 2.8618401650972207 -0.9464627270863323 0.0 0.0 0.0 0.1928677370963033 0.9812247632359017
1629013147.963420868 2.86025405511667 -0.947439499561699 0.0 0.0 0.0 0.19286774476793372 0.98122476172798
1629013147.963420868 2.9582572556706936 -0.9080505262043624 0.0 0.0 0.0 0.17401829237737945 0.9847424200866239
1629013148.163911819 2.9579527118976587 -0.9084891955996085 0.0 0.0 0.0 0.17401833333036731 0.9847424128496352
1629013148.163911819 2.9579598338158504 -0.9090513271598123 0.0 0.0 0.0 0.17401832913284018 0.9847424135913992
1629013148.163911819 2.9589296776425265 -0.9087484920477499 0.0 0.0 0.0 0.17401831214626018 0.9847424165931753
1629013148.163911819 2.959597737375769 -0.9092725473130404 0.0 0.0 0.0 0.17401830933011134 0.9847424170908298
1629013148.163911819 3.02128752848689 -0.8712618466836592 0.0 0.0 0.0 0.16106425711582434 0.9869439219528775
1629013148.464430809 2.9600723553217074 -0.907916687973392 0.0 0.0 0.0 0.1740183352522908 0.9847424125100032
1629013148.464430809 3.0739382294444373 -0.8483994717447857 0.0 0.0 0.0 0.14302631757501166 0.9897188855836448
1629013148.564584255 2.9595577782163116 -0.906225444812966 0.0 0.0 0.0 0.17401825126940443 0.9847424273509995
1629013148.564584255 2.9598914520972093 -0.9073211641939528 0.0 0.0 0.0 0.17401829700738666 0.9847424192684343
1629013148.564584255 2.96007086260492 -0.9081603457889804 0.0 0.0 0.0 0.17401832960893804 0.9847424135072659
1629013148.564584255 3.091301407146787 -0.8279016738067144 0.0 0.0 0.0 0.13715212725227288 0.9905499957044956
1629013148.967636585 2.9565659760806198 -0.9067849247671652 0.0 0.0 0.0 0.17401822129772235 0.9847424326474293
1629013148.967636585 2.957868866914561 -0.9067123112010866 0.0 0.0 0.0 0.17401820263729145 0.984742435944997
1629013148.967636585 2.958842584200244 -0.9068663831386934 0.0 0.0 0.0 0.17401823446069875 0.9847424303213411
1629013148.967636585 2.959258757117271 -0.9063475604493563 0.0 0.0 0.0 0.17401824755961762 0.9847424280065725
1629013148.967636585 3.132196391880542 -0.7996421785706487 0.0 0.0 0.0 0.11306726480366533 0.9935873356830882
1629013148.967636585 3.133293915426599 -0.7999053399983995 0.0 0.0 0.0 0.11306733241083096 0.9935873279895928
1629013148.967636585 3.1338421131567835 -0.7983958973257894 0.0 0.0 0.0 0.11306737875803695 0.9935873227154152
1629013149.566569805 3.133862809962035 -0.7989529396931808 0.0 0.0 0.0 0.11306735449847767 0.993587325476083
1629013149.566569805 3.134658103916473 -0.799149068743481 0.0 0.0 0.0 0.11306733848669186 0.9935873272981776
1629013149.566569805 3.1351753140184315 -0.7980361559564645 0.0 0.0 0.0 0.11306733193580126 0.9935873280436498
1629013149.566569805 3.135548774601488 -0.7989668198031372 0.0 0.0 0.0 0.11306735840937354 0.9935873250310343
1629013149.566569805 3.1356845314744093 -0.7965687139218799 0.0 0.0 0.0 0.11306736702845477 0.9935873240502078
1629013149.566569805 3.135887907585952 -0.7967341083330408 0.0 0.0 0.0 0.1130673696554187 0.9935873237512669
1629013149.566569805 3.264754260822152 -0.7485989754463627 0.0 0.0 0.0 0.091953835735013 0.9957632711109695
1629013150.267954588 3.1362232392941207 -0.7965667586379449 0.0 0.0 0.0 0.1130673087536152 0.9935873306817145
1629013150.267954588 3.516719909097812 -0.6930018412061137 0.0 0.0 0.0 0.10027671158596997 0.9949595876785671
1629013150.368111134 3.1352670863009027 -0.7963061175971052 0.0 0.0 0.0 0.11306731493372107 0.9935873299784367
1629013150.368111134 3.591893173348757 -0.676763422295192 0.0 0.0 0.0 0.10446910729169982 0.9945281321419095
1629013150.468353271 3.1354501351414723 -0.7966033560688827 0.0 0.0 0.0 0.11306733134558349 0.9935873281108148
1629013150.468353271 3.610997870891956 -0.6768808442760287 0.0 0.0 0.0 0.10915728619446471 0.9940244900759033
1629013150.571737289 3.134493633715222 -0.7977754244118056 0.0 0.0 0.0 0.11306730620833941 0.9935873309713593
1629013150.571737289 3.6171161161647536 -0.6790878546844838 0.0 0.0 0.0 0.11586702625914347 0.9932647342103026
1629013150.668736935 3.134547073660291 -0.7977918182214307 0.0 0.0 0.0 0.11306731863935898 0.9935873295567459
1629013150.668736935 3.6171687025565387 -0.6723174402944699 0.0 0.0 0.0 0.12371370407397059 0.9923179527874612
1629013150.768898010 3.1355539451351064 -0.7972169796557954 0.0 0.0 0.0 0.11306727331571134 0.9935873347144428
1629013150.768898010 3.6166717250251996 -0.671771989653442 0.0 0.0 0.0 0.1331082530728279 0.991101504874198
1629013150.869095564 3.617204630484951 -0.6695910986318852 0.0 0.0 0.0 0.14272615805461003 0.9897622157907274
1629013151.470263958 3.6151856233495163 -0.6250339482906412 0.0 0.0 0.0 0.20886082768748895 0.9779453740663111
1629013151.570468903 3.6140066605361683 -0.6239974967501857 0.0 0.0 0.0 0.2193255648514825 0.9756517291547113
1629013151.770849705 3.6124360331184655 -0.5982215164878144 0.0 0.0 0.0 0.24155082783497345 0.970388168503841
1629013151.770849705 3.6135808859159178 -0.6230242965635072 0.0 0.0 0.0 0.2193255461638379 0.9756517333556756
1629013151.971232891 3.6107917670868184 -0.5663384133693237 0.0 0.0 0.0 0.2640234182471511 0.9645162697524028
1629013151.971232891 3.6117723888411986 -0.6001910182208456 0.0 0.0 0.0 0.24155086745253332 0.9703881586421635
1629013151.971232891 3.6122167347184866 -0.5986365629898375 0.0 0.0 0.0 0.24155085713834545 0.9703881612095907
1629013152.171621323 3.6113104641206664 -0.5671010702147452 0.0 0.0 0.0 0.26402346858123055 0.9645162559741209
1629013152.171621323 3.6119590891407682 -0.5655466851824635 0.0 0.0 0.0 0.26402345356409285 0.9645162600848621
1629013152.171621323 3.6122431888540216 -0.5496699023477011 0.0 0.0 0.0 0.28583910651211586 0.9582776242761569
1629013152.171621323 3.612822434229024 -0.5496124282626321 0.0 0.0 0.0 0.28583908165068617 0.958277631691929
1629013152.171621323 3.613023540176189 -0.5505078942720554 0.0 0.0 0.0 0.28583914430183727 0.958277613004078
1629013152.171621323 3.613272814808287 -0.5498307835872587 0.0 0.0 0.0 0.285839118243158 0.9582776207769719
1629013152.672604084 3.6127575096706432 -0.5504899237096611 0.0 0.0 0.0 0.2858390762038116 0.9582776333166456
1629013152.672604084 3.631426294802097 -0.4513145792093391 0.0 0.0 0.0 0.3408379226540516 0.9401220721166325
1629013152.772806168 3.61369730606636 -0.549990468918705 0.0 0.0 0.0 0.285839069247319 0.9582776353916574
1629013152.772806168 3.640395872980389 -0.42184218304976484 0.0 0.0 0.0 0.3512443900866685 0.9362838129716033
1629013152.872993946 3.6310821493660863 -0.45054427249504836 0.0 0.0 0.0 0.3408379131726897 0.9401220755540666
1629013152.872993946 3.636709663749915 -0.4026202645446089 0.0 0.0 0.0 0.3624674088506042 0.9319964471612158
1629013152.872993946 3.6382817696198 -0.40200435454220224 0.0 0.0 0.0 0.36246739058047533 0.9319964542667429
1629013152.872993946 3.640769250330975 -0.42249881626312386 0.0 0.0 0.0 0.3512443449195254 0.9362838299159361
1629013153.073383331 3.635327191166415 -0.4016252073821659 0.0 0.0 0.0 0.3624674420932814 0.9319964342326389
1629013153.073383331 3.636082258032368 -0.40119543926921364 0.0 0.0 0.0 0.3624674237651725 0.9319964413607161
1629013153.073383331 3.636425849867042 -0.4024067377233559 0.0 0.0 0.0 0.3624674501019355 0.9319964311179528
1629013153.073383331 3.6365649790153842 -0.4012988629197101 0.0 0.0 0.0 0.3624674713829813 0.9319964228414332
1629013153.073383331 3.662884167206516 -0.3527266114479872 0.0 0.0 0.0 0.38438517532764144 0.9231728099269055
1629013153.574472904 3.637757776187852 -0.4008022231935957 0.0 0.0 0.0 0.36246745939845143 0.9319964275023976
1629013153.574472904 3.638143104663376 -0.40054997466209147 0.0 0.0 0.0 0.36246747643568505 0.9319964208763605
1629013153.574472904 3.6383374999922324 -0.40003428700377824 0.0 0.0 0.0 0.362467414777141 0.9319964448562966
1629013153.574472904 3.8175004179141543 -0.17749995838558522 0.0 0.0 0.0 0.43865790638862473 0.8986541276613315
1629013153.874973774 3.638730996500281 -0.3997880145808929 0.0 0.0 0.0 0.362467367468084 0.9319964632554981
1629013153.874973774 3.896708157320028 -0.06344698367654267 0.0 0.0 0.0 0.4701171376951709 0.8826040317409046
1629013153.975163460 3.8180909406882675 -0.17720653380015552 0.0 0.0 0.0 0.43865789436385705 0.8986541335309527
1629013153.975163460 3.8968229033709534 -0.06391114664238602 0.0 0.0 0.0 0.4701171186453217 0.8826040418877655
1629013153.975163460 3.897503679365106 -0.06504824183799109 0.0 0.0 0.0 0.4701170885551943 0.8826040579152056
1629013153.975163460 3.917260117130595 -0.031144672801952065 0.0 0.0 0.0 0.4805772708567001 0.8769523856720648
1629013154.278061152 3.8978833937894555 -0.06582859214946951 0.0 0.0 0.0 0.4701170798804084 0.8826040625358109
1629013154.278061152 3.9817330429048385 0.096465216181613 0.0 0.0 0.0 0.5109464531710108 0.859612541783776
1629013154.375954628 3.898591253450137 -0.06554073405060813 0.0 0.0 0.0 0.4701170578239756 0.8826040742841202
1629013154.375954628 3.9825383059461004 0.09626725264438633 0.0 0.0 0.0 0.5109464072357448 0.8596125690873095
1629013154.375954628 3.988544946291341 0.12952014561340416 0.0 0.0 0.0 0.5210281997834966 0.8535394630773487
1629013154.576766491 3.9896358975165285 0.12985123401261173 0.0 0.0 0.0 0.5210282216952913 0.8535394497016775
1629013154.576766491 4.034436243103597 0.21110599457261855 0.0 0.0 0.0 0.539965020606202 0.8416874577429224
1629013154.678047657 3.9896224162262186 0.12978660492114605 0.0 0.0 0.0 0.521028223344157 0.8535394486951563
1629013154.678047657 4.033311743168507 0.21137514652902958 0.0 0.0 0.0 0.5399650393491179 0.8416874457188401
1629013154.678047657 4.05014131581815 0.24840107380575788 0.0 0.0 0.0 0.5498349322612338 0.8352733368576327
1629013154.878062725 4.049672759607529 0.24853239233181398 0.0 0.0 0.0 0.5498349324883786 0.8352733367081103
1629013154.878062725 4.050372526344702 0.24886301605702746 0.0 0.0 0.0 0.5498349176275453 0.8352733464905429
1629013154.878062725 4.0566440885997626 0.33396624240923495 0.0 0.0 0.0 0.5688488908170566 0.8224420583945136
1629013154.878062725 4.057109461782823 0.33385778578504194 0.0 0.0 0.0 0.5688488506566546 0.8224420861717882
1629013154.878062725 4.057318690570115 0.33367607872491306 0.0 0.0 0.0 0.5688488755090569 0.8224420689824187
1629013154.878062725 4.057505505238243 0.3334860609349228 0.0 0.0 0.0 0.5688488657393294 0.8224420757397316
1629013155.377923250 4.057173810548115 0.3342196007297433 0.0 0.0 0.0 0.5688489001375447 0.8224420519479203
1629013155.377923250 4.0572634877612295 0.3341783261747992 0.0 0.0 0.0 0.5688489270638046 0.8224420333241476
1629013155.377923250 4.078418940621675 0.5286450042450346 0.0 0.0 0.0 0.6153573280150915 0.7882482850334196
1629013155.578306198 4.056648257702757 0.3345622094224874 0.0 0.0 0.0 0.5688489481976118 0.8224420187067724
1629013155.578306198 4.05687896937785 0.33481860698817 0.0 0.0 0.0 0.5688489590430771 0.8224420112054147
1629013155.578306198 4.086331875178005 0.613954962166255 0.0 0.0 0.0 0.6327805027488 0.7743312181108133
1629013155.778695822 4.055708667223067 0.3352603317620938 0.0 0.0 0.0 0.5688489612845544 0.8224420096550781
1629013155.778695822 4.08287962293191 0.7004712809529953 0.0 0.0 0.0 0.6501836252926029 0.7597771077107865
1629013155.878878117 4.056759955981321 0.33407392456571056 0.0 0.0 0.0 0.568848994645775 0.8224419865805072
1629013155.878878117 4.079644154727002 0.7397677953663684 0.0 0.0 0.0 0.6589898804693777 0.7521518047834196
1629013155.979108810 4.0567503051613 0.333244822064809 0.0 0.0 0.0 0.5688490317228295 0.8224419609358459
1629013155.979108810 4.075510475781034 0.7826074033199086 0.0 0.0 0.0 0.6676531944220838 0.7444724386960119
1629013156.079273701 4.056622914223161 0.33353570571422886 0.0 0.0 0.0 0.5688490457407195 0.8224419512402519
1629013156.079273701 4.057145609815459 0.3326309970982223 0.0 0.0 0.0 0.568849011932889 0.8224419746237275
1629013156.079273701 4.07175487115471 0.8237465912649283 0.0 0.0 0.0 0.675541064497946 0.7373223651680328
1629013156.279649734 4.067387681608449 0.9137254930895115 0.0 0.0 0.0 0.6921863398466194 0.7217188309374645
1629013156.279649734 4.070589534363982 0.8252600163515165 0.0 0.0 0.0 0.6755410728914948 0.7373223574777914
1629013156.379860163 4.064411680819953 0.9561373643226407 0.0 0.0 0.0 0.699828508694199 0.7143108975921153
1629013156.379860163 4.071763525948117 0.8251241206548353 0.0 0.0 0.0 0.6755410607419418 0.7373223686093161
1629013156.480060577 4.060281576032896 0.9967614734562108 0.0 0.0 0.0 0.7075771614079283 0.7066360878513768
1629013156.480060577 4.068442104283514 0.9140663014099781 0.0 0.0 0.0 0.6921863017025404 0.7217188675206987
1629013156.581030369 4.060618205228537 1.0377283098878414 0.0 0.0 0.0 0.715583412531619 0.6985272934607515
1629013156.581030369 4.06395573448657 0.9561698550850122 0.0 0.0 0.0 0.6998285054384383 0.7143109007818665
1629013156.680430412 4.055194784336465 1.077560202926136 0.0 0.0 0.0 0.7238928838569045 0.6899123804522819
1629013156.680430412 4.060451424745129 0.9956912820519165 0.0 0.0 0.0 0.707577154531408 0.7066360947370548
1629013156.780653477 4.0532084188630675 1.120466884748703 0.0 0.0 0.0 0.7323763421557432 0.6809000612796079
1629013156.780653477 4.054404068066135 1.121288851802884 0.0 0.0 0.0 0.7323763169316742 0.6809000884106242
1629013156.780653477 4.054635314131519 1.1209370159249867 0.0 0.0 0.0 0.7323763325959981 0.6809000715620729
1629013156.780653477 4.055190496787355 1.0776417755204863 0.0 0.0 0.0 0.7238928780310155 0.6899123865651154
1629013156.780653477 4.0605747627996385 1.0369203033606125 0.0 0.0 0.0 0.7155834192682298 0.6985272865596511
1629013157.181401730 4.042729955786804 1.2955452305539892 0.0 0.0 0.0 0.7651972239981353 0.6437959369128914
1629013157.181401730 4.0428858743041864 1.2964168343752487 0.0 0.0 0.0 0.7651972553570873 0.6437958996405465
1629013157.181401730 4.043064344100725 1.295774918970863 0.0 0.0 0.0 0.7651972445545195 0.643795912480167
1629013157.181401730 4.043089930058104 1.2956451386115062 0.0 0.0 0.0 0.7651972660477756 0.6437958869339021
1629013157.181401730 4.043359022302205 1.295898069212444 0.0 0.0 0.0 0.7651972425650825 0.6437959148447545
1629013157.181401730 4.053588034136092 1.1202527148951702 0.0 0.0 0.0 0.732376286861297 0.6809001207543285
1629013157.686052322 4.020928086349829 1.518820084663103 0.0 0.0 0.0 0.805839418565898 0.5921341330183352
1629013157.686052322 4.021030467696585 1.5179824440503855 0.0 0.0 0.0 0.80583940552011 0.5921341507724374
1629013157.686052322 4.042694193049342 1.2962230662091714 0.0 0.0 0.0 0.7651972141336564 0.6437959486375254
1629013157.686052322 4.04275094056746 1.2961368469507952 0.0 0.0 0.0 0.7651972257325009 0.6437959348514745
1629013157.982985973 4.002418661727713 1.6638468960966566 0.0 0.0 0.0 0.8297121041723032 0.5581915658534883
1629013157.982985973 4.002858643995347 1.6643065155506525 0.0 0.0 0.0 0.8297120982109358 0.5581915747146372
1629013157.982985973 4.0029389784836855 1.6642840932028915 0.0 0.0 0.0 0.8297120996886649 0.5581915725180979
1629013157.982985973 4.003128367593949 1.6644206251196556 0.0 0.0 0.0 0.8297120838800544 0.5581915960164733
1629013157.982985973 4.003332439199411 1.6633206267967926 0.0 0.0 0.0 0.8297120885216557 0.558191589117063
1629013157.982985973 4.0035849219522825 1.6643589890915693 0.0 0.0 0.0 0.8297120825480335 0.5581915979964274
1629013157.982985973 4.020887278065234 1.5178346611606863 0.0 0.0 0.0 0.8058393869865124 0.5921341759949361
1629013158.684444427 3.9682313154458377 1.9777872072231184 0.0 0.0 0.0 0.880689885862163 0.47369328150195494
1629013158.684444427 3.968710878646532 1.977589512649521 0.0 0.0 0.0 0.8806898851679624 0.4736932827926116
1629013158.784572601 3.970361783835328 2.0623625240900108 0.0 0.0 0.0 0.8932435976298114 0.449572992175188
1629013158.784572601 3.9720032455208694 2.06286317600432 0.0 0.0 0.0 0.8932435962307629 0.44957299495491704
1629013158.984942913 3.96166001518211 2.144807152954085 0.0 0.0 0.0 0.9037924476681523 0.4279710405366353
1629013158.984942913 3.9708229210859014 2.0613614059267 0.0 0.0 0.0 0.8932436085731482 0.4495729704321872
1629013159.085130692 3.960140058587659 2.1736459740069085 0.0 0.0 0.0 0.9066148326371202 0.42195917485269424
1629013159.085130692 3.9603467498672247 2.174513370311655 0.0 0.0 0.0 0.9066148310757697 0.4219591782073872
1629013159.085130692 3.9609490627516153 2.1736591946107766 0.0 0.0 0.0 0.9066148369523662 0.4219591655810244
1629013159.085130692 3.961326599174495 2.174490364571469 0.0 0.0 0.0 0.9066148408671413 0.4219591571698001
1629013159.085130692 3.9616855028255347 2.145401560655323 0.0 0.0 0.0 0.9037924434175771 0.42797104951303155
1629013159.485904694 3.938805710546738 2.308301566801757 0.0 0.0 0.0 0.9075454646810271 0.4199538421504183
1629013159.485904694 3.9393095306343247 2.30725158326994 0.0 0.0 0.0 0.9075454458586264 0.4199538828267539
1629013159.485904694 3.9607774405963343 2.172720693670326 0.0 0.0 0.0 0.9066148012260186 0.42195924234208554
1629013159.686296701 3.9364900347033065 2.337452541749969 0.0 0.0 0.0 0.9060755704663234 0.4231158950029254
1629013159.686296701 3.9375583132549288 2.3077040856351543 0.0 0.0 0.0 0.907545456326885 0.4199538602042207
1629013159.686296701 3.938194603261295 2.307892748741718 0.0 0.0 0.0 0.9075454660649435 0.41995383915969203
1629013159.886710405 3.935648624894765 2.3503928122029034 0.0 0.0 0.0 0.9054089844604016 0.4245404231146713
1629013159.886710405 3.935955439764982 2.3504094884318913 0.0 0.0 0.0 0.9054089671742362 0.4245404599805332
1629013159.886710405 3.9367796578757215 2.3374097041076505 0.0 0.0 0.0 0.9060755603819556 0.4231159165979521
1629013159.886710405 3.9372175512584136 2.3518009425033517 0.0 0.0 0.0 0.9054089890599415 0.4245404133053232
1629013160.187287807 3.9358714925983227 2.350077479017095 0.0 0.0 0.0 0.905408973631112 0.4245404462100831
1629013160.187287807 3.9378446015241573 2.330155093355543 0.0 0.0 0.0 0.9070345381701277 0.42105622732184267
1629013160.287604094 3.938054741561351 2.330579439199189 0.0 0.0 0.0 0.9070345171279499 0.4210562726506597
1629013160.287604094 3.939938313022419 2.3198632787022704 0.0 0.0 0.0 0.908097430432467 0.4187589483723909
1629013160.287604094 3.9404111827464052 2.320310729563627 0.0 0.0 0.0 0.9080974413242703 0.4187589247530295
1629013160.287604094 3.9408397298685998 2.3200681954251516 0.0 0.0 0.0 0.9080974239590268 0.418758962410334
1629013160.490854502 3.9410341641194138 2.319366211271601 0.0 0.0 0.0 0.9080974187563352 0.41875897369260173
1629013160.490854502 3.945539191576038 2.286252110440851 0.0 0.0 0.0 0.9119937057007412 0.41020419398420316
1629013160.588062286 3.946633029523862 2.286029421447242 0.0 0.0 0.0 0.9119937225950732 0.41020415642357977
1629013160.588062286 3.950960351033143 2.2609777566022284 0.0 0.0 0.0 0.9147168916653192 0.40409529581787595
1629013160.788452625 3.950949635363581 2.260221008250878 0.0 0.0 0.0 0.914716892214696 0.4040952945742976
1629013160.788452625 3.9518921785345054 2.2595398465878977 0.0 0.0 0.0 0.9147168907244249 0.40409529794770027
1629013160.788452625 3.961156344380111 2.1796401712959588 0.0 0.0 0.0 0.9227311418071014 0.3854442111893276
1629013160.788452625 3.9611944660117264 2.1799233015940325 0.0 0.0 0.0 0.9227311498075056 0.38544419203682223
1629013161.089177847 3.9608970442831137 2.1789087961129043 0.0 0.0 0.0 0.922731142805157 0.38544420880004016
1629013161.089177847 3.961060771649162 2.1781389372845563 0.0 0.0 0.0 0.9227311337970859 0.3854442303648405
1629013161.089177847 3.9898232357219063 2.0398106422351088 0.0 0.0 0.0 0.9381095299299356 0.3463387212753366
1629013161.089177847 3.9900588373127417 2.0385992003120856 0.0 0.0 0.0 0.9381095199099251 0.3463387484160124
1629013161.089177847 3.9902574418756385 2.0405926317058793 0.0 0.0 0.0 0.9381095351747795 0.34633870706890263
1629013161.089177847 3.990669817848005 2.0383994046595246 0.0 0.0 0.0 0.9381095143677693 0.3463387634277571
1629013161.590049744 3.989089027687245 2.041506397078778 0.0 0.0 0.0 0.9381095335826306 0.3463387113814731
1629013161.590049744 4.060879543776907 1.8156834836776712 0.0 0.0 0.0 0.9644924618312776 0.2641103766811169
1629013161.590049744 4.060946212126195 1.8151460376671649 0.0 0.0 0.0 0.9644924671054828 0.2641103574204904
1629013161.790414810 4.060285490006261 1.8150648617758416 0.0 0.0 0.0 0.9644924695525886 0.2641103484840172
1629013161.790414810 4.098977719226516 1.7239580098647296 0.0 0.0 0.0 0.9700728524088243 0.2428140461740368
1629013161.790414810 4.099245114935916 1.724414356725692 0.0 0.0 0.0 0.9700728572943308 0.24281402665581933
1629013161.790414810 4.099806059632719 1.723319081050231 0.0 0.0 0.0 0.9700728543308313 0.24281403849537533
1629013161.990804672 4.099408320443654 1.7241628325300453 0.0 0.0 0.0 0.9700728540801126 0.24281403949702862
1629013161.990804672 4.15979041294372 1.6428809742126715 0.0 0.0 0.0 0.9690133148700897 0.2470084929804651
1629013161.990804672 4.1599160923569505 1.6431047115788318 0.0 0.0 0.0 0.9690133257840682 0.24700845016496753
1629013161.990804672 4.160468805978137 1.6445670795865108 0.0 0.0 0.0 0.9690133361551533 0.24700840947923192
1629013162.391571283 4.160446954639099 1.6438752023915018 0.0 0.0 0.0 0.969013339546305 0.2470083961757522
1629013162.391571283 4.161547109492689 1.6434022259550254 0.0 0.0 0.0 0.9690133402385273 0.24700839346016612
1629013162.391571283 4.162758351139428 1.6434847626194917 0.0 0.0 0.0 0.9690133374311726 0.24700840447341157
1629013162.391571283 4.163466426441554 1.6438404588217095 0.0 0.0 0.0 0.9690133348385698 0.24700841464418552
1629013162.391571283 4.163549724610737 1.643519533429576 0.0 0.0 0.0 0.9690133449001492 0.24700837517263352
1629013162.391571283 4.279211809674521 1.5403902265675529 0.0 0.0 0.0 0.9609605029255014 0.2766855829586489
1629013162.792377234 4.164408047706732 1.6434083670181387 0.0 0.0 0.0 0.9690133300022257 0.24700843361714928
1629013162.792377234 4.307359901383018 1.5225690473530396 0.0 0.0 0.0 0.9591551971244778 0.282880377242933
1629013162.992767334 4.163366783307144 1.6421589681543591 0.0 0.0 0.0 0.969013334445854 0.2470084161848082
1629013162.992767334 4.163643805911379 1.6423854554556983 0.0 0.0 0.0 0.969013332054907 0.24700842556448666
1629013162.992767334 4.302722458028611 1.5376584239250206 0.0 0.0 0.0 0.9608860624230317 0.2769439926071006
1629013162.992767334 4.302860165136332 1.539145532464567 0.0 0.0 0.0 0.9608860811591964 0.276943927600015
1629013162.992767334 4.302925787076474 1.5384050027161935 0.0 0.0 0.0 0.9608860842383353 0.27694391691661807
1629013162.992767334 4.3029970723208955 1.5369249881479177 0.0 0.0 0.0 0.9608860687254025 0.27694397074036675
1629013163.794341564 4.260041382566211 1.6563946110113275 0.0 0.0 0.0 0.9762694211041674 0.21655950086970094
1629013163.794341564 4.303222815091346 1.5384516988951407 0.0 0.0 0.0 0.9608860697025732 0.2769439673499708
1629013163.994716644 4.21181494275048 1.6901522244109988 0.0 0.0 0.0 0.9808707063682114 0.1946603641955036
1629013163.994716644 4.21190591035308 1.6905065542184796 0.0 0.0 0.0 0.980870713909163 0.19466032619753004
1629013163.994716644 4.260098999619176 1.6563575634867422 0.0 0.0 0.0 0.9762694284087895 0.21655946793981404
1629013163.994716644 4.2609868243095965 1.6562640894987488 0.0 0.0 0.0 0.9762694289819644 0.21655946535589055
1629013164.297129869 4.1840649574532955 1.7407218185298163 0.0 0.0 0.0 0.9869200945079045 0.16121019526229982
1629013164.297129869 4.21208102213988 1.6887569901989878 0.0 0.0 0.0 0.980870707716444 0.1946603574019177
1629013164.395480871 4.180414647558278 1.758617697386984 0.0 0.0 0.0 0.9887016345797478 0.14989689049254748
1629013164.395480871 4.211204187291238 1.6871224965906388 0.0 0.0 0.0 0.9808707146580298 0.19466032242407766
1629013164.395480871 4.211490146432109 1.6871505084810152 0.0 0.0 0.0 0.9808707154694611 0.1946603183353693
1629013164.395480871 4.211737575254208 1.687723984453363 0.0 0.0 0.0 0.9808707179079541 0.19466030604808643
1629013164.395480871 4.2120188905914935 1.6877316238676805 0.0 0.0 0.0 0.9808707140502719 0.19466032548649892
1629013164.796288013 4.126925221686992 1.8100055164345363 0.0 0.0 0.0 0.9940738728410313 0.10870664807100366
1629013164.796288013 4.127118956887169 1.8096036829470457 0.0 0.0 0.0 0.9940738654453877 0.10870671570084899
1629013164.796288013 4.12817201661017 1.810228995730191 0.0 0.0 0.0 0.9940738582035332 0.10870678192431976
1629013164.796288013 4.21080791137049 1.688035626125329 0.0 0.0 0.0 0.980870720067917 0.19466029516428385
1629013164.796288013 4.211102599501318 1.687462444106541 0.0 0.0 0.0 0.9808707249244131 0.1946602706929599
1629013165.197075605 4.015232472205657 1.8365437611649347 0.0 0.0 0.0 0.9972889054807818 0.07358558965547767
1629013165.197075605 4.127387321749011 1.8111232938221744 0.0 0.0 0.0 0.9940738578669013 0.10870678500266542
1629013165.197075605 4.127805832871535 1.8100143000565745 0.0 0.0 0.0 0.9940738545852326 0.10870681501202159
1629013165.197075605 4.1278782351375725 1.810507766376364 0.0 0.0 0.0 0.99407385651859 0.1087067973323548
1629013165.197075605 4.128311815511065 1.8095858505869056 0.0 0.0 0.0 0.9940738572397175 0.1087067907379741
1629013165.597881317 3.9141624346447976 1.8511323208997317 0.0 0.0 0.0 0.9990836012733902 0.042801374587661256
1629013165.597881317 4.126674279784658 1.8091262182884917 0.0 0.0 0.0 0.9940738574526108 0.10870678879116297
1629013165.597881317 4.127466684762768 1.8105446140066013 0.0 0.0 0.0 0.9940738575858162 0.1087067875730593
1629013165.597881317 4.127626420599469 1.8090639978045178 0.0 0.0 0.0 0.994073859993265 0.10870676555803924
1629013165.898430824 3.842107609755787 1.8538711284931881 0.0 0.0 0.0 0.9997559197967617 0.02209300412644142
1629013165.898430824 4.125625245818517 1.808489758374615 0.0 0.0 0.0 0.9940738603366702 0.10870676241775531
1629013165.998615742 3.808736928212477 1.8537730683034923 0.0 0.0 0.0 0.9998904664403067 0.0148005108623301
1629013165.998615742 3.80940007640891 1.854268825624798 0.0 0.0 0.0 0.9998904669422649 0.014800476951078972
1629013165.998615742 3.8416540404732813 1.8546568957949863 0.0 0.0 0.0 0.9997559208135642 0.022092958113895878
1629013165.998615742 3.842411180932545 1.8560799883217003 0.0 0.0 0.0 0.9997559211090743 0.022092944741397013
1629013166.299229145 3.750733116309746 1.8624836400175613 0.0 0.0 0.0 -0.9999579727218657 0.00916803086690454
1629013166.299229145 3.751876615000074 1.8618912128848462 0.0 0.0 0.0 -0.999957972681727 0.0091680352448353
1629013166.299229145 3.7530453331224924 1.8622375496263988 0.0 0.0 0.0 -0.999957973072551 0.009167992617545502
1629013166.299229145 3.753244223734847 1.8625164578188422 0.0 0.0 0.0 -0.9999579731686731 0.009167982133447564
1629013166.299229145 3.753606522554107 1.8625148773137383 0.0 0.0 0.0 -0.9999579732159104 0.00916797698123895
1629013166.299229145 3.809302838732741 1.852819535707786 0.0 0.0 0.0 0.9998904663561636 0.014800516546852853
1629013167.200989485 3.661719240589334 1.8587923323922977 0.0 0.0 0.0 -0.9957715986970929 0.09186361210096164
1629013167.200989485 3.6619060207486656 1.8587281978411823 0.0 0.0 0.0 -0.9957716027844036 0.09186356779583563
1629013167.200989485 3.66263919545802 1.8586728288895236 0.0 0.0 0.0 -0.9957715985728836 0.09186361344734995
1629013167.200989485 3.66312408928887 1.8580447056533944 0.0 0.0 0.0 -0.995771601589372 0.09186358074959346
1629013167.200989485 3.7505557963741496 1.8630095293633067 0.0 0.0 0.0 -0.99995797287251 0.009168014436098281
1629013167.200989485 3.750907552931407 1.8633893471763527 0.0 0.0 0.0 -0.9999579733752706 0.009167959599690521
1629013167.902340412 3.4474003532293005 1.7946466744183938 0.0 0.0 0.0 -0.9824604271233184 0.1864712018963434
1629013167.902340412 3.6623948818704517 1.8572458404125294 0.0 0.0 0.0 -0.9957716022238006 0.09186357387259136
1629013167.902340412 3.662431875417843 1.8571950492925966 0.0 0.0 0.0 -0.9957716031603652 0.09186356372053232
1629013168.102773190 3.3619694023713222 1.7625501571792992 0.0 0.0 0.0 -0.9770162468488759 0.21316485027634452
1629013168.102773190 3.4478272648545887 1.7955428910284361 0.0 0.0 0.0 -0.9824604191148972 0.18647124409029017
1629013168.206339836 3.3616574518612126 1.7451508541583847 0.0 0.0 0.0 -0.9741949974303176 0.22570801266624002
1629013168.206339836 3.362018924327571 1.7621870818156289 0.0 0.0 0.0 -0.9770162461278418 0.21316485358112025
1629013168.206339836 3.362761062585176 1.7616288936801943 0.0 0.0 0.0 -0.9770162530384509 0.213164821907147
1629013168.403431416 3.346989113131708 1.7145352787271628 0.0 0.0 0.0 -0.9682879377162439 0.2498368861341803
1629013168.403431416 3.3606836196376104 1.7443975542124337 0.0 0.0 0.0 -0.9741949843425212 0.2257080691554355
1629013168.403431416 3.36119555333115 1.743839412954928 0.0 0.0 0.0 -0.9741949781960366 0.2257080956847223
1629013168.603710651 3.3414109714967473 1.6808509290354061 0.0 0.0 0.0 -0.9617203752566825 0.27403269844335304
1629013168.603710651 3.341908518895528 1.6813180370535743 0.0 0.0 0.0 -0.9617203696449176 0.27403271813789504
1629013168.603710651 3.3474001899735404 1.7143730678728644 0.0 0.0 0.0 -0.9682879308856702 0.24983691260729954
1629013168.804109335 3.324222817879621 1.6424539605254487 0.0 0.0 0.0 -0.9545763628458291 0.2979663865204061
1629013168.804109335 3.325007014824374 1.6432065508722682 0.0 0.0 0.0 -0.9545763579978029 0.2979664020517251
1629013168.804109335 3.3419021388707364 1.6797511239988858 0.0 0.0 0.0 -0.9617203847626203 0.2740326650821713
1629013169.004486561 3.319165660172473 1.6065727163067056 0.0 0.0 0.0 -0.9470345396976088 0.32113171848906236
1629013169.004486561 3.319465526428219 1.6066455467910212 0.0 0.0 0.0 -0.9470345319329073 0.3211317413875792
1629013169.004486561 3.3249993188645814 1.6438664077336858 0.0 0.0 0.0 -0.9545763526275871 0.2979664192559498
1629013169.004486561 3.325313259510949 1.6431513234956812 0.0 0.0 0.0 -0.9545763649970948 0.2979663796285301
1629013169.305072069 3.2913943153293124 1.5401656449684011 0.0 0.0 0.0 -0.9345073381337234 0.35594386492005
1629013169.305072069 3.291411657073615 1.5405390339270253 0.0 0.0 0.0 -0.9345073472921944 0.35594384087508235
1629013169.305072069 3.2920872810602435 1.5413267200897758 0.0 0.0 0.0 -0.9345073381946017 0.3559438647602178
1629013169.305072069 3.318637563334355 1.6065884318832448 0.0 0.0 0.0 -0.9470345274034646 0.32113175474514594
1629013169.605694056 3.264982513313381 1.4681226829627054 0.0 0.0 0.0 -0.9216542358553902 0.3880122028104488
1629013169.605694056 3.2916976743339044 1.540336087296033 0.0 0.0 0.0 -0.9345073324594562 0.3559438798174672
1629013169.705881596 3.2600606806346915 1.442987128647351 0.0 0.0 0.0 -0.9180021234973713 0.39657546728752274
1629013169.705881596 3.266068617203538 1.4670476433029997 0.0 0.0 0.0 -0.9216542214754456 0.3880122369674573
1629013169.806046009 3.257958802670783 1.417895048735582 0.0 0.0 0.0 -0.9154672616673201 0.4023924611810447
1629013169.806046009 3.2582225041388004 1.417452620894669 0.0 0.0 0.0 -0.9154672632960197 0.4023924574756543
1629013169.806046009 3.2595526166402338 1.443113504405313 0.0 0.0 0.0 -0.9180021237120938 0.3965754667904782
1629013170.010056734 3.25350102098614 1.3616090135648777 0.0 0.0 0.0 -0.9108392553843797 0.41276125163443905
1629013170.010056734 3.258260276835788 1.4164331970022201 0.0 0.0 0.0 -0.9154672437052263 0.40239250204589533
1629013170.106631994 3.252246848827385 1.334894422697994 0.0 0.0 0.0 -0.9092765107533269 0.41619253596413164
1629013170.106631994 3.253600069014161 1.3622424766864984 0.0 0.0 0.0 -0.9108392482749469 0.41276126732280694
1629013170.206834793 3.251391805111705 1.310363849259863 0.0 0.0 0.0 -0.9076199819188041 0.4197927684247428
1629013170.206834793 3.252187038380793 1.3335963297314763 0.0 0.0 0.0 -0.9092765084077367 0.4161925410886591
1629013170.307057381 3.251520647916998 1.281181998913124 0.0 0.0 0.0 -0.9063543989555006 0.4225182877628058
1629013170.307057381 3.25303699324696 1.3100299174359578 0.0 0.0 0.0 -0.9076199602678586 0.4197928152355288
1629013170.407232761 3.2515993520906243 1.2502807046094655 0.0 0.0 0.0 -0.9058078138909065 0.4236888059580722
1629013170.407232761 3.2523077248173493 1.2815344487355063 0.0 0.0 0.0 -0.9063544078582862 0.4225182686652204
1629013170.507467270 3.247378084949127 1.2197500642117691 0.0 0.0 0.0 -0.9056285683654994 0.4240718054295238
1629013170.507467270 3.2515194120035518 1.2506665265746404 0.0 0.0 0.0 -0.9058078118628672 0.42368881029383415
1629013170.707806826 3.2424656511610386 1.1599037224010649 0.0 0.0 0.0 -0.9077651349657664 0.41947879534081806
1629013170.707806826 3.2426094612590863 1.159538718464208 0.0 0.0 0.0 -0.9077651253363846 0.41947881617909843
1629013170.707806826 3.2465359476102758 1.2206422445002263 0.0 0.0 0.0 -0.9056286095387123 0.42407171750186146
1629013170.707806826 3.247145057714864 1.2202513779287003 0.0 0.0 0.0 -0.9056285944604032 0.4240717497024229
1629013171.009956837 3.220661213774848 1.0681992551816462 0.0 0.0 0.0 -0.913775154405558 0.4062203431527015
1629013171.009956837 3.242921667003787 1.1589855975518248 0.0 0.0 0.0 -0.9077651294686264 0.4194788072367995
1629013171.108597279 3.2172064001746836 1.0361815669127794 0.0 0.0 0.0 -0.9159248079420625 0.4013499049411821
1629013171.108597279 3.220864773628484 1.0668806359637923 0.0 0.0 0.0 -0.9137751513492763 0.4062203500276754
1629013171.108597279 3.242393422029736 1.1589262964344826 0.0 0.0 0.0 -0.9077651450209978 0.4194787735809844
1629013171.309024096 3.206793553533925 0.9672446959012788 0.0 0.0 0.0 -0.921240531794116 0.3889934222833264
1629013171.309024096 3.2078006649751143 0.967839067256955 0.0 0.0 0.0 -0.9212405261716025 0.3889934355989429
1629013171.309024096 3.2080237115965877 0.9685061066560525 0.0 0.0 0.0 -0.9212405126929901 0.38899346751990155
1629013171.309024096 3.216942271894402 1.0370901536801975 0.0 0.0 0.0 -0.9159248290281821 0.4013498568203251
1629013171.509395123 3.1954707308206256 0.9019103871637035 0.0 0.0 0.0 -0.9265677706389052 0.3761278591293779
1629013171.509395123 3.207535442351753 0.9681330676666067 0.0 0.0 0.0 -0.9212405242950317 0.3889934400431646
1629013171.709802628 3.1852130689826277 0.8388780194072546 0.0 0.0 0.0 -0.9318996152952588 0.3627162899740631
1629013171.709802628 3.1856555403233946 0.8391017017995324 0.0 0.0 0.0 -0.931899608211702 0.362716308173311
1629013171.709802628 3.1857654180662203 0.8391366443097664 0.0 0.0 0.0 -0.931899613004889 0.36271629585853765
1629013171.709802628 3.185969075296782 0.8381688046568596 0.0 0.0 0.0 -0.9318996265496083 0.36271626105911026
1629013171.709802628 3.186152818297521 0.8389685034982951 0.0 0.0 0.0 -0.9318996232634887 0.3627162695018902
1629013171.709802628 3.194991975614462 0.9025449566579123 0.0 0.0 0.0 -0.9265677729730768 0.37612785337929033
1629013172.310935020 3.121561598211311 0.6408683160819383 0.0 0.0 0.0 -0.9473871632673575 0.32008992935771846
1629013172.310935020 3.185796699393845 0.8377651495250408 0.0 0.0 0.0 -0.9318996247879894 0.3627162655851054
1629013172.310935020 3.1861708321377065 0.8373297207145912 0.0 0.0 0.0 -0.9318996281773884 0.36271625687697734
1629013172.411147356 3.097584225397352 0.602074745402242 0.0 0.0 0.0 -0.9501548568024855 0.31177836373720424
1629013172.411147356 3.185163057210581 0.8357498624802984 0.0 0.0 0.0 -0.9318996444836721 0.36271621498246454
1629013172.411147356 3.1861401425826683 0.8377116763265253 0.0 0.0 0.0 -0.9318996326971162 0.36271624526477986
1629013172.611762047 3.0500356819803973 0.5371410545275874 0.0 0.0 0.0 -0.9549163425325636 0.2968750221292313
1629013172.611762047 3.1848806698269767 0.8356481067439921 0.0 0.0 0.0 -0.9318996674576677 0.3627161559570903
1629013172.611762047 3.184913441484683 0.8359777088931493 0.0 0.0 0.0 -0.9318996488819363 0.36271620368233304
1629013172.811977863 2.9950335185637216 0.4769453271519254 0.0 0.0 0.0 -0.9596636049943301 0.28115078738870075
1629013172.811977863 3.1831330428440796 0.8337189659221934 0.0 0.0 0.0 -0.931899681279033 0.3627161204468816
1629013172.811977863 3.1831413128773027 0.8345718745183688 0.0 0.0 0.0 -0.9318996727245044 0.3627161424253982
1629013172.811977863 3.1836488280234745 0.834863632936079 0.0 0.0 0.0 -0.9318996605081294 0.3627161738120222
1629013173.112493277 2.8806514198559676 0.37995175326812064 0.0 0.0 0.0 -0.9665847712861236 0.25634718628795594
1629013173.112493277 3.1831367311380467 0.8328835808065125 0.0 0.0 0.0 -0.931899687496753 0.3627161044721535
1629013173.212690830 2.8530037665211694 0.3553116939239982 0.0 0.0 0.0 -0.9688046882307497 0.2478254951818313
1629013173.312892914 2.837243942712661 0.3263639583983637 0.0 0.0 0.0 -0.9709172387605571 0.2394153618245397
1629013173.413134813 2.820096107373785 0.30288100739357815 0.0 0.0 0.0 -0.9730261890680831 0.2306946800159095
1629013174.114495277 2.609807241045695 0.14455261149456589 0.0 0.0 0.0 -0.9856235565031154 0.16895622174442146
1629013174.314868450 2.500249040080121 0.09810067255191018 0.0 0.0 0.0 -0.9887494773188402 0.14958098509409642
1629013174.415051937 2.4428477436576213 0.07725970803585208 0.0 0.0 0.0 -0.990091019317723 0.1404271108667844
1629013175.817921162 3.1839351601709094 0.8324180629079774 0.0 0.0 0.0 -0.9318996864862681 0.36271610706831753
1629013176.018274307 2.4429410432764467 0.07654243059713813 0.0 0.0 0.0 -0.9900910281247469 0.14042704877224194
1629013176.218912125 1.4682109021638907 -0.07426689192341204 0.0 0.0 0.0 0.9979639014815621 0.06378127734452353
1629013176.218912125 2.44216002569389 0.07709922700010942 0.0 0.0 0.0 -0.9900910275920237 0.14042705252824522
1629013176.420287848 1.3593278123703065 -0.07050525623574383 0.0 0.0 0.0 0.9959961490480063 0.08939614690545454
1629013176.420287848 1.468680851245519 -0.07407829312514697 0.0 0.0 0.0 0.9979639022224527 0.06378126575206078
1629013176.420287848 1.46899530277323 -0.0742487668410124 0.0 0.0 0.0 0.997963902620067 0.06378125953072347
1629013176.619600296 1.2560905218314073 -0.05081485382671316 0.0 0.0 0.0 0.9932379531173849 0.11609637585724797
1629013176.619600296 1.2570069018164627 -0.05024996115288479 0.0 0.0 0.0 0.9932379564330369 0.11609634749088658
1629013176.619600296 1.3594022126353753 -0.07133898419215633 0.0 0.0 0.0 0.9959961513292043 0.08939612148976461
1629013176.619600296 1.3594448225502027 -0.07132224313560023 0.0 0.0 0.0 0.9959961480869233 0.08939615761324159
1629013176.820007801 1.1562163073749532 -0.03245289607152817 0.0 0.0 0.0 0.9897901152050497 0.14253255011531388
1629013176.820007801 1.156958508110055 -0.030027300907795377 0.0 0.0 0.0 0.9897901115263898 0.14253257566106345
1629013176.820007801 1.1570337692217292 -0.03160576773164029 0.0 0.0 0.0 0.9897901169530023 0.1425325379769894
1629013176.820007801 1.15762619214736 -0.031128200162898068 0.0 0.0 0.0 0.989790112004517 0.1425325723408004
1629013176.820007801 1.1580599192834806 -0.02808413347396639 0.0 0.0 0.0 0.9897901113602287 0.14253257681493758
1629013176.820007801 1.158322614163332 -0.030032144866592052 0.0 0.0 0.0 0.9897901089325042 0.14253259367380297
1629013177.621303797 0.9098280098784778 0.1264681258117758 0.0 0.0 0.0 0.9775272021108428 0.21080931937024908
1629013177.621303797 1.1559991024671397 -0.03300851322708798 0.0 0.0 0.0 0.989790114228917 0.14253255689388047
1629013177.721537590 0.8144867000462256 0.15248503354160267 0.0 0.0 0.0 0.9768018784990394 0.21414502133075078
1629013177.721537590 0.9096130243766107 0.12476942858007063 0.0 0.0 0.0 0.9775271949089984 0.21080935276534793
1629013177.921918392 0.7342118576258204 0.20819114543578607 0.0 0.0 0.0 0.977800725521114 0.20953696850528122
1629013177.921918392 0.8145685500049562 0.15365097721758503 0.0 0.0 0.0 0.976801864391443 0.21414508568118265
1629013177.921918392 0.8150453701394489 0.15323315654292244 0.0 0.0 0.0 0.9768018844786707 0.21414499405523757
1629013178.122301817 0.6707240801998056 0.2582969324295948 0.0 0.0 0.0 0.980949059807167 0.19426513342191695
1629013178.122301817 0.6711638246173741 0.2585570744966663 0.0 0.0 0.0 0.9809490544623355 0.19426516041084166
1629013178.122301817 0.6711850913972562 0.25693191074004285 0.0 0.0 0.0 0.9809490596770161 0.1942651340791187
1629013178.122301817 0.734625089422891 0.20837657665875278 0.0 0.0 0.0 0.9778007235154071 0.209536977864878
1629013178.122301817 0.7346692937107259 0.2077635496440256 0.0 0.0 0.0 0.9778007208980041 0.2095369900789442
1629013178.523101568 0.5287260634775879 0.35072721791857764 0.0 0.0 0.0 0.9888731663739666 0.148761086395352
1629013178.523101568 0.529295352486217 0.34987141120025345 0.0 0.0 0.0 0.9888731648540963 0.14876109649852456
1629013178.523101568 0.6698235801458257 0.2585456381239666 0.0 0.0 0.0 0.9809490620275287 0.19426512221011696
1629013178.523101568 0.6702399334378761 0.25856067829967 0.0 0.0 0.0 0.980949062965062 0.19426511747600686
1629013178.723504305 0.4092015713147107 0.37989492773597927 0.0 0.0 0.0 0.992543315607228 0.12189243882788932
1629013178.723504305 0.40963451327066475 0.37942883131898314 0.0 0.0 0.0 0.992543311823394 0.12189246963881278
1629013178.723504305 0.410025696447544 0.3804543948498622 0.0 0.0 0.0 0.9925433104823952 0.1218924805582676
1629013178.723504305 0.41012815524074997 0.3817421589347916 0.0 0.0 0.0 0.992543305473127 0.12189252134761573
1629013178.723504305 0.4103437526089995 0.3804579430219885 0.0 0.0 0.0 0.9925433055293824 0.12189252088954053
1629013178.723504305 0.4104186243827765 0.38022140059074827 0.0 0.0 0.0 0.9925433049227939 0.12189252582885371
1629013178.723504305 0.5291233086026234 0.3502183320292458 0.0 0.0 0.0 0.9888731708206837 0.14876105683627977
1629013179.925849915 0.2170635818280205 0.6108091293748862 0.0 0.0 0.0 0.9997202139814138 0.02365362037736239
1629013179.925849915 0.21743433426414666 0.6110064289795307 0.0 0.0 0.0 0.9997202138277593 0.023653626871561955
1629013179.925849915 0.21751207619134438 0.6105073462847239 0.0 0.0 0.0 0.9997202146846934 0.02365359065322927
1629013179.925849915 0.2175707203029012 0.6107778917146242 0.0 0.0 0.0 0.9997202142864114 0.023653607486628453
1629013179.925849915 0.21821290850964864 0.6100790559520847 0.0 0.0 0.0 0.999720214919672 0.023653580721844546
1629013179.925849915 0.4090944120457535 0.3790939947895962 0.0 0.0 0.0 0.9925433180105615 0.12189241925807116
1629013179.925849915 0.4091257625404948 0.37910129566022244 0.0 0.0 0.0 0.9925433141936874 0.12189245033803885
1629013180.627175808 -0.11464021346369323 0.6116637212738378 0.0 0.0 0.0 -0.9939493923305077 0.10983899801898432
1629013180.627175808 0.21683136824229726 0.6112441214450475 0.0 0.0 0.0 0.9997202156342191 0.023653550521442215
1629013180.828376532 -0.11414756505535793 0.6103813064302855 0.0 0.0 0.0 -0.9939493875575512 0.10983904121016679
1629013180.828376532 -0.1145765233312499 0.6092819989150441 0.0 0.0 0.0 -0.9939493944479397 0.10983897885802664
1629013180.828376532 -0.42533474857283377 0.490599840876646 0.0 0.0 0.0 -0.9814793210954407 0.19156811389694514
1629013180.828376532 -0.4256485390748984 0.4936789532706739 0.0 0.0 0.0 -0.9814793117259786 0.1915681619004042
1629013180.828376532 -0.425911729263342 0.4921816784832394 0.0 0.0 0.0 -0.9814793082776899 0.19156817956734687
1629013180.828376532 -0.4259770335027031 0.4916579857742139 0.0 0.0 0.0 -0.9814793121937673 0.1915681595037377
1629013181.328547478 -0.4257663464830691 0.48963816425561535 0.0 0.0 0.0 -0.9814793214708826 0.1915681119734072
1629013181.328547478 -0.7156915063070324 0.3326098736382508 0.0 0.0 0.0 -0.9542510147187023 0.2990066904072999
1629013181.428739548 -0.4253019984720054 0.48825286568469395 0.0 0.0 0.0 -0.981479321095609 0.19156811389608255
1629013181.428739548 -0.7155262380701632 0.33255206104590945 0.0 0.0 0.0 -0.9542510153138793 0.2990066885078501
1629013181.428739548 -0.9478819286878579 0.17082010185119598 0.0 0.0 0.0 -0.9375612935432763 0.3478200983978045
1629013181.629146099 -0.9472903144197964 0.16791081295127297 0.0 0.0 0.0 -0.9375613066484576 0.34782006307232605
1629013181.629146099 -0.9474913559240311 0.1694786114873529 0.0 0.0 0.0 -0.937561295854161 0.3478200921687336
1629013181.629146099 -1.0073524637292923 0.07830295971235154 0.0 0.0 0.0 -0.9208768595969988 0.38985357438244583
1629013181.629146099 -1.0074146629890526 0.07887279824825227 0.0 0.0 0.0 -0.9208768675677683 0.3898535555546146
1629013181.832266808 -1.0065072442201102 0.07722775195507663 0.0 0.0 0.0 -0.9208768605149666 0.3898535722141053
1629013181.832266808 -1.031834139886669 -0.017201137128152022 0.0 0.0 0.0 -0.9029594538289791 0.42972575526825435
1629013181.832266808 -1.0321123436472246 -0.01752611242549672 0.0 0.0 0.0 -0.9029594334727904 0.42972579804160876
1629013181.832266808 -1.0322891128686817 -0.01599357323586278 0.0 0.0 0.0 -0.9029594649037217 0.42972573199749686
1629013181.832266808 -1.0325370416288928 -0.019193817662555436 0.0 0.0 0.0 -0.9029594453561028 0.4297257730718501
1629013181.832266808 -1.032723072163736 -0.01816820857323464 0.0 0.0 0.0 -0.9029594523068283 0.4297257584666675
1629013182.330725193 -1.0321725592234154 -0.0163156795453711 0.0 0.0 0.0 -0.9029594731651593 0.4297257146381838
1629013182.330725193 -1.0513094494323036 -0.24525036923377724 0.0 0.0 0.0 -0.8592585234442185 0.5115415817785113
1629013182.531440973 -1.031637287469117 -0.0156408939733109 0.0 0.0 0.0 -0.902959452863291 0.4297257572974025
1629013182.531440973 -1.032184964433838 -0.015136514108755538 0.0 0.0 0.0 -0.9029594541996266 0.4297257544894329
1629013182.531440973 -1.0563213412429915 -0.36227608245855364 0.0 0.0 0.0 -0.8518150565771406 0.5238426380016069
1629013182.531440973 -1.0565652023937917 -0.3628999397245338 0.0 0.0 0.0 -0.8518150628541257 0.523842627794667
1629013182.734062195 -1.056046728015661 -0.4926611637305272 0.0 0.0 0.0 -0.8611303255311644 0.5083842665254215
1629013182.734062195 -1.0570994997477559 -0.3613392634470963 0.0 0.0 0.0 -0.8518150666055514 0.5238426216945125
1629013182.831467628 -1.0558784231634541 -0.4922293878113571 0.0 0.0 0.0 -0.8611303273050308 0.5083842635207453
1629013182.831467628 -1.0611461945723188 -0.5560661582604933 0.0 0.0 0.0 -0.8661730076779087 0.49974425536488704
1629013182.831467628 -1.0615541871693839 -0.5557164762016561 0.0 0.0 0.0 -0.8661730168035517 0.4997442395480253
1629013183.132084608 -1.0613231587288952 -0.5553689302643887 0.0 0.0 0.0 -0.8661729942502026 0.4997442786382238
1629013183.132084608 -1.0735145522190066 -0.7361554169887766 0.0 0.0 0.0 -0.8842891294500529 0.4669397557891892
1629013183.132084608 -1.073656084465707 -0.7368489406304228 0.0 0.0 0.0 -0.8842891282459957 0.46693975806942917
1629013183.132084608 -1.0740219985807469 -0.7359292780610919 0.0 0.0 0.0 -0.8842891254288164 0.4669397634045947
1629013183.132084608 -1.0742893192815368 -0.7369433578687407 0.0 0.0 0.0 -0.8842891160593103 0.4669397811485371
1629013183.132084608 -1.075244180974833 -0.7350446232525485 0.0 0.0 0.0 -0.8842891235090884 0.46693976704017
1629013183.634452820 -1.0731544296881073 -0.7360050812524815 0.0 0.0 0.0 -0.8842891595976661 0.4669396986957239
1629013183.634452820 -1.0735298087060126 -0.7366688469932448 0.0 0.0 0.0 -0.8842891390000404 0.4669397377034507
1629013183.634452820 -1.0736449321064998 -0.7343206832757941 0.0 0.0 0.0 -0.8842891566274802 0.46693970432065396
1629013183.634452820 -1.073813257794199 -0.7346701945953565 0.0 0.0 0.0 -0.8842891524699726 0.46693971219413055
1629013183.634452820 -1.073907325995586 -0.7350724541069993 0.0 0.0 0.0 -0.8842891591028519 0.46693969963280163
1629013183.634452820 -1.074358496902211 -0.7349196153733615 0.0 0.0 0.0 -0.8842891291719678 0.4669397563158259
1629013183.634452820 -1.1086136409438014 -1.0272623159151415 0.0 0.0 0.0 -0.9131929800413364 0.40752739932822096
1629013184.033816814 -1.074500716083119 -0.7368566598848725 0.0 0.0 0.0 -0.8842891545008926 0.46693970834797976
1629013184.033816814 -1.0747158716918608 -0.7372838674617598 0.0 0.0 0.0 -0.8842891366715736 0.4669397421130943
1629013184.033816814 -1.0747269455736668 -0.7368170412375681 0.0 0.0 0.0 -0.8842891462540057 0.46693972396591155
1629013184.033816814 -1.0748342236027149 -0.7368891969727932 0.0 0.0 0.0 -0.8842891256513961 0.4669397629830741
1629013184.033816814 -1.0748405048055065 -0.7365232225348809 0.0 0.0 0.0 -0.8842891283270284 0.46693975791596953
1629013184.033816814 -1.2676904452417266 -1.2361705411222361 0.0 0.0 0.0 -0.9341932129855537 0.3567674884455252
1629013184.635001659 -1.2684736165542667 -1.2357778156464982 0.0 0.0 0.0 -0.9341932078883456 0.3567675017925293
1629013184.635001659 -1.5674952763283305 -1.5271763374430447 0.0 0.0 0.0 -0.9551093937622597 0.2962533475711099
1629013184.835386753 -1.2681402503203512 -1.2354426101508533 0.0 0.0 0.0 -0.9341931899744531 0.3567675486999278
1629013184.835386753 -1.268672640211446 -1.2354229749023113 0.0 0.0 0.0 -0.9341931981969787 0.3567675271693046
1629013184.835386753 -1.6863947348743453 -1.6207221778788188 0.0 0.0 0.0 -0.9532476226649181 0.30219028754028804
1629013185.035778046 -1.5669857415781745 -1.5270794458323496 0.0 0.0 0.0 -0.9551094026955591 0.2962533187704947
1629013185.035778046 -1.6867566986761953 -1.6205930667650867 0.0 0.0 0.0 -0.9532476050244605 0.30219034318642624
1629013185.035778046 -1.6874451160696549 -1.6201034597514556 0.0 0.0 0.0 -0.9532475999523338 0.3021903591862511
1629013185.035778046 -1.7598381939336796 -1.6898067408586634 0.0 0.0 0.0 -0.947403406330189 0.32004184987897244
1629013185.035778046 -1.7619545577227484 -1.6895544332543828 0.0 0.0 0.0 -0.9474034106089994 0.3200418372126304
1629013185.035778046 -1.7621473562729106 -1.6889164672652484 0.0 0.0 0.0 -0.9474034135269266 0.32004182857484004
1629013185.737141132 -1.7610961502682212 -1.6880435626695318 0.0 0.0 0.0 -0.9474033929915868 0.32004188936454686
1629013185.737141132 -1.761605069871389 -1.6877411216295024 0.0 0.0 0.0 -0.947403408698161 0.32004184286918713
1629013185.737141132 -1.7616739757902315 -1.6879621561206593 0.0 0.0 0.0 -0.947403390654196 0.32004189628380364
1629013185.737141132 -1.7655684662279447 -1.718238688332226 0.0 0.0 0.0 -0.9412576746788005 0.33768919120732505
1629013185.737141132 -1.765629340724674 -1.7181204226669875 0.0 0.0 0.0 -0.9412576929501835 0.3376891402785973
1629013185.737141132 -1.7670552564339035 -1.7184096070775559 0.0 0.0 0.0 -0.941257679260849 0.3376891784355558
1629013186.238120079 -1.767726595377592 -1.7178650612984556 0.0 0.0 0.0 -0.9412576681524063 0.33768920939866365
1629013186.238120079 -1.7677617442521438 -1.7190111327426292 0.0 0.0 0.0 -0.9412576776474957 0.3376891829325349
1629013186.238120079 -1.7682491879847513 -1.698289937280968 0.0 0.0 0.0 -0.9565754762318975 0.2914847479229717
1629013186.238120079 -1.7692416351610212 -1.6996276449236793 0.0 0.0 0.0 -0.9565754856977076 0.29148471685869737
1629013186.538707733 -1.7475817195722074 -1.6085462423421053 0.0 0.0 0.0 -0.9751370054038263 0.2216028445035352
1629013186.538707733 -1.7696741688968893 -1.6997374551136415 0.0 0.0 0.0 -0.9565754669543688 0.29148477836935366
1629013186.638895512 -1.7405689610433352 -1.5811560405731657 0.0 0.0 0.0 -0.980950891751631 0.19425588272090982
1629013186.638895512 -1.745705686380078 -1.6082995990621543 0.0 0.0 0.0 -0.9751370056172322 0.2216028435644682
1629013186.638895512 -1.7462227352636135 -1.6084996752773715 0.0 0.0 0.0 -0.9751370076623422 0.22160283456520397
1629013186.638895512 -1.7701127368418543 -1.7008990496104197 0.0 0.0 0.0 -0.9565754813914797 0.29148473099059385
1629013186.638895512 -1.7702760921042977 -1.7010229565865371 0.0 0.0 0.0 -0.9565754773169602 0.2914847443620843
1629013187.039713860 -1.5723325709213019 -1.4780301139530765 0.0 0.0 0.0 -0.9939583288292185 0.10975810016134116
1629013187.039713860 -1.5732236675521751 -1.478158138245639 0.0 0.0 0.0 -0.9939583305421723 0.10975808464900283
1629013187.039713860 -1.5738829675933055 -1.4775721348579383 0.0 0.0 0.0 -0.993958329028436 0.10975809835724859
1629013187.039713860 -1.5742225051384071 -1.478451286977758 0.0 0.0 0.0 -0.9939583305778044 0.10975808432632278
1629013187.039713860 -1.7397793372655799 -1.5809548531703521 0.0 0.0 0.0 -0.980950881150054 0.194255936256611
1629013187.039713860 -1.7458442425047465 -1.6089825889094416 0.0 0.0 0.0 -0.9751369876588859 0.22160292258802403
1629013188.142455101 -1.2644519332832072 -1.4015714312746501 0.0 0.0 0.0 -0.9965172671054329 0.08338666776361375
1629013188.142455101 -1.2648621625780878 -1.4008799893109454 0.0 0.0 0.0 -0.9965172644296585 0.08338669974060682
1629013188.142455101 -1.573906682796084 -1.4784228442814644 0.0 0.0 0.0 -0.9939583275031325 0.10975811217024267
1629013188.142455101 -1.5745220674420086 -1.4787566120123188 0.0 0.0 0.0 -0.9939583310258849 0.10975808026854936
1629013188.542624950 -1.265618473480912 -1.4004889602828716 0.0 0.0 0.0 -0.9965172652085124 0.08338669043287127
1629013188.542624950 -1.3543749590481813 -1.4125428693879847 0.0 0.0 0.0 -0.999307559852259 0.03720753716820848
1629013188.642812967 -1.266485023551627 -1.3992573971591797 0.0 0.0 0.0 -0.9965172669022676 0.08338667019155206
1629013188.642812967 -1.3550410473264385 -1.4126072626644617 0.0 0.0 0.0 -0.9993075602450526 0.03720752661868926
1629013188.642812967 -1.4332060589157776 -1.425661024217626 0.0 0.0 0.0 -0.9997450711344613 0.022578590353494
1629013188.642812967 -1.4335140634530745 -1.4247936140813804 0.0 0.0 0.0 -0.9997450720485442 0.022578549879281377
1629013188.642812967 -1.4337811345000857 -1.4259926130330212 0.0 0.0 0.0 -0.9997450740765098 0.022578460083758033
1629013188.642812967 -1.4342683118270507 -1.4268085279172085 0.0 0.0 0.0 -0.999745073393804 0.022578490313067603
1629013189.150118589 -1.4338360192980815 -1.425350785870071 0.0 0.0 0.0 -0.9997450714884452 0.02257857467962995
1629013189.150118589 -1.627941828970821 -1.4281882491837798 0.0 0.0 0.0 0.9984324470074558 0.05597007024029769
1629013189.243979216 -1.4341433452444556 -1.4256954034864535 0.0 0.0 0.0 -0.9997450721288491 0.02257854632349758
1629013189.346075773 -1.6275294274499896 -1.4274630311178502 0.0 0.0 0.0 0.9984324446267547 0.055970112708859175
1629013189.346075773 -1.6275702920735968 -1.426941184200441 0.0 0.0 0.0 0.9984324433881938 0.055970134803135445
1629013189.346075773 -1.7741785695514192 -1.4224175931294178 0.0 0.0 0.0 0.9962392845408772 0.08664460708827232
1629013189.346075773 -1.7751089069993944 -1.4223843456360146 0.0 0.0 0.0 0.9962392870845762 0.08664457784082799
1629013189.346075773 -1.7760154213416035 -1.4227008579746332 0.0 0.0 0.0 0.9962392860633693 0.08664458958266388
1629013189.945374012 -1.772923026978061 -1.4225672621238923 0.0 0.0 0.0 0.9962392825404897 0.08664463008871641
1629013189.945374012 -1.7736013948428717 -1.422116092671615 0.0 0.0 0.0 0.9962392849330719 0.08664460257882013
1629013189.945374012 -2.0026806550727043 -1.3597998650570966 0.0 0.0 0.0 0.9857716631349261 0.1680899406871263
1629013189.945374012 -2.0035117338713153 -1.360917492763878 0.0 0.0 0.0 0.9857716663604046 0.16808992177114973
1629013190.145747185 -2.0032724292439177 -1.361909194134172 0.0 0.0 0.0 0.9857716596323424 0.16808996122819883
1629013190.145747185 -2.0034518498231786 -1.3616275348549982 0.0 0.0 0.0 0.9857716680721633 0.1680899117324557
1629013190.145747185 -2.093125631226499 -1.3344157566687933 0.0 0.0 0.0 0.9808148212783153 0.19494175119965054
1629013190.145747185 -2.093728488735948 -1.33460420185777 0.0 0.0 0.0 0.9808148160356649 0.1949417775771138
1629013190.145747185 -2.093852612940668 -1.3348337289929144 0.0 0.0 0.0 0.980814822727425 0.1949417439087119
1629013190.145747185 -2.0940909306953754 -1.3348129557159105 0.0 0.0 0.0 0.980814820640693 0.19494175440773392
1629013190.446377039 -2.0936152060429336 -1.3340793121174193 0.0 0.0 0.0 0.9808148173451162 0.19494177098884255
1629013190.446377039 -2.094422001260059 -1.3346955121275068 0.0 0.0 0.0 0.9808148164641642 0.1949417754211955
1629013190.446377039 -2.1589730013004362 -1.280882288076997 0.0 0.0 0.0 0.9716990529670382 0.23622224802706684
1629013190.446377039 -2.159848378919836 -1.2813578640452525 0.0 0.0 0.0 0.9716990673160734 0.2362221890023737
1629013190.446377039 -2.159896805616326 -1.2808034345445023 0.0 0.0 0.0 0.9716990390341336 0.23622230533999405
1629013190.446377039 -2.1600036030358285 -1.2802298873280864 0.0 0.0 0.0 0.9716990537500165 0.2362222448062892
1629013191.448290825 -2.160077931278065 -1.2815228914293662 0.0 0.0 0.0 0.9716990717497858 0.23622217076431382
1629013191.448290825 -2.2603996757517586 -1.166554646123804 0.0 0.0 0.0 0.9399527905069129 0.34130448520092355
1629013191.548486233 -2.158341732823932 -1.2826692662465633 0.0 0.0 0.0 0.9716990884786504 0.2362221019501774
1629013191.548486233 -2.1601346993545927 -1.281775727563022 0.0 0.0 0.0 0.9716990776354019 0.23622214655385154
1629013191.548486233 -2.2607056358155178 -1.1661469219856613 0.0 0.0 0.0 0.9399527934367506 0.34130447713214823
1629013191.548486233 -2.282144031890873 -1.112761645170206 0.0 0.0 0.0 0.9307284620669861 0.36571099231281345
1629013191.548486233 -2.2825188549727873 -1.1125762870806688 0.0 0.0 0.0 0.9307284614085347 0.36571099398856155
1629013191.548486233 -2.282800822583145 -1.1121467054557814 0.0 0.0 0.0 0.9307284379505291 0.3657110536887944
1629013191.949263096 -2.2812196431793983 -1.1126146478999928 0.0 0.0 0.0 0.9307284588559112 0.3657110004849465
1629013191.949263096 -2.3561496096494294 -0.9436432744241691 0.0 0.0 0.0 0.9025792692294606 0.43052370754374586
1629013192.049455166 -2.281813998761797 -1.1136356426843976 0.0 0.0 0.0 0.9307284459183419 0.3657110334108448
1629013192.049455166 -2.3780047560607684 -0.8922689233347784 0.0 0.0 0.0 0.8946160645162818 0.4468356488793164
1629013192.249902725 -2.355244305938259 -0.9431143113182587 0.0 0.0 0.0 0.9025792595074814 0.4305237279255658
1629013192.249902725 -2.3784760537708065 -0.8921150848381643 0.0 0.0 0.0 0.8946160478426345 0.4468356822618635
1629013192.249902725 -2.4270156792750748 -0.7908475659157016 0.0 0.0 0.0 0.8777698227804513 0.47908260061911556
1629013192.249902725 -2.427893627216743 -0.7900767042375748 0.0 0.0 0.0 0.8777698568583663 0.4790825381819329
1629013192.249902725 -2.428852321035092 -0.7892247338281256 0.0 0.0 0.0 0.8777698702802665 0.4790825135904712
1629013192.249902725 -2.4295416372486964 -0.7896784925687793 0.0 0.0 0.0 0.8777698538102976 0.4790825437665714
1629013192.851044893 -2.429342915801396 -0.7892306984356631 0.0 0.0 0.0 0.8777698907566968 0.47908247607377225
1629013192.851044893 -2.4293864961360367 -0.7901924516240092 0.0 0.0 0.0 0.8777698908007889 0.47908247599298703
1629013192.851044893 -2.521515769816494 -0.5213351932633965 0.0 0.0 0.0 0.8216512155695317 0.5699905963725287
1629013193.051414251 -2.5215516315663984 -0.5211456597681046 0.0 0.0 0.0 0.8216511955395581 0.569990625246078
1629013193.051414251 -2.521805904701025 -0.5220046355858954 0.0 0.0 0.0 0.8216511805052618 0.5699906469182716
1629013193.051414251 -2.5790349196029085 -0.372984062805982 0.0 0.0 0.0 0.7972685605941185 0.6036247528789573
1629013193.051414251 -2.579477645877315 -0.3732184970731126 0.0 0.0 0.0 0.7972685596575237 0.6036247541160134
1629013193.151612282 -2.578806025486566 -0.3723458887580674 0.0 0.0 0.0 0.7972685409382283 0.6036247788404885
1629013193.151612282 -2.6005796270508754 -0.3066071377878427 0.0 0.0 0.0 0.7856427126006 0.6186804733766623
1629013193.251803398 -2.5791475660128267 -0.37244268074740167 0.0 0.0 0.0 0.7972685387742809 0.6036247816986334
1629013193.251803398 -2.600992814922934 -0.30764372542711077 0.0 0.0 0.0 0.7856427069201211 0.6186804805901224
1629013193.251803398 -2.6173502828998476 -0.24685221097147306 0.0 0.0 0.0 0.7731971586808487 0.6341657147842845
1629013193.354059696 -2.6178088872638785 -0.24611557158137556 0.0 0.0 0.0 0.7731971980438479 0.6341656667915274
1629013193.354059696 -2.6178840049962293 -0.24476158143004176 0.0 0.0 0.0 0.7731971815025517 0.63416568695926
1629013193.354059696 -2.618292093765961 -0.24667021742428982 0.0 0.0 0.0 0.7731971506182937 0.6341657246144351
1629013193.354059696 -2.6314965431463135 -0.18146051787386702 0.0 0.0 0.0 0.7610692399343406 0.6486706498877262
1629013193.452210426 -2.63159386150891 -0.1820250249038601 0.0 0.0 0.0 0.7610692050721359 0.6486706907906871
1629013193.452210426 -2.643064891158823 -0.12267217094248327 0.0 0.0 0.0 0.7480971482342818 0.6635892229412221
1629013193.552470684 -2.643726748791562 -0.12385775184000786 0.0 0.0 0.0 0.7480971544292244 0.663589215957355
1629013193.552470684 -2.6438205111664717 -0.12400892851153171 0.0 0.0 0.0 0.7480971449525154 0.6635892266409207
1629013193.552470684 -2.6541015097887284 -0.06092965141570781 0.0 0.0 0.0 0.7350903484076419 0.6779691583530417
1629013193.552470684 -2.654685478921891 -0.06062519786488446 0.0 0.0 0.0 0.7350903254939954 0.6779691831972392
1629013193.552470684 -2.6551582936095723 -0.05990380627566769 0.0 0.0 0.0 0.7350903483645473 0.6779691583997671
1629013193.552470684 -2.6556449693184514 -0.06066619876143093 0.0 0.0 0.0 0.7350903538728253 0.677969152427398
1629013194.253760338 -2.655022129988539 -0.06024532125623053 0.0 0.0 0.0 0.7350903525706208 0.6779691538393177
1629013194.253760338 -2.6553328239476355 -0.059292095025194565 0.0 0.0 0.0 0.7350903786962415 0.6779691255125238
1629013194.253760338 -2.6553956774424314 -0.05864984328690408 0.0 0.0 0.0 0.7350903805251392 0.6779691235295351
1629013194.253760338 -2.6850123671488437 0.043207868316202935 0.0 0.0 0.0 0.6827118461147763 0.7306877138521997
1629013194.554497957 -2.6532001854576417 -0.05636769886747391 0.0 0.0 0.0 0.7350903688635301 0.6779691361736752
1629013194.554497957 -2.6543667394970396 -0.056207825072165415 0.0 0.0 0.0 0.7350903714704244 0.6779691333471409
1629013194.554497957 -2.655361662966393 -0.05716359276894116 0.0 0.0 0.0 0.7350903807876058 0.6779691232449548
1629013194.554497957 -2.655382705079555 -0.05755209401233914 0.0 0.0 0.0 0.7350903877814385 0.6779691156618672
1629013194.554497957 -2.655502763981004 -0.057065265845797075 0.0 0.0 0.0 0.7350903943658329 0.6779691085227145
1629013194.554497957 -2.7003170619870906 0.2274739787857295 0.0 0.0 0.0 0.6365176853243759 0.7712621060763317
1629013194.854950905 -2.653836786116548 -0.05736769691996089 0.0 0.0 0.0 0.7350903558685841 0.6779691502634898
1629013194.854950905 -2.654213829823146 -0.05824120924118201 0.0 0.0 0.0 0.7350903380126173 0.677969169623882
1629013194.854950905 -2.655003809657105 -0.05752515076504827 0.0 0.0 0.0 0.7350903297821224 0.6779691785478235
1629013194.854950905 -2.6679385624195766 0.41721574215888624 0.0 0.0 0.0 0.5870616824881044 0.8095422045540529
1629013194.854950905 -2.6683277573290973 0.41886997165350626 0.0 0.0 0.0 0.5870616323534873 0.8095422409105401
1629013194.854950905 -2.6688460774149196 0.41766407935503275 0.0 0.0 0.0 0.5870616771253381 0.8095422084430097
1629013195.957142353 -2.52029113822664 0.6786660448767153 0.0 0.0 0.0 0.5005286192780805 0.8657199901143431
1629013195.957142353 -2.5216474091759817 0.6776485106010025 0.0 0.0 0.0 0.5005286299681289 0.8657199839337358
1629013195.957142353 -2.6691156011298123 0.41921486322825985 0.0 0.0 0.0 0.587061626769111 0.8095422449602028
1629013195.957142353 -2.669397399174231 0.4179931432771499 0.0 0.0 0.0 0.5870616274460831 0.809542244469278
1629013195.957142353 -2.669818991693939 0.4182333850337427 0.0 0.0 0.0 0.5870616419941673 0.809542233919338
1629013196.458153248 -2.373051015183175 0.9531470966721013 0.0 0.0 0.0 0.4035599929674245 0.9149531857292658
1629013196.458153248 -2.373198256716139 0.9536248051226907 0.0 0.0 0.0 0.4035599570158881 0.9149532015864716
1629013196.458153248 -2.373446769823016 0.9529839742764669 0.0 0.0 0.0 0.40355998133902904 0.9149531908582222
1629013196.458153248 -2.3746337904442685 0.9535682023742429 0.0 0.0 0.0 0.40355995566515607 0.9149532021822413
1629013196.458153248 -2.519596998641512 0.6784220957355716 0.0 0.0 0.0 0.5005286752477315 0.8657199577546719
1629013196.458153248 -2.5198941765184166 0.6781253253167817 0.0 0.0 0.0 0.5005286497889899 0.8657199724740158
1629013197.259631634 -2.177899559204965 1.2238697564363805 0.0 0.0 0.0 0.2513096445199333 0.9679067427036887
1629013197.259631634 -2.1780053094992593 1.2236436684190097 0.0 0.0 0.0 0.2513096559862106 0.9679067397265567
1629013197.259631634 -2.373666108418004 0.9550095296683095 0.0 0.0 0.0 0.4035599612191233 0.9149531997325435
1629013197.259631634 -2.374195748970619 0.9556293777046351 0.0 0.0 0.0 0.4035599990780485 0.9149531830340422
1629013197.359828949 -1.917948850190757 1.4262449437715952 0.0 0.0 0.0 0.14316408617289628 0.9896989665702797
1629013197.359828949 -1.919523518470417 1.4256879780756238 0.0 0.0 0.0 0.14316408204462996 0.9896989671674506
1629013197.359828949 -1.9196387790900518 1.426027014106249 0.0 0.0 0.0 0.14316408720332602 0.9896989664212237
1629013197.359828949 -1.920080020400761 1.4258997893736889 0.0 0.0 0.0 0.1431640539355807 0.9896989712335413
1629013197.359828949 -1.9201422324368451 1.4255703384330893 0.0 0.0 0.0 0.1431640467443181 0.9896989722737872
1629013197.359828949 -2.177822618160574 1.2242693381603325 0.0 0.0 0.0 0.2513096299476322 0.9679067464872761
1629013197.760605812 -1.6527229216169324 1.522095678981091 0.0 0.0 0.0 0.05819946171311178 0.9983049747728917
1629013197.760605812 -1.9200563846132235 1.4256626881208592 0.0 0.0 0.0 0.14316408022164817 0.9896989674311525
1629013197.760605812 -1.92075030399966 1.4253675058117614 0.0 0.0 0.0 0.1431640879719369 0.989698966310041
1629013197.760605812 -1.9212879805973049 1.4246152764768316 0.0 0.0 0.0 0.14316410644714364 0.989698963637525
1629013197.760605812 -1.9220157207610067 1.4242640395262667 0.0 0.0 0.0 0.1431640785227065 0.9896989676769115
1629013198.161396980 -1.3824149245817827 1.549622537601438 0.0 0.0 0.0 -0.029005014907428853 0.9995792660465801
1629013198.161396980 -1.9208633208979946 1.4259012806754638 0.0 0.0 0.0 0.14316404602704108 0.9896989723775443
1629013198.161396980 -1.92122981240017 1.4267144811205774 0.0 0.0 0.0 0.14316402351410823 0.9896989756341329
1629013198.161396980 -1.9214916923371383 1.4272599803859178 0.0 0.0 0.0 0.14316403539710013 0.9896989739152091
1629013198.161396980 -1.9216408636764848 1.4256346547117753 0.0 0.0 0.0 0.14316410778310387 0.9896989634442727
1629013198.161396980 -1.9222808206743542 1.4260162648055958 0.0 0.0 0.0 0.14316407601479905 0.9896989680396908
1629013198.562168837 -1.087684058972752 1.541808975195451 0.0 0.0 0.0 -0.1145812927771448 0.9934138751525057
1629013198.562168837 -1.9201337632517639 1.4274338318820767 0.0 0.0 0.0 0.14316404620058776 0.9896989723524401
1629013199.163362503 -0.7077255789064852 1.3893228497378776 0.0 0.0 0.0 -0.21525045822229483 0.9765588769936465
1629013199.263733149 -0.4737811988464618 1.4092717744864707 0.0 0.0 0.0 -0.25682453731768384 0.9664580472175487
1629013199.363727808 -0.39912767505272784 1.3868641988108363 0.0 0.0 0.0 -0.25632397315358596 0.966590927324874
1629013199.865200996 -0.07529045642320992 1.227915217137188 0.0 0.0 0.0 -0.21667539961347398 0.9762437048208512
1629013200.065204859 0.05952394455422088 1.1778259601889944 0.0 0.0 0.0 -0.18721353188344056 0.982319242140623
1629013200.767469406 0.41475190933963113 1.0360301577621827 0.0 0.0 0.0 -0.09527140026723459 0.995451334968777
1629013201.067073822 0.5942602832820516 1.0157009561803365 0.0 0.0 0.0 -0.05762795779265855 0.9983381283316026
1629013201.067073822 -1.9202614641510032 1.4258650237999757 0.0 0.0 0.0 0.14316408502828412 0.9896989667358526
1629013201.267458916 0.6917552551569458 1.003936139845903 0.0 0.0 0.0 -0.036171560829685846 0.9993455949706009
1629013201.267458916 -1.920722764354645 1.4264371343012359 0.0 0.0 0.0 0.14316410736503118 0.9896989635047486
1629013201.267458916 -1.9215199387526416 1.4270612277722048 0.0 0.0 0.0 0.143164048697889 0.9896989719911952
1629013201.467884541 0.5951955165427907 1.016138578086498 0.0 0.0 0.0 -0.05762799552960254 0.9983381261532789
1629013201.467884541 0.7580726216124526 0.9887187286732207 0.0 0.0 0.0 -0.0151756456654566 0.9998848432587807
1629013201.568065166 0.691137858801937 1.0034516316171807 0.0 0.0 0.0 -0.0361715993711993 0.9993455935755806
1629013201.568065166 0.7576040910383289 0.9889493526678333 0.0 0.0 0.0 -0.015175652981257608 0.999884843147746
1629013201.568065166 0.7930812843512698 0.981301524770466 0.0 0.0 0.0 -0.004936602830804581 0.9999878149020072
1629013201.768421173 0.7563642947304123 0.9885567681803056 0.0 0.0 0.0 -0.015175628898303876 0.9998848435132622
1629013201.768421173 0.8389609273809592 0.9632575493526873 0.0 0.0 0.0 0.01464410294341698 0.9998927693752878
1629013201.868645191 0.7568348494794392 0.9885754200083406 0.0 0.0 0.0 -0.015175573438261737 0.9998848443549987
1629013201.868645191 0.7925490189687097 0.9809190304662212 0.0 0.0 0.0 -0.004936573072677013 0.9999878150489125
1629013201.868645191 0.8563225704291088 0.949569844998185 0.0 0.0 0.0 0.025603925096523705 0.9996721657721853
1629013202.074606419 0.8395606200876072 0.9633810809347462 0.0 0.0 0.0 0.014644090987043104 0.999892769550397
1629013202.169236660 0.8546273257111533 0.9495529424559186 0.0 0.0 0.0 0.02560389283955036 0.9996721665983608
1629013202.169236660 0.855607269257155 0.9495692073573432 0.0 0.0 0.0 0.02560391890788127 0.9996721659306909
1629013202.169236660 0.9043551676697609 0.9284126101472202 0.0 0.0 0.0 0.05483950751946794 0.9984951819688577
1629013202.369596958 0.9035655313536017 0.9280017314237062 0.0 0.0 0.0 0.05483953675988448 0.9984951803629105
1629013202.369596958 0.9041238996820402 0.9275078096962269 0.0 0.0 0.0 0.05483953561567027 0.9984951804257532
1629013202.369596958 0.931599841198567 0.9183334532316334 0.0 0.0 0.0 0.07046471972674284 0.9975142722156067
1629013202.670295238 0.9312865409208029 0.9175275630161581 0.0 0.0 0.0 0.07046472944147504 0.997514271529355
1629013202.670295238 0.9797189183881424 0.906830692711631 0.0 0.0 0.0 0.09046193408429025 0.9958999138878011
1629013202.770405769 0.9310530555506619 0.9166039137823733 0.0 0.0 0.0 0.07046474906510672 0.9975142701431351
1629013202.870672941 0.9311184535396836 0.9166815813713809 0.0 0.0 0.0 0.07046476363231807 0.9975142691141022
1629013202.870672941 0.998045954307681 0.8981673641494037 0.0 0.0 0.0 0.09021876064161193 0.9959219724598366
1629013203.171209335 0.9808462598611969 0.9061286659836125 0.0 0.0 0.0 0.09046191925770358 0.9958999152345644
1629013203.171209335 0.9992492403852876 0.8974545968787717 0.0 0.0 0.0 0.0902188075255512 0.9959219682127046
1629013203.171209335 1.0295284274259078 0.882407725196814 0.0 0.0 0.0 0.07249167121476273 0.9973690177684941
1629013203.571948051 1.02950839441486 0.8822172992604816 0.0 0.0 0.0 0.07249168692930008 0.9973690166263158
1629013203.571948051 1.1107105355265725 0.8671420347024301 0.0 0.0 0.0 0.028814339985228025 0.9995847807020751
1629013203.677692413 1.0297940187741117 0.8809856356962175 0.0 0.0 0.0 0.0724916582334699 0.997369018712012
1629013203.878424644 1.0294957979965085 0.8806290458013994 0.0 0.0 0.0 0.072491603060489 0.9973690227221419
1629013203.878424644 1.2271906895564768 0.8533540752387239 0.0 0.0 0.0 -0.00603155656557886 0.99998180999726
1629013204.072945595 1.1104485402488105 0.8674494010035871 0.0 0.0 0.0 0.0288143755588736 0.9995847796766176
1629013204.072945595 1.1107340378504382 0.8674614519003662 0.0 0.0 0.0 0.028814377341968345 0.9995847796252175
1629013204.072945595 1.2269849393753633 0.8537963593396868 0.0 0.0 0.0 -0.006031567772024328 0.9999818099296665
1629013204.072945595 1.252534362696368 0.8381203291203153 0.0 0.0 0.0 -0.026757420741509313 0.9996419561199209
1629013204.573929071 1.252450741302516 0.8375156617250403 0.0 0.0 0.0 -0.026757376726947075 0.9996419572980579
1629013204.573929071 1.2526856221637745 0.8380471446941679 0.0 0.0 0.0 -0.02675735452995552 0.9996419578922037
1629013204.573929071 1.2530154896910195 0.8377200075871135 0.0 0.0 0.0 -0.026757403767213896 0.9996419565742718
1629013204.573929071 1.4420031845588621 0.7945415245331645 0.0 0.0 0.0 -0.05118336683423814 0.9986892724764354
1629013204.573929071 1.4421934246817212 0.7929397755138351 0.0 0.0 0.0 -0.05118330043874348 0.9986892758792383
1629013204.573929071 1.4427340020235715 0.7926633831208658 0.0 0.0 0.0 -0.05118335173910007 0.9986892732500693
1629013205.475691319 1.4424265204865356 0.7930683401375631 0.0 0.0 0.0 -0.051183350629629025 0.9986892733069302
1629013205.475691319 1.8194683049117495 0.716032667988614 0.0 0.0 0.0 -0.07119455344332266 0.9974624481954225
1629013205.676188707 1.441640551219859 0.7942199508877985 0.0 0.0 0.0 -0.05118333401293359 0.9986892741585445
1629013205.878082752 1.44047477745283 0.7947881640773807 0.0 0.0 0.0 -0.05118332228381041 0.998689274759668
1629013205.878082752 2.019696119528147 0.6964986887072893 0.0 0.0 0.0 -0.0795217541975782 0.9968331307743237
1629013206.076845169 1.8184751488360043 0.7157570134296094 0.0 0.0 0.0 -0.07119455132484488 0.9974624483466302
1629013206.076845169 2.0197551363968413 0.6957712152451253 0.0 0.0 0.0 -0.07952175735604863 0.9968331305223587
1629013206.076845169 2.0200959957519404 0.696931499229132 0.0 0.0 0.0 -0.07952176702945117 0.9968331297506688
1629013206.076845169 2.1182232680452318 0.6915857547695471 0.0 0.0 0.0 -0.08488294419942898 0.9963909301996062
1629013206.377456665 2.1178354109243496 0.6918593277855034 0.0 0.0 0.0 -0.08488294563870342 0.9963909300769939
1629013206.377456665 2.258244034916709 0.676483420600983 0.0 0.0 0.0 -0.09053183019184936 0.9958935624463662
1629013206.477707386 2.116999609264038 0.690434683275993 0.0 0.0 0.0 -0.08488299107514749 0.9963909262062438
1629013206.477707386 2.258076002110363 0.6763926243461746 0.0 0.0 0.0 -0.0905318380130816 0.995893561735376
1629013206.477707386 2.285552740699494 0.6572169658435553 0.0 0.0 0.0 -0.09185236186838179 0.9957726365085555
1629013207.078907251 2.2856219271274028 0.6558688511654805 0.0 0.0 0.0 -0.09185234331660969 0.9957726382198135
1629013207.078907251 2.5706844935983244 0.5758066105560818 0.0 0.0 0.0 -0.0912091604753593 0.9958317573995018
1629013207.379912376 2.2860302122366734 0.6556553711043364 0.0 0.0 0.0 -0.09185233396968967 0.9957726390819948
1629013207.379912376 2.5705985590991927 0.5764563443271995 0.0 0.0 0.0 -0.09120915358753082 0.9958317580303644
1629013207.379912376 2.7245298420177324 0.587178584996308 0.0 0.0 0.0 -0.06835034901669615 0.9976613803236526
1629013207.379912376 2.7252701950287705 0.5863936320500928 0.0 0.0 0.0 -0.06835031251026406 0.9976613828247284
1629013207.580000401 2.725158838919002 0.5857325538708968 0.0 0.0 0.0 -0.0683503161118397 0.9976613825779825
1629013207.580000401 2.812395287608778 0.5678887370576489 0.0 0.0 0.0 -0.04809799797835737 0.9988426215327788
1629013207.580000401 2.8132092855641315 0.568348244874727 0.0 0.0 0.0 -0.04809792722997272 0.9988426249395749
1629013207.580000401 2.8133029286599314 0.5680659404186864 0.0 0.0 0.0 -0.04809797638066591 0.998842622572788
1629013208.080886364 2.8133166333898734 0.5685550961618624 0.0 0.0 0.0 -0.04809789183305204 0.9988426266440655
1629013208.080886364 2.8148908885336836 0.5690016363469238 0.0 0.0 0.0 -0.04809794499896169 0.9988426240839329
1629013208.080886364 2.9959691126028534 0.49380871681973376 0.0 0.0 0.0 0.009146795025448141 0.9999581671953894
1629013208.481552601 2.8151945072534836 0.569182684570393 0.0 0.0 0.0 -0.048097904636671636 0.9988426260275247
1629013208.481552601 2.995855794602751 0.49420408883516026 0.0 0.0 0.0 0.009146798786735825 0.9999581671609843
1629013208.481552601 2.996371948278448 0.4937492966047316 0.0 0.0 0.0 0.00914677289216059 0.9999581673978463
1629013208.481552601 3.16380415774366 0.5051700468508432 0.0 0.0 0.0 0.06695569607386673 0.9977559495003094
1629013208.481552601 3.164023500152252 0.5057129131123136 0.0 0.0 0.0 0.06695568019334237 0.9977559505659923
1629013208.481552601 3.164172994168701 0.5066504584402188 0.0 0.0 0.0 0.06695564477669344 0.9977559529426708
1629013209.383306265 3.1640602397251096 0.5053494438279263 0.0 0.0 0.0 0.06695571779205192 0.9977559480428825
1629013209.383306265 3.3353827794076607 0.5149872044228557 0.0 0.0 0.0 0.17757677734707786 0.9841069495471649
1629013209.483502388 3.1634035944797816 0.5052532915343227 0.0 0.0 0.0 0.06695568265989435 0.9977559504004712
1629013209.483502388 3.1638468828434743 0.5047909168857939 0.0 0.0 0.0 0.06695572442364374 0.9977559475978608
1629013209.483502388 3.3353452502715863 0.515373809572801 0.0 0.0 0.0 0.17757673615509523 0.9841069569800346
1629013209.483502388 3.4496612066748873 0.4733397185631291 0.0 0.0 0.0 0.2509371893505508 0.9680033713788634
1629013209.784077168 3.450311346142663 0.47346116557702095 0.0 0.0 0.0 0.25093713944723045 0.9680033843153861
1629013209.784077168 3.5151473753746427 0.5066484074634611 0.0 0.0 0.0 0.2955566445423482 0.9553252168067522
1629013209.986763000 3.4485009192505154 0.4730355149633491 0.0 0.0 0.0 0.25093713713116855 0.9680033849157827
1629013209.986763000 3.514978166084305 0.5062486067163323 0.0 0.0 0.0 0.295556686977675 0.9553252036781928
1629013209.986763000 3.5712040214567184 0.5580594468287946 0.0 0.0 0.0 0.3245523573614087 0.9458677324716984
1629013209.986763000 3.571758524511788 0.5573791270251234 0.0 0.0 0.0 0.3245524118622901 0.9458677137709958
1629013210.385328293 3.5708211116805715 0.5584424385865423 0.0 0.0 0.0 0.3245523187985985 0.9458677457036226
1629013210.385328293 3.5711496334894663 0.5589631079556799 0.0 0.0 0.0 0.32455239059502894 0.9458677210683594
1629013210.385328293 3.6647257981601293 0.6552768313163528 0.0 0.0 0.0 0.3806274168140621 0.9247284842425123
1629013210.786072731 3.665649600589124 0.6547436075217304 0.0 0.0 0.0 0.38062741894067254 0.9247284833671783
1629013210.786072731 3.6656809998009163 0.6537655672594456 0.0 0.0 0.0 0.38062740883201285 0.9247284875280029
1629013210.786072731 3.665736925968957 0.6550790198607079 0.0 0.0 0.0 0.3806274007171467 0.9247284908681621
1629013210.786072731 3.7534881398022257 0.7762787680843012 0.0 0.0 0.0 0.4416375067934366 0.8971935758760632
1629013210.786072731 3.7534930479532584 0.7750494174092345 0.0 0.0 0.0 0.4416375089081103 0.8971935748351293
1629013210.786072731 3.7536564170984916 0.7744933499671568 0.0 0.0 0.0 0.4416375476804916 0.8971935557496841
1629013211.487395525 3.753707305836902 0.7741628185657774 0.0 0.0 0.0 0.44163755852166 0.8971935504131912
1629013211.487395525 3.9252830340270655 1.052763998207724 0.0 0.0 0.0 0.5439244967631401 0.8391341619913736
1629013211.687815666 3.7537913132330893 0.7730842659023305 0.0 0.0 0.0 0.44163752829675745 0.8971935652911978
1629013211.687815666 3.9265389372515958 1.052465432013739 0.0 0.0 0.0 0.543924526619656 0.8391341426384599
1629013211.687815666 3.9270102672893046 1.0516087015959104 0.0 0.0 0.0 0.5439245385583981 0.8391341348997988
1629013211.687815666 4.041009950160188 1.2753364756736416 0.0 0.0 0.0 0.6002906025584333 0.7997819655881427
1629013211.687815666 4.041247933063576 1.2757653953149537 0.0 0.0 0.0 0.6002906124289888 0.7997819581796213
1629013212.089605808 4.041753606136499 1.2762422425255486 0.0 0.0 0.0 0.6002905335576308 0.7997820173779195
1629013212.089605808 4.081629980236774 1.4794527009371037 0.0 0.0 0.0 0.6548016896841022 0.7558007324598492
1629013212.389182568 4.082203302589497 1.4782062201700754 0.0 0.0 0.0 0.6548016944986812 0.7558007282886514
1629013212.489371300 4.100219622941371 1.7170419577483014 0.0 0.0 0.0 0.678637694256803 0.7344731989213833
1629013212.489371300 4.100291493673997 1.716980172430198 0.0 0.0 0.0 0.6786376972544185 0.7344731961516501
1629013212.790127516 4.101340329881137 1.7173868473929579 0.0 0.0 0.0 0.6786376416229245 0.7344732475539698
1629013212.790127516 4.106298172291588 1.9023769820186642 0.0 0.0 0.0 0.6687405911445323 0.743495811525298
1629013212.790127516 4.1063175137605015 1.9027043196395192 0.0 0.0 0.0 0.6687405970854539 0.7434958061817099
1629013213.491334200 4.083672023942226 2.1642833809916997 0.0 0.0 0.0 0.6215986220867177 0.783335913270861
1629013213.491334200 4.104534803580681 1.9023828551681805 0.0 0.0 0.0 0.6687405845077152 0.7434958174948124
1629013213.491334200 4.105061302496512 1.9019143356682324 0.0 0.0 0.0 0.66874056531047 0.7434958347618587
1629013213.691732168 4.088242845811269 2.2647836656082356 0.0 0.0 0.0 0.595864120419952 0.8030852694428886
1629013213.691732168 4.103608000657684 1.9029036285616487 0.0 0.0 0.0 0.6687405542499648 0.7434958447102781
1629013213.892106056 4.082141866498332 2.164252227531725 0.0 0.0 0.0 0.621598617029171 0.7833359172841636
1629013213.992370605 4.082172862343778 2.1654672676041313 0.0 0.0 0.0 0.621598618713582 0.7833359159475372
1629013213.992370605 4.14568473029535 2.4339077247355867 0.0 0.0 0.0 0.5556461622530833 0.8314188729956882
1629013214.192687035 4.089052830072938 2.2658882847978536 0.0 0.0 0.0 0.5958641414049586 0.8030852538726704
1629013214.192687035 4.145145869948153 2.5097651746910925 0.0 0.0 0.0 0.528290161889893 0.8490638991562123
1629013214.394271851 4.1445400635287335 2.509338466427969 0.0 0.0 0.0 0.5282901493450546 0.8490639069616491
1629013214.394271851 4.144941705331304 2.4341782929491873 0.0 0.0 0.0 0.5556461499735481 0.8314188812022333
1629013214.394271851 4.1551809195824845 2.5761795767661337 0.0 0.0 0.0 0.5006057492055517 0.865675391738929
1629013214.793873310 4.130011217512414 2.661202275157177 0.0 0.0 0.0 0.44741994264804136 0.8943239876693587
1629013214.793873310 4.145041886094647 2.508502885969441 0.0 0.0 0.0 0.5282901352435271 0.8490639157356623
1629013215.094453812 4.119302746202893 2.7197029484420367 0.0 0.0 0.0 0.40404275515053767 0.9147401007993269
1629013215.094453812 4.129570512403555 2.6617870576082328 0.0 0.0 0.0 0.44741989859970527 0.8943240097062303
1629013215.094453812 4.129729687364973 2.6611886429755898 0.0 0.0 0.0 0.447419932402705 0.8943239927949819
1629013215.094453812 4.154896957153614 2.576428654419696 0.0 0.0 0.0 0.50060574026942 0.865675396906546
1629013215.595432520 4.1017566928130025 2.7692567472478693 0.0 0.0 0.0 0.3309227983332247 0.9436578307539804
1629013215.595432520 4.118401197073081 2.721065403949089 0.0 0.0 0.0 0.4040427583652994 0.9147400993793594
1629013215.695641518 4.098766650015529 2.774042900692801 0.0 0.0 0.0 0.31452882870658183 0.9492479212052379
1629013215.695641518 4.118461011321157 2.7211098186594365 0.0 0.0 0.0 0.4040428059074964 0.9147400783798626
1629013215.795802355 4.0999084605474225 2.774567186380665 0.0 0.0 0.0 0.3145287848533953 0.9492479357357837
1629013215.795802355 4.101760449988516 2.7696402302287653 0.0 0.0 0.0 0.33092281670234086 0.9436578243122816
1629013215.795802355 4.103277557681919 2.7709225931094315 0.0 0.0 0.0 0.2988779324974376 0.9542913504093271
1629013215.795802355 4.117423829273366 2.7211566009086554 0.0 0.0 0.0 0.4040428361227187 0.9147400650337285
1629013215.996199131 4.103557658283868 2.7706393092673185 0.0 0.0 0.0 0.298877940552658 0.9542913478864837
1629013215.996199131 4.1470481093391305 2.813050684743878 0.0 0.0 0.0 0.266211856380881 0.963914543682294
1629013216.196589470 4.104131463576764 2.7715910807526436 0.0 0.0 0.0 0.2988779101475988 0.954291357409153
1629013216.196589470 4.147262990753738 2.812667144531355 0.0 0.0 0.0 0.26621181667622085 0.9639145546478413
1629013216.196589470 4.236783949545012 2.8696954127286913 0.0 0.0 0.0 0.2333556691917918 0.9723914498061216
1629013216.497184753 4.147500366778276 2.8131070622088497 0.0 0.0 0.0 0.2662118363356615 0.9639145492183396
1629013216.497184753 4.3634584444942845 2.932813686865429 0.0 0.0 0.0 0.18255639063998028 0.9831953845683487
1629013216.597385406 4.236065605581436 2.8703897389591995 0.0 0.0 0.0 0.2333556692957682 0.9723914497811692
1629013216.597385406 4.2366925841378755 2.8703403447874862 0.0 0.0 0.0 0.23335566410365854 0.9723914510271778
1629013216.597385406 4.362562257777534 2.932446881554848 0.0 0.0 0.0 0.18255642032922714 0.9831953790557493
1629013216.597385406 4.4074543179415535 2.9536985173417345 0.0 0.0 0.0 0.16548284414743075 0.9862126688969662
1629013216.597385406 4.407589843901423 2.9528530475834227 0.0 0.0 0.0 0.1654828923590214 0.9862126608072381
1629013216.597385406 4.4079618014904005 2.9532282662753535 0.0 0.0 0.0 0.1654828665302868 0.9862126651412054
1629013217.098364115 4.407854803596075 2.9536734784288132 0.0 0.0 0.0 0.16548287236107964 0.9862126641628197
1629013217.098364115 4.56670607556778 2.979574068793613 0.0 0.0 0.0 0.08648423731088485 0.9962532191650647
1629013217.098364115 4.566996868496552 2.9789780239315746 0.0 0.0 0.0 0.08648423682974984 0.9962532192068319
1629013217.499140263 4.567100533000341 2.979158567198623 0.0 0.0 0.0 0.0864842272625163 0.9962532200373585
1629013217.499140263 4.784438770288178 3.017963193510466 0.0 0.0 0.0 0.01594765923833492 0.9998728279960497
1629013217.599331856 4.567838373388581 2.978583229461306 0.0 0.0 0.0 0.0864842487737334 0.9962532181699806
1629013217.599331856 4.568589210149249 2.9783528428850286 0.0 0.0 0.0 0.08648425183837756 0.9962532179039404
1629013217.599331856 4.783562896858525 3.0185922625886707 0.0 0.0 0.0 0.015947623115677042 0.9998728285721942
1629013217.599331856 4.855814331493338 3.0178352603457888 0.0 0.0 0.0 -0.002706824136163415 0.9999963365448374
1629013217.799716949 4.784187015500774 3.0174955954726568 0.0 0.0 0.0 0.01594756313207129 0.99987282952891
1629013217.799716949 4.85580543304098 3.0175234035459453 0.0 0.0 0.0 -0.0027068160190972883 0.999996336566809
1629013217.799716949 4.856652838981676 3.0173881224919423 0.0 0.0 0.0 -0.0027068548586093597 0.9999963364616764
1629013217.799716949 4.971167586366681 3.018300582970113 0.0 0.0 0.0 -0.04082319636665505 0.99916638586294
1629013217.799716949 4.972110081952686 3.0180289614854696 0.0 0.0 0.0 -0.04082319159661479 0.9991663860578307
1629013218.100379467 4.972147478256287 3.0177974710557343 0.0 0.0 0.0 -0.040823125413444954 0.9991663887618909
1629013218.100379467 5.177134629166232 3.0159471013112347 0.0 0.0 0.0 -0.09872981396275911 0.9951142767717077
1629013218.200509548 4.972150049419639 3.0190546605705086 0.0 0.0 0.0 -0.04082311389077773 0.9991663892326746
1629013218.200509548 5.177774690790007 3.0160318101043972 0.0 0.0 0.0 -0.09872980158405288 0.9951142779998554
1629013218.200509548 5.263149737304566 3.0355685238351193 0.0 0.0 0.0 -0.1183293745026091 0.992974400037494
1629013218.200509548 5.263319361433413 3.036265254797293 0.0 0.0 0.0 -0.118329314640986 0.9929744071709978
1629013218.200509548 5.263399232789235 3.0364921148432855 0.0 0.0 0.0 -0.11832937477672227 0.992974400004829
1629013218.200509548 5.263406460561335 3.035949853056053 0.0 0.0 0.0 -0.1183293042514099 0.9929744084090875
1629013219.406359673 5.2635034349238135 3.0355485925042935 0.0 0.0 0.0 -0.11832942911413061 0.9929743935296237
1629013219.406359673 5.473589051947732 2.9983234629205366 0.0 0.0 0.0 -0.1600328186974734 0.9871116942574136
1629013219.503051281 5.472742898357822 2.99868457255843 0.0 0.0 0.0 -0.16003281173741202 0.9871116953857948
1629013219.503051281 5.473088837467716 2.9991742207163945 0.0 0.0 0.0 -0.1600328660126341 0.9871116865865698
1629013219.503051281 5.473610775679783 2.9983722068310255 0.0 0.0 0.0 -0.1600328526729417 0.9871116887492319
1629013219.503051281 5.536852324621407 2.9803774597929147 0.0 0.0 0.0 -0.18005237145096264 0.9836570253573572
1629013219.804655790 5.536618585532447 2.9802354094717 0.0 0.0 0.0 -0.1800523203885829 0.9836570347040106
1629013219.804655790 5.537495235425392 2.9794569720135473 0.0 0.0 0.0 -0.18005233946077365 0.9836570312129641
1629013219.804655790 5.718899608464107 2.9122423780540565 0.0 0.0 0.0 -0.23813112011958396 0.9712330151053311
1629013219.804655790 5.719144624989017 2.912626112148124 0.0 0.0 0.0 -0.23813112289216107 0.9712330144255386
1629013220.204417229 5.719879873734783 2.9131265747762884 0.0 0.0 0.0 -0.23813115020026027 0.97123300773002
1629013220.204417229 5.941774257622212 2.802435105187221 0.0 0.0 0.0 -0.30118518061357036 0.9535656699875321
1629013220.204417229 5.942051139019412 2.8023618911365533 0.0 0.0 0.0 -0.3011851637342028 0.9535656753189061
1629013220.204417229 5.942749260658183 2.8022586398975657 0.0 0.0 0.0 -0.3011851403195919 0.9535656827144461
1629013220.204417229 5.943365040185305 2.8027337969315536 0.0 0.0 0.0 -0.30118508369684727 0.9535657005988224
1629013220.204417229 5.943395312892923 2.802922954629563 0.0 0.0 0.0 -0.301185105744033 0.9535656936351872
1629013220.806005239 5.940761096805999 2.803025037709718 0.0 0.0 0.0 -0.3011851239755515 0.9535656878767355
1629013220.806005239 5.941369682767022 2.8020381618650947 0.0 0.0 0.0 -0.301185132716724 0.9535656851158232
1629013220.806005239 5.941535498863246 2.8034684439020836 0.0 0.0 0.0 -0.3011851109750685 0.953565691982957
1629013220.806005239 5.941624743067435 2.8026088486043954 0.0 0.0 0.0 -0.3011851337935048 0.9535656847757205
1629013220.806005239 6.232342781049916 2.712726121671562 0.0 0.0 0.0 -0.2873443348547152 0.9578273504274668
1629013221.106210232 5.941084094936647 2.8026098437068816 0.0 0.0 0.0 -0.3011851194840548 0.9535656892953813
1629013221.106210232 5.941603069023176 2.8029007113677453 0.0 0.0 0.0 -0.3011850903526843 0.9535656984965668
1629013221.106210232 5.94198283013578 2.802340202400959 0.0 0.0 0.0 -0.30118513213168335 0.9535656853006091
1629013221.106210232 6.285439317607751 2.6868628587228303 0.0 0.0 0.0 -0.2769403969201068 0.9608870987549649
1629013221.406772852 5.939661028850932 2.8024266005508025 0.0 0.0 0.0 -0.3011850778012385 0.9535657024609588
1629013221.406772852 5.941182911908204 2.801935860037315 0.0 0.0 0.0 -0.3011851022787508 0.9535656947297015
1629013221.406772852 5.9414506621308965 2.8030630891797 0.0 0.0 0.0 -0.30118507952618634 0.9535657019161317
1629013221.406772852 6.24689650635894 2.70772684324611 0.0 0.0 0.0 -0.2903057810613821 0.9569339337082476
1629013221.607167244 6.171189304197132 2.7418898090327737 0.0 0.0 0.0 -0.3125336260509016 0.9499066967799917
1629013221.707352638 6.130157487849985 2.7695258371391227 0.0 0.0 0.0 -0.3256043127049167 0.9455061245428074
1629013221.807577133 6.079051894225374 2.79967478387089 0.0 0.0 0.0 -0.34168827578975325 0.9398133443337701
1629013221.807577133 6.131382155036547 2.7697575720810597 0.0 0.0 0.0 -0.3256042818758458 0.945506135159426
1629013221.907737732 6.024072293288033 2.8221021000879674 0.0 0.0 0.0 -0.3580969799603437 0.9336843968618525
1629013221.907737732 6.02442850148881 2.8219453935105534 0.0 0.0 0.0 -0.3580970123230284 0.9336843844497565
1629013221.907737732 6.024450292766167 2.821948055338998 0.0 0.0 0.0 -0.3580969981572371 0.9336843898827781
1629013221.907737732 6.024517851607498 2.820866390238257 0.0 0.0 0.0 -0.35809696683514836 0.9336844018957726
1629013221.907737732 6.024542097147273 2.822003794783144 0.0 0.0 0.0 -0.35809696301892063 0.9336844033594145
1629013221.907737732 6.078609413932266 2.8004883444250237 0.0 0.0 0.0 -0.3416883275656413 0.9398133255095902
1629013223.711259842 5.862319822356044 2.854934414685555 0.0 0.0 0.0 -0.3990795712048752 0.9169162970778374
1629013223.711259842 6.025332418099758 2.821286276212299 0.0 0.0 0.0 -0.35809699438093207 0.9336843913311086
1629013223.911646843 5.746847932932779 2.920692865367608 0.0 0.0 0.0 -0.4367010190368152 0.8996067029386826
1629013223.911646843 6.025604098546655 2.8206040158390397 0.0 0.0 0.0 -0.3580970258738088 0.9336843792526105
1629013223.911646843 6.027339409250145 2.822486396712085 0.0 0.0 0.0 -0.3580970369264706 0.9336843750135706
1629013224.012077093 5.70832373311353 2.9795939978121133 0.0 0.0 0.0 -0.45635150493006615 0.8897995863946352
1629013224.012077093 6.02710492664397 2.82292500137476 0.0 0.0 0.0 -0.3580970426485602 0.933684372818971
1629013224.212237358 5.642426931462014 3.043959524490249 0.0 0.0 0.0 -0.4917136379995439 0.8707569685080065
1629013224.212237358 6.0253771497480395 2.8223618261441636 0.0 0.0 0.0 -0.35809710514084797 0.9336843488512295
1629013224.212237358 6.025480151882095 2.821992086887172 0.0 0.0 0.0 -0.3580970665480113 0.9336843636527866
1629013224.212237358 6.025490830909692 2.823163047748227 0.0 0.0 0.0 -0.3580971263445584 0.9336843407189441
1629013224.212237358 6.025908538840135 2.822277773097579 0.0 0.0 0.0 -0.3580970645984818 0.933684364400492
1629013224.212237358 6.026757986363802 2.824405533569814 0.0 0.0 0.0 -0.35809706454351226 0.9336843644215745
1629013224.813429356 5.452029738041856 3.2283479022529042 0.0 0.0 0.0 -0.49575861780765607 0.8684603576844728
1629013224.813429356 6.0259592204782155 2.8234003916271417 0.0 0.0 0.0 -0.3580970247181607 0.9336843796958376
1629013224.813429356 6.026721919141923 2.824986410064827 0.0 0.0 0.0 -0.3580970756407411 0.9336843601654412
1629013224.813429356 6.027146954753664 2.8257158592801637 0.0 0.0 0.0 -0.358097056256698 0.9336843675998261
1629013225.014685154 5.366049734053017 3.3604089367874166 0.0 0.0 0.0 -0.4750446928103572 0.8799616695247091
1629013225.014685154 6.0260695321308395 2.822892796974431 0.0 0.0 0.0 -0.3580970206769635 0.9336843812457625
1629013225.114006281 5.324015408979533 3.425641888962968 0.0 0.0 0.0 -0.4630441640925061 0.8863352086540804
1629013225.114006281 6.026237228198635 2.821913606834361 0.0 0.0 0.0 -0.35809701471758504 0.9336843835313696
1629013225.314388275 5.240917547072651 3.5249198464808775 0.0 0.0 0.0 -0.4359282990756992 0.899981398732756
1629013225.314388275 6.026207981952564 2.8216864924570233 0.0 0.0 0.0 -0.3580969867019338 0.9336843942762432
1629013225.514781952 5.139376361811604 3.6415399083946776 0.0 0.0 0.0 -0.4069911130219259 0.9134321178506775
1629013225.614995480 5.091200113608639 3.6946442768883583 0.0 0.0 0.0 -0.3916063318964396 0.9201328604166985
1629013225.614995480 6.02656844754626 2.8228259360601236 0.0 0.0 0.0 -0.3580969130721832 0.9336844225155377
1629013225.715173721 5.044551599288098 3.7312109619268883 0.0 0.0 0.0 -0.37413930675085666 0.9273725136879939
1629013225.715173721 6.0256592669207265 2.8228964204022082 0.0 0.0 0.0 -0.35809695530847935 0.9336844063166081
1629013225.816148996 6.026251484917276 2.824087411673981 0.0 0.0 0.0 -0.358096995045012 0.9336843910764133
1629013225.915573120 6.026929971701762 2.824961030512509 0.0 0.0 0.0 -0.3580970063267662 0.9336843867495097
1629013226.015756130 6.0265787083306765 2.824796076223889 0.0 0.0 0.0 -0.358097052060864 0.9336843692090593
1629013226.015756130 6.027707289937217 2.825262301775765 0.0 0.0 0.0 -0.35809706318028306 0.9336843649444154
1629013226.015756130 6.028201915953633 2.824351025124401 0.0 0.0 0.0 -0.3580970662328698 0.9336843637736533
1629013226.015756130 6.0283013283317 2.8248712546914354 0.0 0.0 0.0 -0.3580970666402892 0.9336843636173953
1629013226.416540146 6.0287120766183655 2.8251389429868894 0.0 0.0 0.0 -0.35809701171346503 0.9336843846835431
1629013226.416540146 6.029144336019936 2.8249425402004484 0.0 0.0 0.0 -0.3580970842001689 0.9336843568826336
1629013226.416540146 6.029753533563575 2.8246738636184006 0.0 0.0 0.0 -0.358097025361913 0.9336843794489386
1629013226.618190289 6.029675745877655 2.8248018872837517 0.0 0.0 0.0 -0.3580969804806618 0.9336843966622943
1629013232.628664970 6.028885071504541 2.8257985459886954 0.0 0.0 0.0 -0.35809703463007775 0.9336843758943087
1629013232.728875399 5.043252105825618 3.7313062575653024 0.0 0.0 0.0 -0.37413926738538467 0.9273725295696049
1629013232.728875399 5.043965468968065 3.7308803927373893 0.0 0.0 0.0 -0.3741392288934619 0.9273725450987892
1629013232.728875399 5.04528073861076 3.730201311278142 0.0 0.0 0.0 -0.3741392579469081 0.9273725333774647
1629013232.728875399 6.028972809536372 2.8262586407062393 0.0 0.0 0.0 -0.35809707212346975 0.9336843615144245
1629013233.129659176 4.304755685723199 3.47102264106581 0.0 0.0 0.0 0.6347751831059956 0.7726968790623849
1629013233.129659176 4.305394962688751 3.4712521180126408 0.0 0.0 0.0 0.63477517987577 0.7726968817160347
1629013233.129659176 5.042995554048776 3.7313201700795267 0.0 0.0 0.0 -0.3741393121630255 0.9273725115045076
1629013233.129659176 5.043319073136456 3.7318743198365465 0.0 0.0 0.0 -0.3741393092648387 0.9273725126737526
1629013233.430244684 4.267908151756731 3.2811273207962777 0.0 0.0 0.0 0.6808593449017789 0.7324141946057029
1629013233.430244684 4.305247930148425 3.471092742328014 0.0 0.0 0.0 0.6347751457629038 0.7726969097399602
1629013233.530465126 4.262544833056114 3.2192843809737677 0.0 0.0 0.0 0.6934099037100516 0.7205433404291631
1629013233.530465126 4.262719856767691 3.2195814511701206 0.0 0.0 0.0 0.6934098973325814 0.7205433465664774
1629013233.530465126 4.267076092807841 3.2807365324945663 0.0 0.0 0.0 0.6808593169112301 0.7324142206259878
1629013233.730814695 4.261603318307361 3.2176263487638193 0.0 0.0 0.0 0.69340993665102 0.7205433087286484
1629013233.730814695 4.261992907964847 3.2187407610845695 0.0 0.0 0.0 0.6934099189617513 0.7205433257517951
1629013233.730814695 4.262550116479046 3.124505370767315 0.0 0.0 0.0 0.7153704904794055 0.6987453479997237
1629013233.730814695 4.262987316935512 3.12352334281626 0.0 0.0 0.0 0.7153704735315053 0.6987453653508622
1629013233.730814695 4.263432619370733 3.1241604504790246 0.0 0.0 0.0 0.7153704770080197 0.6987453617916317
1629013233.730814695 4.264270498752526 3.1237784834751676 0.0 0.0 0.0 0.7153704898479557 0.6987453486461973
1629013234.632601976 4.262532028004738 3.12479934040887 0.0 0.0 0.0 0.715370489222407 0.6987453492866297
1629013234.632601976 4.264625487232865 2.8951722792100814 0.0 0.0 0.0 0.7447203317793076 0.6673766758244687
1629013234.632601976 4.264815156762717 2.8952679207303085 0.0 0.0 0.0 0.7447203083309756 0.6673767019902752
1629013234.632601976 4.2660588295052 2.8956322227746667 0.0 0.0 0.0 0.7447202984074938 0.6673767130638089
1629013235.033603668 4.264637044926319 2.8947528021958715 0.0 0.0 0.0 0.7447202910754873 0.6673767212455357
1629013235.033603668 4.283097638356184 2.762418604228593 0.0 0.0 0.0 0.7349335571190891 0.6781391204025046
1629013235.133549213 4.266128975236767 2.8945214530161287 0.0 0.0 0.0 0.7447202637980903 0.6673767516841613
1629013235.133549213 4.283788504316311 2.7623080534277205 0.0 0.0 0.0 0.7349335443838646 0.6781391342043092
1629013235.133549213 4.2872502945837025 2.7322812358586486 0.0 0.0 0.0 0.7305694878960586 0.6828383581458285
1629013235.133549213 4.287697096969394 2.7319667845304973 0.0 0.0 0.0 0.7305695057374327 0.6828383390573227
1629013235.133549213 4.287953426028776 2.7315983060875477 0.0 0.0 0.0 0.7305694874196138 0.6828383586555772
1629013235.534484386 4.2881226871342175 2.7317116704092377 0.0 0.0 0.0 0.7305694904479767 0.6828383554155286
1629013235.534484386 4.288319180264533 2.7323657807957984 0.0 0.0 0.0 0.7305695256934076 0.6828383177064022
1629013235.534484386 4.288609305548605 2.733684813427948 0.0 0.0 0.0 0.730569518187441 0.6828383257370446
1629013235.534484386 4.301878157424509 2.557325738234411 0.0 0.0 0.0 0.7069899185456592 0.7072236245168866
1629013235.534484386 4.30214270019937 2.557513787773505 0.0 0.0 0.0 0.7069899191792561 0.707223623883499
1629013235.534484386 4.303585281081387 2.556783546005506 0.0 0.0 0.0 0.7069899271758204 0.7072236158895772
1629013236.035361052 4.29940375700463 2.278757571483787 0.0 0.0 0.0 0.6583130702045535 0.7527442471370037
1629013236.035361052 4.299731115070889 2.2785183844239856 0.0 0.0 0.0 0.6583130554977804 0.7527442599988234
1629013236.035361052 4.302369817688874 2.557211966297328 0.0 0.0 0.0 0.706989923548586 0.707223619515613
1629013236.035361052 4.3028750620312515 2.5555113686261595 0.0 0.0 0.0 0.7069899542529797 0.7072235888213639
1629013236.335923672 4.280676101907703 2.078385095181944 0.0 0.0 0.0 0.6223870670774354 0.7827096132888287
1629013236.335923672 4.281284158322306 2.0779323122929068 0.0 0.0 0.0 0.6223870654927023 0.7827096145489608
1629013236.335923672 4.298824022234767 2.2780498381821275 0.0 0.0 0.0 0.6583130646912692 0.7527442519586509
1629013236.335923672 4.298938099037765 2.277966174921507 0.0 0.0 0.0 0.6583130488593013 0.7527442658045103
1629013236.536616802 4.250988923487785 1.9430111491923316 0.0 0.0 0.0 0.5971740129111864 0.8021117118603557
1629013236.536616802 4.280693098017172 2.0777004272381436 0.0 0.0 0.0 0.6223870479581038 0.7827096284919439
1629013236.736684799 4.210580691763887 1.816181461046126 0.0 0.0 0.0 0.5701943671624229 0.8215098195738406
1629013236.736684799 4.21191923568086 1.8163165706390598 0.0 0.0 0.0 0.5701944053269525 0.8215097930845638
1629013236.736684799 4.2497870856915325 1.9421204224207445 0.0 0.0 0.0 0.597173977619791 0.8021117381348795
1629013236.736684799 4.250790612203189 1.9427217487203277 0.0 0.0 0.0 0.5971739917722921 0.8021117275983106
1629013237.037281513 4.1585737113962935 1.6216278559407864 0.0 0.0 0.0 0.5293657105658148 0.8483937437753475
1629013237.037281513 4.21010480316227 1.8152992209307428 0.0 0.0 0.0 0.5701943719326663 0.8215098162629052
1629013237.137472868 4.136714796017149 1.544222137221112 0.0 0.0 0.0 0.5172301240469122 0.8558463640037363
1629013237.137472868 4.210417326323829 1.8152229189093327 0.0 0.0 0.0 0.5701943725488784 0.8215098158352041
1629013237.237663746 4.103074269458157 1.4946834420457351 0.0 0.0 0.0 0.5083214103957749 0.8611674307202115
1629013237.237663746 4.15972394885238 1.621489068351173 0.0 0.0 0.0 0.5293657534150366 0.8483937170390471
1629013237.337888718 4.067864173228373 1.4543593452111425 0.0 0.0 0.0 0.5051678066413728 0.8630211394474324
1629013237.337888718 4.0680744662441235 1.455957352053626 0.0 0.0 0.0 0.5051678260623712 0.8630211280793871
1629013237.337888718 4.0685552412710395 1.4554383691525477 0.0 0.0 0.0 0.505167820027521 0.8630211316118755
1629013237.337888718 4.103158255178978 1.4936868394547986 0.0 0.0 0.0 0.508321413892501 0.8611674286561986
1629013237.337888718 4.135315823984159 1.5444681548389254 0.0 0.0 0.0 0.5172301423718865 0.8558463529290512
1629013237.738643646 3.9239616093132716 1.2881101373088897 0.0 0.0 0.0 0.5295220367588426 0.8482961821125726
1629013237.738643646 3.924880645575657 1.2877807014172578 0.0 0.0 0.0 0.5295220359029796 0.8482961826468179
1629013237.738643646 3.924963033057264 1.2879295199013798 0.0 0.0 0.0 0.5295220208614155 0.848296192036038
1629013237.738643646 4.068702168491456 1.4553690216982826 0.0 0.0 0.0 0.505167821244056 0.8630211308997789
1629013237.738643646 4.069938339199213 1.456566010066838 0.0 0.0 0.0 0.5051677924175801 0.8630211477733026
1629013237.738643646 4.070988278465909 1.456422734026005 0.0 0.0 0.0 0.5051678027773863 0.8630211417092097
1629013238.239623070 3.7668713627876187 1.1129091213214433 0.0 0.0 0.0 0.5943132404975218 0.8042336552080713
1629013238.239623070 3.767020614975317 1.1120337495623116 0.0 0.0 0.0 0.5943132477440938 0.8042336498529936
1629013238.239623070 3.767221887482479 1.1122995601036183 0.0 0.0 0.0 0.5943132135497747 0.8042336751219386
1629013238.239623070 3.924223022576258 1.2874451372360334 0.0 0.0 0.0 0.5295220040740836 0.8482962025149978
1629013238.441780090 3.730770556163866 0.9987264929924551 0.0 0.0 0.0 0.6275591489102118 0.7785688888075933
1629013238.441780090 3.7666898745594772 1.1142432195191017 0.0 0.0 0.0 0.5943132554475254 0.8042336441603052
1629013238.640418053 3.7086322119649298 0.8686151273722651 0.0 0.0 0.0 0.6606158655719561 0.7507241025534049
1629013238.640418053 3.7295006113485285 0.9985843480289769 0.0 0.0 0.0 0.6275592210348852 0.7785688306720788
1629013238.640418053 3.7295109103068276 0.9980537934232188 0.0 0.0 0.0 0.627559212675004 0.7785688374104945
1629013238.640418053 3.7301043575032624 0.9977294174441829 0.0 0.0 0.0 0.6275591860260155 0.7785688588906988
1629013238.941011429 3.689262796976811 0.6688612182872468 0.0 0.0 0.0 0.71075207783777 0.7034425945656778
1629013238.941011429 3.709620236230231 0.8683409490648849 0.0 0.0 0.0 0.660615869152691 0.75072409940246
1629013239.041179180 3.6935747695603656 0.5930466157537845 0.0 0.0 0.0 0.7267951349332477 0.6868543017535541
1629013239.041179180 3.7097128656081484 0.8692559445882599 0.0 0.0 0.0 0.6606158409809767 0.7507241241927669
1629013239.141399860 3.690106905726048 0.669436379463885 0.0 0.0 0.0 0.7107520959913821 0.7034425762234308
1629013239.141399860 3.6930078868649097 0.592769775671116 0.0 0.0 0.0 0.7267950919245918 0.6868543472631764
1629013239.141399860 3.6986392335945584 0.5245723751835263 0.0 0.0 0.0 0.7427237749740767 0.6695979346505312
1629013239.141399860 3.698830938094304 0.525474722112306 0.0 0.0 0.0 0.742723785430712 0.6695979230519414
1629013239.141399860 3.7087542588394924 0.8699821887319122 0.0 0.0 0.0 0.6606158446257103 0.7507241209855051
1629013239.542208195 3.6982501206271605 0.5252148835986539 0.0 0.0 0.0 0.7427237562712894 0.6695979553958228
1629013239.542208195 3.6988855166095016 0.5251516192271387 0.0 0.0 0.0 0.7427237865419882 0.6695979218193043
1629013239.542208195 3.714449360657706 0.38076266081335863 0.0 0.0 0.0 0.799281224287027 0.6009571736007743
1629013239.542208195 3.715398440389531 0.3801729450695811 0.0 0.0 0.0 0.7992812280076271 0.6009571686523255
1629013239.542208195 3.715717835904223 0.38028144149703 0.0 0.0 0.0 0.7992812399146307 0.6009571528158479
1629013239.942944527 3.7154917129163603 0.3798097109987763 0.0 0.0 0.0 0.799281235919659 0.600957158129215
1629013239.942944527 3.7954744204775337 0.16266110088163552 0.0 0.0 0.0 0.8553419063176871 0.5180639181576198
1629013240.043147087 3.7158565839846593 0.380739338138714 0.0 0.0 0.0 0.7992812258514046 0.6009571715201308
1629013240.043147087 3.8375536122950837 -0.014391239070989654 0.0 0.0 0.0 0.8702451031016403 0.4926189810874277
1629013240.143421173 3.794917572924418 0.1624806217033689 0.0 0.0 0.0 0.8553419007558954 0.518063927340335
1629013240.143421173 3.837752126930241 -0.01626244181019034 0.0 0.0 0.0 0.87024513167919 0.4926189306032293
1629013240.143421173 3.8764176370129855 -0.07638324098206671 0.0 0.0 0.0 0.8812814869782339 0.4725917272968634
1629013240.143421173 3.8772599985102008 -0.07635604504055785 0.0 0.0 0.0 0.881281470183232 0.4725917586159128
1629013240.443916321 3.8778519755668683 -0.07653532681999217 0.0 0.0 0.0 0.8812815009532816 0.47259170123641725
1629013240.443916321 3.9967907610068183 -0.2090044257194423 0.0 0.0 0.0 0.9046916757281085 0.42606686314270786
1629013240.544137478 3.996308146217285 -0.20893669247888497 0.0 0.0 0.0 0.9046916778875548 0.42606685855743437
1629013240.544137478 4.045594449462447 -0.27453081385661937 0.0 0.0 0.0 0.9081143054361401 0.41872235223622445
1629013240.644346952 4.045474207398235 -0.2744367318565714 0.0 0.0 0.0 0.9081142975660721 0.41872236930462575
1629013240.644346952 4.046045146778554 -0.27422198227746086 0.0 0.0 0.0 0.9081142936089692 0.4187223778866887
1629013240.644346952 4.094676011871656 -0.31366767121618083 0.0 0.0 0.0 0.9101019743971877 0.4143843580522084
1629013240.644346952 4.096344719148582 -0.31416590133707345 0.0 0.0 0.0 0.9101019788499857 0.4143843482726395
1629013240.644346952 4.096481662153382 -0.31430901970083575 0.0 0.0 0.0 0.9101019788308492 0.4143843483146685
1629013241.045111418 4.095508775452009 -0.3147410677743463 0.0 0.0 0.0 0.910101983609909 0.4143843378185389
1629013241.045111418 4.095706331932267 -0.31429993798442024 0.0 0.0 0.0 0.9101019989251278 0.41438430418210415
1629013241.045111418 4.2814920683598965 -0.4365079502929461 0.0 0.0 0.0 0.9049035398635268 0.4256167096607682
1629013241.245482445 4.281487769824929 -0.4367965142620789 0.0 0.0 0.0 0.9049035500213846 0.42561668806414943
1629013241.245482445 4.371155501996579 -0.5254550092461125 0.0 0.0 0.0 0.893364090534068 0.449333508370161
1629013241.245482445 4.3712342308626075 -0.5261717455394069 0.0 0.0 0.0 0.8933641009037271 0.44933348775322246
1629013241.245482445 4.371354387590846 -0.5258247463808146 0.0 0.0 0.0 0.8933641114629673 0.4493334667593578
1629013241.245482445 4.371400823064025 -0.5266077601779575 0.0 0.0 0.0 0.8933641153869792 0.44933345895764326
1629013241.646275520 4.370744053651577 -0.5255545104395438 0.0 0.0 0.0 0.8933641289000867 0.4493334320909021
1629013241.646275520 4.543820040184387 -0.7014618912419774 0.0 0.0 0.0 0.8644944891038977 0.5026422965777859
1629013241.746649981 4.543473912438896 -0.7017427020986059 0.0 0.0 0.0 0.864494493491725 0.5026422890311616
1629013241.746649981 4.576901917439426 -0.7803113300965416 0.0 0.0 0.0 0.856361266614213 0.5163771693664437
1629013241.846660614 4.574879270121025 -0.7808220595132138 0.0 0.0 0.0 0.8563612192872261 0.516377247853636
1629013241.846660614 4.5771729752960155 -0.7809211299298725 0.0 0.0 0.0 0.8563612344962587 0.5163772226309405
1629013241.846660614 4.600849789714366 -0.8064557270347864 0.0 0.0 0.0 0.8474145856124816 0.5309317471118356
1629013241.846660614 4.602020626193672 -0.8066963584758735 0.0 0.0 0.0 0.8474145871070571 0.5309317447263593
1629013241.846660614 4.603000858852065 -0.8062234778607356 0.0 0.0 0.0 0.8474145845873957 0.5309317487479643
1629013242.247446537 4.601719119241358 -0.8070374760861376 0.0 0.0 0.0 0.8474145431802872 0.5309318148374094
1629013242.247446537 4.692591634169059 -0.9052858272622695 0.0 0.0 0.0 0.8087889228002129 0.5880990378802463
1629013242.347635746 4.691642173543146 -0.9050516867775692 0.0 0.0 0.0 0.8087889404930275 0.58809901354803
1629013242.347635746 4.6922188480732405 -0.9052313966825362 0.0 0.0 0.0 0.8087889650973104 0.5880989797107471
1629013242.347635746 4.692337670208391 -0.9052732064866051 0.0 0.0 0.0 0.8087889387056866 0.5880990160060882
1629013242.347635746 4.708437060795817 -0.9508309157473641 0.0 0.0 0.0 0.7982829214808667 0.602282639025875
1629013242.748418331 4.690383012477909 -0.9057596145155423 0.0 0.0 0.0 0.8087889368263347 0.5880990185906853
1629013242.748418331 4.691505248581328 -0.9056946911455326 0.0 0.0 0.0 0.8087889432862956 0.5880990097065607
1629013242.748418331 4.751778531364879 -1.017450300152484 0.0 0.0 0.0 0.7693361006914137 0.6388442409327417
1629013242.948856115 4.691818025486689 -0.905743824039067 0.0 0.0 0.0 0.80878891283575 0.5880990515839705
1629013242.948856115 4.774639016513545 -1.040388904907253 0.0 0.0 0.0 0.7740278823771193 0.6331515121223296
1629013243.049047709 4.686471481508939 -0.9057082149968675 0.0 0.0 0.0 0.8087889007199691 0.5880990682463151
1629013243.049047709 4.687599446643671 -0.9063969494249539 0.0 0.0 0.0 0.8087888855735976 0.5880990890765075
1629013243.049047709 4.689581623554466 -0.9064833559418903 0.0 0.0 0.0 0.8087889002878789 0.5880990688405514
1629013243.049047709 4.689860494637838 -0.9049799516777762 0.0 0.0 0.0 0.8087888853689721 0.5880990893579208
1629013243.049047709 4.691094704672542 -0.9048455195811469 0.0 0.0 0.0 0.8087889113958053 0.5880990535642683
1629013243.049047709 4.776734163208885 -1.0429267839305392 0.0 0.0 0.0 0.7780709397848206 0.6281764184226961
1629013243.550235271 4.687184065211059 -0.9054759305448836 0.0 0.0 0.0 0.8087888804210538 0.5880990961625927
1629013243.550235271 4.812462522360284 -1.0491749952466787 0.0 0.0 0.0 0.8107015966214018 0.5854595812142029
1629013243.550235271 4.812498897125938 -1.0483909147647676 0.0 0.0 0.0 0.8107015680410419 0.5854596207901925
1629013243.550235271 4.81281384767537 -1.0477433537852925 0.0 0.0 0.0 0.8107015868453153 0.585459594751412
1629013243.750394821 4.8130636084521665 -1.0488515717953169 0.0 0.0 0.0 0.8107015457674652 0.5854596516330075
1629013243.750394821 4.848919378351452 -1.0682785882698087 0.0 0.0 0.0 0.8257163086164749 0.5640856120171674
1629013243.850748301 4.812505612914662 -1.0492746132252682 0.0 0.0 0.0 0.8107015795847284 0.5854596048053411
1629013243.850748301 4.8660634404423915 -1.0767495637553366 0.0 0.0 0.0 0.8330102888527434 0.553257497613425
1629013244.051008224 4.848732563664802 -1.0674578401707315 0.0 0.0 0.0 0.8257163623687244 0.5640855333338743
1629013244.051008224 4.86698920923062 -1.076426146719946 0.0 0.0 0.0 0.8330103164054449 0.5532574561287906
1629013244.051008224 4.904142524154625 -1.083197893199858 0.0 0.0 0.0 0.8463964423095448 0.5325533423477364
1629013244.051008224 4.90416324129033 -1.0826285309440877 0.0 0.0 0.0 0.8463964667411776 0.5325533035181085
1629013244.051008224 4.904255867245315 -1.083372154528222 0.0 0.0 0.0 0.8463964544214146 0.5325533230981271
1629013244.351556540 4.903040009135403 -1.0833743630903097 0.0 0.0 0.0 0.8463964411292565 0.5325533442235895
1629013244.351556540 4.976953518180074 -1.1329081389694264 0.0 0.0 0.0 0.8632401978710073 0.5047933842470841
1629013244.551958561 4.977431974501707 -1.133923391678734 0.0 0.0 0.0 0.8632401540816923 0.5047934591305797
1629013244.551958561 4.977456099286934 -1.1334097214339176 0.0 0.0 0.0 0.863240179295632 0.5047934160125754
1629013244.551958561 5.03989442575653 -1.2044529049661798 0.0 0.0 0.0 0.8702343818456483 0.49263792043824883
1629013244.752338409 4.975885091891739 -1.1343362616071073 0.0 0.0 0.0 0.8632401314027582 0.5047934979135019
1629013244.752338409 4.976085763753295 -1.134937886620071 0.0 0.0 0.0 0.8632401440512071 0.5047934762835702
1629013244.752338409 4.97618567258481 -1.1354201385128366 0.0 0.0 0.0 0.8632401500190793 0.5047934660779967
1629013244.752338409 4.9764386880349685 -1.1348039017146276 0.0 0.0 0.0 0.8632401327395413 0.5047934956274885
1629013244.752338409 5.11151029051668 -1.2906132237436676 0.0 0.0 0.0 0.8753382399446146 0.4835110812490903
1629013245.052947521 4.976006622926763 -1.1342950749323688 0.0 0.0 0.0 0.8632401652349946 0.5047934400574746
1629013245.052947521 5.211196132899406 -1.4043859589582761 0.0 0.0 0.0 0.8810409190280949 0.4730400606694215
1629013245.253318071 4.9768022875100515 -1.1350471715215842 0.0 0.0 0.0 0.8632401487505764 0.5047934682472454
1629013245.253318071 4.977328878387273 -1.135804513139245 0.0 0.0 0.0 0.863240165166202 0.504793440175116
1629013245.253318071 5.282139836949232 -1.4726336771185202 0.0 0.0 0.0 0.8839060188070406 0.46766456987534105
1629013245.253318071 5.283588937880515 -1.4727735522722076 0.0 0.0 0.0 0.8839060234562638 0.4676645610881104
1629013245.253318071 5.2841179300050385 -1.4722934899329885 0.0 0.0 0.0 0.8839060251675661 0.46766455785367567
1629013245.654092550 5.281271662694488 -1.4718536730686285 0.0 0.0 0.0 0.8839060131244167 0.4676645806157427
1629013245.654092550 5.281795505346776 -1.4721840769896797 0.0 0.0 0.0 0.883906001687075 0.467664602232806
1629013245.654092550 5.407764456788148 -1.5999281206124538 0.0 0.0 0.0 0.8837254536254376 0.4680056865194208
1629013245.654092550 5.40882040758818 -1.5991931612257186 0.0 0.0 0.0 0.8837254396956884 0.4680057128226771
1629013245.858057976 5.4077718203513445 -1.599827767538689 0.0 0.0 0.0 0.8837254509787648 0.4680056915170784
1629013245.858057976 5.474367130781132 -1.6680564511922482 0.0 0.0 0.0 0.8821622905558156 0.47094553094951086
1629013245.954675913 5.47368588774552 -1.6685684245125199 0.0 0.0 0.0 0.8821623120174056 0.47094549074824515
1629013245.954675913 5.500207569255418 -1.6703293207296799 0.0 0.0 0.0 0.8813358361052579 0.47249036391935656
1629013245.954675913 5.500212541973498 -1.6709513239991687 0.0 0.0 0.0 0.8813358393207322 0.47249035792153515
1629013245.954675913 5.501053916168547 -1.6692316301590693 0.0 0.0 0.0 0.8813358271184492 0.47249038068244215
1629013246.255266666 5.501042284987268 -1.669983114826304 0.0 0.0 0.0 0.8813358325083666 0.4724903706286346
1629013246.255266666 5.501351364907418 -1.6698395589862702 0.0 0.0 0.0 0.8813358305150305 0.4724903743468024
1629013246.255266666 5.584827521213121 -1.7158672564802309 0.0 0.0 0.0 0.8789950952250619 0.4768308112635804
1629013246.255266666 5.58563563402226 -1.716543147015993 0.0 0.0 0.0 0.8789950922734274 0.47683081670465555
1629013246.555862904 5.585233625728691 -1.714418801206028 0.0 0.0 0.0 0.8789950989609028 0.4768308043768908
1629013246.555862904 5.66730278124685 -1.79393288823013 0.0 0.0 0.0 0.873719319455916 0.4864304172330211
1629013246.555862904 5.667881989051925 -1.7936524993138443 0.0 0.0 0.0 0.87371929123075 0.4864304679306549
1629013246.555862904 5.668052516963504 -1.7932992843649096 0.0 0.0 0.0 0.873719315895905 0.4864304236274617
1629013246.956682920 5.6689937585516015 -1.7921624689320554 0.0 0.0 0.0 0.8737193009620714 0.48643045045139727
1629013246.956682920 5.769637132397259 -1.9111354841678823 0.0 0.0 0.0 0.8543226716559007 0.5197429871530006
1629013247.057110310 5.669980432163253 -1.79110609685457 0.0 0.0 0.0 0.8737193218650443 0.48643041290577954
1629013247.057110310 5.790877034640888 -1.9301394458205812 0.0 0.0 0.0 0.8492063144303611 0.5280612043424538
1629013247.157055855 5.769012087059205 -1.9121918865301237 0.0 0.0 0.0 0.8543226852964451 0.5197429647314827
1629013247.157055855 5.76928557292759 -1.9111663678268018 0.0 0.0 0.0 0.8543226563926172 0.5197430122418792
1629013247.157055855 5.808395643397365 -1.9554082056598536 0.0 0.0 0.0 0.8435733597625791 0.5370139539144904
1629013247.358104467 5.790431837339054 -1.9307631810820465 0.0 0.0 0.0 0.849206302294314 0.528061223859145
1629013247.358104467 5.808747806101406 -1.9554473065772604 0.0 0.0 0.0 0.8435733107840107 0.537014030852922
1629013247.358104467 5.844492676482439 -1.9781468124345207 0.0 0.0 0.0 0.8321951160957014 0.5544829021227454
1629013247.557822704 5.846848876233642 -1.978477558740553 0.0 0.0 0.0 0.8321951023597097 0.5544829227383944
1629013247.557822704 5.846858241537933 -1.976997683032757 0.0 0.0 0.0 0.832195096593358 0.5544829313928171
1629013247.557822704 5.8702573554324715 -1.9816059161835868 0.0 0.0 0.0 0.824900103774369 0.5652785320468444
1629013247.557822704 5.870777088395372 -1.9824593240771087 0.0 0.0 0.0 0.8249000812362959 0.5652785649362202
1629013247.557822704 5.871147852970202 -1.9821271211670264 0.0 0.0 0.0 0.8249000941248643 0.565278546128181
1629013247.958601952 5.8701151452803915 -1.9833955283470597 0.0 0.0 0.0 0.8249000639577763 0.565278590150429
1629013247.958601952 5.870152210962558 -1.9824348566191627 0.0 0.0 0.0 0.8249000583763072 0.5652785982953582
1629013247.958601952 5.870431492901234 -1.9828677209366454 0.0 0.0 0.0 0.8249000807690564 0.5652785656180536
1629013247.958601952 5.911202367742806 -1.997859027040623 0.0 0.0 0.0 0.8333244080230803 0.5527842535682279
1629013248.259931803 5.869336376114323 -1.9816383816716643 0.0 0.0 0.0 0.8249000583377211 0.5652785983516663
1629013248.259931803 5.951659520200609 -2.022366779477752 0.0 0.0 0.0 0.8472587030475218 0.5311804684946834
1629013248.359395504 5.869630542327771 -1.9816158052960653 0.0 0.0 0.0 0.8249000759724296 0.5652785726176782
1629013248.359395504 5.952551996864328 -2.0226158645898615 0.0 0.0 0.0 0.8472587201607142 0.5311804411983073
1629013248.359395504 5.963573659246942 -2.0263651052510987 0.0 0.0 0.0 0.8531540732691061 0.5216590143612326
1629013248.459567547 5.964096469208193 -2.0263813340240415 0.0 0.0 0.0 0.8531540714530357 0.5216590173313488
1629013248.459567547 5.978021858510646 -2.027658482113071 0.0 0.0 0.0 0.8585175693580983 0.5127841486468384
1629013248.559775829 5.9648186959802105 -2.0257276667058304 0.0 0.0 0.0 0.8531540836328925 0.5216589974116419
1629013248.559775829 5.977468469188454 -2.027433250261801 0.0 0.0 0.0 0.8585175838708884 0.5127841243491184
1629013248.559775829 5.9943588693367 -2.026090456553415 0.0 0.0 0.0 0.8643847421078362 0.5028310030329968
1629013248.559775829 5.994495612992844 -2.0265605401409843 0.0 0.0 0.0 0.8643847424876784 0.5028310023800342
1629013248.960558414 5.993520583590326 -2.0286289989032764 0.0 0.0 0.0 0.8643847183491289 0.5028310438750746
1629013248.960558414 5.993808754665906 -2.027113832855742 0.0 0.0 0.0 0.864384751023878 0.502830987705997
1629013248.960558414 6.058899044073059 -2.036817112298242 0.0 0.0 0.0 0.8866235750048579 0.4624917688409223
1629013248.960558414 6.059241724556842 -2.0376378527943353 0.0 0.0 0.0 0.8866235921723493 0.46249173592984294
1629013249.261137486 6.0584006589715935 -2.0359522682188915 0.0 0.0 0.0 0.8866235488860837 0.4624918189121255
1629013249.261137486 6.058723227380578 -2.0360085474039242 0.0 0.0 0.0 0.8866235640376481 0.46249178986569967
1629013249.261137486 6.113906380858569 -2.0411484626619285 0.0 0.0 0.0 0.9037522371835467 0.42805594702764543
1629013249.461553097 6.114165343583094 -2.04182257947084 0.0 0.0 0.0 0.9037522303109613 0.428055961537698
1629013249.461553097 6.114744457259473 -2.0409387759999396 0.0 0.0 0.0 0.9037522332566899 0.4280559553183973
1629013249.461553097 6.160998464072451 -2.043289539220151 0.0 0.0 0.0 0.9143356360642361 0.4049572133238386
1629013249.661929369 6.1607731112642385 -2.0424854789628766 0.0 0.0 0.0 0.9143356477740987 0.4049571868846377
1629013249.661929369 6.160894237862548 -2.042721007273459 0.0 0.0 0.0 0.9143356270836289 0.4049572336007682
1629013249.661929369 6.219906467976011 -2.0969648425366425 0.0 0.0 0.0 0.9237899876128293 0.38289954137644083
1629013249.661929369 6.220604423700651 -2.098342113868206 0.0 0.0 0.0 0.9237899848133531 0.3828995481305049
1629013249.661929369 6.220645343601069 -2.09761990607392 0.0 0.0 0.0 0.9237899787205305 0.38289956283015236
1629013249.661929369 6.220661407862441 -2.0978192064057164 0.0 0.0 0.0 0.9237899778009713 0.3828995650486965
1629013250.263106346 6.220492334497575 -2.096985406822541 0.0 0.0 0.0 0.9237899901943901 0.3828995351481229
1629013250.263106346 6.400871722304386 -2.2810688026978743 0.0 0.0 0.0 0.921669036657785 0.3879770442517322
1629013250.363283634 6.400072719325149 -2.2806661760861706 0.0 0.0 0.0 0.9216690377594178 0.38797704163471947
1629013250.363283634 6.436965575473693 -2.328803859021494 0.0 0.0 0.0 0.918846407046716 0.3946153573511053
1629013250.463474512 6.435911829469134 -2.3292236419111134 0.0 0.0 0.0 0.9188464095628612 0.39461535149235966
1629013250.463474512 6.461945805418171 -2.328709113868918 0.0 0.0 0.0 0.9164110167277567 0.40023848942848955
1629013250.666935921 6.460763127302419 -2.3270677446370844 0.0 0.0 0.0 0.9164110177442738 0.4002384871010087
1629013250.666935921 6.4609342199545745 -2.3273672437638218 0.0 0.0 0.0 0.9164110098525188 0.40023850517046294
1629013250.666935921 6.510825074674 -2.3427361395596047 0.0 0.0 0.0 0.911266180647005 0.41181785780733215
1629013250.864261150 6.510439965734994 -2.3426902436318224 0.0 0.0 0.0 0.9112661874086351 0.4118178428452685
1629013250.864261150 6.510518617355129 -2.3424850898449057 0.0 0.0 0.0 0.9112661825538511 0.4118178535878835
1629013250.864261150 6.570776576499655 -2.368104159409806 0.0 0.0 0.0 0.9077051843451888 0.419608506006333
1629013250.864261150 6.571371827078007 -2.3691162219519946 0.0 0.0 0.0 0.9077051783196595 0.41960851904087365
1629013250.864261150 6.5721266171843515 -2.3687487628060735 0.0 0.0 0.0 0.9077052032078489 0.41960846520226186
1629013250.864261150 6.572437309954392 -2.368961154618442 0.0 0.0 0.0 0.907705202867048 0.4196084659394888
1629013251.365235329 6.571374263494301 -2.3691167119414627 0.0 0.0 0.0 0.9077051768521468 0.41960852221542505
1629013251.365235329 6.7139317471075 -2.4916871452467695 0.0 0.0 0.0 0.900338080544984 0.4351911542306139
1629013251.465437651 6.571462873155826 -2.3693716530580913 0.0 0.0 0.0 0.9077051642212477 0.4196085495388265
1629013251.465437651 6.737207205905897 -2.512685818630026 0.0 0.0 0.0 0.8991758398645104 0.4375874872570652
1629013251.565629005 6.714686702251415 -2.492149687028914 0.0 0.0 0.0 0.9003380698869751 0.43519117628026005
1629013251.565629005 6.737418295198145 -2.5113729989833695 0.0 0.0 0.0 0.8991758577254545 0.43758745055553555
1629013251.565629005 6.761611164778153 -2.5187113595358825 0.0 0.0 0.0 0.8979379178362031 0.44012213726644567
1629013251.565629005 6.761691519817798 -2.519281497588145 0.0 0.0 0.0 0.8979379012190857 0.44012217116871494
1629013251.565629005 6.761922613720632 -2.5176458771563324 0.0 0.0 0.0 0.8979379338824962 0.44012210452877043
1629013251.565629005 6.762970079167381 -2.517307235113353 0.0 0.0 0.0 0.8979379342170785 0.4401221038461549
1629013252.166831970 6.762601992723912 -2.5170046030391857 0.0 0.0 0.0 0.8979379378277126 0.44012209647973255
1629013252.166831970 6.762673145305417 -2.5175713289196158 0.0 0.0 0.0 0.8979379456681608 0.44012208048363494
1629013252.166831970 6.920514188065724 -2.6394658874733636 0.0 0.0 0.0 0.8906588480373174 0.45467220765386435
1629013252.367221832 6.921219893362996 -2.6382061143170032 0.0 0.0 0.0 0.8906588683560274 0.45467216785147596
1629013252.367221832 6.977330021965403 -2.695484372302369 0.0 0.0 0.0 0.8879307585850794 0.45997713851725874
1629013252.467393875 6.9208373840346455 -2.6386424391428194 0.0 0.0 0.0 0.8906588402704881 0.4546722228683309
1629013252.467393875 6.994710501195512 -2.6981695911011787 0.0 0.0 0.0 0.8865537298157912 0.4626256414745178
1629013252.567692995 6.920916206484953 -2.6381869925386656 0.0 0.0 0.0 0.8906588499449934 0.4546722039169116
1629013252.567692995 7.011351014684835 -2.698743808888925 0.0 0.0 0.0 0.885173428818018 0.4652612179352082
1629013252.667804718 6.921768552853237 -2.637201668370883 0.0 0.0 0.0 0.8906588474760374 0.4546722087533576
1629013252.667804718 6.921890908864889 -2.637134162885035 0.0 0.0 0.0 0.8906588435895543 0.4546722163666017
1629013252.667804718 7.031935826338933 -2.7012510692961293 0.0 0.0 0.0 0.8840608706943266 0.46737177589921824
1629013252.868175983 6.920743963653796 -2.637846571074834 0.0 0.0 0.0 0.8906588097618887 0.45467228263171666
1629013252.868175983 6.921478839879709 -2.6375644317658953 0.0 0.0 0.0 0.8906588177512872 0.45467226698126145
1629013252.868175983 7.077959915534204 -2.740802167434472 0.0 0.0 0.0 0.8815867578662662 0.4720220210486429
1629013253.068570137 6.920384377385607 -2.63646648592555 0.0 0.0 0.0 0.8906588220529824 0.4546722585546581
1629013253.068570137 7.113296942765202 -2.7437125361592614 0.0 0.0 0.0 0.8791358277163304 0.47657129207026583
1629013253.168779850 6.915975954430552 -2.6352979925975464 0.0 0.0 0.0 0.890658837411879 0.4546722284680692
1629013253.168779850 6.915977420463182 -2.635482986829888 0.0 0.0 0.0 0.8906588677595482 0.45467216901992097
1629013253.168779850 6.917597116371026 -2.635183549357814 0.0 0.0 0.0 0.890658824590174 0.4546722535845459
1629013253.168779850 6.9193813369611155 -2.6357402370498555 0.0 0.0 0.0 0.8906588222638467 0.45467225814159534
1629013253.168779850 7.131025259603036 -2.7537239735242363 0.0 0.0 0.0 0.8775964996699386 0.47940002478835086
1629013253.769940376 7.248342840623641 -2.8133784428341015 0.0 0.0 0.0 0.8699140655004836 0.4932033238375633
1629013253.970323563 7.286069435856367 -2.836523607877832 0.0 0.0 0.0 0.8677214975069756 0.49705070441983257
1629013254.070553541 7.295996595150632 -2.839869622713191 0.0 0.0 0.0 0.866530031896363 0.4991249380883389
1629013254.170717239 7.3095437838408035 -2.8397844023590983 0.0 0.0 0.0 0.8653620654503993 0.5011471796582506
1629013254.771917343 6.916806796777881 -2.6355592565342425 0.0 0.0 0.0 0.8906588679158176 0.45467216871380434
1629013254.771917343 6.917367623868919 -2.6359071403966983 0.0 0.0 0.0 0.8906588486339527 0.4546722064851136
1629013254.972341061 7.308629625234966 -2.8423379481419677 0.0 0.0 0.0 0.8653620819647099 0.5011471511419603
1629013254.972341061 7.309470478918301 -2.8408611443637874 0.0 0.0 0.0 0.8653620800826611 0.5011471543918113
1629013254.972341061 7.450010172470398 -2.937107214543728 0.0 0.0 0.0 0.8565766366242051 0.5160198306165806
1629013254.972341061 7.450540875636863 -2.938717552392829 0.0 0.0 0.0 0.8565766263627501 0.5160198476502718
1629013254.972341061 7.451103103998871 -2.936837811233764 0.0 0.0 0.0 0.8565766464015705 0.516019814386462
1629013254.972341061 7.452341988552007 -2.938935715273773 0.0 0.0 0.0 0.8565766270719761 0.5160198464729789
1629013254.972341061 7.452617978901789 -2.9394375735444846 0.0 0.0 0.0 0.8565766147050784 0.5160198670016375
1629013255.573482752 7.44991048609249 -2.935964902347073 0.0 0.0 0.0 0.8565766258452168 0.5160198485093608
1629013255.573482752 7.450166109303701 -2.935544211987692 0.0 0.0 0.0 0.856576621508826 0.5160198557076322
1629013255.573482752 7.4509434311324165 -2.936118496478399 0.0 0.0 0.0 0.8565766357870922 0.5160198320061615
1629013255.573482752 7.451326348524695 -2.9360359364894157 0.0 0.0 0.0 0.8565765950577334 0.5160198996156057
1629013255.573482752 7.517571841790207 -3.0073361107946925 0.0 0.0 0.0 0.857352184228387 0.5147302518784125
1629013255.974318027 7.451194029633993 -2.9364867451025454 0.0 0.0 0.0 0.856576598379062 0.516019894102306
1629013255.974318027 7.5330190517052324 -3.013312970097271 0.0 0.0 0.0 0.8585420587918865 0.5127431455274549
1629013256.074461937 7.451359713305469 -2.938352342428668 0.0 0.0 0.0 0.85657658715278 0.5160199127375764
1629013256.074461937 7.451534942470205 -2.937025961925754 0.0 0.0 0.0 0.8565765696860588 0.516019941731775
1629013256.074461937 7.532906952967534 -3.0123928586295685 0.0 0.0 0.0 0.8587588029874622 0.5123800525894241
1629013256.174642801 7.4514528166128375 -2.937200478522872 0.0 0.0 0.0 0.8565765604860154 0.516019957003552
1629013256.174642801 7.451797541877522 -2.938188399111957 0.0 0.0 0.0 0.8565765851890147 0.5160199159973641
1629013256.174642801 7.53393105619276 -3.0113124760906413 0.0 0.0 0.0 0.8584396885720244 0.5129145163517659
1629013256.174642801 7.534449252479446 -3.011726358940308 0.0 0.0 0.0 0.8584396573995677 0.5129145685235629
1629013256.174642801 7.534603955654473 -3.0123420122735274 0.0 0.0 0.0 0.8584396754952809 0.5129145382376646
1629013256.174642801 7.534694708500988 -3.011543734519526 0.0 0.0 0.0 0.8584396789967339 0.512914532377456
1629013256.876011133 7.530039443789997 -3.0106971986932627 0.0 0.0 0.0 0.8576221842938692 0.5142802630930073
1629013256.876011133 7.534393525291369 -3.0116103453322514 0.0 0.0 0.0 0.858439654381811 0.5129145735742325
1629013256.876011133 7.534654672096918 -3.0116487596428088 0.0 0.0 0.0 0.8584396528081215 0.5129145762080385
1629013257.076419830 7.528376351828304 -3.0100634596757625 0.0 0.0 0.0 0.857177950026473 0.5150203510429596
1629013257.076419830 7.530757005520282 -3.010651569918837 0.0 0.0 0.0 0.8576221750423907 0.5142802785209237
1629013257.276793480 7.521599115953503 -3.0116014470912984 0.0 0.0 0.0 0.855877654071447 0.5171783457001622
1629013257.276793480 7.521708442635395 -3.011101960128862 0.0 0.0 0.0 0.8558776481545556 0.5171783554920167
1629013257.276793480 7.521854867608937 -3.010873562369331 0.0 0.0 0.0 0.8558776580584199 0.517178339102127
1629013257.276793480 7.52217160433984 -3.0112924966088537 0.0 0.0 0.0 0.8558776475516531 0.5171783564897591
1629013257.276793480 7.527909073134342 -3.010239516515193 0.0 0.0 0.0 0.8571779676642837 0.5150203216873372
1629013257.276793480 7.528210764443063 -3.0094736712122283 0.0 0.0 0.0 0.8571779623844085 0.5150203304749372
1629013258.078352928 7.4455569985758485 -3.0149043098038746 0.0 0.0 0.0 0.8349504643685328 0.5503251057790944
1629013258.078352928 7.445944340323434 -3.0140450300881025 0.0 0.0 0.0 0.8349504799904108 0.5503250820776593
1629013258.078352928 7.4467941638999715 -3.0141276885113335 0.0 0.0 0.0 0.8349504627144081 0.5503251082887239
1629013258.078352928 7.447879798269363 -3.01440601751017 0.0 0.0 0.0 0.8349504543903483 0.5503251209179452
1629013258.078352928 7.448584502735887 -3.0139987608584815 0.0 0.0 0.0 0.8349504398120028 0.5503251430361356
1629013258.078352928 7.521836239442462 -3.0109203678353165 0.0 0.0 0.0 0.8558776629956467 0.5171783309315174
1629013258.579374075 7.3884311524485 -2.954943199642088 0.0 0.0 0.0 0.8078933089995965 0.5893287718020243
1629013258.579374075 7.449592830628191 -3.0140186240669893 0.0 0.0 0.0 0.8349504455019264 0.5503251344034129
1629013258.779723406 7.352256969742649 -2.911675858803617 0.0 0.0 0.0 0.796306701000274 0.6048930797604319
1629013258.779723406 7.448558596007943 -3.0145651476325583 0.0 0.0 0.0 0.834950456989526 0.550325116974486
1629013258.779723406 7.44873207243841 -3.015280330912459 0.0 0.0 0.0 0.8349504483242468 0.550325130121403
1629013258.779723406 7.4488192289057675 -3.014815248895328 0.0 0.0 0.0 0.8349504317367785 0.5503251552878236
1629013258.980110645 7.346223447079432 -2.896349073680249 0.0 0.0 0.0 0.784731972176279 0.6198352457260943
1629013258.980110645 7.450097434641642 -3.0149486338189 0.0 0.0 0.0 0.8349504166994555 0.5503251781023705
1629013258.980110645 7.45012343627245 -3.015065221642921 0.0 0.0 0.0 0.8349503991395745 0.5503252047441269
1629013258.980110645 7.450497568877136 -3.013762999967171 0.0 0.0 0.0 0.8349504154598915 0.5503251799830303
1629013258.980110645 7.450888705957602 -3.0139588984000563 0.0 0.0 0.0 0.834950414539736 0.5503251813790853
1629013258.980110645 7.451053646798884 -3.013034488114643 0.0 0.0 0.0 0.8349504084817958 0.5503251905701594
1629013259.581286430 7.336246613225931 -2.892197342072334 0.0 0.0 0.0 0.748349701989693 0.663304397341023
1629013259.581286430 7.33693332578504 -2.8923175809189527 0.0 0.0 0.0 0.7483497127202969 0.6633043852345989
1629013259.581286430 7.33752316905802 -2.892036017103443 0.0 0.0 0.0 0.7483497316121891 0.663304363920489
1629013259.581286430 7.338079327780229 -2.8906325863841755 0.0 0.0 0.0 0.748349744122793 0.6633043498058416
1629013259.581286430 7.344512976429633 -2.898238580635965 0.0 0.0 0.0 0.7847319945125202 0.6198352174476713
1629013259.581286430 7.3454855621546775 -2.896179581338779 0.0 0.0 0.0 0.784731979823065 0.6198352360450097
1629013260.082254410 7.33901842406658 -2.8899706928204525 0.0 0.0 0.0 0.7483497562951343 0.6633043360728265
1629013260.082254410 7.344178959343673 -2.8775024852355906 0.0 0.0 0.0 0.7092637812590356 0.7049431811104602
1629013260.182537079 7.339091503361674 -2.8903763433622474 0.0 0.0 0.0 0.7483497572890287 0.6633043349515
1629013260.182537079 7.339480497866981 -2.889252137536029 0.0 0.0 0.0 0.7483497476941938 0.6633043457765345
1629013260.182537079 7.353408099401846 -2.8728562221263942 0.0 0.0 0.0 0.7008862726067828 0.7132730422996305
1629013260.382846355 7.3389062212718414 -2.8906788440568754 0.0 0.0 0.0 0.7483497791516829 0.6633043102857296
1629013260.382846355 7.339392656123533 -2.890320689859039 0.0 0.0 0.0 0.7483497469467899 0.6633043466197667
1629013260.382846355 7.339437872128405 -2.890282874101853 0.0 0.0 0.0 0.7483497552937406 0.6633043372026136
1629013260.382846355 7.361127322276886 -2.869645069740083 0.0 0.0 0.0 0.6836586705962721 0.7298019060803678
1629013260.683427811 7.339072724760568 -2.89062194076213 0.0 0.0 0.0 0.7483497696819706 0.6633043209695995
1629013260.683427811 7.3860810577355105 -2.8553636968639515 0.0 0.0 0.0 0.656078606667473 0.7546925611620053
1629013260.783623695 7.339862896584683 -2.890681381672892 0.0 0.0 0.0 0.7483497733914394 0.663304316784522
1629013260.783623695 7.341043305327972 -2.889282905752254 0.0 0.0 0.0 0.748349785972241 0.6633043025906745
1629013260.783623695 7.341330267978148 -2.8890136681189094 0.0 0.0 0.0 0.748349828179259 0.6633042549720857
1629013260.783623695 7.395408596429771 -2.8441410328111028 0.0 0.0 0.0 0.6464393176069797 0.7629654046231863
1629013260.984056950 7.416198388802561 -2.783699501760419 0.0 0.0 0.0 0.6269798819389228 0.7790354469752031
1629013261.184803009 7.453119904304542 -2.6680424568487084 0.0 0.0 0.0 0.605974188450538 0.7954843071561575
1629013261.385650158 7.473012541578381 -2.6291285815148 0.0 0.0 0.0 0.5849360816325493 0.8110793921709265
1629013261.485024929 7.341161057013497 -2.8897636431423024 0.0 0.0 0.0 0.7483498213118427 0.6633042627200079
1629013261.485024929 7.495255669154081 -2.615035094316086 0.0 0.0 0.0 0.5746662504030415 0.8183878668746921
1629013261.485024929 7.496227756646389 -2.615588062084325 0.0 0.0 0.0 0.5746662479852279 0.8183878685724639
1629013261.485024929 7.496651298556566 -2.6156411749848187 0.0 0.0 0.0 0.5746662094176046 0.8183878956543784
1629013262.086208582 7.495012447694867 -2.6146939071150137 0.0 0.0 0.0 0.5746662607601343 0.8183878596020138
1629013262.086208582 7.495389216101583 -2.615070553180111 0.0 0.0 0.0 0.574666277250825 0.8183878480223652
1629013262.086208582 7.619592012583438 -2.3431989788829752 0.0 0.0 0.0 0.5056522842502079 0.8627373687470289
1629013262.186375856 7.62058510204684 -2.3437556964188233 0.0 0.0 0.0 0.5056522309077647 0.862737400011151
1629013262.186375856 7.645468004049265 -2.25171353936301 0.0 0.0 0.0 0.4887501189653104 0.8724238197180284
1629013262.286608219 7.6444663363833705 -2.2526317483049834 0.0 0.0 0.0 0.48875011262111917 0.8724238232721774
1629013262.286608219 7.675589457351258 -2.1876539701284026 0.0 0.0 0.0 0.4752574814918429 0.8798467629570678
1629013262.286608219 7.675972400141295 -2.1876077967034906 0.0 0.0 0.0 0.4752574839013845 0.8798467616555312
1629013262.286608219 7.676711470267876 -2.187726850853587 0.0 0.0 0.0 0.4752574919170714 0.8798467573257828
1629013262.687365055 7.675368863166502 -2.1886704268790367 0.0 0.0 0.0 0.47525744463359815 0.8798467828663934
1629013262.687365055 7.675387294683369 -2.1885995959018736 0.0 0.0 0.0 0.4752574398398156 0.8798467854557998
1629013262.687365055 7.824676778706087 -1.9716488726061272 0.0 0.0 0.0 0.4198777587190842 0.9075806673420487
1629013262.787581205 7.825262082956908 -1.9711102398149258 0.0 0.0 0.0 0.4198777768042312 0.9075806589752429
1629013262.787581205 7.855706135197063 -1.8792309143012649 0.0 0.0 0.0 0.40458123646014343 0.914502062930632
1629013262.887779713 7.825221929968646 -1.9714662699188619 0.0 0.0 0.0 0.41987776094164403 0.9075806663138167
1629013262.887779713 7.895669986108552 -1.813580694832859 0.0 0.0 0.0 0.3896624972810855 0.9209577287870861
1629013263.088128090 7.855960001290101 -1.8794349273540256 0.0 0.0 0.0 0.4045812105738738 0.9145020743828736
1629013263.088128090 7.895586716462425 -1.8130361832928508 0.0 0.0 0.0 0.38966249829022126 0.920957728360115
1629013263.088128090 7.984486068336298 -1.7163674706575218 0.0 0.0 0.0 0.3598473543115696 0.933011190498251
1629013263.088128090 7.985359789695465 -1.7154898203453786 0.0 0.0 0.0 0.35984736275534884 0.9330111872416217
1629013263.388790369 7.98367365174405 -1.7172973159232567 0.0 0.0 0.0 0.3598473656169211 0.9330111861379594
1629013263.388790369 7.984057149772506 -1.7169118294943517 0.0 0.0 0.0 0.35984733693629345 0.9330111971996143
1629013263.388790369 8.152354831904404 -1.603202078990483 0.0 0.0 0.0 0.3354343677394035 0.9420635779708643
1629013263.589112759 8.150933414662104 -1.6022688997494472 0.0 0.0 0.0 0.3354343995259117 0.9420635666528512
1629013263.589112759 8.260047041692163 -1.5194907814770813 0.0 0.0 0.0 0.34033850921854936 0.9403029826300113
1629013263.689300060 8.15064010026835 -1.6028693890055534 0.0 0.0 0.0 0.33543438706296363 0.9420635710904514
1629013263.689300060 8.258507974334435 -1.5192357170989306 0.0 0.0 0.0 0.34033851516387276 0.9403029804781278
1629013263.689300060 8.309482763614986 -1.4861093124906568 0.0 0.0 0.0 0.3497392347865857 0.9368470887241384
1629013263.689300060 8.309574635683822 -1.485879248008789 0.0 0.0 0.0 0.34973927008270816 0.9368470755475594
1629013263.689300060 8.310092883695654 -1.486162888407471 0.0 0.0 0.0 0.3497392145239539 0.936847096288486
1629013263.689300060 8.31042256631622 -1.4860212493059102 0.0 0.0 0.0 0.34973925496023645 0.9368470811930081
1629013264.691281557 8.309367038137639 -1.4858462485009067 0.0 0.0 0.0 0.3497393372146326 0.9368470504861877
1629013264.691281557 8.309833049074674 -1.485653607356368 0.0 0.0 0.0 0.3497393239721528 0.936847055429808
1629013264.691281557 8.343089081032101 -1.4452073770233724 0.0 0.0 0.0 0.38503268018260073 0.9229029392040113
1629013264.691281557 8.343374723143208 -1.444682684633917 0.0 0.0 0.0 0.38503262424757634 0.9229029625399545
1629013264.691281557 8.34349453045369 -1.4448882493186725 0.0 0.0 0.0 0.38503261020992324 0.9229029683964254
1629013264.691281557 8.343933865280913 -1.4463063597582044 0.0 0.0 0.0 0.38503268805442936 0.9229029359199051
1629013264.691281557 8.344113855871383 -1.4482585456926302 0.0 0.0 0.0 0.38503269241689436 0.9229029340998961
1629013265.292447567 8.342836354234086 -1.4448488398316743 0.0 0.0 0.0 0.3850326711771179 0.9229029429610751
1629013265.292447567 8.343261397702769 -1.445210361524954 0.0 0.0 0.0 0.3850326425063298 0.9229029549224517
1629013265.292447567 8.452652857128305 -1.3291723161505409 0.0 0.0 0.0 0.4624066976962547 0.8866679456964961
1629013265.292447567 8.453142923607183 -1.3298152465731605 0.0 0.0 0.0 0.4624067244791996 0.8866679317289069
1629013265.292447567 8.45318751800247 -1.3307251737946728 0.0 0.0 0.0 0.46240675282861493 0.8866679169443858
1629013265.292447567 8.454003567960484 -1.3301723656199482 0.0 0.0 0.0 0.46240671475091877 0.8866679368023085
1629013265.292447567 8.454261811257412 -1.330553603796752 0.0 0.0 0.0 0.46240673225042295 0.8866679276761316
1629013265.893932343 8.453976201572255 -1.3316174871470379 0.0 0.0 0.0 0.46240667801195784 0.8866679559620645
1629013265.893932343 8.454251964047755 -1.3306103219440037 0.0 0.0 0.0 0.4624066957370039 0.8866679467182661
1629013265.893932343 8.603792226958639 -1.159158268152697 0.0 0.0 0.0 0.5795631456552657 0.8149273343054418
1629013265.893932343 8.603862513133901 -1.1588016115670077 0.0 0.0 0.0 0.5795632121299749 0.8149272870296992
1629013265.893932343 8.604147167918976 -1.1598490334409906 0.0 0.0 0.0 0.5795631827777958 0.8149273079044972
1629013265.893932343 8.604384677979562 -1.1596574386359073 0.0 0.0 0.0 0.5795631892328412 0.8149273033137728
1629013265.893932343 8.604630806990926 -1.158871315899233 0.0 0.0 0.0 0.5795631996430354 0.8149272959102101
1629013266.795362473 8.602984250198102 -1.1597781619186613 0.0 0.0 0.0 0.5795631393539544 0.8149273387868324
1629013266.795362473 8.603585247171662 -1.1596743867983688 0.0 0.0 0.0 0.5795631331011719 0.8149273432337102
1629013266.795362473 8.666347991473152 -0.8501612102381544 0.0 0.0 0.0 0.7373442996958549 0.6755171231775176
1629013266.795362473 8.666953795250778 -0.8502584076491679 0.0 0.0 0.0 0.7373442671950069 0.6755171586530265
1629013266.996018648 8.666685742516757 -0.8507132919263073 0.0 0.0 0.0 0.7373443179339221 0.675517103270198
1629013266.996018648 8.667085921789688 -0.8506608029954047 0.0 0.0 0.0 0.7373443184328435 0.6755171027256123
1629013266.996018648 8.700631279890047 -0.5295529660269774 0.0 0.0 0.0 0.828454959748657 0.5600556933625896
1629013267.296465397 8.625744321909005 -0.32515153541632763 0.0 0.0 0.0 0.8722815329297351 0.4890040156376545
1629013267.296465397 8.701069688694187 -0.530185189310356 0.0 0.0 0.0 0.8284549571773343 0.5600556971661848
1629013267.396602631 8.592768430465169 -0.24899135790547927 0.0 0.0 0.0 0.8835291493300884 0.46837617604234566
1629013267.396602631 8.59335504583736 -0.2482362156229649 0.0 0.0 0.0 0.8835291521353543 0.4683761707505859
1629013267.396602631 8.62659911425099 -0.32457768742324644 0.0 0.0 0.0 0.8722815508244185 0.489003983717257
1629013267.396602631 8.700891286730638 -0.5301059007762753 0.0 0.0 0.0 0.8284550299439413 0.560055589527132
1629013267.596940279 8.521991958782962 -0.14827542107017175 0.0 0.0 0.0 0.9048508568406037 0.42572870102311067
1629013267.596940279 8.52207431135831 -0.14762335279524302 0.0 0.0 0.0 0.9048508693531058 0.42572867442882995
1629013267.596940279 8.522762440978457 -0.14781086623112566 0.0 0.0 0.0 0.9048508644430314 0.4257286848647843
1629013267.596940279 8.524066696090806 -0.14812000250326834 0.0 0.0 0.0 0.9048508449961407 0.4257287261975285
1629013267.596940279 8.59302339886172 -0.2475628203619307 0.0 0.0 0.0 0.8835291756234915 0.4683761264433462
1629013267.596940279 8.593272460604748 -0.2482223033471365 0.0 0.0 0.0 0.8835291763563151 0.4683761250609721
1629013268.498708248 8.30403006639903 -0.02713950876971088 0.0 0.0 0.0 0.9401004406865634 0.340897582010975
1629013268.498708248 8.304644185285893 -0.029759622246704285 0.0 0.0 0.0 0.9401004422086694 0.34089757781343116
1629013268.498708248 8.304913792575467 -0.028323390055414982 0.0 0.0 0.0 0.9401004433575518 0.34089757464513376
1629013268.498708248 8.305566404407173 -0.030096076930872215 0.0 0.0 0.0 0.9401004522408187 0.34089755014756
1629013268.498708248 8.306259197653848 -0.03100900462625407 0.0 0.0 0.0 0.9401004646996362 0.3408975157896112
1629013268.498708248 8.521209138377214 -0.14811916643698367 0.0 0.0 0.0 0.9048508651385103 0.42572868338660175
1629013268.498708248 8.521673512232965 -0.14767887039601357 0.0 0.0 0.0 0.9048508503555438 0.42572871480656466
1629013269.099856377 8.083026228824808 0.11627069391424806 0.0 0.0 0.0 0.9765330723184493 0.2153674967776942
1629013269.099856377 8.303149838729118 -0.02614143399254522 0.0 0.0 0.0 0.9401004405456426 0.3408975823995951
1629013269.099856377 8.304192076445165 -0.026170155427153747 0.0 0.0 0.0 0.9401004356576154 0.3408975958794104
1629013269.200072765 7.883245905516012 0.19543263332040028 0.0 0.0 0.0 0.9927277277670792 0.12038130470472541
1629013269.200072765 8.303045452060106 -0.02644882408533414 0.0 0.0 0.0 0.9401004406396318 0.3408975821403989
1629013269.400448322 7.750490111224277 0.22245420841210325 0.0 0.0 0.0 0.9974617459736742 0.07120439115075256
1629013269.400448322 8.30283355233351 -0.02661567359388752 0.0 0.0 0.0 0.9401004290195244 0.34089761418541237
1629013269.500660896 7.673050951491976 0.23695156771583564 0.0 0.0 0.0 0.9989214047554361 0.04643303911468847
1629013269.500660896 8.30277141754165 -0.026949173675106814 0.0 0.0 0.0 0.9401004365289548 0.3408975934764994
1629013269.600833416 7.598824590395242 0.2474202314453596 0.0 0.0 0.0 0.99979323728244 0.020334273635879013
1629013269.600833416 8.302702902952307 -0.028110704440343394 0.0 0.0 0.0 0.9401004337821967 0.34089760105129163
1629013269.702066660 7.522854057843311 0.25975048254754435 0.0 0.0 0.0 -0.9999748318512182 0.007094763148124768
1629013269.702066660 8.302710653968427 -0.028181972948123486 0.0 0.0 0.0 0.9401004318298365 0.34089760643535616
1629013269.801248312 7.466583115121226 0.26517431410560954 0.0 0.0 0.0 -0.9994673134444708 0.03263570676562751
1629013269.801248312 8.301690042687694 -0.0276601505009736 0.0 0.0 0.0 0.9401004225370218 0.3408976320623438
1629013269.801248312 8.302365364469335 -0.028388469899806392 0.0 0.0 0.0 0.9401004151426077 0.3408976524540712
1629013269.901425600 7.391760636354255 0.2716406042342916 0.0 0.0 0.0 -0.99835442230346 0.057344986416639245
1629013269.901425600 8.30153580305814 -0.028046097204070308 0.0 0.0 0.0 0.9401004088907868 0.3408976696948448
1629013270.202024698 7.174839173957293 0.2960580777895837 0.0 0.0 0.0 -0.9963639058769429 0.0851995719803952
1629013270.302225113 7.085178639083431 0.30322754229756727 0.0 0.0 0.0 -0.9968193692696351 0.07969407160439738
1629013270.302225113 8.300677060847862 -0.027478733058503384 0.0 0.0 0.0 0.9401004112832152 0.3408976630971963
1629013270.403551102 7.001615675490209 0.3074865990341091 0.0 0.0 0.0 -0.9976770938025987 0.06812060262211848
1629013270.602983952 6.841363094620878 0.3139574031988334 0.0 0.0 0.0 -0.9993747291608461 0.03535747042260593
1629013270.602983952 8.300748626850663 -0.02642738220723641 0.0 0.0 0.0 0.940100413293653 0.340897657552971
1629013270.702999592 6.758896770765948 0.3150780121487335 0.0 0.0 0.0 -0.9998680423056505 0.016244936930191
1629013270.702999592 6.840777580651837 0.31343528389110514 0.0 0.0 0.0 -0.9993747306385093 0.03535742865660599
1629013270.702999592 7.000579187281147 0.30843606580161775 0.0 0.0 0.0 -0.9976770953657643 0.06812057972838778
1629013270.903461933 6.598176918591 0.308252391948649 0.0 0.0 0.0 0.9997611988539601 0.021852809112161843
1629013270.903461933 6.5983086404338644 0.30739822426308366 0.0 0.0 0.0 0.9997611993842461 0.021852784851676556
1629013270.903461933 6.599019442997984 0.30688684368023217 0.0 0.0 0.0 0.9997611993813944 0.02185278498214123
1629013270.903461933 6.758952732655034 0.3147859600624918 0.0 0.0 0.0 -0.9998680420006942 0.01624495570008927
1629013271.204852819 6.367681321971081 0.3468491401752602 0.0 0.0 0.0 0.9962958248746976 0.08599203066125334
1629013271.204852819 6.597245144252481 0.3088940171423267 0.0 0.0 0.0 0.9997611991527307 0.021852795443466046
1629013271.404375553 6.21959718371499 0.38526021307722963 0.0 0.0 0.0 0.9915319718054678 0.12986280794577365
1629013271.404375553 6.219763335073249 0.3833026981321799 0.0 0.0 0.0 0.9915319710932136 0.12986281338399694
1629013271.404375553 6.219978085555086 0.3841974324243917 0.0 0.0 0.0 0.9915319669617375 0.12986284492874767
1629013271.404375553 6.368694938329727 0.3463694629772093 0.0 0.0 0.0 0.9962958235058362 0.08599204652075419
1629013271.404375553 6.369142933890858 0.3462795914980492 0.0 0.0 0.0 0.9962958241413175 0.08599203915812856
1629013271.805147171 5.941663996819908 0.44102347217843957 0.0 0.0 0.0 0.9764991905688135 0.2155210681544891
1629013271.805147171 6.220583965020812 0.38510489744178783 0.0 0.0 0.0 0.9915319720913245 0.12986280576319353
1629013271.905340433 5.803213662625511 0.5029467468054271 0.0 0.0 0.0 0.9645483114576693 0.26390633729442553
1629013271.905340433 6.220334300199811 0.38489062160371584 0.0 0.0 0.0 0.9915319633627625 0.12986287240772637
1629013271.905340433 6.220869714924327 0.384516834263962 0.0 0.0 0.0 0.9915319657461629 0.12986285420993238
1629013271.905340433 6.221406920468601 0.38453026786101224 0.0 0.0 0.0 0.9915319689111832 0.12986283004429108
1629013272.206001997 5.6039349849060045 0.5690957307265262 0.0 0.0 0.0 0.9457178522071473 0.3249888367570495
1629013272.206001997 5.605343663649761 0.5702513663321771 0.0 0.0 0.0 0.9457178589510363 0.3249888171323251
1629013272.206001997 5.605497049566597 0.5706526232662991 0.0 0.0 0.0 0.9457178690814996 0.32498878765266287
1629013272.206001997 6.219718560658378 0.3846762770195973 0.0 0.0 0.0 0.9915319627043733 0.12986287743467428
1629013272.206001997 6.2199061116150505 0.3848458739252184 0.0 0.0 0.0 0.9915319638598806 0.12986286861211832
1629013272.206001997 6.22118049089867 0.38574759965509087 0.0 0.0 0.0 0.9915319663070511 0.1298628499274252
1629013272.707123518 5.3217555232606575 0.7524018865879181 0.0 0.0 0.0 0.905790561902815 0.4237256871701107
1629013272.707123518 5.322357016621234 0.7539364957548276 0.0 0.0 0.0 0.9057905678141697 0.4237256745335171
1629013272.707123518 5.323292091760179 0.7527428528436005 0.0 0.0 0.0 0.9057905624662461 0.42372568596567467
1629013272.707123518 5.323348597960438 0.7533645237451218 0.0 0.0 0.0 0.9057905671103456 0.42372567603806904
1629013272.707123518 5.604506797420848 0.5693789473056657 0.0 0.0 0.0 0.9457178731256812 0.3249887758840879
1629013272.707123518 5.604671457463008 0.5705676786343854 0.0 0.0 0.0 0.9457178870449314 0.32498873537904405
1629013273.207884312 5.006006379647677 1.0004281357453348 0.0 0.0 0.0 0.875071667292432 0.4839933647293557
1629013273.207884312 5.006954006235496 0.999809247943166 0.0 0.0 0.0 0.8750716782886456 0.48399334484793594
1629013273.207884312 5.321638005727485 0.7536728775751096 0.0 0.0 0.0 0.905790563033472 0.42372568475312616
1629013273.207884312 5.322590103825363 0.753418844641653 0.0 0.0 0.0 0.9057905732914867 0.4237256628247573
1629013273.408269882 4.832761785017648 1.209201209562395 0.0 0.0 0.0 0.8632104500216592 0.5048442521940847
1629013273.408269882 4.834697784836732 1.2095130130215523 0.0 0.0 0.0 0.8632104516399571 0.50484424942703
1629013273.408269882 4.835640025169859 1.2103486037239617 0.0 0.0 0.0 0.8632104376837311 0.5048442732901518
1629013273.408269882 5.005917557496553 0.9997367368245469 0.0 0.0 0.0 0.8750716563669653 0.48399338448286244
1629013273.408269882 5.006246895022797 0.999469305491763 0.0 0.0 0.0 0.8750716567246591 0.4839933838361433
1629013273.809125662 4.8281331261139115 1.2873982368305403 0.0 0.0 0.0 0.8719251386601755 0.4896392065311291
1629013273.809125662 4.835634819704027 1.2097444500558698 0.0 0.0 0.0 0.8632104665756195 0.5048442238892125
1629013273.809125662 4.835815806435039 1.2110427299725486 0.0 0.0 0.0 0.8632104421910195 0.5048442655833426
1629013274.009464025 4.828282479376495 1.2866919289674985 0.0 0.0 0.0 0.8719251695760915 0.4896391514776001
1629013274.009464025 4.857687759567221 1.2824355172958994 0.0 0.0 0.0 0.8663375346424116 0.4994589833707152
1629013274.009464025 4.857749416056277 1.2842794167208045 0.0 0.0 0.0 0.8663375952060982 0.49945887831984204
1629013274.009464025 4.857798388005452 1.283650776818398 0.0 0.0 0.0 0.866337577587832 0.4994589088796465
1629013274.009464025 4.85804902964098 1.2828249293094407 0.0 0.0 0.0 0.866337541773588 0.49945897100131914
1629013274.009464025 4.858361890779344 1.283748778517846 0.0 0.0 0.0 0.8663375965025849 0.4994588760710179
1629013275.311985254 4.857145021576166 1.2220178932416035 0.0 0.0 0.0 0.8468186735775636 0.5318816918078079
1629013275.311985254 4.858188964192762 1.222560917647242 0.0 0.0 0.0 0.8468186868680075 0.5318816706478458
1629013275.311985254 4.858460947449993 1.2827896577875424 0.0 0.0 0.0 0.86633752795902 0.4994589949634046
1629013275.311985254 4.85924824909081 1.2223061603145282 0.0 0.0 0.0 0.8468186728472299 0.5318816929705855
1629013275.311985254 4.860069964432666 1.2228945459564777 0.0 0.0 0.0 0.8468186614749298 0.5318817110766342
1629013275.311985254 4.860478887900551 1.221768165109087 0.0 0.0 0.0 0.8468186864208859 0.5318816713597163
1629013275.812977314 4.857196277614752 1.2216951578600204 0.0 0.0 0.0 0.8468186807977455 0.5318816803124226
1629013275.812977314 4.945232914849327 1.0875775423756364 0.0 0.0 0.0 0.790222148704365 0.6128204922300301
1629013275.913190365 4.85737223394664 1.22094850277693 0.0 0.0 0.0 0.8468187032485539 0.5318816445680726
1629013275.913190365 4.967187187739005 1.0090189194710826 0.0 0.0 0.0 0.7738277654610698 0.6333960762441835
1629013276.013378859 4.945500638317609 1.0866517298244265 0.0 0.0 0.0 0.7902221329254548 0.61282051257668
1629013276.013378859 4.966711869545885 1.0089606520696446 0.0 0.0 0.0 0.7738277263027268 0.6333961240844092
1629013276.013378859 4.967020990825923 1.0093414566151206 0.0 0.0 0.0 0.7738277566855968 0.6333960869652865
1629013276.013378859 4.9799043189883365 0.9531116812921044 0.0 0.0 0.0 0.758313829606893 0.6518896653782204
1629013276.313955784 4.978897185520287 0.9542480165024869 0.0 0.0 0.0 0.7583138007571546 0.6518896989378176
1629013276.313955784 5.011004737310606 0.8901203315298205 0.0 0.0 0.0 0.7110650807125877 0.7031261984816105
1629013276.514402390 4.979401416553779 0.9526973589116792 0.0 0.0 0.0 0.758313838128525 0.6518896554653902
1629013276.514402390 5.017486113294662 0.8571574428385121 0.0 0.0 0.0 0.6788171627058952 0.7343073332167657
1629013276.614527225 5.011104473884022 0.8897599188235199 0.0 0.0 0.0 0.7110650611694862 0.7031262182453694
1629013276.614527225 5.011452393591274 0.8892418855899067 0.0 0.0 0.0 0.7110650523766334 0.7031262271375002
1629013276.614527225 5.0124153620726135 0.8902368842510083 0.0 0.0 0.0 0.7110650593909821 0.7031262200439542
1629013276.614527225 5.012968843330393 0.8905893475574204 0.0 0.0 0.0 0.7110650899112139 0.7031261891791241
1629013276.614527225 5.016976721230549 0.8440221991691964 0.0 0.0 0.0 0.662113925173812 0.7494031959438976
1629013277.015316010 4.99445416671911 0.8253619867193116 0.0 0.0 0.0 0.5948071522423478 0.8038684293100137
1629013277.015316010 5.016772145777028 0.8447709705547999 0.0 0.0 0.0 0.6621139233142921 0.7494031975868236
1629013277.015316010 5.0170450284407 0.8570428989029721 0.0 0.0 0.0 0.678817154359182 0.734307340932734
1629013277.015316010 5.0171327708391065 0.8448515809488514 0.0 0.0 0.0 0.6621139021224636 0.7494032163102615
1629013277.215725422 4.963896484885276 0.8177869970200529 0.0 0.0 0.0 0.5591783169826737 0.8290474110787781
1629013277.215725422 4.993518802846817 0.8263949130356427 0.0 0.0 0.0 0.5948071619480215 0.803868422128485
1629013277.416112423 4.928494775118205 0.799541016903148 0.0 0.0 0.0 0.5203780486217414 0.8539359967308021
1629013277.416112423 4.965200051706396 0.8178441788013915 0.0 0.0 0.0 0.5591782969060574 0.8290474246201125
1629013277.416112423 4.966031114673026 0.8184039153626248 0.0 0.0 0.0 0.5591782965859642 0.8290474248360099
1629013277.416112423 4.966150926729308 0.8179121433177846 0.0 0.0 0.0 0.5591783007113098 0.8290474220535349
1629013277.616681337 4.876050528632814 0.7407330761286984 0.0 0.0 0.0 0.4819291262333267 0.8762102015429758
1629013277.616681337 4.876310627162297 0.7411825168587758 0.0 0.0 0.0 0.48192912112716246 0.8762102043514449
1629013277.616681337 4.876380011993955 0.7423627184462339 0.0 0.0 0.0 0.481929104370054 0.8762102135681127
1629013277.616681337 4.876442015976126 0.7419720240874695 0.0 0.0 0.0 0.4819291081189349 0.8762102115061704
1629013277.616681337 4.928315471643514 0.7989481872226423 0.0 0.0 0.0 0.5203779835910151 0.8539360363597202
1629013278.117462635 4.700902175413622 0.5838172403058088 0.0 0.0 0.0 0.41781051772503924 0.9085341882826065
1629013278.117462635 4.876082625113364 0.7415513753584728 0.0 0.0 0.0 0.48192913481170624 0.8762101968247347
1629013278.117462635 4.8777238821806215 0.7429800909914104 0.0 0.0 0.0 0.4819291558482117 0.8762101852543316
1629013278.317893028 4.6022452229281985 0.47120599127599566 0.0 0.0 0.0 0.41643377349234323 0.9091660532020143
1629013278.317893028 4.701822043965519 0.585050043294238 0.0 0.0 0.0 0.41781052531966345 0.9085341847900423
1629013278.418324947 4.555971197050545 0.4437376725488671 0.0 0.0 0.0 0.42661428175244903 0.904433665121352
1629013278.418324947 4.601078002991934 0.4706976138383447 0.0 0.0 0.0 0.4164337758698266 0.9091660521130335
1629013278.518271446 4.510132733448534 0.4260458851372576 0.0 0.0 0.0 0.43851616128534593 0.8987233035209249
1629013278.518271446 4.556045110421913 0.44375041952262756 0.0 0.0 0.0 0.4266142666376662 0.9044336722508767
1629013278.518271446 4.601537533147373 0.47004174008399285 0.0 0.0 0.0 0.41643378924949964 0.9091660459846174
1629013278.718654156 4.423414198279943 0.34867657916560113 0.0 0.0 0.0 0.4706533683524707 0.8823182004574504
1629013278.718654156 4.510014368538459 0.4265558687101403 0.0 0.0 0.0 0.43851621215687964 0.8987232786990568
1629013278.718654156 4.510268574722022 0.4260437042747373 0.0 0.0 0.0 0.4385161776504904 0.8987232955358415
1629013278.919036388 4.339422047406572 0.25384997941029624 0.0 0.0 0.0 0.5081795202088254 0.8612511684986721
1629013278.919036388 4.422832200422917 0.3472303462625423 0.0 0.0 0.0 0.4706533793990889 0.882318194564873
1629013279.019241810 4.303135542952368 0.17935137456797737 0.0 0.0 0.0 0.5290349743239046 0.848600021177295
1629013279.019241810 4.303150990492887 0.17944318248310098 0.0 0.0 0.0 0.5290349731235202 0.8486000219256398
1629013279.019241810 4.304322871206899 0.1780051673287398 0.0 0.0 0.0 0.5290349828436397 0.8486000158659143
1629013279.019241810 4.304977800458441 0.1785495286994996 0.0 0.0 0.0 0.5290349702121366 0.848600023740657
1629013279.019241810 4.338781193663207 0.25459126984440567 0.0 0.0 0.0 0.5081795033499954 0.8612511784461906
1629013279.019241810 4.423264701207345 0.34757813199156534 0.0 0.0 0.0 0.4706533939127545 0.8823181868228749
1629013279.822077751 4.212548709874385 0.08436007365254822 0.0 0.0 0.0 0.5802822331394788 0.8144154528879346
1629013279.822077751 4.305425247351827 0.17815452782419455 0.0 0.0 0.0 0.5290349747204193 0.8486000209300996
1629013279.822077751 4.305645827376463 0.1769948904193003 0.0 0.0 0.0 0.5290349858660012 0.8486000139817109
1629013279.822077751 4.3059508669286455 0.17687482486889136 0.0 0.0 0.0 0.5290349710615405 0.8486000232111209
1629013280.021559715 4.183473652476545 -0.010436536830954784 0.0 0.0 0.0 0.622732274296503 0.7824349906219078
1629013280.021559715 4.184068590388508 -0.010909834294270726 0.0 0.0 0.0 0.6227322904217438 0.7824349777879878
1629013280.021559715 4.18468054316906 -0.009914329732961098 0.0 0.0 0.0 0.6227322488174509 0.7824350109004328
1629013280.021559715 4.184780772791545 -0.0099117513556797 0.0 0.0 0.0 0.6227322496789516 0.782435010214773
1629013280.021559715 4.184925621816197 -0.009825762662711596 0.0 0.0 0.0 0.6227322868365921 0.7824349806413747
1629013280.021559715 4.1851545211036205 -0.010393035864413203 0.0 0.0 0.0 0.6227322692400756 0.7824349946462683
1629013280.021559715 4.212417296748052 0.08431554106062891 0.0 0.0 0.0 0.5802822312372553 0.814415454243295
1629013280.822953224 4.139227010358709 -0.12749075412226954 0.0 0.0 0.0 0.6945073269007663 0.7194856307676701
1629013280.822953224 4.185203636165165 -0.009203327823729983 0.0 0.0 0.0 0.6227321894040803 0.7824350581869403
1629013281.023141384 4.135243399739629 -0.3090220033223847 0.0 0.0 0.0 0.7345113936564355 0.678596354682871
1629013281.023141384 4.136851731314027 -0.309493208823411 0.0 0.0 0.0 0.7345114069539661 0.678596340289649
1629013281.023141384 4.138315865737471 -0.12822572515285027 0.0 0.0 0.0 0.6945073314938672 0.7194856263340274
1629013281.023141384 4.138942438865139 -0.1284542109934619 0.0 0.0 0.0 0.6945073210655255 0.7194856364003295
1629013281.323719501 4.134333643186405 -0.31024320270345584 0.0 0.0 0.0 0.7345114131224318 0.6785963336129133
1629013281.323719501 4.134827242270777 -0.3098666234031739 0.0 0.0 0.0 0.7345114087287965 0.6785963383685759
1629013281.323719501 4.164741846107615 -0.5665622414661405 0.0 0.0 0.0 0.7874244042042803 0.6164112325903335
1629013281.524127960 4.164086901916919 -0.5652201079373778 0.0 0.0 0.0 0.7874243455314841 0.6164113075409259
1629013281.524127960 4.164572454256781 -0.5658628546166854 0.0 0.0 0.0 0.7874243945618463 0.6164112449079022
1629013281.524127960 4.21553502412185 -0.7291913739526731 0.0 0.0 0.0 0.804673288640936 0.5937178610651535
1629013281.724548578 4.215118121949145 -0.729383947852114 0.0 0.0 0.0 0.8046732780859004 0.5937178753705258
1629013281.724548578 4.264939676833287 -0.9230388718976857 0.0 0.0 0.0 0.7990604851675402 0.6012506474373355
1629013281.824714661 4.215927644335751 -0.7289926978837189 0.0 0.0 0.0 0.8046733014858463 0.5937178436562845
1629013281.824714661 4.26493057723691 -0.9231399356935654 0.0 0.0 0.0 0.7990604494106164 0.6012506949581878
1629013281.824714661 4.265572936313794 -0.9227959245515258 0.0 0.0 0.0 0.7990604691392951 0.6012506687388295
1629013281.824714661 4.304551534468575 -0.9967600053604264 0.0 0.0 0.0 0.7900084566878098 0.6130959454781485
1629013281.824714661 4.305507434314828 -0.9962018564349021 0.0 0.0 0.0 0.7900084521988144 0.6130959512624704
1629013282.125304222 4.304168502538311 -0.9962480753192673 0.0 0.0 0.0 0.7900084640844588 0.6130959359471521
1629013282.125304222 4.413415064175053 -1.2216084375153589 0.0 0.0 0.0 0.7546980395549476 0.6560723047743433
1629013282.225491524 4.413702507836399 -1.220987870678786 0.0 0.0 0.0 0.7546980091389093 0.656072339762748
1629013282.225491524 4.445924961763884 -1.3151778587110157 0.0 0.0 0.0 0.7394910401977137 0.6731663995382593
1629013282.225491524 4.446127794606892 -1.3160213595757286 0.0 0.0 0.0 0.7394910632009127 0.6731663742686378
1629013282.225491524 4.4464546021682585 -1.3171138901883197 0.0 0.0 0.0 0.7394910803717343 0.6731663554060358
1629013282.526069880 4.445648325040286 -1.3161483638013995 0.0 0.0 0.0 0.7394910137403106 0.6731664286024132
1629013282.526069880 4.446389289527535 -1.3151727516865857 0.0 0.0 0.0 0.7394910086699772 0.6731664341723076
1629013282.526069880 4.489122644802494 -1.58625852765935 0.0 0.0 0.0 0.6859864082146926 0.7276143537236639
1629013282.526069880 4.4891485173234225 -1.5866951420611968 0.0 0.0 0.0 0.6859864278037513 0.7276143352553252
1629013282.526069880 4.489770365456031 -1.5868359117566841 0.0 0.0 0.0 0.6859864276558307 0.7276143353947829
1629013282.526069880 4.489810005325213 -1.586735394900512 0.0 0.0 0.0 0.6859864703085317 0.7276142951823047
1629013283.027065277 4.468877425634685 -1.9959692967015035 0.0 0.0 0.0 0.5781265997461837 0.8159470783487834
1629013283.027065277 4.488341955805527 -1.586670848931981 0.0 0.0 0.0 0.6859864108923318 0.7276143511992166
1629013283.127244234 4.462174154411775 -2.240009469943477 0.0 0.0 0.0 0.5229768746776206 0.8523468710287077
1629013283.127244234 4.469623015562012 -1.9955506621811128 0.0 0.0 0.0 0.5781265898360157 0.8159470853704787
1629013283.227453947 4.437862471079568 -2.3190596736495386 0.0 0.0 0.0 0.49830968633344863 0.8669991098647449
1629013283.227453947 4.437906465163464 -2.3198190682798185 0.0 0.0 0.0 0.4983096691883989 0.8669991197189005
1629013283.227453947 4.438434479027283 -2.3191752948905773 0.0 0.0 0.0 0.4983097002996177 0.8669991018376577
1629013283.227453947 4.439894621850714 -2.318615512353162 0.0 0.0 0.0 0.4983096823417991 0.8669991121589544
1629013283.227453947 4.4640295549304625 -2.2402627342644585 0.0 0.0 0.0 0.5229768738364954 0.8523468715447992
1629013283.728429317 4.4153714587608155 -2.4082028180415027 0.0 0.0 0.0 0.4248212778675525 0.9052772403363402
1629013283.728429317 4.439443104040057 -2.3188404765737323 0.0 0.0 0.0 0.4983096652728089 0.8669991219693945
1629013283.728429317 4.440416979496951 -2.318179087174537 0.0 0.0 0.0 0.4983096540159261 0.8669991284393128
1629013283.928811550 4.335346444626909 -2.5047112700596466 0.0 0.0 0.0 0.379859972692217 0.9250439995731382
1629013283.928811550 4.415879926600339 -2.4069444553199455 0.0 0.0 0.0 0.42482130397937484 0.9052772280827921
1629013284.029018402 4.292893551175801 -2.536451313434003 0.0 0.0 0.0 0.3579919288920486 0.9337246804321659
1629013284.029018402 4.415342803560319 -2.407595812421076 0.0 0.0 0.0 0.4248213673677339 0.905277198336404
1629013284.129204512 4.253612623316466 -2.559124741015187 0.0 0.0 0.0 0.33524385968029646 0.9421313892163119
1629013284.129204512 4.253896724062531 -2.557208803667339 0.0 0.0 0.0 0.3352438680215766 0.9421313862481877
1629013284.129204512 4.2546601617367035 -2.5602044568570426 0.0 0.0 0.0 0.33524385388345446 0.9421313912790344
1629013284.129204512 4.255691138975165 -2.5604018779677484 0.0 0.0 0.0 0.33524387311297255 0.9421313844364878
1629013284.129204512 4.291914676648163 -2.536659317862169 0.0 0.0 0.0 0.3579918798942408 0.9337246992180229
1629013284.129204512 4.336038205251814 -2.5038888726301773 0.0 0.0 0.0 0.3798599673597404 0.9250440017628658
1629013285.031048775 4.152847107481753 -2.535337804504827 0.0 0.0 0.0 0.3557783396954471 0.9345703681390455
1629013285.031048775 4.255948049324524 -2.559116374122835 0.0 0.0 0.0 0.3352438777167941 0.9421313827982842
1629013285.131157875 4.117757374808529 -2.541913280263892 0.0 0.0 0.0 0.37750723868722585 0.9260066332045067
1629013285.131157875 4.257045781968281 -2.557991830047865 0.0 0.0 0.0 0.33524389255827747 0.9421313775171561
1629013285.131157875 4.257375742475775 -2.5579264429094493 0.0 0.0 0.0 0.33524391775742024 0.9421313685504034
1629013285.331543922 4.073645657534225 -2.5449505317435546 0.0 0.0 0.0 0.41942334329871855 0.9077907573312946
1629013285.331543922 4.118188268520628 -2.5420615041828305 0.0 0.0 0.0 0.3775072127290298 0.9260066437869434
1629013285.331543922 4.118228793790286 -2.5424478163886826 0.0 0.0 0.0 0.37750724334557684 0.9260066313054262
1629013285.331543922 4.1528913024814775 -2.5352146314688238 0.0 0.0 0.0 0.35577830635846525 0.9345703808299844
1629013285.632148743 4.030341890955111 -2.5898281315481033 0.0 0.0 0.0 0.4834091046087833 0.8753945610873616
1629013285.632148743 4.073024600995549 -2.5441022340532737 0.0 0.0 0.0 0.4194233427091013 0.9077907576037133
1629013285.632148743 4.073716709899327 -2.5437778948257193 0.0 0.0 0.0 0.4194233174835303 0.9077907692585939
1629013285.732345343 4.005610018574241 -2.62083941262135 0.0 0.0 0.0 0.505541799798668 0.8628021144250422
1629013285.732345343 4.0741461738738325 -2.544285575595103 0.0 0.0 0.0 0.41942332964070506 0.9077907636416579
1629013285.932733774 3.974595240994834 -2.701707580760401 0.0 0.0 0.0 0.5481748245630124 0.8363637735550904
1629013285.932733774 3.975432905335158 -2.702539432205977 0.0 0.0 0.0 0.5481747777046106 0.836363804267318
1629013285.932733774 4.005720352110667 -2.6214037974097275 0.0 0.0 0.0 0.505541755982479 0.8628021400982683
1629013285.932733774 4.0070380182345104 -2.6213165221047445 0.0 0.0 0.0 0.505541717971113 0.8628021623702711
1629013285.932733774 4.02974454569786 -2.589720212816849 0.0 0.0 0.0 0.4834091284378565 0.8753945479285052
1629013286.233335018 3.913327455327474 -2.894299959144752 0.0 0.0 0.0 0.6098878973237429 0.7924876987676361
1629013286.233335018 3.9136835707901936 -2.8955007919227707 0.0 0.0 0.0 0.6098878806976205 0.7924877115628766
1629013286.233335018 3.9137389795975803 -2.8950254317930275 0.0 0.0 0.0 0.6098878708321097 0.7924877191552409
1629013286.233335018 3.914372428638782 -2.8955628984763737 0.0 0.0 0.0 0.6098878949876317 0.792487700565476
1629013286.233335018 3.974873587324009 -2.7018639347877516 0.0 0.0 0.0 0.5481747848542154 0.8363637995812795
1629013286.233335018 3.975120912865701 -2.700650363796056 0.0 0.0 0.0 0.5481747731267417 0.8363638072677735
1629013287.335497141 3.776207858999822 -3.2035444201600414 0.0 0.0 0.0 0.7130543838024732 0.7011087260475904
1629013287.335497141 3.7767049149664285 -3.202166788991387 0.0 0.0 0.0 0.7130543938488254 0.701108715830066
1629013287.335497141 3.7772560637876693 -3.203664270008185 0.0 0.0 0.0 0.7130543810566553 0.7011087288401923
1629013287.335497141 3.777972460821788 -3.2025351334116867 0.0 0.0 0.0 0.7130544099630174 0.7011086994413157
1629013287.335497141 3.778071372767888 -3.2014147975761538 0.0 0.0 0.0 0.7130544230440576 0.7011086861373963
1629013287.335497141 3.915068773783197 -2.895849535265042 0.0 0.0 0.0 0.6098879119976364 0.7924876874748045
1629013288.238262653 3.6717840433005606 -3.6126313311795566 0.0 0.0 0.0 0.7813035026788919 0.6241512931186595
1629013288.238262653 3.775308895831776 -3.203141715974875 0.0 0.0 0.0 0.7130544201715137 0.7011086890588837
1629013288.238262653 3.775856353602928 -3.2045054631269414 0.0 0.0 0.0 0.7130543899067948 0.7011087198392619
1629013288.238262653 3.7762794231616184 -3.203503347688598 0.0 0.0 0.0 0.7130543980790925 0.7011087115277224
1629013288.238262653 3.7764975475711267 -3.204129638092424 0.0 0.0 0.0 0.713054420947598 0.7011086882695762
1629013288.238262653 3.7766212602543816 -3.203215342793101 0.0 0.0 0.0 0.7130543772554773 0.7011087327061356
1629013288.238262653 3.777044701462583 -3.2027311062110706 0.0 0.0 0.0 0.7130544419670372 0.7011086668919998
1629013289.139037371 3.6715214710079445 -3.9134074783229864 0.0 0.0 0.0 0.7909779914536614 0.6118446020321922
1629013289.139037371 3.7752127242063622 -3.201963428026439 0.0 0.0 0.0 0.7130543923600371 0.7011087173442206
1629013289.239264727 3.659837941222296 -3.9035452398116357 0.0 0.0 0.0 0.7864654286014753 0.6176343008728529
1629013289.239264727 3.774653556069595 -3.2012419881189884 0.0 0.0 0.0 0.7130544069616394 0.7011087024938322
1629013289.339389801 3.6477048526898974 -3.893249770590193 0.0 0.0 0.0 0.7810533985999981 0.6244642411983191
1629013289.339389801 3.775159349421602 -3.201474685985424 0.0 0.0 0.0 0.7130544165072035 0.7011086927856276
1629013289.339389801 3.7753446763396075 -3.2017149061290233 0.0 0.0 0.0 0.7130543920711725 0.701108717638007
1629013289.539778709 3.621595104047385 -3.820191841251996 0.0 0.0 0.0 0.763582648792474 0.6457101040428819
1629013289.539778709 3.775471970361676 -3.201172260336935 0.0 0.0 0.0 0.7130543739759997 0.7011087360414896
1629013289.539778709 3.775795449615691 -3.200686014649226 0.0 0.0 0.0 0.713054405033842 0.7011087044544759
1629013289.740151167 3.5977147213614433 -3.7305688350377513 0.0 0.0 0.0 0.7415085558213935 0.6709434116553133
1629013289.740151167 3.777054358648549 -3.200506218479863 0.0 0.0 0.0 0.7130544249360045 0.7011086842132138
1629013289.940553188 3.5744782883091615 -3.624727523541403 0.0 0.0 0.0 0.7155703835592365 0.6985406403158567
1629013289.940553188 3.5754324938958963 -3.6235257977602613 0.0 0.0 0.0 0.7155704112719198 0.698540611927564
1629013289.940553188 3.597516645086766 -3.7300553725831707 0.0 0.0 0.0 0.7415085540513636 0.6709434136115028
1629013289.940553188 3.598371437241963 -3.7289635349985266 0.0 0.0 0.0 0.7415085531596223 0.6709434145970312
1629013290.241132259 3.5546784387956247 -3.4422640837946172 0.0 0.0 0.0 0.6708089448252315 0.7416302040386837
1629013290.241132259 3.5553495310423253 -3.4415274206042437 0.0 0.0 0.0 0.6708089443385435 0.7416302044788958
1629013290.241132259 3.5562977179897772 -3.4410164051955294 0.0 0.0 0.0 0.6708089584935095 0.7416301916756444
1629013290.241132259 3.575096474574188 -3.623209454654933 0.0 0.0 0.0 0.7155704213634634 0.6985406015899973
1629013290.642004013 3.553981422507257 -3.4407531100720736 0.0 0.0 0.0 0.6708089628109892 0.741630187770458
1629013290.642004013 3.55531632511333 -3.441244817390672 0.0 0.0 0.0 0.6708089853819102 0.7416301673549237
1629013290.642004013 3.555406363896961 -3.4407447951383165 0.0 0.0 0.0 0.6708089655934892 0.7416301852536701
1629013290.642004013 3.583689050285956 -3.1828732758095892 0.0 0.0 0.0 0.6051531819300143 0.7961090543386496
1629013290.942499161 3.582835051917487 -3.1826096284376018 0.0 0.0 0.0 0.6051531987327036 0.7961090415662775
1629013290.942499161 3.63761720830934 -2.976793149486451 0.0 0.0 0.0 0.5519347886504405 0.8338872760016149
1629013291.042703152 3.582583023953055 -3.1822742345018606 0.0 0.0 0.0 0.6051531744381988 0.7961090600334674
1629013291.042703152 3.6374983797605576 -2.976305237034964 0.0 0.0 0.0 0.5519347911764247 0.833887274329712
1629013291.042703152 3.660052784432941 -2.904424686509874 0.0 0.0 0.0 0.5333040581178937 0.8459236263369089
1629013291.042703152 3.661045616978024 -2.9033447146523166 0.0 0.0 0.0 0.5333040432817503 0.8459236356902063
1629013291.042703152 3.6617137120657435 -2.9031081048174414 0.0 0.0 0.0 0.5333040240979089 0.8459236477844658
1629013291.042703152 3.6618671099208897 -2.903612936973614 0.0 0.0 0.0 0.5333040128305765 0.8459236548878417
1629013291.643872261 3.6587744695496442 -2.9042294800256006 0.0 0.0 0.0 0.5333040450611336 0.8459236345684121
1629013291.643872261 3.6595334308653267 -2.9040445879521504 0.0 0.0 0.0 0.533304033614168 0.8459236417850363
1629013291.643872261 3.755140428545635 -2.7854280427151252 0.0 0.0 0.0 0.4655153889943416 0.8850397858906948
1629013291.643872261 3.7553570139361363 -2.784973384970144 0.0 0.0 0.0 0.46551540525749024 0.8850397773365639
1629013291.643872261 3.756354562657178 -2.783872751876319 0.0 0.0 0.0 0.4655153768206608 0.885039792293837
1629013291.944457531 3.754607146973477 -2.783884349515999 0.0 0.0 0.0 0.46551542122487194 0.885039768938001
1629013291.944457531 3.8701997142866817 -2.63374803637136 0.0 0.0 0.0 0.4116548847515621 0.911339813604222
1629013292.144999266 3.871288580406868 -2.633256471092774 0.0 0.0 0.0 0.41165487768942705 0.9113398167942093
1629013292.144999266 3.8717778840913453 -2.634440392732927 0.0 0.0 0.0 0.4116548899586722 0.911339811252155
1629013292.144999266 3.9530305596194606 -2.518911809137977 0.0 0.0 0.0 0.3808953628411483 0.9246181495980436
1629013292.345243454 3.9522375132837677 -2.5176845376413493 0.0 0.0 0.0 0.38089531592405484 0.9246181689254838
1629013292.345243454 3.9540124717300418 -2.517155679657702 0.0 0.0 0.0 0.3808953644970726 0.9246181489158875
1629013292.345243454 4.046093154483212 -2.4275859892129543 0.0 0.0 0.0 0.3657284381126213 0.9307216069027852
1629013292.445479393 3.954129330513049 -2.5161303528962837 0.0 0.0 0.0 0.38089530172611574 0.9246181747743072
1629013292.445479393 4.0474108015335455 -2.4282369337013434 0.0 0.0 0.0 0.36572840278309415 0.9307216207855745
1629013292.445479393 4.04831410658561 -2.4269617226476607 0.0 0.0 0.0 0.36572840496698295 0.9307216199274123
1629013292.445479393 4.098304752103056 -2.37820376860349 0.0 0.0 0.0 0.3657284766091458 0.9307215917755177
1629013292.445479393 4.099426021821027 -2.3780043066917473 0.0 0.0 0.0 0.3657284665698747 0.9307215957204646
1629013292.445479393 4.1004953766752905 -2.377880386234269 0.0 0.0 0.0 0.36572845467820714 0.9307216003933134
1629013293.047432423 4.101914613104933 -2.3789755791189724 0.0 0.0 0.0 0.3657284487099054 0.9307216027385665
1629013293.047432423 4.261372976447528 -2.300540162883485 0.0 0.0 0.0 0.4353146002811476 0.9002784007083946
1629013293.247035027 4.261260646407729 -2.301087120261998 0.0 0.0 0.0 0.43531457530427153 0.9002784127855459
1629013293.247035027 4.261521906569562 -2.301409470714716 0.0 0.0 0.0 0.4353146001714691 0.9002784007614277
1629013293.247035027 4.346279901217291 -2.19976089013917 0.0 0.0 0.0 0.47556017499075603 0.8796831929523046
1629013293.247035027 4.347709338219364 -2.2009214931455086 0.0 0.0 0.0 0.47556018025330954 0.8796831901073475
1629013293.247035027 4.347845671231435 -2.1989760529181797 0.0 0.0 0.0 0.4755601661690288 0.8796831977213647
1629013293.247035027 4.348747316608611 -2.2004756828692544 0.0 0.0 0.0 0.47556017144213975 0.8796831948707005
1629013293.848223686 4.347081938168992 -2.1989323027139718 0.0 0.0 0.0 0.47556020019506984 0.8796831793267534
1629013293.848223686 4.347108093205716 -2.1986158076745466 0.0 0.0 0.0 0.4755602169095334 0.8796831702908483
1629013293.848223686 4.470064346043198 -2.0537327602876014 0.0 0.0 0.0 0.5737450096832055 0.8190339821177254
1629013293.848223686 4.470346869655404 -2.054366704164484 0.0 0.0 0.0 0.5737450286915713 0.8190339688020931
1629013293.848223686 4.470589085207032 -2.0538838550462906 0.0 0.0 0.0 0.5737449841194381 0.8190340000255091
1629013294.248976707 4.470339773062903 -2.0548574567771123 0.0 0.0 0.0 0.5737449995700931 0.819033989202105
1629013294.248976707 4.470555209866454 -2.0546068887093996 0.0 0.0 0.0 0.5737450247699535 0.8190339715492425
1629013294.248976707 4.519801431208995 -1.9250980269877946 0.0 0.0 0.0 0.611299454679278 0.7913993787644878
1629013294.248976707 4.520460360160532 -1.925553480999029 0.0 0.0 0.0 0.6112994480538401 0.7913993838821651
1629013294.449362993 4.521442122132523 -1.9239303645986385 0.0 0.0 0.0 0.6112994606618728 0.7913993741433609
1629013294.449362993 4.536147628427164 -1.8805181369862056 0.0 0.0 0.0 0.6191729956227076 0.7852546093412012
1629013294.549557686 4.531871331056578 -1.874691589251831 0.0 0.0 0.0 0.62217842052268 0.7828754773499442
1629013294.549557686 4.532490931797757 -1.8742636496196647 0.0 0.0 0.0 0.6221784234223119 0.7828754750455058
1629013294.549557686 4.532542313728058 -1.8736430038199463 0.0 0.0 0.0 0.6221784144410153 0.7828754821832551
1629013294.549557686 4.5327462786103085 -1.874038105427751 0.0 0.0 0.0 0.622178438661379 0.7828754629344878
1629013294.549557686 4.533121726678187 -1.874071344107916 0.0 0.0 0.0 0.6221783778929955 0.7828755112292382
1629013294.549557686 4.53518560418207 -1.8805941031196207 0.0 0.0 0.0 0.6191730218552208 0.7852545886568726
1629013295.150742054 4.5326341108889805 -1.8743964234972037 0.0 0.0 0.0 0.6221783803605213 0.7828755092682096
1629013295.150742054 4.535851373438179 -1.8641039717333607 0.0 0.0 0.0 0.6319277953583572 0.7750272649742886
1629013295.250942469 4.5316832023550475 -1.8745528689762074 0.0 0.0 0.0 0.6221783711187729 0.7828755166129482
1629013295.250942469 4.532819929805981 -1.8745166938043791 0.0 0.0 0.0 0.6221783814407051 0.78287550840975
1629013295.250942469 4.537563559863593 -1.863672627567945 0.0 0.0 0.0 0.6330385374815908 0.7741202813924775
1629013295.351131916 4.537440604366799 -1.8632785975038835 0.0 0.0 0.0 0.6340109597932203 0.7733240607029368
1629013295.351131916 4.537468068954035 -1.8637588975628328 0.0 0.0 0.0 0.631927758151759 0.7750272953111342
1629013295.351131916 4.5375936294608 -1.8629672341220276 0.0 0.0 0.0 0.6340109321722585 0.7733240833480255
1629013295.351131916 4.537654772439565 -1.8636143345172584 0.0 0.0 0.0 0.6330385236343156 0.7741202927161166
1629013295.651784420 4.53581362234222 -1.8615835474182911 0.0 0.0 0.0 0.6361025106024133 0.7716045593471482
1629013295.651784420 4.536012976810106 -1.8614197828647996 0.0 0.0 0.0 0.6361024971124267 0.771604570468148
1629013295.651784420 4.536556147332051 -1.861331939133148 0.0 0.0 0.0 0.6361025331254349 0.7716045407794105
1629013295.651784420 4.536897129932617 -1.862059046850364 0.0 0.0 0.0 0.6361025180942396 0.771604553170967
1629013295.651784420 4.537061482865269 -1.8619754788893075 0.0 0.0 0.0 0.6361025054948889 0.7716045635577363
1629013295.651784420 4.537965632068166 -1.8629850941788004 0.0 0.0 0.0 0.634010932550546 0.7733240830378859
1629013296.152692318 4.531640877389308 -1.8597241940697924 0.0 0.0 0.0 0.6388121500752026 0.7693627472891424
1629013296.152692318 4.535651530878186 -1.8614952752320535 0.0 0.0 0.0 0.6361025136013493 0.7716045568748575
1629013296.252875090 4.531649968703387 -1.8572354883334237 0.0 0.0 0.0 0.6388121616662521 0.7693627376649392
1629013296.252875090 4.535653510780848 -1.8591406852443546 0.0 0.0 0.0 0.6401260985432639 0.7682698601167299
1629013296.453254938 4.535870048858503 -1.8596554580458582 0.0 0.0 0.0 0.6401261323418664 0.7682698319555723
1629013296.453254938 4.536295801958503 -1.860511576291616 0.0 0.0 0.0 0.6401261058520518 0.768269854027013
1629013296.453254938 4.536651485569758 -1.8611085072050195 0.0 0.0 0.0 0.6422081641083023 0.7665302824759397
1629013296.453254938 4.53671832377667 -1.8594883499380968 0.0 0.0 0.0 0.6422081455996204 0.7665302979827325
1629013296.753854752 4.5311227956514815 -1.858730979763145 0.0 0.0 0.0 0.6455209225090678 0.7637425866108568
1629013296.753854752 4.531586863535261 -1.8574374025194733 0.0 0.0 0.0 0.6455209337499453 0.7637425771099832
1629013296.753854752 4.536095163762525 -1.8605089794793725 0.0 0.0 0.0 0.642208173122234 0.7665302749239606
1629013296.753854752 4.536138138669433 -1.8617865445172896 0.0 0.0 0.0 0.6422081519263966 0.7665302926820846
1629013297.054462671 4.529076015699752 -1.8580942720771068 0.0 0.0 0.0 0.6489017977537771 0.760872168548644
1629013297.054462671 4.530884565465858 -1.8577249198666477 0.0 0.0 0.0 0.6455209325145571 0.7637425781541426
1629013297.154661655 4.527923032422034 -1.8582903409096405 0.0 0.0 0.0 0.6504546571527486 0.7595450868699634
1629013297.154661655 4.530110197445788 -1.8574723118732852 0.0 0.0 0.0 0.6455209444589695 0.7637425680586358
1629013297.254834890 4.525702487805799 -1.8562822207722378 0.0 0.0 0.0 0.6520321983510825 0.7581912768645223
1629013297.254834890 4.525781933909921 -1.8560948605316312 0.0 0.0 0.0 0.6520321766937293 0.7581912954894942
1629013297.254834890 4.527237306621573 -1.8570428843832156 0.0 0.0 0.0 0.6504546610484682 0.7595450835337705
1629013297.254834890 4.529813475759993 -1.857799438111174 0.0 0.0 0.0 0.6489017892186534 0.7608721758277341
1629013297.555447102 4.5155685155544285 -1.8541168351964452 0.0 0.0 0.0 0.6553449497736779 0.7553297272093398
1629013297.555447102 4.523304110882041 -1.8561172253714497 0.0 0.0 0.0 0.6520321953826153 0.7581912794173559
1629013297.555447102 4.523828514049593 -1.8570357617369897 0.0 0.0 0.0 0.6520321865295362 0.7581912870308601
1629013297.755830765 4.511025775431825 -1.8520680213145164 0.0 0.0 0.0 0.6575627322759605 0.7533997963377569
1629013297.755830765 4.514676970467076 -1.8544160037660589 0.0 0.0 0.0 0.6553450004655423 0.755329683227674
1629013297.856037855 4.511651205374608 -1.8529725718325385 0.0 0.0 0.0 0.6591382192588419 0.7520218134550906
1629013297.856037855 4.515226689025149 -1.85484094609575 0.0 0.0 0.0 0.6553450036748742 0.7553296804431685
1629013297.956216335 4.510025094457457 -1.8528476160065754 0.0 0.0 0.0 0.6575627226414428 0.7533998047467049
1629013297.956216335 4.510512532131539 -1.8538246046043905 0.0 0.0 0.0 0.6607530031975907 0.750603403113365
1629013298.056957483 4.508906849280783 -1.8520379259213626 0.0 0.0 0.0 0.6622004712628322 0.7493267217037458
1629013298.056957483 4.51099423004359 -1.8533267686402033 0.0 0.0 0.0 0.6591382367214472 0.7520217981493232
1629013298.156583786 4.509116137351898 -1.8516011279009281 0.0 0.0 0.0 0.6633781921284363 0.7482842870249298
1629013298.156583786 4.511582583486054 -1.8536845502727168 0.0 0.0 0.0 0.6607529774869638 0.7506034257463204
1629013298.156583786 4.5117969087439445 -1.8543648664919692 0.0 0.0 0.0 0.660752990284505 0.7506034144806997
1629013298.356981039 4.508072311502282 -1.8515482576124804 0.0 0.0 0.0 0.6622004732405475 0.7493267199559848
1629013298.356981039 4.5089564007418135 -1.851536988672733 0.0 0.0 0.0 0.6656385994200589 0.746274249161863
1629013298.356981039 4.509728046974092 -1.8517754043397774 0.0 0.0 0.0 0.663378221723259 0.7482842607881625
1629013298.557417154 4.504360468277746 -1.8530094267797197 0.0 0.0 0.0 0.6676196215660106 0.7445025459325554
1629013298.557417154 4.504996905263754 -1.8530173514952064 0.0 0.0 0.0 0.66761963394813 0.7445025348291066
1629013298.557417154 4.505705314211378 -1.8524976185014659 0.0 0.0 0.0 0.6676196805047833 0.7445024930802389
1629013298.557417154 4.507505315880039 -1.851839199488324 0.0 0.0 0.0 0.665638645867957 0.7462742077327024
1629013298.557417154 4.508895213254494 -1.8511166467419944 0.0 0.0 0.0 0.6656386367469825 0.7462742158681477
1629013298.958150387 4.50005021787898 -1.8519629698074893 0.0 0.0 0.0 0.6706284218427531 0.7417934482163471
1629013298.958150387 4.505298312438594 -1.8527736816106446 0.0 0.0 0.0 0.6676196991109843 0.7445024763954508
1629013298.958150387 4.505679319085895 -1.853371857809239 0.0 0.0 0.0 0.667619672346102 0.7445025003963945
1629013299.158659935 4.499011567629795 -1.8525223581091355 0.0 0.0 0.0 0.6724599434791917 0.7401335179654832
1629013299.158659935 4.499267846107319 -1.8513786513048918 0.0 0.0 0.0 0.6706284407653478 0.7417934311091184
1629013299.158659935 4.500181678990318 -1.8508620281284571 0.0 0.0 0.0 0.6706284702132225 0.7417934044863657
1629013299.358932257 4.499530001464466 -1.8506237366350637 0.0 0.0 0.0 0.6744736840971493 0.7382988889741192
1629013299.358932257 4.4995625130009 -1.8511067250458146 0.0 0.0 0.0 0.6744736839964535 0.73829888906611
1629013299.358932257 4.499594336102996 -1.8508292666558908 0.0 0.0 0.0 0.6724599605911141 0.7401335024181768
1629013299.358932257 4.499719500825255 -1.8506807523617659 0.0 0.0 0.0 0.6744736552194615 0.7382989153553587
1629013299.358932257 4.499723585458793 -1.8504466441536553 0.0 0.0 0.0 0.6724599534764534 0.7401335088823139
1629013299.759720087 4.497648687633493 -1.8492028141011638 0.0 0.0 0.0 0.6782286080219602 0.7348509748653765
1629013299.759720087 4.497880538888823 -1.8498537240361683 0.0 0.0 0.0 0.6782285947780446 0.7348509870888102
1629013299.759720087 4.499849332925199 -1.850558046689449 0.0 0.0 0.0 0.674473683330608 0.7382988896743938
1629013299.759720087 4.500607656185587 -1.8506259183404445 0.0 0.0 0.0 0.6744736602036937 0.7382989108020087
1629013300.060306549 4.495327603203735 -1.8507538647146606 0.0 0.0 0.0 0.6809594568393292 0.7323211168204052
1629013300.060306549 4.497848376505379 -1.8506427538351815 0.0 0.0 0.0 0.678228597189075 0.7348509848635568
1629013300.160758972 4.492028921777003 -1.850457128631623 0.0 0.0 0.0 0.6823315932131861 0.7310428146854021
1629013300.160758972 4.492850676102129 -1.849328550658579 0.0 0.0 0.0 0.6823315345786422 0.7310428694129745
1629013300.160758972 4.495074074270538 -1.8500898791355638 0.0 0.0 0.0 0.6809594363833079 0.7323211358417341
1629013300.361333370 4.491407827019877 -1.8534414463511377 0.0 0.0 0.0 0.6840646551589147 0.7294213786024613
1629013300.361333370 4.491998919813172 -1.8525764182977464 0.0 0.0 0.0 0.6823315718597109 0.7310428346160408
1629013300.461078167 4.491607752779643 -1.8543583034973095 0.0 0.0 0.0 0.6840646841281519 0.7294213514345819
1629013300.461078167 4.491873543410167 -1.8542666592185522 0.0 0.0 0.0 0.6840646800240426 0.7294213552834905
1629013300.461078167 4.492057345816647 -1.85477508275598 0.0 0.0 0.0 0.6844207995804076 0.7290872163889006
1629013300.461078167 4.492323968427061 -1.8556389659954995 0.0 0.0 0.0 0.6844208129041188 0.729087203881446
1629013300.461078167 4.493038345483839 -1.8572087321779853 0.0 0.0 0.0 0.684420845827513 0.7290871729750509
1629013300.461078167 4.493100066081017 -1.8571216276844784 0.0 0.0 0.0 0.6844208647949792 0.7290871551695948
1629013300.962058544 4.491961720731157 -1.8587749343488147 0.0 0.0 0.0 0.6832802549012005 0.7301562115480157
1629013300.962058544 4.492028181648445 -1.8596095077616563 0.0 0.0 0.0 0.6832802829129672 0.7301561853346006
1629013300.962058544 4.492143034293792 -1.8589688272536897 0.0 0.0 0.0 0.6832803190014658 0.7301561515629756
1629013300.962058544 4.492403122289423 -1.858405198007512 0.0 0.0 0.0 0.684420866830092 0.7290871532591597
1629013300.962058544 4.493328506252034 -1.8582167762247594 0.0 0.0 0.0 0.6832802983046058 0.7301561709311022
1629013301.362841129 4.494205949300405 -1.8574298751752234 0.0 0.0 0.0 0.683280332877362 0.7301561385779081
1629013301.362841129 4.495392796402975 -1.8572062802785798 0.0 0.0 0.0 0.6832803187092714 0.7301561518364112
1629013301.362841129 4.496579489795682 -1.8591676323874031 0.0 0.0 0.0 0.6836367443851926 0.7298224453429852
1629013301.362841129 4.496773880091163 -1.858191674760082 0.0 0.0 0.0 0.6836367409450739 0.7298224485654015
1629013301.362841129 4.497189110427525 -1.8577124821901265 0.0 0.0 0.0 0.6836367180701654 0.7298224699927053
1629013301.362841129 4.497198713793035 -1.8580645286156154 0.0 0.0 0.0 0.6836367327208926 0.7298224562691277
1629013301.863822460 4.496932335526794 -1.8590772755620855 0.0 0.0 0.0 0.6836367375337816 0.7298224517608152
1629013301.863822460 4.4970002287878 -1.858922798723978 0.0 0.0 0.0 0.6836367684861672 0.7298224227672034
1629013301.863822460 4.497366180149802 -1.8588394568224218 0.0 0.0 0.0 0.6836367461160807 0.7298224437216339
1629013301.863822460 4.497436380601847 -1.8587702627125797 0.0 0.0 0.0 0.6836367450972637 0.7298224446759766
1629013302.164443970 4.49625087256537 -1.8576709215032672 0.0 0.0 0.0 0.6836368167350001 0.7298223775717184
1629013302.164443970 4.496257245681622 -1.8579880085036176 0.0 0.0 0.0 0.683636764364038 0.7298224266284702
1629013302.164443970 4.4964018069469605 -1.8581483657598692 0.0 0.0 0.0 0.6836367589027653 0.7298224317441349
1629013302.164443970 4.496669730157895 -1.8572012278104313 0.0 0.0 0.0 0.6836367857618809 0.7298224065847555
1629013302.164443970 4.497115336851607 -1.8584131968307132 0.0 0.0 0.0 0.6836367729196541 0.7298224186142828
1629013302.164443970 4.497127646006931 -1.8574346206813592 0.0 0.0 0.0 0.6836368035136194 0.7298223899564065
1629013302.665424824 4.496364835248439 -1.857109233528011 0.0 0.0 0.0 0.6836368270802495 0.7298223678811502
1629013302.665424824 4.496504228485309 -1.8562497828152267 0.0 0.0 0.0 0.6845448669744113 0.7289707299329552
1629013302.865775824 4.4956909040741895 -1.855845457369103 0.0 0.0 0.0 0.684722820400452 0.7288035806874513
1629013302.865775824 4.4960498405346385 -1.856026954515655 0.0 0.0 0.0 0.6845448644559063 0.7289707322979742
1629013302.865775824 4.496188485779418 -1.8554331174677643 0.0 0.0 0.0 0.684722868558997 0.7288035354417118
1629013302.865775824 4.496276480674836 -1.855930770360746 0.0 0.0 0.0 0.6847228448448118 0.7288035577215769
1629013302.865775824 4.496440628299562 -1.8560829957073566 0.0 0.0 0.0 0.6847228248536753 0.7288035765035755
1629013302.865775824 4.497053753977305 -1.8565628488138028 0.0 0.0 0.0 0.6845448823296248 0.7289707155135384
1629013303.867745638 4.494241661714865 -1.85762634579285 0.0 0.0 0.0 0.6849007700873154 0.728636353151421
1629013303.867745638 4.494478192863827 -1.8572044259243434 0.0 0.0 0.0 0.6849007792132935 0.7286363445732195
1629013303.867745638 4.495471031590731 -1.8569894379841319 0.0 0.0 0.0 0.6847228678436321 0.7288035361138089
1629013303.867745638 4.496013266301747 -1.8569523419063907 0.0 0.0 0.0 0.6847228669343566 0.7288035369680881
1629013304.068133831 4.494098749674391 -1.858257199835341 0.0 0.0 0.0 0.6847228918493738 0.7288035135600203
1629013304.068133831 4.4944327076592065 -1.857295882645651 0.0 0.0 0.0 0.6849007946749621 0.7286363300396196
1629013304.168321133 4.493129668447941 -1.85975839377476 0.0 0.0 0.0 0.6847228743985062 0.7288035299553971
1629013304.168321133 4.49335706458002 -1.8591981648601896 0.0 0.0 0.0 0.6847228852257339 0.7288035197830389
1629013304.168321133 4.494036018212001 -1.8589061900459893 0.0 0.0 0.0 0.684722907486041 0.7288034988691139
1629013304.168321133 4.4942700352322005 -1.8586340971685957 0.0 0.0 0.0 0.6847228798157211 0.7288035248658348
1629013304.370109081 4.493000023441148 -1.8568131372949734 0.0 0.0 0.0 0.684366985884511 0.729137729534928
1629013304.370109081 4.493236105881211 -1.8558514218580635 0.0 0.0 0.0 0.6843669649793112 0.7291377491564994
1629013304.370109081 4.493571029694235 -1.8555814973253446 0.0 0.0 0.0 0.6843670276616781 0.7291376903229732
1629013304.370109081 4.493879283885102 -1.8575634942159978 0.0 0.0 0.0 0.6843669584238394 0.7291377553094497
1629013304.769490957 4.493366799287789 -1.85616831912938 0.0 0.0 0.0 0.683879276328283 0.7295951859824076
1629013304.769490957 4.493589049532685 -1.8554933092774892 0.0 0.0 0.0 0.6838792790151738 0.7295951834638754
1629013304.769490957 4.493630813992315 -1.855328415191352 0.0 0.0 0.0 0.684366996841672 0.7291377192505617
1629013304.769490957 4.493728963201207 -1.8557656066561956 0.0 0.0 0.0 0.6843669482446516 0.7291377648636109
1629013304.769490957 4.494149519583288 -1.8558004851184626 0.0 0.0 0.0 0.6838793239935786 0.7295951413037822
1629013304.769490957 4.494753702110069 -1.8563904204967672 0.0 0.0 0.0 0.6838793041186304 0.7295951599333824
1629013305.271343708 4.492834481260987 -1.8569585212946957 0.0 0.0 0.0 0.6838792639054866 0.7295951976268004
1629013305.271343708 4.493076920236025 -1.8569012730924424 0.0 0.0 0.0 0.6833157334002525 0.7301230091482359
1629013305.470873833 4.492888200912035 -1.858848355384238 0.0 0.0 0.0 0.6834417513582014 0.7300050496403668
1629013305.470873833 4.493247383874183 -1.8573445243922506 0.0 0.0 0.0 0.6833157480584328 0.7301229954297731
1629013305.571066380 4.49265969174883 -1.857925588604538 0.0 0.0 0.0 0.6834417402151993 0.7300050600726135
1629013305.571066380 4.49302524819268 -1.8576669615530432 0.0 0.0 0.0 0.6836599659860358 0.7298006925921434
1629013305.571066380 4.493246842927804 -1.8585126835622927 0.0 0.0 0.0 0.683660010297313 0.7298006510823883
1629013305.571066380 4.493776798048698 -1.8581055129196824 0.0 0.0 0.0 0.6836599739959615 0.7298006850886352
1629013305.571066380 4.49385936439199 -1.858657778922567 0.0 0.0 0.0 0.6836599534250554 0.7298007043589717
1629013305.571066380 4.493874507004903 -1.8584012885077372 0.0 0.0 0.0 0.6833157363343356 0.7301230064022532
1629013306.072058678 4.491626067910983 -1.8579891923868876 0.0 0.0 0.0 0.6831558584338878 0.730272601901138
1629013306.072058678 4.492706236137716 -1.8584791280649255 0.0 0.0 0.0 0.6836599887612932 0.7298006712568224
1629013306.172584057 4.491165778091861 -1.859063026765838 0.0 0.0 0.0 0.6828739261756869 0.730536242050593
1629013306.172584057 4.492888496430114 -1.8578697872002086 0.0 0.0 0.0 0.6836599695497161 0.7298006892537724
1629013306.272438526 4.491829301139305 -1.858947098027731 0.0 0.0 0.0 0.6831558750461894 0.7302725863606516
1629013306.272438526 4.4921621860427745 -1.8583981221582573 0.0 0.0 0.0 0.6828739249072016 0.7305362432363186
1629013306.272438526 4.492306212187659 -1.8576196575457509 0.0 0.0 0.0 0.683659991249654 0.7298006689257848
1629013306.272438526 4.492665608703284 -1.8570205108691067 0.0 0.0 0.0 0.682540207664452 0.7308480450280802
1629013306.575726032 4.490431405125823 -1.8596314656249988 0.0 0.0 0.0 0.6820198265463229 0.7313336832101497
1629013306.575726032 4.490600716144949 -1.8607606486701886 0.0 0.0 0.0 0.6820198128061287 0.7313336960238419
1629013306.575726032 4.490654133220466 -1.857109284399767 0.0 0.0 0.0 0.6825401809428996 0.7308480699833817
1629013306.575726032 4.490656914127605 -1.8622155837142296 0.0 0.0 0.0 0.682019773846917 0.7313337323560293
1629013306.575726032 4.490822625507663 -1.8620611783955778 0.0 0.0 0.0 0.6820197618765016 0.7313337435192774
1629013306.575726032 4.491677362020788 -1.8564007791899573 0.0 0.0 0.0 0.6825401875227067 0.7308480638384892
1629013306.575726032 4.492066701736336 -1.857750363367566 0.0 0.0 0.0 0.6825402026515915 0.7308480497095988
1629013307.374596596 4.4896349144260865 -1.8628527646006017 0.0 0.0 0.0 0.6821982649414245 0.7311672362126943
1629013307.374596596 4.490376955120546 -1.8627006222710996 0.0 0.0 0.0 0.6821983025880897 0.7311672010873637
1629013307.374596596 4.490478105706338 -1.8626394828891624 0.0 0.0 0.0 0.6821982863008875 0.7311672162837529
1629013307.374596596 4.490645519731145 -1.8635035021957809 0.0 0.0 0.0 0.6820197937612118 0.7313337137845581
1629013307.374596596 4.491459395768683 -1.8625176512102781 0.0 0.0 0.0 0.6820197735615409 0.7313337326221624
1629013307.374596596 4.491855076956483 -1.8634215277872994 0.0 0.0 0.0 0.6820197757871015 0.7313337305466717
1629013307.975763083 4.490485174765692 -1.8641489820319506 0.0 0.0 0.0 0.6821982420768672 0.7311672575459272
1629013307.975763083 4.492833622437817 -1.8656608878977434 0.0 0.0 0.0 0.6827335157637935 0.730667466398231
1629013308.075963020 4.490531888006296 -1.8656120666509044 0.0 0.0 0.0 0.6821982216132191 0.7311672766390473
1629013308.075963020 4.492577015522297 -1.8678563279488667 0.0 0.0 0.0 0.6829519525297837 0.730463298554935
1629013308.075963020 4.492630106164615 -1.8673731715484545 0.0 0.0 0.0 0.6829519497111702 0.7304633011902181
1629013308.075963020 4.49288412866965 -1.8660844922129147 0.0 0.0 0.0 0.6827335189636464 0.7306674634082978
1629013308.476742268 4.4924675164062275 -1.867018248857748 0.0 0.0 0.0 0.6829519517021668 0.7304632993287213
1629013308.476742268 4.492975903233304 -1.8657232324484812 0.0 0.0 0.0 0.6830780530944979 0.7303453795161782
1629013308.577086210 4.492805786128012 -1.8660726449436489 0.0 0.0 0.0 0.6833599193274952 0.7300816534174238
1629013308.577086210 4.493078892215708 -1.866218565994585 0.0 0.0 0.0 0.6830780457318667 0.7303453864023061
1629013308.577086210 4.493244967126075 -1.867211107668628 0.0 0.0 0.0 0.682951960393309 0.730463291202875
1629013308.777350664 4.492223795641805 -1.8660328357829872 0.0 0.0 0.0 0.6830263231748832 0.730393758085459
1629013308.777350664 4.492444150192753 -1.8654225407063239 0.0 0.0 0.0 0.6830263944483905 0.7303936914341688
1629013308.777350664 4.4926168821524675 -1.8652447488859263 0.0 0.0 0.0 0.683359900120038 0.7300816713956951
1629013308.777350664 4.4928612040554174 -1.8650436000345825 0.0 0.0 0.0 0.6830263008147024 0.7303937789955386
1629013308.777350664 4.492997287547383 -1.8647538514475217 0.0 0.0 0.0 0.6830264084454732 0.7303936783448208
1629013308.777350664 4.4936656614868475 -1.865611103641363 0.0 0.0 0.0 0.683026299991777 0.7303937797650957
