1629013127.723922968 0.0011815914916647942 0.0006686243958966563 0.0 0.0 0.0 -1.6672265948780047e-08 0.9999999999999999
1629013127.723922968 0.00044561855783439787 0.001919863439399145 0.0 0.0 0.0 -1.9258910263709178e-08 0.9999999999999998
1629013127.723922968 0.0007917421963268849 0.0013587128771126553 0.0 0.0 0.0 -2.2499453018492354e-08 0.9999999999999998
1629013127.723922968 0.0005475809069900952 0.0024334402684439704 0.0 0.0 0.0 -2.629294331382259e-08 0.9999999999999997
1629013127.723922968 -0.003300711203296192 -0.005653022976551299 0.0 0.0 0.0 -1.0342465294858698e-07 0.9999999999999947
1629013128.224887848 0.0005377216878671016 0.005623579520685636 0.0 0.0 0.0 -2.1249101493770295e-07 0.9999999999999775
1629013128.224887848 0.0004197423009820522 0.0003211371269799526 0.0 0.0 0.0 -8.897967790400131e-08 0.999999999999996
1629013128.325093031 0.0020478349625867886 0.0021493319071294588 0.0 0.0 0.0 8.607080195973405e-08 0.9999999999999963
1629013128.325093031 0.003326121175049537 0.0020357917084218775 0.0 0.0 0.0 0.0005179767437077334 0.9999998658500375
1629013128.425327301 0.002602126098231597 -0.004763810236023462 0.0 0.0 0.0 0.000517956038459478 0.9999998658607621
1629013128.425327301 0.0025566023527769256 -0.0022814437804986516 0.0 0.0 0.0 -0.000395488859382846 0.999999921794278
1629013128.525490284 -0.005527878657042777 0.004919994451886171 0.0 0.0 0.0 -0.00039552322178358374 0.9999999217806874
1629013128.525490284 -0.006063263474734572 0.004457945732784648 0.0 0.0 0.0 0.00012237140675933116 0.9999999925126194
1629013128.625700474 -0.005794020426557477 -0.0008004738743673088 0.0 0.0 0.0 0.00012239565285510914 0.9999999925096521
1629013128.625700474 -0.005757995399437978 -0.0017511406470916572 0.0 0.0 0.0 0.0008129688879165929 0.999999669540739
1629013128.625700474 -0.007010835664094841 0.006074369985475713 0.0 0.0 0.0 0.0008129375265160637 0.9999996695662344
1629013128.625700474 -0.006480058013042789 0.005905102661790478 0.0 0.0 0.0 0.0008129097709025276 0.9999996695887976
1629013128.926275730 0.007718522234676897 0.0008827976437652439 0.0 0.0 0.0 0.0008129459477140284 0.9999996695593885
1629013128.926275730 0.008653848350497371 0.0018555518674378798 0.0 0.0 0.0 0.00029507118738414433 0.9999999564664962
1629013128.926275730 0.009314380132552877 0.002010372407043359 0.0 0.0 0.0 0.00029501885205040015 0.9999999564819375
1629013128.926275730 0.010144406542371654 0.001921003658529597 0.0 0.0 0.0 0.0002950151430795747 0.9999999564830317
1629013128.926275730 0.010126610875189975 0.0015367955715529231 0.0 0.0 0.0 0.00029506793093247286 0.9999999564674571
1629013129.327075481 0.0068541948736637924 0.005864475027671833 0.0 0.0 0.0 0.0002948242373949205 0.9999999565393336
1629013129.327075481 0.007270645939345002 0.005975655733340935 0.0 0.0 0.0 0.0007176515244123429 0.9999997424881116
1629013129.327075481 0.006515555927234262 0.0061508391669811485 0.0 0.0 0.0 0.0007176227044252424 0.9999997425087939
1629013129.327075481 0.006924647372384776 0.008059561322770314 0.0 0.0 0.0 0.0007175837069481625 0.9999997425367786
1629013129.727863789 0.009568333926768842 0.001002297509131738 0.0 0.0 0.0 0.000717869126545209 0.9999997423319253
1629013129.727863789 -0.004047051831121944 -0.01165370346764201 0.0 0.0 0.0 0.0007177040393570984 0.9999997424504228
1629013129.727863789 -0.0036490991707730956 -0.011168185832807051 0.0 0.0 0.0 0.0007176619852333554 0.9999997424806043
1629013129.928267002 -0.011084493382849375 0.005917382962371898 0.0 0.0 0.0 0.0007178622064621832 0.999999742336893
1629013129.928267002 -0.011755067576277105 0.0062433279202944005 0.0 0.0 0.0 0.0007178568018482341 0.9999997423407728
1629013129.928267002 -0.012080738309266459 0.006490663179019302 0.0 0.0 0.0 0.0007178497605646963 0.9999997423458274
1629013129.928267002 -0.012740652056797993 0.007761740796259693 0.0 0.0 0.0 0.0007178594879119101 0.9999997423388446
1629013130.128615141 -0.012744448632771407 0.0070282671401430815 0.0 0.0 0.0 0.0007178146786808104 0.9999997423710103
1629013130.128615141 -0.013351066186696847 0.006321442659432944 0.0 0.0 0.0 0.000717839570374477 0.9999997423531424
1629013130.128615141 -0.015263046993396243 0.007122801097231285 0.0 0.0 0.0 0.0007178572180727381 0.9999997423404741
1629013130.128615141 -0.015141203089699072 0.0076357350434841514 0.0 0.0 0.0 0.0007178400933375481 0.999999742352767
1629013130.128615141 -0.014554525741188635 0.008720076811595279 0.0 0.0 0.0 0.0007178377390379294 0.999999742354457
1629013130.128615141 -0.013924952152636505 0.008947920816900878 0.0 0.0 0.0 0.0007178572430244276 0.9999997423404561
1629013130.729794502 -0.013847190013405137 0.009586049500052015 0.0 0.0 0.0 0.0007178177101289439 0.9999997423688344
1629013130.830001831 -0.01320577806039652 0.01092746483251417 0.0 0.0 0.0 0.0007178235291341367 0.9999997423646573
1629013130.830001831 -0.012470743666515256 0.011710790373893774 0.0 0.0 0.0 0.0007177850089136559 0.9999997423923073
1629013130.830001831 -0.012578485911802106 0.012449633590859975 0.0 0.0 0.0 0.000717767939219069 0.9999997424045596
1629013130.830001831 -0.012164617078759038 0.011603351696510361 0.0 0.0 0.0 0.0007177788640139098 0.999999742396718
1629013131.230769873 0.012641886828612647 0.00791989556089988 0.0 0.0 0.0 0.0007175393421182036 0.9999997425686131
1629013131.230769873 0.012773503244562561 0.006360213447164722 0.0 0.0 0.0 0.0007175303688109686 0.9999997425750518
1629013131.230769873 0.013329575886990443 0.006759822178496027 0.0 0.0 0.0 0.0007175294719211394 0.9999997425756953
1629013131.230769873 -0.012900195074101948 0.008257823137980002 0.0 0.0 0.0 0.0007177957305328959 0.9999997423846114
1629013131.230769873 -0.014362376885736952 0.012667103168980572 0.0 0.0 0.0 0.0007176617239406165 0.9999997424807918
1629013131.631546736 -0.014886374549478757 0.012215357816163301 0.0 0.0 0.0 0.0007176447473168159 0.9999997424929752
1629013131.731744289 0.0017407011496993793 -0.013752929883504733 0.0 0.0 0.0 0.0007177786141556377 0.9999997423968974
1629013131.831948757 -0.0013899590456545074 -0.013189654089695756 0.0 0.0 0.0 0.000717925839602922 0.9999997422912112
1629013131.831948757 -0.0009033531803311276 -0.01315219508403039 0.0 0.0 0.0 0.0007179162400356724 0.999999742298103
1629013130.729794502 -0.00017613381838318216 -0.013690604542924123 0.0 0.0 0.0 0.0014296604499628007 0.9999989780349767
1629013130.830001831 0.0007023919167996293 -0.015168459707097298 0.0 0.0 0.0 0.002600570027284335 0.9999966185120494
1629013131.230769873 0.04713975248900947 -0.020550876078078373 0.0 0.0 0.0 0.007141788091476011 0.9999744971062294
1629013131.631546736 0.11480723214928765 -0.02460447154926075 0.0 0.0 0.0 0.014620593554966537 0.9998931134096787
1629013131.731744289 0.11842943523902975 -0.031752533797948373 0.0 0.0 0.0 0.016276283020119044 0.9998675325317095
1629013131.831948757 0.1182033359559045 -0.03565920613062445 0.0 0.0 0.0 0.018002360193752755 0.9998379443827157
1629013131.831948757 0.12828253075103685 -0.008140227695768968 0.0 0.0 0.0 0.01800253007321772 0.9998379413239742
1629013131.831948757 0.12735202889230232 -0.008085799248636357 0.0 0.0 0.0 0.01800256537369833 0.9998379406883726
1629013132.533311367 0.12765147005295016 -0.007097150204958947 0.0 0.0 0.0 0.018002576783038942 0.9998379404829418
1629013132.533311367 0.1278501200111191 -0.008152319006721639 0.0 0.0 0.0 0.018002594293266075 0.9998379401676614
1629013132.533311367 0.15103089801310343 -0.02129007333930472 0.0 0.0 0.0 0.023246239475718675 0.9997297696629013
1629013132.533311367 0.151550312373962 -0.020535297183720724 0.0 0.0 0.0 0.023246231874756523 0.9997297698396428
1629013132.533311367 0.15212459231895425 -0.020204899191405685 0.0 0.0 0.0 0.02324628432046653 0.9997297686201467
1629013132.533311367 0.15084544412566644 -0.020214225845799592 0.0 0.0 0.0 0.02324626713879314 0.9997297690196646
1629013132.533311367 0.15099390809399016 -0.019997222720952976 0.0 0.0 0.0 0.023246276959765395 0.9997297687913018
1629013132.934135914 0.1659957711079565 -0.02250741492396649 0.0 0.0 0.0 0.02467982821103651 0.9996954066511828
1629013132.934135914 0.1664368434004625 -0.02138378910879402 0.0 0.0 0.0 0.024679879409078877 0.9996954053872376
1629013133.134488583 0.1667792006266803 -0.022343822588275022 0.0 0.0 0.0 0.024679876701733865 0.9996954054540749
1629013133.134488583 0.16725130427353244 -0.025088168866816807 0.0 0.0 0.0 0.024334722565818312 0.9997038667913837
1629013133.134488583 0.16785951829574955 -0.024426766968078665 0.0 0.0 0.0 0.024334698715884465 0.9997038673719368
1629013133.134488583 0.16769212427156782 -0.023508058859901582 0.0 0.0 0.0 0.024334688906998317 0.9997038676107038
1629013133.134488583 0.16831538011131295 -0.02403615322910906 0.0 0.0 0.0 0.024334694339758926 0.9997038674784601
1629013133.134488583 0.16771762121369485 -0.025888734936135332 0.0 0.0 0.0 0.024334702780366778 0.9997038672729996
1629013133.635461807 0.16771717854874912 -0.0250463693042902 0.0 0.0 0.0 0.024334704331833847 0.999703867235234
1629013133.635461807 0.16821404547997795 -0.028650993437036434 0.0 0.0 0.0 0.018607814574091632 0.9998268596295942
1629013133.635461807 0.16781555746898588 -0.028242384779482897 0.0 0.0 0.0 0.01860784230284199 0.999826859113533
1629013133.635461807 0.1681733560406946 -0.028009085639173557 0.0 0.0 0.0 0.018607888892665434 0.9998268582464457
1629013133.635461807 0.16844818097562375 -0.027503222682023303 0.0 0.0 0.0 0.0186078488297633 0.99982685899206
1629013133.635461807 0.1680021876789935 -0.028252759548250187 0.0 0.0 0.0 0.018607824427659087 0.999826859446209
1629013135.038238049 0.16868707266728195 -0.028504245654131805 0.0 0.0 0.0 0.01860781856283336 0.9998268595553595
1629013135.038238049 0.16702774077987487 -0.028602178747230447 0.0 0.0 0.0 0.018607840336862556 0.9998268591501219
1629013135.038238049 0.17024932137434962 -0.04536767572103081 0.0 0.0 0.0 -0.027558589184632564 0.9996201899532405
1629013135.243909359 0.16965423820392825 -0.04493370373782122 0.0 0.0 0.0 -0.027558573075136598 0.999620190397364
1629013135.243909359 0.1708741536823739 -0.04574988911644169 0.0 0.0 0.0 -0.027558578440246378 0.999620190249453
1629013135.243909359 0.1767179213818942 -0.05893658566400871 0.0 0.0 0.0 -0.037056402643519754 0.9993131756477153
1629013135.243909359 0.17718750891119614 -0.058725539444101395 0.0 0.0 0.0 -0.03705643292558113 0.9993131745247993
1629013135.243909359 0.1767842847974731 -0.05955905002611302 0.0 0.0 0.0 -0.03705645240426447 0.9993131738024924
1629013135.639563084 0.1770275913803837 -0.05986952060571616 0.0 0.0 0.0 -0.03705643201223057 0.9993131745586681
1629013135.739579201 0.1767825140980966 -0.05940797325113851 0.0 0.0 0.0 -0.0370564244488578 0.9993131748391323
1629013135.739579201 0.17744125952280135 -0.05792141077259819 0.0 0.0 0.0 -0.037056412723470614 0.9993131752739317
1629013135.739579201 0.1778909864790834 -0.05669746131035516 0.0 0.0 0.0 -0.03705647095620557 0.9993131731145507
1629013135.739579201 0.1775864164007739 -0.057195573525680304 0.0 0.0 0.0 -0.03705645125409848 0.9993131738451428
1629013136.140389442 0.17740943598901926 -0.05875857500977428 0.0 0.0 0.0 -0.037056459428554 0.9993131735420183
1629013136.240868092 0.17790517075557333 -0.059183544072866835 0.0 0.0 0.0 -0.03705638470380682 0.9993131763129532
1629013136.340748310 0.17844537878976316 -0.05936540031327373 0.0 0.0 0.0 -0.03705642962716988 0.9993131746471107
1629013135.639563084 0.18700958122958844 -0.08341392796470087 0.0 0.0 0.0 -0.05373447730454888 0.9985552593366113
1629013135.739579201 0.18775009311436117 -0.08864752369308125 0.0 0.0 0.0 -0.0582324575017748 0.9983030506280666
1629013136.140389442 0.1981318358463827 -0.1184687382737202 0.0 0.0 0.0 -0.07539231041409926 0.9971539497642398
1629013136.240868092 0.1999231402734779 -0.12690122303384294 0.0 0.0 0.0 -0.07963626083046974 0.9968239894589924
1629013136.340748310 0.1990779920274356 -0.12751734690252053 0.0 0.0 0.0 -0.0796363130497431 0.9968239852871936
1629013136.340748310 0.19974421877792514 -0.1329173633247363 0.0 0.0 0.0 -0.0844660516693212 0.9964263575976879
1629013136.541119576 0.2000533495774045 -0.13315180470223614 0.0 0.0 0.0 -0.08446603147732809 0.9964263593093425
1629013136.541119576 0.20021012061341062 -0.13376940566809067 0.0 0.0 0.0 -0.0844660274153806 0.9964263596536697
1629013136.541119576 0.20872815155135557 -0.16219631574272397 0.0 0.0 0.0 -0.0963764186816647 0.9953449582542208
1629013136.541119576 0.2085448598930045 -0.1628415324865285 0.0 0.0 0.0 -0.09637642910722488 0.9953449572447434
1629013136.541119576 0.20885124250941564 -0.1622679963480994 0.0 0.0 0.0 -0.09637639660911716 0.9953449603914425
1629013136.541119576 0.20871953753880496 -0.16240992884404418 0.0 0.0 0.0 -0.09637640831707849 0.9953449592577941
1629013136.541119576 0.20861703353112232 -0.16240540519967886 0.0 0.0 0.0 -0.09637639162719479 0.9953449608738277
1629013137.242624760 0.20871614849783668 -0.16141294468502074 0.0 0.0 0.0 -0.09637634105420828 0.9953449657706633
1629013137.342700481 0.20840574015410607 -0.16149038014584477 0.0 0.0 0.0 -0.09637631814306133 0.9953449679890823
1629013137.242624760 0.24286275453365486 -0.2307612381962544 0.0 0.0 0.0 -0.1392227813607865 0.9902610853457621
1629013137.342700481 0.24292096415852135 -0.2311626438628877 0.0 0.0 0.0 -0.13922274067366558 0.9902610910660447
1629013137.342700481 0.2526468004918396 -0.2491892062068047 0.0 0.0 0.0 -0.14656588835179046 0.9892009100135576
1629013137.552075386 0.2529899871380333 -0.2495951964111693 0.0 0.0 0.0 -0.146565837217313 0.9892009175899444
1629013137.552075386 0.25234829431719635 -0.2493923380571952 0.0 0.0 0.0 -0.1465658252118171 0.9892009193687494
1629013137.552075386 0.252557523885665 -0.2491979303247468 0.0 0.0 0.0 -0.14656589556456376 0.9892009089448702
1629013137.552075386 0.25160379485015516 -0.249014583700999 0.0 0.0 0.0 -0.14656590503632733 0.9892009075414773
1629013137.552075386 0.25124227987892495 -0.24852259962407758 0.0 0.0 0.0 -0.14656595428681413 0.9892009002442302
1629013137.552075386 0.29787939791729623 -0.28397873320040135 0.0 0.0 0.0 -0.16305813873882888 0.9866164621528615
1629013138.044185638 0.2980407279625357 -0.2844063452072139 0.0 0.0 0.0 -0.1630581357214086 0.9866164626515507
1629013138.044185638 0.297441175470601 -0.2850286885564515 0.0 0.0 0.0 -0.16305819578213104 0.9866164527253112
1629013138.044185638 0.2968523366624674 -0.28480858801721004 0.0 0.0 0.0 -0.16305817943644021 0.9866164554267649
1629013138.044185638 0.29596053985524684 -0.2840648425108899 0.0 0.0 0.0 -0.16305821450453517 0.9866164496310574
1629013138.044185638 0.5448387541318677 -0.3688695771178788 0.0 0.0 0.0 -0.20136522981805435 0.9795162296870441
1629013138.044185638 0.5443332947536684 -0.368740945568404 0.0 0.0 0.0 -0.20136521521926068 0.9795162326882086
1629013138.545035839 0.5440997217669703 -0.36834313662350815 0.0 0.0 0.0 -0.20136521947840094 0.9795162318126308
1629013138.545035839 0.5447188273738831 -0.3675375110834151 0.0 0.0 0.0 -0.20136519133921113 0.9795162375973779
1629013138.545035839 0.544989760156368 -0.3670784914120936 0.0 0.0 0.0 -0.20136518714621926 0.9795162384593571
1629013138.545035839 0.5457192026375773 -0.36697767255812963 0.0 0.0 0.0 -0.20136523796174433 0.9795162280128952
1629013138.945878506 0.545232144956403 -0.36809878849544475 0.0 0.0 0.0 -0.20136516469443025 0.9795162430749094
1629013138.945878506 0.5451766412440591 -0.3669480605559016 0.0 0.0 0.0 -0.20136517399359363 0.9795162411632232
1629013138.945878506 0.5445696131373539 -0.36772994492563904 0.0 0.0 0.0 -0.20136523267993872 0.9795162290987087
1629013138.945878506 0.543335557399432 -0.3687218401201412 0.0 0.0 0.0 -0.20136522995432216 0.9795162296590307
1629013138.945878506 0.5433589347088519 -0.36894706289687773 0.0 0.0 0.0 -0.20136523871616618 0.979516227857804
1629013139.446808338 0.5436330993874605 -0.36896177823550885 0.0 0.0 0.0 -0.20136522463463294 0.9795162307526322
1629013139.446808338 0.5443584313356041 -0.36987512265677475 0.0 0.0 0.0 -0.2013652200019536 0.9795162317050008
1629013138.545035839 0.7732254726309514 -0.4788919993745121 0.0 0.0 0.0 -0.22709256320267493 0.9738731784673192
1629013138.945878506 0.983462971103202 -0.5520517684823047 0.0 0.0 0.0 -0.23880018687332555 0.9710687260689971
1629013139.446808338 1.1592995040552614 -0.6420690281152426 0.0 0.0 0.0 -0.24915987414435023 0.9684623674239343
1629013139.446808338 1.1592237230609492 -0.6427160934037908 0.0 0.0 0.0 -0.24915986323288794 0.9684623702311663
1629013139.446808338 1.1602369571944544 -0.641907045974066 0.0 0.0 0.0 -0.24915980241724814 0.9684623858774267
1629013139.847644329 1.1597090104334464 -0.6422435473115432 0.0 0.0 0.0 -0.24915974623450207 0.9684624003317622
1629013139.847644329 1.1589387033422796 -0.6419099874414915 0.0 0.0 0.0 -0.24915974710091635 0.9684624001088568
1629013139.847644329 1.2543107802994962 -0.7111827413345081 0.0 0.0 0.0 -0.2565749667181396 0.9665243330892325
1629013140.047982454 1.2534398656413919 -0.7109071884901148 0.0 0.0 0.0 -0.2565749788022203 0.9665243298813746
1629013140.047982454 1.252937773141892 -0.7099877575096364 0.0 0.0 0.0 -0.25657500476868633 0.9665243229882777
1629013140.047982454 1.2924985335311219 -0.7478500972452325 0.0 0.0 0.0 -0.26048237053524975 0.9654786039267451
1629013140.248363495 1.2918894025347805 -0.747503533100073 0.0 0.0 0.0 -0.2604823616004032 0.965478606337332
1629013140.248363495 1.3640940946732694 -0.767116573039257 0.0 0.0 0.0 -0.26321500141759674 0.964737198945254
1629013140.248363495 1.3630701034035588 -0.7668495108844058 0.0 0.0 0.0 -0.26321499226911643 0.9647372014412884
1629013140.248363495 1.3629348591112838 -0.7669793715729409 0.0 0.0 0.0 -0.2632150527806625 0.964737184931561
1629013140.248363495 1.3626796863054198 -0.7678468244034418 0.0 0.0 0.0 -0.26321511459921626 0.9647371680652308
1629013140.649135590 1.3617283721205664 -0.7680007360019082 0.0 0.0 0.0 -0.26321514291574405 0.9647371603394598
1629013140.649135590 1.4792296674837806 -0.8086439129664963 0.0 0.0 0.0 -0.2647771158975348 0.9643096384963615
1629013140.649135590 1.4796899230446026 -0.8080340509206684 0.0 0.0 0.0 -0.26477714011450526 0.9643096318469414
1629013140.649135590 1.4787776805404746 -0.806891270743916 0.0 0.0 0.0 -0.2647771190558865 0.9643096376291512
1629013140.649135590 1.4777031403918155 -0.8066015786238646 0.0 0.0 0.0 -0.2647771229737391 0.9643096365533995
1629013140.649135590 1.477824716002669 -0.8061524204012507 0.0 0.0 0.0 -0.26477713696605815 0.9643096327114322
1629013141.250308990 1.4774299493373908 -0.8061773935376336 0.0 0.0 0.0 -0.2647771061172119 0.9643096411818118
1629013141.250308990 1.6170505048125934 -0.901058629670549 0.0 0.0 0.0 -0.2602949365409331 0.9655291533719484
1629013141.250308990 1.6164911883108721 -0.9006118725376452 0.0 0.0 0.0 -0.26029495452990575 0.9655291485223397
1629013141.250308990 1.6172997020973394 -0.9006403091322874 0.0 0.0 0.0 -0.2602949657939429 0.9655291454856918
1629013141.250308990 1.6167511760455398 -0.9003392023649613 0.0 0.0 0.0 -0.26029498377916066 0.9655291406370946
1629013141.751293659 1.6165430411185606 -0.8994919200905385 0.0 0.0 0.0 -0.26029500637664355 0.9655291345450862
1629013141.751293659 1.6155841936248128 -0.8990409135985176 0.0 0.0 0.0 -0.2602949894295494 0.9655291391138181
1629013141.751293659 1.783638221365714 -1.0005733848920972 0.0 0.0 0.0 -0.24895251413555652 0.9685156920285729
1629013141.751293659 1.7835235579168036 -1.001034550805945 0.0 0.0 0.0 -0.24895254313699028 0.968515684573887
1629013141.751293659 1.7831964183770075 -1.0010613201336491 0.0 0.0 0.0 -0.24895251531163679 0.968515691726267
1629013141.751293659 1.7832067374149365 -0.9993982997436824 0.0 0.0 0.0 -0.2489525105683716 0.9685156929455014
1629013142.853490353 1.7825331113767233 -0.99973120938039 0.0 0.0 0.0 -0.24895256401539712 0.9685156792071874
1629013142.853490353 2.1583901167243797 -1.1626295558585173 0.0 0.0 0.0 -0.19445322375540441 0.9809117920440811
1629013142.853490353 2.158087241830504 -1.1620892532480251 0.0 0.0 0.0 -0.19445322352695918 0.9809117920893674
1629013142.853490353 2.1592945069978735 -1.1628238872043892 0.0 0.0 0.0 -0.19445322027262668 0.9809117927344972
1629013143.053889513 2.1606595724655606 -1.1630095243725178 0.0 0.0 0.0 -0.19445322945836077 0.9809117909135429
1629013143.053889513 2.2567135221523804 -1.194511861537839 0.0 0.0 0.0 -0.17527652402944963 0.9845192431456857
1629013143.154386997 2.2556428069833854 -1.1954892311416467 0.0 0.0 0.0 -0.17527652705873192 0.9845192426063747
1629013143.154386997 2.2793626746149305 -1.2213886056289454 0.0 0.0 0.0 -0.16370836116073306 0.9865087797308583
1629013143.254235268 2.279426632637028 -1.2219828552840843 0.0 0.0 0.0 -0.16370836511571904 0.9865087790745394
1629013143.254235268 2.293196740236123 -1.241166264084978 0.0 0.0 0.0 -0.15134880708361603 0.9884804189230895
1629013143.354449272 2.2931093582931164 -1.2411433135388386 0.0 0.0 0.0 -0.15134875854053736 0.9884804263556453
1629013143.354449272 2.2960603814929508 -1.2531364624730157 0.0 0.0 0.0 -0.13737101393041984 0.9905196638793843
1629013143.454634190 2.294108485490732 -1.2530905666451388 0.0 0.0 0.0 -0.13737103255111302 0.9905196612969583
1629013143.454634190 2.298796319094519 -1.2695042079111736 0.0 0.0 0.0 -0.12348467927628508 0.9923464787986266
1629013143.454634190 2.299921156759149 -1.270016270547737 0.0 0.0 0.0 -0.1234846857956917 0.9923464779873707
1629013143.454634190 2.299832667358384 -1.2694319305476225 0.0 0.0 0.0 -0.12348468519464625 0.992346478062163
1629013143.454634190 2.298042530710249 -1.2699577037342773 0.0 0.0 0.0 -0.12348473682032618 0.9923464716380135
1629013143.454634190 2.2979918713408307 -1.269426304561788 0.0 0.0 0.0 -0.12348473792021297 0.9923464715011467
1629013144.055785656 2.297548341169797 -1.2693048135494576 0.0 0.0 0.0 -0.12348477809974685 0.9923464665013204
1629013144.055785656 2.2979908707386447 -1.27023192644665 0.0 0.0 0.0 -0.12348477943915406 0.9923464663346484
1629013144.055785656 2.3702514327459374 -1.3922600225797066 0.0 0.0 0.0 -0.050578319793409536 0.9987200977084999
1629013144.256221533 2.3703722526836195 -1.391398320202665 0.0 0.0 0.0 -0.05057830359957523 0.9987200985286063
1629013144.256221533 2.3981017292243405 -1.4010814740362456 0.0 0.0 0.0 -0.015278012740982505 0.999883284352072
1629013144.357876301 2.399737514259827 -1.4012585990112545 0.0 0.0 0.0 -0.015278028037985903 0.9998832841183367
1629013144.357876301 2.4000804366402573 -1.400551993734387 0.0 0.0 0.0 -0.015278041566281389 0.9998832839116268
1629013144.357876301 2.4047970017859335 -1.4053181627548204 0.0 0.0 0.0 0.003735718209466405 0.9999930221803848
1629013144.357876301 2.405043559582194 -1.406725884107073 0.0 0.0 0.0 0.003735724862458529 0.9999930221555309
1629013144.656959772 2.404129258758918 -1.4075116344760747 0.0 0.0 0.0 0.003735723894178116 0.9999930221591481
1629013144.757164955 2.4043132214124494 -1.4072365984055577 0.0 0.0 0.0 0.003735701278910992 0.9999930222436328
1629013144.656959772 2.424041538900928 -1.4272719847015332 0.0 0.0 0.0 0.05580411315773096 0.998441736384592
1629013144.757164955 2.4239178554720375 -1.4273457883083198 0.0 0.0 0.0 0.055804136472424506 0.9984417350815054
1629013144.757164955 2.4266522986831927 -1.4317492241770753 0.0 0.0 0.0 0.07321385110327192 0.9973162647859645
1629013144.957559347 2.4272612285385753 -1.43038200765235 0.0 0.0 0.0 0.07321385155571644 0.9973162647527501
1629013145.057746887 2.4282072266995907 -1.4298352490565711 0.0 0.0 0.0 0.07321381365333618 0.997316267535196
1629013144.957559347 2.4439629545953503 -1.4383419700273594 0.0 0.0 0.0 0.10712466120984292 0.9942455969028359
1629013145.157940865 2.44472597649326 -1.4371985303672232 0.0 0.0 0.0 0.10712467122725622 0.9942455958235129
1629013145.057746887 2.4453886796345756 -1.4348394203742834 0.0 0.0 0.0 0.1255852015739868 0.9920828378445125
1629013145.258138657 2.4460073546432377 -1.4353610234092027 0.0 0.0 0.0 0.12558522638879524 0.9920828347032696
1629013145.157940865 2.445944086510882 -1.4284659565291251 0.0 0.0 0.0 0.14254043746980646 0.9897889793718235
1629013145.258138657 2.4460831862838575 -1.4288975364992795 0.0 0.0 0.0 0.1425404039251935 0.9897889842026141
1629013145.258138657 2.4454893174794288 -1.4203232708443716 0.0 0.0 0.0 0.15937718094374112 0.9872177643227588
1629013145.258138657 2.446513756057702 -1.4202536816557854 0.0 0.0 0.0 0.1593771612276121 0.9872177675057453
1629013145.258138657 2.4461622600519375 -1.4214109125755772 0.0 0.0 0.0 0.15937710618278544 0.987217776392221
1629013145.658915520 2.446649732430998 -1.4223360783597916 0.0 0.0 0.0 0.1593770204479431 0.9872177902333081
1629013145.658915520 2.4476207124824225 -1.4218296228291591 0.0 0.0 0.0 0.15937708051296787 0.9872177805363733
1629013145.658915520 2.522684683627606 -1.3845886641464291 0.0 0.0 0.0 0.22746313509050012 0.9737866923381121
1629013145.658915520 2.522507129965123 -1.3850004632513941 0.0 0.0 0.0 0.22746313278292526 0.9737866928771297
1629013145.859305143 2.522474834325455 -1.384395941886904 0.0 0.0 0.0 0.22746311524226756 0.9737866969743851
1629013145.859305143 2.5647746130595617 -1.3332322573987656 0.0 0.0 0.0 0.2535690730392144 0.9673172825903782
1629013145.959497690 2.5653707199365856 -1.3309353895306473 0.0 0.0 0.0 0.2535690776964028 0.9673172813695595
1629013145.959497690 2.5845240476554805 -1.311973932012135 0.0 0.0 0.0 0.2614974515781012 0.9652041663907998
1629013145.959497690 2.5849658912616293 -1.3119400691310985 0.0 0.0 0.0 0.2614974562923587 0.9652041651135919
1629013145.959497690 2.5856795370562073 -1.312156626272435 0.0 0.0 0.0 0.26149742692628664 0.9652041730695798
1629013146.260293722 2.5875802160341594 -1.3123247707435535 0.0 0.0 0.0 0.26149742387127417 0.9652041738972574
1629013146.260293722 2.6562352421857955 -1.246426432599414 0.0 0.0 0.0 0.26768192409336083 0.9635073365126371
1629013146.360308409 2.6569414678007544 -1.2474778088908927 0.0 0.0 0.0 0.2676819284528032 0.9635073353014955
1629013146.360308409 2.6791026915359426 -1.2152930609275983 0.0 0.0 0.0 0.26675568890316836 0.9637641840397453
1629013146.360308409 2.680665537942008 -1.2159472835801994 0.0 0.0 0.0 0.2667556746159653 0.9637641879942319
1629013146.360308409 2.680916037102946 -1.2154545259464713 0.0 0.0 0.0 0.2667557163267263 0.9637641764493091
1629013146.761072397 2.681211633880566 -1.2155211480224744 0.0 0.0 0.0 0.2667557775454712 0.9637641595048609
1629013146.861275196 2.6816283385602224 -1.2149424636968431 0.0 0.0 0.0 0.26675576174713556 0.9637641638776083
1629013146.761072397 2.758841432268007 -1.120601137037098 0.0 0.0 0.0 0.250270676154524 0.968175907909899
1629013146.961471319 2.7592219565269933 -1.1189623348554067 0.0 0.0 0.0 0.25027071836922543 0.9681758969975197
1629013146.861275196 2.7695152344586096 -1.0979390587724775 0.0 0.0 0.0 0.24500274247315287 0.969522385600577
1629013146.961471319 2.7689794821741107 -1.0981922580370715 0.0 0.0 0.0 0.24500274578931544 0.9695223847625676
1629013146.961471319 2.772635314748754 -1.0800261677293033 0.0 0.0 0.0 0.23932020874744367 0.9709406973060095
1629013146.961471319 2.7731027778442203 -1.080860333148837 0.0 0.0 0.0 0.23932021682045243 0.9709406953161515
1629013146.961471319 2.7743875018199087 -1.0814807616485433 0.0 0.0 0.0 0.23932023264845237 0.970940691414821
1629013147.363122463 2.775103865647251 -1.0809553222693766 0.0 0.0 0.0 0.23932021843679663 0.9709406949177504
1629013147.363122463 2.8140436700570812 -0.9989425704141125 0.0 0.0 0.0 0.21372734499463 0.9768933524195701
1629013147.363122463 2.8141094686007313 -0.9981340425351922 0.0 0.0 0.0 0.21372732042650142 0.9768933577946508
1629013147.363122463 2.8147594371238758 -0.9969571052814605 0.0 0.0 0.0 0.21372731314677254 0.9768933593873291
1629013147.662840843 2.814284406605497 -0.9978583791023645 0.0 0.0 0.0 0.21372729154421946 0.9768933641135926
1629013147.662840843 2.885994893253274 -0.9433267769932827 0.0 0.0 0.0 0.19286634539922864 0.9812250367842972
1629013147.662840843 2.8862128291631324 -0.9427048357492878 0.0 0.0 0.0 0.19286636170296578 0.9812250335796885
1629013147.662840843 2.887979632384592 -0.9426527994916303 0.0 0.0 0.0 0.19286640196504323 0.9812250256659062
1629013147.963420868 2.888053981088952 -0.941937025491154 0.0 0.0 0.0 0.1928663820212095 0.9812250295860012
1629013147.963420868 2.9849600456662815 -0.9016323565805463 0.0 0.0 0.0 0.17401693050241313 0.9847426607487452
1629013147.963420868 2.986131833638158 -0.9008978532595978 0.0 0.0 0.0 0.1740168977150838 0.9847426665426954
1629013148.163911819 2.9876123901432625 -0.9002090875567692 0.0 0.0 0.0 0.17401693421944434 0.9847426600918971
1629013148.163911819 3.0514006321066174 -0.8644728943176306 0.0 0.0 0.0 0.16106293515951361 0.9869441376885534
1629013148.163911819 3.049798951740502 -0.8653065190436616 0.0 0.0 0.0 0.1610629257571536 0.9869441392229581
1629013148.163911819 3.049082325135407 -0.8674234751795818 0.0 0.0 0.0 0.16106296699339673 0.9869441324934679
1629013148.464430809 3.0488557971113 -0.866348765956415 0.0 0.0 0.0 0.161062931719361 0.9869441382499642
1629013148.464430809 3.1017921975730127 -0.8423233248517977 0.0 0.0 0.0 0.14302495471464377 0.9897190825324498
1629013148.564584255 3.1019328811911486 -0.8440235059053849 0.0 0.0 0.0 0.14302497884822774 0.9897190790448894
1629013148.564584255 3.120532196902337 -0.8209017888906006 0.0 0.0 0.0 0.13715079720656131 0.9905501798624867
1629013148.564584255 3.121004025493571 -0.8200875842897883 0.0 0.0 0.0 0.137150765285559 0.990550184282243
1629013148.564584255 3.120254401855438 -0.8203932072298256 0.0 0.0 0.0 0.13715076511235447 0.9905501843062248
1629013148.564584255 3.1193592600077085 -0.819837434227451 0.0 0.0 0.0 0.13715075037808858 0.990550186346319
1629013148.967636585 3.1192049371829866 -0.8201145835930177 0.0 0.0 0.0 0.13715071560065265 0.9905501911615731
1629013148.967636585 3.158856091654695 -0.7912223043651188 0.0 0.0 0.0 0.11306577685269822 0.993587505006326
1629013148.967636585 3.15844986725121 -0.7896118091873627 0.0 0.0 0.0 0.11306576287129787 0.9935875065973462
1629013148.967636585 3.158431710880163 -0.7897135760285451 0.0 0.0 0.0 0.11306578245970035 0.9935875043682744
1629013148.967636585 3.158562489461006 -0.7908632798701546 0.0 0.0 0.0 0.11306574992625025 0.993587508070434
1629013148.967636585 3.1597956968828003 -0.7910685652457966 0.0 0.0 0.0 0.11306575361956435 0.9935875076501516
1629013149.566569805 3.160123626479849 -0.7910931332078105 0.0 0.0 0.0 0.11306575123284397 0.9935875079217495
1629013149.566569805 3.158833265558332 -0.7909271025149972 0.0 0.0 0.0 0.11306573462733838 0.9935875098113806
1629013149.566569805 3.2877230336774903 -0.7421760846101821 0.0 0.0 0.0 0.09195228621692074 0.9957634142001208
1629013149.566569805 3.2873146267594953 -0.7419661578131426 0.0 0.0 0.0 0.09195225050705193 0.9957634174976948
1629013149.566569805 3.2878673919794164 -0.743585184541756 0.0 0.0 0.0 0.09195224648327907 0.9957634178692639
1629013149.566569805 3.2885038498117773 -0.7429544404328557 0.0 0.0 0.0 0.09195228443711734 0.9957634143644741
1629013149.566569805 3.2893066052919577 -0.7425858277999781 0.0 0.0 0.0 0.09195232595830335 0.9957634105302614
1629013150.267954588 3.288404144917943 -0.7421283902046582 0.0 0.0 0.0 0.09195228225504277 0.9957634145659746
1629013150.267954588 3.539559761820064 -0.6868132508507042 0.0 0.0 0.0 0.10027523475548376 0.9949597365193893
1629013150.368111134 3.5389075933775884 -0.6874652240901845 0.0 0.0 0.0 0.1002752949919901 0.9949597304485591
1629013150.368111134 3.6135155863183765 -0.6723395365255014 0.0 0.0 0.0 0.1044676964286967 0.9945282803434409
1629013150.468353271 3.6128108201121507 -0.6728137747454028 0.0 0.0 0.0 0.1044677049450425 0.9945282794488629
1629013150.468353271 3.632421045225744 -0.6726279048656618 0.0 0.0 0.0 0.10915590585295458 0.9940246416550351
1629013150.571737289 3.633240655464309 -0.6734034489196148 0.0 0.0 0.0 0.10915586247789881 0.9940246464181389
1629013150.571737289 3.6406610559814157 -0.6765896916117154 0.0 0.0 0.0 0.11586564042112404 0.9932648958710878
1629013150.668736935 3.6406400248424706 -0.6762647014270305 0.0 0.0 0.0 0.11586564394289176 0.993264895460269
1629013150.668736935 3.6395407903590216 -0.6704659687300045 0.0 0.0 0.0 0.12371234309883578 0.9923181224612377
1629013150.768898010 3.6397148208757457 -0.6707052541497355 0.0 0.0 0.0 0.1237123249376281 0.992318124725396
1629013150.768898010 3.640338389227801 -0.6709141563214858 0.0 0.0 0.0 0.13310680580935094 0.9911016992454568
1629013150.869095564 3.6398959587160498 -0.671451028728436 0.0 0.0 0.0 0.13310685055334187 0.9911016932362543
1629013150.869095564 3.6393604013239167 -0.6684165555778147 0.0 0.0 0.0 0.14272471241530899 0.9897624242544103
1629013150.869095564 3.639989455188899 -0.6694387527075488 0.0 0.0 0.0 0.1427247161606616 0.9897624237143268
1629013150.869095564 3.641626275831122 -0.6686943959906484 0.0 0.0 0.0 0.14272469893879602 0.9897624261977366
1629013150.869095564 3.6416358455062294 -0.6690397953872598 0.0 0.0 0.0 0.14272469399453921 0.9897624269107033
1629013150.869095564 3.6407065485776746 -0.6679729512663126 0.0 0.0 0.0 0.14272471504148534 0.9897624238757131
1629013151.470263958 3.641356809178638 -0.667917785515655 0.0 0.0 0.0 0.14272472323228907 0.9897624226945911
1629013151.570468903 3.6427514095292017 -0.667056974998434 0.0 0.0 0.0 0.14272475405496737 0.9897624182499298
1629013151.470263958 3.6407491672514225 -0.6213531423439805 0.0 0.0 0.0 0.208859520544742 0.9779456532332563
1629013151.570468903 3.6410857609825857 -0.620411782088852 0.0 0.0 0.0 0.2088595388397879 0.9779456493259895
1629013151.570468903 3.6408081544846467 -0.6194617394448803 0.0 0.0 0.0 0.21932426873347644 0.9756520205198808
1629013151.570468903 3.6414866789854536 -0.6200276777058523 0.0 0.0 0.0 0.219324274001072 0.9756520193357378
1629013151.770849705 3.641732397164751 -0.6198399153206678 0.0 0.0 0.0 0.21932428333500398 0.9756520172374917
1629013151.770849705 3.6418117476343363 -0.5951692659335216 0.0 0.0 0.0 0.2415495843523763 0.970388478032996
1629013151.971232891 3.6413164521880854 -0.5941414545840589 0.0 0.0 0.0 0.2415496058684115 0.9703884726772135
1629013151.971232891 3.6417104958031428 -0.5948360037756409 0.0 0.0 0.0 0.24154957225398033 0.9703884810445347
1629013151.971232891 3.640234282439901 -0.5602386481792958 0.0 0.0 0.0 0.26402213368099886 0.9645166213842729
1629013152.171621323 3.6397731910656677 -0.560123508607216 0.0 0.0 0.0 0.2640220848340289 0.9645166347554058
1629013152.171621323 3.6396988132998493 -0.560049481666443 0.0 0.0 0.0 0.26402209231200596 0.9645166327084207
1629013152.171621323 3.6408564418527756 -0.5442323904752799 0.0 0.0 0.0 0.2858377637220198 0.9582780248082468
1629013152.171621323 3.6407713500705143 -0.5447777607835426 0.0 0.0 0.0 0.2858377980241784 0.9582780145765053
1629013152.171621323 3.6397488620269853 -0.54545118085265 0.0 0.0 0.0 0.2858378037520707 0.9582780128679739
1629013152.171621323 3.6401095075717347 -0.5460678627183366 0.0 0.0 0.0 0.28583780384340424 0.9582780128407307
1629013152.672604084 3.6395967230731676 -0.5463263776554456 0.0 0.0 0.0 0.2858377764328958 0.9582780210168121
1629013152.772806168 3.639555322346003 -0.5462592973141468 0.0 0.0 0.0 0.28583779301471646 0.9582780160707414
1629013152.672604084 3.659118194878535 -0.44856259197772363 0.0 0.0 0.0 0.3408366946039116 0.9401225173409474
1629013152.872993946 3.6598554581916596 -0.44831986442015614 0.0 0.0 0.0 0.3408367106641773 0.9401225115183786
1629013152.772806168 3.668637826876451 -0.4187391248210287 0.0 0.0 0.0 0.35124322784204176 0.9362842489837707
1629013152.872993946 3.6684284938970313 -0.4191808419181354 0.0 0.0 0.0 0.3512431998348093 0.9362842594905696
1629013152.872993946 3.6650165724967843 -0.39935159621395266 0.0 0.0 0.0 0.3624662106665909 0.9319969131520783
1629013153.073383331 3.664897056203454 -0.3988750755143925 0.0 0.0 0.0 0.36246620101289406 0.9319969169065315
1629013153.073383331 3.6651429266941005 -0.39918806933812345 0.0 0.0 0.0 0.36246617182073554 0.9319969282597561
1629013153.073383331 3.687893507212484 -0.3515339748079369 0.0 0.0 0.0 0.38438395892146066 0.9231733164058983
1629013153.073383331 3.68715369967788 -0.3524932384370573 0.0 0.0 0.0 0.38438400875321 0.9231732956573279
1629013153.073383331 3.6877020974514267 -0.35211931413826847 0.0 0.0 0.0 0.3843839635399337 0.9231733144828933
1629013153.073383331 3.6875969046363974 -0.35183014896247217 0.0 0.0 0.0 0.38438397651952416 0.9231733090785489
1629013153.574472904 3.686312215707789 -0.3515162343373085 0.0 0.0 0.0 0.3843839812931665 0.9231733070909355
1629013153.574472904 3.685731784224838 -0.351505649125994 0.0 0.0 0.0 0.3843839366769709 0.9231733256678912
1629013153.574472904 3.8425166969241658 -0.1750775068448914 0.0 0.0 0.0 0.4386567362242172 0.8986546988499629
1629013153.574472904 3.8429968396684666 -0.1752691415791871 0.0 0.0 0.0 0.4386567517605935 0.8986546912662533
1629013153.874973774 3.842031060364256 -0.1747880275706963 0.0 0.0 0.0 0.438656703298194 0.8986547149220107
1629013153.975163460 3.8420458935714707 -0.17459374717961693 0.0 0.0 0.0 0.43865675311254065 0.8986546906063327
1629013153.874973774 3.91921406357003 -0.06210689403090784 0.0 0.0 0.0 0.47011600102989654 0.8826046371822768
1629013153.975163460 3.9185405528667023 -0.06301592562571372 0.0 0.0 0.0 0.47011602277260706 0.8826046256011043
1629013153.975163460 3.938553716744408 -0.027907053355228348 0.0 0.0 0.0 0.48057626448181556 0.8769529371732009
1629013153.975163460 3.938337538459028 -0.02677797219481568 0.0 0.0 0.0 0.4805762557605001 0.8769529419525419
1629013154.278061152 3.9375380764873844 -0.02619526950969006 0.0 0.0 0.0 0.48057628601688485 0.8769529253718339
1629013154.278061152 4.002195580065252 0.10204826001564968 0.0 0.0 0.0 0.5109454214508445 0.8596131550287134
1629013154.375954628 4.003426351080215 0.10476603064455539 0.0 0.0 0.0 0.5109454199451527 0.8596131559236815
1629013154.375954628 4.00911201443045 0.13872135234118638 0.0 0.0 0.0 0.5210272003031396 0.853540073191805
1629013154.375954628 4.009267922033829 0.13790959846001405 0.0 0.0 0.0 0.5210271901316187 0.8535400794008152
1629013154.576766491 4.010202539515968 0.13623275310383648 0.0 0.0 0.0 0.5210271961654088 0.8535400757176037
1629013154.576766491 4.053510144153994 0.21783169834623853 0.0 0.0 0.0 0.5399640579327136 0.8416880753229412
1629013154.678047657 4.053635105023431 0.2191009230669591 0.0 0.0 0.0 0.5399640438722029 0.841688084343112
1629013154.678047657 4.0706226613266825 0.25686045672533975 0.0 0.0 0.0 0.5498340046568686 0.8352739474705234
1629013154.678047657 4.070789688416931 0.25753301655412636 0.0 0.0 0.0 0.5498340376043221 0.8352739257822723
1629013154.878062725 4.070599045332818 0.2568706778173071 0.0 0.0 0.0 0.5498340011872324 0.8352739497544734
1629013154.878062725 4.078770613079943 0.34263731575056516 0.0 0.0 0.0 0.5688479229966575 0.8224427277947011
1629013154.878062725 4.077980206353718 0.34266785221525325 0.0 0.0 0.0 0.5688479262543591 0.8224427255414903
1629013154.878062725 4.077769373877666 0.3426178929668508 0.0 0.0 0.0 0.5688479238310921 0.822442727217559
1629013154.878062725 4.077847862893976 0.34225583624326994 0.0 0.0 0.0 0.5688479097722665 0.822442736941438
1629013154.878062725 4.077415758941204 0.34263875332113447 0.0 0.0 0.0 0.5688478989080463 0.8224427444557469
1629013155.377923250 4.077579623237065 0.34279603531470937 0.0 0.0 0.0 0.5688479234113811 0.8224427275078549
1629013155.377923250 4.078029711411438 0.34402657499095396 0.0 0.0 0.0 0.5688478952580259 0.8224427469803074
1629013155.578306198 4.07852701353943 0.3440100409526611 0.0 0.0 0.0 0.5688478629002512 0.8224427693607727
1629013155.578306198 4.079190771310618 0.34366527093273047 0.0 0.0 0.0 0.5688478490724933 0.8224427789248306
1629013155.778695822 4.078503373035079 0.34417357329929377 0.0 0.0 0.0 0.5688478615193576 0.8224427703158766
1629013155.878878117 4.077514136059641 0.34569778677305407 0.0 0.0 0.0 0.5688478242316531 0.8224427961061573
1629013155.377923250 4.097483023743348 0.5412927196257428 0.0 0.0 0.0 0.6153562441970845 0.7882491311302907
1629013155.578306198 4.107214822150348 0.6258758983629078 0.0 0.0 0.0 0.6327794742183244 0.7743320586208354
1629013155.778695822 4.103134740266798 0.7123701917095124 0.0 0.0 0.0 0.6501826656707455 0.7597779289116549
1629013155.979108810 4.102291804887414 0.7132416091197916 0.0 0.0 0.0 0.6501826930458356 0.7597779054853232
1629013155.878878117 4.099248065478578 0.753786460369362 0.0 0.0 0.0 0.6589889455628188 0.7521526238909256
1629013156.079273701 4.099038737623359 0.7543021393895971 0.0 0.0 0.0 0.6589889694055294 0.7521526030014376
1629013155.979108810 4.0978556693287995 0.7964306371234752 0.0 0.0 0.0 0.6676523102762522 0.7444732316092924
1629013156.079273701 4.097628720244321 0.7953360610317782 0.0 0.0 0.0 0.6676522870072358 0.7444732524772181
1629013156.079273701 4.094167189325048 0.8357691739432411 0.0 0.0 0.0 0.675540158657736 0.7373231951055662
1629013156.279649734 4.094573941792473 0.8357221277309295 0.0 0.0 0.0 0.6755401303292599 0.7373232210602936
1629013156.379860163 4.09554605977812 0.8342967004049097 0.0 0.0 0.0 0.6755401324529584 0.7373232191145478
1629013156.279649734 4.091062177095319 0.9212144416785765 0.0 0.0 0.0 0.6921854107708211 0.7217197219946464
1629013156.480060577 4.091156695165545 0.9208897694019532 0.0 0.0 0.0 0.6921853865163856 0.7217197452565378
1629013156.379860163 4.086375935287968 0.9621748999830589 0.0 0.0 0.0 0.6998276170833269 0.7143117711248166
1629013156.581030369 4.085139977229334 0.9621212953323341 0.0 0.0 0.0 0.6998276117830429 0.7143117763176263
1629013156.480060577 4.080556135360652 1.0033244370421648 0.0 0.0 0.0 0.7075762970663099 0.7066369533430368
1629013156.680430412 4.081067597068572 1.003972925440448 0.0 0.0 0.0 0.7075762798914921 0.706636970540685
1629013156.581030369 4.0810699960987415 1.0456856113452087 0.0 0.0 0.0 0.7155825744021234 0.6985281520540383
1629013156.780653477 4.081456916907644 1.0453744429990486 0.0 0.0 0.0 0.7155825836963694 0.698528142532875
1629013156.680430412 4.076845770183519 1.086073719438418 0.0 0.0 0.0 0.7238921146016519 0.6899131875950401
1629013156.780653477 4.07677931503095 1.0865482449197337 0.0 0.0 0.0 0.7238921351392367 0.6899131660459576
1629013156.780653477 4.073214142149174 1.1296348770781022 0.0 0.0 0.0 0.732375556221777 0.6809009066294763
1629013156.780653477 4.074119055029116 1.1291477703041704 0.0 0.0 0.0 0.7323755587952521 0.6809009038614521
1629013156.780653477 4.07448061666184 1.1293681881089408 0.0 0.0 0.0 0.7323755510398404 0.6809009122031562
1629013157.181401730 4.073800441989534 1.130300806839736 0.0 0.0 0.0 0.7323755783281442 0.6809008828519144
1629013157.181401730 4.0650816065346715 1.3069294557817472 0.0 0.0 0.0 0.7651965966949222 0.6437966825066036
1629013157.181401730 4.065402937743338 1.3074685436452798 0.0 0.0 0.0 0.765196614569366 0.6437966612615983
1629013157.181401730 4.0640342867020625 1.3072660942561534 0.0 0.0 0.0 0.7651966154729689 0.6437966601876042
1629013157.181401730 4.064797134542452 1.3074201608683298 0.0 0.0 0.0 0.7651966068629074 0.6437966704212543
1629013157.181401730 4.066415496505236 1.3075216222981194 0.0 0.0 0.0 0.7651966007399077 0.6437966776988604
1629013157.686052322 4.0667839651214575 1.3083707800102242 0.0 0.0 0.0 0.7651966016607852 0.6437966766043343
1629013157.686052322 4.066158609665374 1.3085042348177092 0.0 0.0 0.0 0.765196601234947 0.6437966771104721
1629013157.686052322 4.04520383767771 1.5315061971545145 0.0 0.0 0.0 0.8058388333330515 0.5921349294649205
1629013157.686052322 4.044240463543751 1.5309383159200942 0.0 0.0 0.0 0.8058388415414282 0.5921349182941072
1629013157.982985973 4.043960749859742 1.530540501001168 0.0 0.0 0.0 0.805838821102518 0.5921349461095029
1629013157.982985973 4.025872435906 1.675550252186775 0.0 0.0 0.0 0.8297115714926756 0.5581923576430929
1629013157.982985973 4.026660551207656 1.6744012944070015 0.0 0.0 0.0 0.829711569811342 0.5581923601422708
1629013157.982985973 4.026201188313934 1.6744841776539083 0.0 0.0 0.0 0.829711597853632 0.5581923184594828
1629013157.982985973 4.026643576473251 1.6741932148571732 0.0 0.0 0.0 0.8297115585166526 0.5581923769309891
1629013157.982985973 4.026740333767646 1.6745178299632681 0.0 0.0 0.0 0.8297115745496594 0.5581923530991132
1629013157.982985973 4.028298333109404 1.674213463796963 0.0 0.0 0.0 0.8297115882544062 0.5581923327280219
1629013158.684444427 3.9940641883832573 1.9867346081501742 0.0 0.0 0.0 0.8806894727320981 0.4736940495919904
1629013158.684444427 3.9954623215223335 1.98687821169802 0.0 0.0 0.0 0.8806894822952901 0.47369403181215397
1629013158.784572601 3.9984183123461317 2.0716821374886987 0.0 0.0 0.0 0.8932432246721301 0.44957373319327104
1629013158.784572601 3.9985308303598948 2.071841706254981 0.0 0.0 0.0 0.8932432091240251 0.4495737640852868
1629013158.984942913 3.997437730788678 2.0730739810498857 0.0 0.0 0.0 0.8932431817304131 0.4495738185127425
1629013158.984942913 3.9874747353184437 2.1566756980627906 0.0 0.0 0.0 0.9037920322765158 0.42797191776270244
1629013159.085130692 3.987387155937015 2.155766845490463 0.0 0.0 0.0 0.9037920499234988 0.4279718804957631
1629013159.085130692 3.9847688429116923 2.184941243531595 0.0 0.0 0.0 0.9066144319481149 0.42196003576570745
1629013159.085130692 3.9829814176771943 2.1847759703925136 0.0 0.0 0.0 0.9066144501815633 0.42195999658970246
1629013159.085130692 3.9826160644667405 2.183912351859906 0.0 0.0 0.0 0.90661444920386 0.42195999869037537
1629013159.085130692 3.9817867694001006 2.18392803219276 0.0 0.0 0.0 0.9066144375881362 0.4219600236476762
1629013159.485904694 3.981678432989448 2.1838411918030447 0.0 0.0 0.0 0.9066144403927944 0.4219600176216467
1629013159.485904694 3.960364086795343 2.317170795543466 0.0 0.0 0.0 0.9075451026449806 0.41995462453116483
1629013159.485904694 3.959972813064928 2.3175846207801256 0.0 0.0 0.0 0.9075450997047648 0.4199546308851333
1629013159.686296701 3.959308739554464 2.317528615518815 0.0 0.0 0.0 0.9075450910091348 0.4199546496768683
1629013159.686296701 3.9595892061875895 2.3171183769364734 0.0 0.0 0.0 0.9075450923176939 0.4199546468490002
1629013159.686296701 3.9580705619279146 2.3467067185284587 0.0 0.0 0.0 0.9060751689398373 0.42311675484509637
1629013159.886710405 3.958207252041698 2.345987662844315 0.0 0.0 0.0 0.906075156919581 0.42311678058564023
1629013159.886710405 3.959466033096746 2.360859330788874 0.0 0.0 0.0 0.9054085927166031 0.4245412585779388
1629013159.886710405 3.958049464191858 2.3610409164920956 0.0 0.0 0.0 0.905408587877331 0.42454126889853405
1629013159.886710405 3.957955323087337 2.3615192028932244 0.0 0.0 0.0 0.9054085985952588 0.42454124604067556
1629013160.187287807 3.95585346612327 2.3600134243382316 0.0 0.0 0.0 0.9054086114061989 0.42454121871909994
1629013160.187287807 3.9567759275539416 2.3398909418283615 0.0 0.0 0.0 0.9070341565201302 0.42105704946695294
1629013160.287604094 3.956658445312592 2.3401785993350988 0.0 0.0 0.0 0.9070341608884285 0.4210570400568365
1629013160.287604094 3.958179741798616 2.327915504333833 0.0 0.0 0.0 0.9080970742732077 0.41875972071874373
1629013160.287604094 3.957722129085477 2.3280080124262157 0.0 0.0 0.0 0.9080970862469706 0.4187596947531626
1629013160.287604094 3.9579912101176684 2.3280900122886323 0.0 0.0 0.0 0.9080970892136138 0.41875968831987875
1629013160.490854502 3.9576885917658022 2.3274977588224774 0.0 0.0 0.0 0.908097071533087 0.41875972666080413
1629013160.490854502 3.9622138374539735 2.2962819684063085 0.0 0.0 0.0 0.9119933616239663 0.4102049589581011
1629013160.588062286 3.961116815587795 2.296672148226559 0.0 0.0 0.0 0.9119933552332622 0.41020497316631443
1629013160.588062286 3.963774963379046 2.2703422569173415 0.0 0.0 0.0 0.9147165316005181 0.40409611086561853
1629013160.788452625 3.9648755012132937 2.268820170352732 0.0 0.0 0.0 0.9147165326077589 0.4040961085856171
1629013160.788452625 3.9633030522407657 2.2684614878648572 0.0 0.0 0.0 0.9147165392974319 0.404096093442797
1629013160.788452625 3.973238699195584 2.187928862500405 0.0 0.0 0.0 0.9227307924306771 0.38544504757520825
1629013160.788452625 3.9724215027955783 2.187539663848535 0.0 0.0 0.0 0.922730798660109 0.38544503266234664
1629013161.089177847 3.971676685276118 2.1870031402489296 0.0 0.0 0.0 0.9227308001128399 0.3854450291846015
1629013161.089177847 3.9726538877261177 2.1862008507225874 0.0 0.0 0.0 0.9227308128197302 0.3854449987651155
1629013161.089177847 4.00032128230959 2.045607823070698 0.0 0.0 0.0 0.9381092186821215 0.3463395643348006
1629013161.089177847 4.000169867239337 2.045027697868178 0.0 0.0 0.0 0.9381091974759027 0.3463396217748089
1629013161.089177847 3.999914357990738 2.0447769560637408 0.0 0.0 0.0 0.9381091996572731 0.3463396158662628
1629013161.089177847 3.9993985253279565 2.0438152440607666 0.0 0.0 0.0 0.9381091960176158 0.34633962572478266
1629013161.590049744 3.9994394968273053 2.0437937204628485 0.0 0.0 0.0 0.9381091961790835 0.3463396252874249
1629013161.590049744 3.999145431272594 2.044147429528558 0.0 0.0 0.0 0.9381091855262255 0.3463396541421758
1629013161.790414810 3.9979694682626183 2.0442082553090115 0.0 0.0 0.0 0.9381091826645312 0.3463396618934729
1629013161.790414810 3.9978241694800456 2.0442524551433854 0.0 0.0 0.0 0.9381091808189447 0.3463396668925011
1629013161.790414810 3.9966987348088248 2.0450320759550813 0.0 0.0 0.0 0.9381091828245001 0.34633966146017503
1629013161.990804672 3.994118730630132 2.0449053977142797 0.0 0.0 0.0 0.9381091898043084 0.34633964255439215
1629013161.990804672 3.9929115015575194 2.043428751459713 0.0 0.0 0.0 0.9381092146525908 0.3463395752493488
1629013161.990804672 3.9932026943742547 2.0432779678656297 0.0 0.0 0.0 0.9381092203860445 0.34633955971948643
1629013162.391571283 3.992558318100038 2.0428867377620112 0.0 0.0 0.0 0.9381092017177907 0.3463396102850633
1629013162.391571283 3.993672345484076 2.0430768530800427 0.0 0.0 0.0 0.9381092060212431 0.3463395986285612
1629013162.391571283 3.9929180571027656 2.0433537929902093 0.0 0.0 0.0 0.9381092178185884 0.34633956667380106
1629013162.792377234 3.9936942031917875 2.0437269036076895 0.0 0.0 0.0 0.9381092156887773 0.3463395724426927
1629013161.590049744 4.065632907737664 1.8176072347316343 0.0 0.0 0.0 0.9644922457606464 0.2641111657381883
1629013161.790414810 4.106011587247161 1.7268444559550211 0.0 0.0 0.0 0.9700726480676384 0.24281486254148427
1629013161.990804672 4.165490413383799 1.6464978573000153 0.0 0.0 0.0 0.9690131031633314 0.24700932350373095
1629013162.391571283 4.282011819220908 1.5451543091669842 0.0 0.0 0.0 0.9609602416343473 0.2766864904509375
1629013162.792377234 4.30997630840157 1.5269277549868074 0.0 0.0 0.0 0.9591549382408797 0.2828812550313898
1629013162.992767334 4.311125295438713 1.5260470413219953 0.0 0.0 0.0 0.9591549357995841 0.2828812633089998
1629013162.992767334 4.312746691458798 1.5273376589926877 0.0 0.0 0.0 0.9591549371893269 0.2828812585968507
1629013162.992767334 4.312320978084927 1.5261698328535722 0.0 0.0 0.0 0.959154932586226 0.28288127420441295
1629013162.992767334 4.31246188866187 1.5264471303880334 0.0 0.0 0.0 0.9591549460424743 0.2828812285788122
1629013162.992767334 4.31280415766115 1.5263167311527042 0.0 0.0 0.0 0.9591549354976564 0.28288126433273464
1629013163.794341564 4.311481009857021 1.527072886059006 0.0 0.0 0.0 0.9591549292662268 0.28288128546140956
1629013163.994716644 4.312169277625013 1.5278599777938413 0.0 0.0 0.0 0.9591549302006063 0.28288128229324405
1629013163.994716644 4.3120487012799575 1.528004942728725 0.0 0.0 0.0 0.9591549327442173 0.28288127366871774
1629013163.994716644 4.310983296727528 1.5274124287924076 0.0 0.0 0.0 0.9591549445554448 0.2828812336208282
1629013164.297129869 4.310722393155658 1.527196301223582 0.0 0.0 0.0 0.9591549447584932 0.2828812329323595
1629013164.395480871 4.310930252657068 1.5268798678825308 0.0 0.0 0.0 0.9591549479280295 0.28288122218552986
1629013164.395480871 4.310741015347588 1.5260599136407513 0.0 0.0 0.0 0.9591549423174983 0.2828812412089507
1629013164.395480871 4.309587850009234 1.5269828086699166 0.0 0.0 0.0 0.9591549429711899 0.2828812389925029
1629013164.395480871 4.309857125487988 1.526420685171378 0.0 0.0 0.0 0.9591549440218989 0.2828812354299026
1629013164.796288013 4.309378193630071 1.5266977773554153 0.0 0.0 0.0 0.9591549492457401 0.282881217717617
1629013165.197075605 4.309407661811734 1.527115955926796 0.0 0.0 0.0 0.9591549410334147 0.28288124556284533
1629013165.197075605 4.309367970781098 1.527123266028053 0.0 0.0 0.0 0.959154942644522 0.28288124010012355
1629013162.992767334 4.306033886618603 1.5408154056399601 0.0 0.0 0.0 0.9608858110837037 0.27694486465362145
1629013163.794341564 4.26260092132559 1.6568523415168106 0.0 0.0 0.0 0.9762692112291016 0.21656044700292737
1629013163.994716644 4.214572686466945 1.6911906565997186 0.0 0.0 0.0 0.9808705062040299 0.19466137279658233
1629013164.297129869 4.187682786059327 1.7447877263038862 0.0 0.0 0.0 0.9869199069152473 0.16121134369019915
1629013164.395480871 4.185147622115491 1.7622744725628627 0.0 0.0 0.0 0.9887014607653762 0.14989803694649004
1629013164.796288013 4.131217335284967 1.8116574824045995 0.0 0.0 0.0 0.9940737379591823 0.10870788149834852
1629013165.197075605 4.021678567874377 1.838590476986293 0.0 0.0 0.0 0.9972888180005571 0.07358677524563484
1629013165.197075605 4.021170155564062 1.8390774171763875 0.0 0.0 0.0 0.9972888190102549 0.07358676156164928
1629013165.597881317 4.020536924584578 1.837934202422719 0.0 0.0 0.0 0.9972888211932374 0.07358673197664815
1629013165.597881317 4.021406424939728 1.8384184569851754 0.0 0.0 0.0 0.9972888220096625 0.07358672091199371
1629013165.597881317 4.022634821279575 1.8379251046079401 0.0 0.0 0.0 0.9972888216313516 0.0735867260390771
1629013165.898430824 4.023282142343039 1.8382928735416093 0.0 0.0 0.0 0.9972888190859697 0.07358676053552035
1629013165.998615742 4.023634590676915 1.838051352838435 0.0 0.0 0.0 0.9972888199574813 0.07358674872430719
1629013165.998615742 4.024052343145676 1.8386555809905936 0.0 0.0 0.0 0.9972888199517894 0.07358674880144761
1629013165.998615742 4.024363256259448 1.837808827959224 0.0 0.0 0.0 0.9972888178915156 0.07358677672342695
1629013166.299229145 4.024290069981966 1.8382093578492806 0.0 0.0 0.0 0.9972888170543898 0.07358678806861922
1629013166.299229145 4.023397520443636 1.838630068722491 0.0 0.0 0.0 0.9972888180746987 0.07358677424082774
1629013166.299229145 4.024277702776854 1.839135697270927 0.0 0.0 0.0 0.9972888205936786 0.07358674010220564
1629013166.299229145 4.02404383659918 1.8397416869950656 0.0 0.0 0.0 0.9972888198834162 0.07358674972807971
1629013168.403431416 4.0244362974922225 1.8403596521943468 0.0 0.0 0.0 0.9972888179147665 0.07358677640831766
1629013168.603710651 4.024335124827278 1.8397203431509037 0.0 0.0 0.0 0.9972888195781786 0.07358675386483014
1629013165.597881317 3.9245838487789704 1.8547703582366006 0.0 0.0 0.0 0.9990835524359744 0.04280251455129278
1629013165.898430824 3.852120842589707 1.858132598286902 0.0 0.0 0.0 0.9997558938629252 0.022094177657101005
1629013165.998615742 3.8184126117421258 1.856281298566419 0.0 0.0 0.0 0.9998904484743472 0.014801724553877136
1629013166.299229145 3.764464473328502 1.8657039875405315 0.0 0.0 0.0 -0.9999579843072418 0.009166767161761713
1629013167.200989485 3.6774425323713453 1.8606378387531117 0.0 0.0 0.0 -0.9957717073185499 0.09186243467217742
1629013167.902340412 3.461010840519965 1.7990867268293056 0.0 0.0 0.0 -0.9824606404506254 0.1864700779357021
1629013168.102773190 3.3760400103951125 1.7657462572330926 0.0 0.0 0.0 -0.9770165037598133 0.21316367275159875
1629013168.206339836 3.373875910939309 1.7502133664900847 0.0 0.0 0.0 -0.974195267408107 0.2257068473920251
1629013168.403431416 3.3603827994739546 1.7211412998306366 0.0 0.0 0.0 -0.9682882532524771 0.24983566321337458
1629013168.603710651 3.359692211264356 1.7195891134205614 0.0 0.0 0.0 -0.968288244900929 0.24983569558147298
1629013168.603710651 3.3549700308756627 1.6855195364436533 0.0 0.0 0.0 -0.961720703273435 0.27403154726281004
1629013168.804109335 3.3547692164830414 1.6848723795716867 0.0 0.0 0.0 -0.9617207076122956 0.27403153203546776
1629013168.804109335 3.353265635508345 1.6849864666902916 0.0 0.0 0.0 -0.9617207146675918 0.27403150727472275
1629013168.804109335 3.3344279662571235 1.6467699534671782 0.0 0.0 0.0 -0.9545767230466133 0.29796523256512547
1629013169.004486561 3.334531444916465 1.6474121354536504 0.0 0.0 0.0 -0.9545767279298646 0.2979652169208904
1629013169.004486561 3.3344282417455946 1.6472330384093603 0.0 0.0 0.0 -0.954576723945614 0.2979652296850406
1629013169.004486561 3.3288939909041546 1.6102457018806957 0.0 0.0 0.0 -0.9470349524167238 0.32113050135584104
1629013169.004486561 3.3275649916357652 1.6093051386910429 0.0 0.0 0.0 -0.947034955537227 0.3211304921532716
1629013169.305072069 3.3263853305329505 1.610103983837234 0.0 0.0 0.0 -0.94703497463993 0.32113043581813777
1629013169.305072069 3.2986127312750924 1.5436711373647605 0.0 0.0 0.0 -0.9345078357184214 0.35594255854122286
1629013169.305072069 3.2984056358157767 1.5438453794441358 0.0 0.0 0.0 -0.9345078097414395 0.3559426267423689
1629013169.305072069 3.2981680500932447 1.543854502637785 0.0 0.0 0.0 -0.9345078171708807 0.35594260723677884
1629013169.605694056 3.299032448422754 1.5432667746366797 0.0 0.0 0.0 -0.9345078235713455 0.35594259043270854
1629013169.605694056 3.2709383060493695 1.4701653753264043 0.0 0.0 0.0 -0.9216547561465993 0.388010966948555
1629013169.705881596 3.2710078389736106 1.4691812512942313 0.0 0.0 0.0 -0.9216547541177617 0.38801097176771737
1629013169.705881596 3.2661674801981455 1.4461952537133813 0.0 0.0 0.0 -0.9180026755284925 0.39657418943059
1629013169.806046009 3.2659405047448535 1.4471880107747586 0.0 0.0 0.0 -0.9180026783778992 0.3965741828346915
1629013169.806046009 3.26681995810216 1.4478125112367524 0.0 0.0 0.0 -0.9180026914608196 0.3965741525499251
1629013169.806046009 3.267347102611853 1.421727600827668 0.0 0.0 0.0 -0.9154678165313775 0.40239119882928853
1629013170.010056734 3.267441612426758 1.4213877329177087 0.0 0.0 0.0 -0.9154678065674289 0.4023912214979604
1629013170.010056734 3.263320677659553 1.368404869146791 0.0 0.0 0.0 -0.9108398496918915 0.4127599401749794
1629013170.106631994 3.2642520498158234 1.3686280754083457 0.0 0.0 0.0 -0.9108398435386842 0.41275995375329866
1629013170.106631994 3.2637987241799307 1.3421089220162146 0.0 0.0 0.0 -0.909277101356225 0.4161912456422183
1629013170.206834793 3.2627906287488213 1.342439137513774 0.0 0.0 0.0 -0.9092771032587484 0.41619124148566533
1629013170.206834793 3.261528761206674 1.3196956226738386 0.0 0.0 0.0 -0.9076205747966224 0.4197914865809559
1629013170.307057381 3.261087294707094 1.3187945635705278 0.0 0.0 0.0 -0.9076205869375382 0.41979146033138715
1629013170.307057381 3.259353520003321 1.2915041944327619 0.0 0.0 0.0 -0.9063550112695016 0.4225169742704566
1629013170.407232761 3.2598622699336213 1.2922197711917587 0.0 0.0 0.0 -0.9063549900211006 0.42251701985109485
1629013170.407232761 3.257983066529691 1.2613605816500921 0.0 0.0 0.0 -0.9058083954239903 0.4236875626914438
1629013170.507467270 3.25824355461896 1.2611326502975733 0.0 0.0 0.0 -0.9058083799956074 0.423687595676028
1629013170.507467270 3.2546922444602795 1.2318064501415418 0.0 0.0 0.0 -0.9056291356819913 0.4240705938919714
1629013170.507467270 3.2545583065513064 1.232639189231524 0.0 0.0 0.0 -0.9056291271682709 0.4240706120735505
1629013170.707806826 3.255382692840486 1.2337364081734814 0.0 0.0 0.0 -0.9056291388214024 0.42407058718756374
1629013170.707806826 3.251304858399062 1.173420822080961 0.0 0.0 0.0 -0.9077656762567705 0.419477623968297
1629013170.707806826 3.2509500919944228 1.1742397973275438 0.0 0.0 0.0 -0.9077657079025055 0.4194775554857052
1629013170.707806826 3.2509673565143045 1.1748219163807463 0.0 0.0 0.0 -0.9077656870593117 0.41947760059118255
1629013171.009956837 3.2510715145409295 1.174271204075756 0.0 0.0 0.0 -0.9077656879311833 0.4194775987044189
1629013171.009956837 3.2287817148025777 1.0830129616836048 0.0 0.0 0.0 -0.9137756746496284 0.40621917288406806
1629013171.108597279 3.229525907018649 1.0835956399501199 0.0 0.0 0.0 -0.9137756724346181 0.40621917786665557
1629013171.108597279 3.2252959529758733 1.0515696598611493 0.0 0.0 0.0 -0.9159253045395108 0.40134877164905386
1629013171.108597279 3.225578037954345 1.0525605723703992 0.0 0.0 0.0 -0.91592528736319 0.4013488108474444
1629013171.309024096 3.2248885679593546 1.052123600689055 0.0 0.0 0.0 -0.915925271046253 0.4013488480846157
1629013171.309024096 3.2132827142232125 0.9815680766204945 0.0 0.0 0.0 -0.9212409679772018 0.38899238928342583
1629013171.309024096 3.212833735270185 0.9814224508046142 0.0 0.0 0.0 -0.9212409696924488 0.38899238522124907
1629013171.309024096 3.2132432591991242 0.9804920245426701 0.0 0.0 0.0 -0.9212409714005741 0.38899238117593843
1629013171.509395123 3.20259346949825 0.9150647718377909 0.0 0.0 0.0 -0.9265681929921677 0.37612681868650233
1629013171.509395123 3.201901072967448 0.9144940305815433 0.0 0.0 0.0 -0.9265681775737724 0.3761268566688878
1629013171.709802628 3.2026959528498136 0.9147207383134665 0.0 0.0 0.0 -0.9265681895707785 0.37612682711491074
1629013171.709802628 3.1922254424980103 0.8499217573486381 0.0 0.0 0.0 -0.9319000265391348 0.3627152333944078
1629013171.709802628 3.192321286740494 0.8498735033725041 0.0 0.0 0.0 -0.9319000303298847 0.36271522365508724
1629013171.709802628 3.1917585076045323 0.8507485217255901 0.0 0.0 0.0 -0.931900027490712 0.36271523094958413
1629013171.709802628 3.192174045834089 0.851118274939325 0.0 0.0 0.0 -0.9319000266300907 0.36271523316072096
1629013171.709802628 3.192306378009645 0.85015086743683 0.0 0.0 0.0 -0.931900015130462 0.3627152627059479
1629013172.310935020 3.1918325560948575 0.8502071411572214 0.0 0.0 0.0 -0.931900011586807 0.36271527181042285
1629013172.310935020 3.192127231150314 0.8512342455546672 0.0 0.0 0.0 -0.9319000247482486 0.36271523799561217
1629013172.411147356 3.1931269671767644 0.8515951386190634 0.0 0.0 0.0 -0.9319000134979042 0.36271526690036904
1629013172.411147356 3.1930984705118846 0.8509793056069259 0.0 0.0 0.0 -0.9319000111466881 0.362715272941191
1629013172.611762047 3.1940380332983835 0.8513095965014116 0.0 0.0 0.0 -0.9319000031196302 0.3627152935645715
1629013172.611762047 3.1940473990023053 0.8506200026132987 0.0 0.0 0.0 -0.9318999789044707 0.36271535577894554
1629013172.811977863 3.194110355410763 0.8502493496857201 0.0 0.0 0.0 -0.9318999756973402 0.36271536401880866
1629013172.811977863 3.1942663247929195 0.8506496655158386 0.0 0.0 0.0 -0.9318999789466154 0.36271535567066604
1629013172.811977863 3.1946536899588076 0.8507243557697158 0.0 0.0 0.0 -0.9318999494226512 0.3627154315245771
1629013173.112493277 3.1944074890012866 0.8509028927871606 0.0 0.0 0.0 -0.9318999557562945 0.3627154152519801
1629013177.921918392 3.1935841133448526 0.8506201847143778 0.0 0.0 0.0 -0.9318999462214446 0.3627154397492181
1629013172.310935020 3.1302438311560934 0.658790558097413 0.0 0.0 0.0 -0.9473873813873512 0.320089283775664
1629013172.411147356 3.1059091680824307 0.6210114176325526 0.0 0.0 0.0 -0.9501550654985825 0.31177772772823953
1629013172.611762047 3.057403734099182 0.5592000447955257 0.0 0.0 0.0 -0.9549165390100492 0.2968743901468583
1629013172.811977863 3.001611762573412 0.49825527777079526 0.0 0.0 0.0 -0.959663792345991 0.28115014789274195
1629013173.112493277 2.8884337233208752 0.40230514920488764 0.0 0.0 0.0 -0.9665849501746465 0.25634651176849677
1629013173.212690830 2.8605526175590943 0.37834760477366547 0.0 0.0 0.0 -0.9688048663358759 0.24782479892844778
1629013173.312892914 2.845846163274134 0.35053454202727974 0.0 0.0 0.0 -0.9709173936346339 0.239414733752393
1629013173.413134813 2.8273122649019546 0.3281411725926215 0.0 0.0 0.0 -0.9730263342129256 0.23069406782177107
1629013174.114495277 2.6179575233244043 0.17013000753932792 0.0 0.0 0.0 -0.9856236608280556 0.16895561315298777
1629013174.314868450 2.5093658430243946 0.124775532808564 0.0 0.0 0.0 -0.9887495711000371 0.14958036518705461
1629013174.415051937 2.4529587248864315 0.1035040643124137 0.0 0.0 0.0 -0.9900911148908285 0.1404264370203714
1629013178.122301817 2.453121461578445 0.10353282832824447 0.0 0.0 0.0 -0.9900911112358387 0.14042646279025223
1629013178.523101568 2.453899616272737 0.1037701173395378 0.0 0.0 0.0 -0.9900911092029447 0.1404264771233774
1629013178.523101568 2.454003964618678 0.10299325506491203 0.0 0.0 0.0 -0.9900911083648479 0.1404264830324644
1629013178.523101568 0.5389662164327479 0.37851022697223025 0.0 0.0 0.0 0.9888730816626237 0.14876164950371454
1629013178.523101568 0.5394776256117532 0.37937447461388657 0.0 0.0 0.0 0.9888730785375908 0.14876167027694928
1629013178.723504305 0.5384632590506931 0.3795746689520681 0.0 0.0 0.0 0.988873083500277 0.1487616372881601
1629013178.723504305 0.41873747069993006 0.41214222292762515 0.0 0.0 0.0 0.9925432303880226 0.12189313274712676
1629013178.723504305 0.41919210493239684 0.412152697516082 0.0 0.0 0.0 0.992543225491475 0.12189317261840013
1629013178.723504305 0.41971135320969466 0.4125971887512058 0.0 0.0 0.0 0.9925432305038285 0.12189313180415044
1629013178.723504305 0.42087657779081733 0.413101827087416 0.0 0.0 0.0 0.9925432322211674 0.12189311782031732
1629013178.723504305 0.421629658360025 0.41292153002632137 0.0 0.0 0.0 0.9925432360506434 0.12189308663790864
1629013178.723504305 0.4215404190416591 0.4140303204034229 0.0 0.0 0.0 0.9925432325006533 0.12189311554453755
1629013179.925849915 0.42125604137329015 0.41490661457310307 0.0 0.0 0.0 0.9925432338752337 0.12189310435169495
1629013179.925849915 0.42089473804972233 0.4146858082770025 0.0 0.0 0.0 0.9925432322781904 0.12189311735599434
1629013179.925849915 0.22969378669335055 0.6467668294856478 0.0 0.0 0.0 0.9997201970938185 0.0236543341207592
1629013179.925849915 0.23023072807268438 0.6452134206757646 0.0 0.0 0.0 0.9997201964755908 0.02365436024934818
1629013179.925849915 0.23046479810217843 0.6450044105165221 0.0 0.0 0.0 0.9997201962895708 0.023654368111243152
1629013179.925849915 0.23097726510464642 0.6449795656111642 0.0 0.0 0.0 0.9997201968997804 0.023654342321533517
1629013179.925849915 0.23040994785443752 0.6455776319318228 0.0 0.0 0.0 0.9997201979130098 0.023654299498662268
1629013180.627175808 0.23038431772662993 0.6454512790561237 0.0 0.0 0.0 0.9997201982190942 0.023654286562375067
1629013180.627175808 -0.09949467104440306 0.644790346722881 0.0 0.0 0.0 -0.9939494783676461 0.10983821945335899
1629013180.828376532 -0.09933868195631904 0.6448783472710404 0.0 0.0 0.0 -0.99394948140507 0.1098381919670586
1629013180.828376532 -0.10089005730073088 0.6450443550278926 0.0 0.0 0.0 -0.9939494810545552 0.10983819513894243
1629013180.828376532 -0.41120272745667 0.5304241170074314 0.0 0.0 0.0 -0.9814794646558752 0.19156737837851356
1629013180.828376532 -0.4108632212010096 0.5309995354406948 0.0 0.0 0.0 -0.9814794615543073 0.19156739426913727
1629013180.828376532 -0.41184719260234176 0.5317428255552407 0.0 0.0 0.0 -0.9814794654744261 0.19156737418473643
1629013180.828376532 -0.4121906674375304 0.5300121691433921 0.0 0.0 0.0 -0.9814794726213073 0.1915673375682829
1629013181.328547478 -0.4122721056421492 0.5302545088449054 0.0 0.0 0.0 -0.9814794744037837 0.1915673284359116
1629013181.428739548 -0.41098427859168124 0.5305001630271396 0.0 0.0 0.0 -0.9814794815709879 0.19156729171532624
1629013181.328547478 -0.7016546186042334 0.374160632378956 0.0 0.0 0.0 -0.9542512577439709 0.2990059148144893
1629013181.428739548 -0.7024180295246097 0.37456781213743384 0.0 0.0 0.0 -0.9542512470819705 0.2990059488413299
1629013181.428739548 -0.9340926262793855 0.21378105756529872 0.0 0.0 0.0 -0.9375615430470831 0.3478194258507892
1629013181.629146099 -0.9344339688578722 0.21400841264376422 0.0 0.0 0.0 -0.9375615478606417 0.34781941287564394
1629013181.629146099 -0.9353950040582147 0.21352000445571678 0.0 0.0 0.0 -0.9375615567544383 0.34781938890204794
1629013181.629146099 -0.9960733450091648 0.12589698727892673 0.0 0.0 0.0 -0.9208771471515583 0.3898528951463709
1629013181.629146099 -0.9959573917548461 0.1263559331881686 0.0 0.0 0.0 -0.9208771425043896 0.38985290612351486
1629013181.832266808 -0.9955948965933895 0.1258209151373887 0.0 0.0 0.0 -0.9208771504035898 0.3898528874647004
1629013181.832266808 -1.022908103979879 0.030207326348331603 0.0 0.0 0.0 -0.9029597637687876 0.4297251040079172
1629013181.832266808 -1.0230263868522151 0.02962653441626048 0.0 0.0 0.0 -0.9029597612501475 0.42972510930020896
1629013181.832266808 -1.0228055539670105 0.02978084643700043 0.0 0.0 0.0 -0.9029597483796991 0.429725136344234
1629013181.832266808 -1.023353037863116 0.02978290819410819 0.0 0.0 0.0 -0.9029597540121809 0.42972512450898404
1629013181.832266808 -1.0222311786466405 0.028224489146475885 0.0 0.0 0.0 -0.9029597508299215 0.42972513119570527
1629013182.330725193 -1.0219460084501126 0.028487984799936753 0.0 0.0 0.0 -0.9029597420833221 0.4297251495744931
1629013182.531440973 -1.0212770863018377 0.028117095319568113 0.0 0.0 0.0 -0.9029597451258004 0.42972514318148725
1629013182.531440973 -1.0215516199576826 0.027812815783273912 0.0 0.0 0.0 -0.9029597546293974 0.42972512321205814
1629013182.734062195 -1.021923038111954 0.027765320092490373 0.0 0.0 0.0 -0.902959762411359 0.4297251068602138
1629013182.330725193 -1.0427114813240435 -0.20184898656579967 0.0 0.0 0.0 -0.8592588927099092 0.5115409615064476
1629013182.531440973 -1.0483580984124734 -0.3177556320660048 0.0 0.0 0.0 -0.8518154517681132 0.5238419953851401
1629013182.831467628 -1.0468027280890133 -0.3172627851238079 0.0 0.0 0.0 -0.8518154746983156 0.5238419580985121
1629013182.734062195 -1.0450689468276775 -0.44914985548969455 0.0 0.0 0.0 -0.8611307654705035 0.5083835213302893
1629013182.831467628 -1.0457305414236726 -0.4493982131644497 0.0 0.0 0.0 -0.8611307764037013 0.508383502810977
1629013182.831467628 -1.0514035923345129 -0.5140008532108875 0.0 0.0 0.0 -0.8661734684612322 0.4997434567193838
1629013182.831467628 -1.050589704118121 -0.5142598515434259 0.0 0.0 0.0 -0.8661734838500048 0.49974343004700456
1629013183.132084608 -1.0500931588257874 -0.5148378139113055 0.0 0.0 0.0 -0.8661734749584722 0.4997434454581321
1629013183.132084608 -1.061434077100742 -0.6961119261626043 0.0 0.0 0.0 -0.8842895813486494 0.46693889998395977
1629013183.132084608 -1.0624810730991305 -0.6962088513987497 0.0 0.0 0.0 -0.8842895800934708 0.46693890236101876
1629013183.132084608 -1.0618927909099969 -0.6974533179819291 0.0 0.0 0.0 -0.8842895843726103 0.46693889425717816
1629013183.132084608 -1.0616109090996286 -0.6972035515255708 0.0 0.0 0.0 -0.8842896063519246 0.466938852632717
1629013183.132084608 -1.062114601612788 -0.6967236148913694 0.0 0.0 0.0 -0.8842896091106021 0.46693884740832886
1629013183.634452820 -1.0621670972702792 -0.6973907367999816 0.0 0.0 0.0 -0.8842896238534821 0.46693881948823573
1629013183.634452820 -1.061842517332265 -0.6973238120918994 0.0 0.0 0.0 -0.8842896211080775 0.46693882468748804
1629013183.634452820 -1.0623035149920368 -0.6969733010754059 0.0 0.0 0.0 -0.8842896240754177 0.46693881906793366
1629013183.634452820 -1.0633272962506448 -0.6962336236845668 0.0 0.0 0.0 -0.8842896340881371 0.466938800105826
1629013183.634452820 -1.0636209642610093 -0.6965494503347069 0.0 0.0 0.0 -0.8842896289110079 0.46693880991028364
1629013183.634452820 -1.063413737433991 -0.6965037836571336 0.0 0.0 0.0 -0.8842896192487719 0.4669388282086445
1629013184.033816814 -1.0624792516449684 -0.6967341152965817 0.0 0.0 0.0 -0.8842896434229318 0.46693878242757264
1629013184.033816814 -1.0630399217973212 -0.6948563075887119 0.0 0.0 0.0 -0.8842896404737882 0.466938788012667
1629013184.033816814 -1.0637237441214404 -0.6940328925811162 0.0 0.0 0.0 -0.8842896380494062 0.4669387926039667
1629013184.033816814 -1.0627973211913373 -0.694624934579774 0.0 0.0 0.0 -0.8842896510145752 0.4669387680505023
1629013184.033816814 -1.062667792426734 -0.6944316771276593 0.0 0.0 0.0 -0.8842896654317175 0.4669387407472859
1629013183.634452820 -1.0971896347035428 -0.9829533668477278 0.0 0.0 0.0 -0.9131934744648429 0.40752629141544766
1629013184.033816814 -1.2562124515074566 -1.1912421504818893 0.0 0.0 0.0 -0.9341936697621256 0.3567662923769181
1629013184.635001659 -1.2560959440194612 -1.1906213767748222 0.0 0.0 0.0 -0.9341936655466093 0.3567663034152606
1629013184.835386753 -1.256189791388741 -1.1902287001072807 0.0 0.0 0.0 -0.9341936628152431 0.35676631056735153
1629013184.835386753 -1.2552478392957345 -1.1898454970702264 0.0 0.0 0.0 -0.9341936477401375 0.3567663500415586
1629013184.635001659 -1.5548304999952385 -1.4820034159179951 0.0 0.0 0.0 -0.9551097879341071 0.29625207677325227
1629013184.835386753 -1.554838092098329 -1.4814831426797306 0.0 0.0 0.0 -0.9551097840765923 0.29625208920978985
1629013184.835386753 -1.6759132564728563 -1.5772061998112397 0.0 0.0 0.0 -0.95324802151967 0.30218902936545317
1629013185.035778046 -1.676129689257753 -1.5775274227631064 0.0 0.0 0.0 -0.9532480187864034 0.30218903798747676
1629013185.035778046 -1.6760867980507976 -1.5770510283240577 0.0 0.0 0.0 -0.9532480268675694 0.3021890124956327
1629013185.035778046 -1.7484767555054603 -1.6481621366556936 0.0 0.0 0.0 -0.9474038490629784 0.32004053927690684
1629013185.035778046 -1.7469234688671957 -1.648172401729579 0.0 0.0 0.0 -0.9474038439100447 0.32004055453093994
1629013185.035778046 -1.7464499393444386 -1.6486562101601723 0.0 0.0 0.0 -0.947403845997913 0.32004054835030293
1629013185.035778046 -1.7471426621146193 -1.6483946386090715 0.0 0.0 0.0 -0.9474038559220448 0.3200405189722725
1629013185.737141132 -1.747959088129966 -1.6490853114434552 0.0 0.0 0.0 -0.9474038568045388 0.3200405163598587
1629013185.737141132 -1.74767877328617 -1.6493640433892873 0.0 0.0 0.0 -0.9474038609019646 0.3200405042304034
1629013185.737141132 -1.7480766289813106 -1.6504568963960256 0.0 0.0 0.0 -0.9474038681262704 0.32004048284456205
1629013185.737141132 -1.7527290475120998 -1.6796101270030313 0.0 0.0 0.0 -0.9412582130553258 0.33768769056022
1629013185.737141132 -1.7527747317936808 -1.6798767151406446 0.0 0.0 0.0 -0.9412582099059086 0.3376876993387893
1629013185.737141132 -1.752125886366578 -1.680202259901661 0.0 0.0 0.0 -0.9412581972710531 0.33768773455671636
1629013185.737141132 -1.7518812496634992 -1.6804911770425086 0.0 0.0 0.0 -0.941258207477612 0.33768770610733323
1629013186.238120079 -1.7517329940883113 -1.68026841877316 0.0 0.0 0.0 -0.9412582115931883 0.33768769463572795
1629013186.238120079 -1.7515690845846483 -1.6607044506407975 0.0 0.0 0.0 -0.9565759729391563 0.29148311785677483
1629013186.238120079 -1.750838825054771 -1.6606663961314874 0.0 0.0 0.0 -0.9565759658192142 0.2914831412226743
1629013186.238120079 -1.7515138373576205 -1.6599047272890213 0.0 0.0 0.0 -0.9565759619111968 0.291483154047826
1629013186.538707733 -1.7515534242484376 -1.6599189160068917 0.0 0.0 0.0 -0.9565759630730799 0.2914831502348116
1629013186.638895512 -1.7515539810305678 -1.6596113620281718 0.0 0.0 0.0 -0.9565759671946498 0.29148313670883336
1629013186.638895512 -1.7511872049878359 -1.6592794289547272 0.0 0.0 0.0 -0.956575974755604 0.29148311189563997
1629013186.538707733 -1.7294178999632157 -1.5657480857325417 0.0 0.0 0.0 -0.9751374114240384 0.22160105785222584
1629013186.638895512 -1.729677376934542 -1.5654383170089798 0.0 0.0 0.0 -0.9751374138625621 0.2216010471217006
1629013187.039713860 -1.7297516086938018 -1.5653596365898845 0.0 0.0 0.0 -0.9751374222239634 0.22160101032803034
1629013186.638895512 -1.722039395158837 -1.53773274550323 0.0 0.0 0.0 -0.9809512600839139 0.19425402271196726
1629013187.039713860 -1.7220562278590845 -1.5373571572741989 0.0 0.0 0.0 -0.9809512528170764 0.1942540594083126
1629013187.039713860 -1.5561913292117806 -1.4357148369317425 0.0 0.0 0.0 -0.9939585440319288 0.10975615128970245
1629013187.039713860 -1.556387656073335 -1.4352310236105732 0.0 0.0 0.0 -0.9939585448010919 0.10975614432411407
1629013187.039713860 -1.557090260069389 -1.4361450312029875 0.0 0.0 0.0 -0.9939585441952903 0.10975614981029162
1629013187.039713860 -1.5566148843109515 -1.4354863515387957 0.0 0.0 0.0 -0.9939585480135834 0.10975611523158549
1629013188.142455101 -1.5556712441869536 -1.4350114062854002 0.0 0.0 0.0 -0.9939585489326205 0.10975610690872489
1629013188.142455101 -1.556056569608706 -1.4357517941969382 0.0 0.0 0.0 -0.9939585438797202 0.10975615266811446
1629013188.142455101 -1.2460368762658272 -1.3574731652402159 0.0 0.0 0.0 -0.9965174269845697 0.08338475709656272
1629013188.142455101 -1.2454243055627041 -1.3575349296275434 0.0 0.0 0.0 -0.9965174271249602 0.08338475541877981
1629013188.542624950 -1.2451024436118734 -1.3581507819216556 0.0 0.0 0.0 -0.9965174256143554 0.0833847734717652
1629013188.642812967 -1.2442331723800812 -1.3593892356324027 0.0 0.0 0.0 -0.9965174239729389 0.08338479308805656
1629013188.542624950 -1.3332242008661204 -1.3732090384712203 0.0 0.0 0.0 -0.9993076265464224 0.037205745875550596
1629013188.642812967 -1.333329789522892 -1.3734152849705283 0.0 0.0 0.0 -0.9993076260032862 0.0372057604636212
1629013188.642812967 -1.4146520423854039 -1.3872573137741135 0.0 0.0 0.0 -0.9997451141965432 0.02257668355052893
1629013188.642812967 -1.413957952424457 -1.3873051659670301 0.0 0.0 0.0 -0.9997451133223024 0.022576722263799406
1629013188.642812967 -1.4144208120816633 -1.3882637767413535 0.0 0.0 0.0 -0.9997451128876516 0.022576741511051927
1629013188.642812967 -1.4151602882437948 -1.3890212387677763 0.0 0.0 0.0 -0.9997451126544449 0.02257675183792432
1629013189.150118589 -1.4147302164202784 -1.3898934645575898 0.0 0.0 0.0 -0.9997451126577612 0.0225767516910737
1629013189.243979216 -1.4158908762660087 -1.3896482363575131 0.0 0.0 0.0 -0.9997451126500796 0.0225767520312297
1629013189.150118589 -1.6103828623721057 -1.3926705717024237 0.0 0.0 0.0 0.9984323493880949 0.055971811614144405
1629013189.243979216 -1.6108078389056226 -1.392734207637853 0.0 0.0 0.0 0.9984323500746246 0.05597179936773657
1629013189.346075773 -1.6102957514740075 -1.3917423765878878 0.0 0.0 0.0 0.9984323506489556 0.05597178912274281
1629013189.346075773 -1.7600167340795183 -1.3866858628147243 0.0 0.0 0.0 0.9962391398975992 0.08664627017992031
1629013189.346075773 -1.7606331103392523 -1.3867613498900608 0.0 0.0 0.0 0.9962391384956626 0.08664628629906804
1629013189.346075773 -1.7607076346363786 -1.386099022986483 0.0 0.0 0.0 0.9962391371240014 0.08664630207011291
1629013189.945374012 -1.760687078435391 -1.3864057035702393 0.0 0.0 0.0 0.9962391408828525 0.08664625885170171
1629013189.945374012 -1.7602649743422845 -1.3855102754066084 0.0 0.0 0.0 0.9962391398678991 0.08664627052140521
1629013189.945374012 -1.9921115057977765 -1.3221290981356506 0.0 0.0 0.0 0.985771383478018 0.1680915807404832
1629013189.945374012 -1.9938048488834716 -1.322517979942905 0.0 0.0 0.0 0.9857713905715185 0.16809153914071578
1629013190.145747185 -1.9935779081160934 -1.3230120658852362 0.0 0.0 0.0 0.9857713891403002 0.16809154753408334
1629013190.145747185 -1.9930592534368523 -1.323014549470732 0.0 0.0 0.0 0.9857713861318986 0.168091565176826
1629013190.145747185 -2.083409370897834 -1.2935414626280295 0.0 0.0 0.0 0.9808145274623643 0.19494322947663262
1629013190.145747185 -2.0814617829703472 -1.2922539507865969 0.0 0.0 0.0 0.9808145313234284 0.19494321005052578
1629013190.145747185 -2.0807709286270812 -1.291889387568258 0.0 0.0 0.0 0.9808145214262167 0.19494325984619595
1629013190.145747185 -2.079908647931379 -1.2906117843045255 0.0 0.0 0.0 0.9808145216861136 0.19494325853858144
1629013190.446377039 -2.0800233834628155 -1.2893083279425992 0.0 0.0 0.0 0.980814514114422 0.19494329663389348
1629013190.446377039 -2.080305943968231 -1.2896949137067195 0.0 0.0 0.0 0.980814514890307 0.19494329273019803
1629013190.446377039 -2.142710872888332 -1.2354616022069729 0.0 0.0 0.0 0.9716986629864841 0.23622385220438527
1629013190.446377039 -2.1422647766417833 -1.2354746774998022 0.0 0.0 0.0 0.9716986565938526 0.23622387850025253
1629013190.446377039 -2.142171798258532 -1.2354568518838618 0.0 0.0 0.0 0.9716986695445037 0.2362238252281965
1629013190.446377039 -2.1422746651366977 -1.235684349309324 0.0 0.0 0.0 0.9716986801796246 0.23622378148098383
1629013191.448290825 -2.1436456651993687 -1.235579067492315 0.0 0.0 0.0 0.9716986809030926 0.23622377850502196
1629013191.548486233 -2.1442373988718764 -1.2357457669037353 0.0 0.0 0.0 0.9716986926933774 0.23622373000607147
1629013191.548486233 -2.143498261193496 -1.235686861636166 0.0 0.0 0.0 0.9716986811948811 0.23622377730475974
1629013191.448290825 -2.2453996896766975 -1.1181553779786368 0.0 0.0 0.0 0.9399522259124632 0.3413060400904234
1629013191.548486233 -2.245479268481146 -1.118084946701483 0.0 0.0 0.0 0.9399522504536582 0.3413059725042963
1629013191.548486233 -2.2668843335924884 -1.0636125007473534 0.0 0.0 0.0 0.93072785587065 0.3657125350687649
1629013191.548486233 -2.2665306123734643 -1.0642227160987257 0.0 0.0 0.0 0.9307278619924347 0.3657125194889988
1629013191.548486233 -2.265354557033616 -1.0650415854520208 0.0 0.0 0.0 0.930727861652512 0.3657125203540924
1629013191.949263096 -2.2644634951020093 -1.0652784872997245 0.0 0.0 0.0 0.9307278715197967 0.3657124952421351
1629013192.049455166 -2.2641685146020354 -1.0658083927156352 0.0 0.0 0.0 0.9307278523652187 0.36571254398998615
1629013191.949263096 -2.3384736741111354 -0.8950297964990437 0.0 0.0 0.0 0.9025785933422662 0.43052512451690456
1629013192.249902725 -2.33761849698462 -0.8952329247446486 0.0 0.0 0.0 0.9025785899899444 0.430525131544912
1629013192.049455166 -2.3604911124817725 -0.8441697697303512 0.0 0.0 0.0 0.8946153495723096 0.44683708027603786
1629013192.249902725 -2.359849006296992 -0.8449542270594166 0.0 0.0 0.0 0.894615350035424 0.44683707934883343
1629013192.249902725 -2.4085357038891253 -0.7443038423155277 0.0 0.0 0.0 0.8777690697557895 0.4790839802999637
1629013192.249902725 -2.408897854559997 -0.744514996781515 0.0 0.0 0.0 0.8777690748269358 0.4790839710087003
1629013192.249902725 -2.4089752521704466 -0.7436916489390288 0.0 0.0 0.0 0.8777690866956049 0.47908394926313663
1629013192.249902725 -2.4086423327867483 -0.7428628420247928 0.0 0.0 0.0 0.8777690971885925 0.4790839300380709
1629013192.851044893 -2.409356895121834 -0.7425643177779245 0.0 0.0 0.0 0.8777690991507942 0.4790839264429599
1629013192.851044893 -2.409289820678523 -0.741149045583584 0.0 0.0 0.0 0.8777690923991132 0.47908393881327016
1629013192.851044893 -2.4993560285744265 -0.4739991188816557 0.0 0.0 0.0 0.8216502538280936 0.5699919827368006
1629013193.051414251 -2.499195311881146 -0.47381529512083675 0.0 0.0 0.0 0.8216502433010634 0.5699919979116402
1629013193.051414251 -2.5000065671330223 -0.47291781800004734 0.0 0.0 0.0 0.8216502473885565 0.5699919920194703
1629013193.051414251 -2.5565101505768273 -0.3242759349681149 0.0 0.0 0.0 0.797267609153986 0.6036260095405823
1629013193.051414251 -2.5569073703665177 -0.3233730840548379 0.0 0.0 0.0 0.7972676229676853 0.6036259912954849
1629013193.151612282 -2.5583344825099905 -0.3236807274194469 0.0 0.0 0.0 0.7972676580298614 0.6036259449854521
1629013193.251803398 -2.557777923925069 -0.3236162907538185 0.0 0.0 0.0 0.7972676599506303 0.6036259424485052
1629013193.151612282 -2.579401449947876 -0.2577027017825508 0.0 0.0 0.0 0.7856418166703756 0.6186816110883464
1629013193.251803398 -2.577986501349456 -0.2578248462675261 0.0 0.0 0.0 0.7856418274830143 0.6186815973577601
1629013193.251803398 -2.5958602177237475 -0.1965851169630458 0.0 0.0 0.0 0.7731962869169156 0.6341667776680633
1629013193.354059696 -2.596369010720914 -0.19741656057429097 0.0 0.0 0.0 0.7731962966166676 0.6341667658418173
1629013193.354059696 -2.5954791437852296 -0.19637964108712022 0.0 0.0 0.0 0.7731962512470663 0.6341668211578745
1629013193.354059696 -2.59533499728761 -0.19462334134617096 0.0 0.0 0.0 0.7731962445135075 0.6341668293676422
1629013193.354059696 -2.609143941718684 -0.13130936367278928 0.0 0.0 0.0 0.7610682657982274 0.6486717928158112
1629013193.452210426 -2.608702886679458 -0.131575005881901 0.0 0.0 0.0 0.7610682541513739 0.6486718064807347
1629013193.452210426 -2.620471635933927 -0.073350540941971 0.0 0.0 0.0 0.7480961647084309 0.6635903317171945
1629013193.552470684 -2.620507721357613 -0.07349699789316542 0.0 0.0 0.0 0.7480961317794657 0.6635903688395428
1629013193.552470684 -2.621127393383323 -0.07419123971811258 0.0 0.0 0.0 0.7480961463061917 0.6635903524628919
1629013193.552470684 -2.6303014086743572 -0.010209570290219782 0.0 0.0 0.0 0.73508926494449 0.6779703330997378
1629013193.552470684 -2.6295737604781513 -0.010686428490791126 0.0 0.0 0.0 0.7350892598559776 0.6779703386169568
1629013193.552470684 -2.6314455615676464 -0.011568636558928085 0.0 0.0 0.0 0.7350892626130262 0.6779703356276272
1629013193.552470684 -2.6318918470748227 -0.013052312513679614 0.0 0.0 0.0 0.7350892411345267 0.6779703589156872
1629013194.253760338 -2.6321462579753976 -0.013179977888456346 0.0 0.0 0.0 0.7350892196057083 0.677970382258304
1629013194.253760338 -2.631915918258038 -0.013647703153138858 0.0 0.0 0.0 0.7350892057792129 0.6779703972496779
1629013194.253760338 -2.6332030826871478 -0.014248483705379985 0.0 0.0 0.0 0.7350892484131968 0.6779703510237903
1629013194.253760338 -2.632139845024286 -0.013444981890725658 0.0 0.0 0.0 0.7350892582906565 0.6779703403141559
1629013194.554497957 -2.6322484532254165 -0.012951681629156912 0.0 0.0 0.0 0.7350892363046901 0.6779703641524365
1629013194.554497957 -2.6319730582445535 -0.013577581297025196 0.0 0.0 0.0 0.7350892182955728 0.6779703836788179
1629013194.554497957 -2.6334449479211393 -0.013580217747306604 0.0 0.0 0.0 0.7350892075957826 0.6779703952800628
1629013194.554497957 -2.634796175674039 -0.01338710944371391 0.0 0.0 0.0 0.7350892118321675 0.6779703906867636
1629013194.554497957 -2.635649645618883 -0.014103301435497591 0.0 0.0 0.0 0.735089212550778 0.6779703899076103
1629013194.854950905 -2.6354868724451377 -0.014641040973461177 0.0 0.0 0.0 0.7350892330499188 0.6779703676814217
1629013195.957142353 -2.635632463667992 -0.01323884263342374 0.0 0.0 0.0 0.7350892486214103 0.6779703507980348
1629013194.253760338 -2.6637535399964434 0.08870008847974517 0.0 0.0 0.0 0.6827106614125867 0.730688820766808
1629013194.554497957 -2.6803978791357554 0.27187083924547506 0.0 0.0 0.0 0.6365164597637845 0.7712631175220157
1629013194.854950905 -2.648783458991748 0.4623294600698777 0.0 0.0 0.0 0.5870603334477688 0.8095431828458532
1629013195.957142353 -2.647763571872404 0.46169159662042686 0.0 0.0 0.0 0.5870603195971746 0.8095431928899551
1629013195.957142353 -2.4999545960167797 0.7208651054531103 0.0 0.0 0.0 0.5005271634993665 0.8657208317923731
1629013195.957142353 -2.5003497502101695 0.7210368051806393 0.0 0.0 0.0 0.500527137323266 0.8657208469264076
1629013196.458153248 -2.4994906498431995 0.7205293235312746 0.0 0.0 0.0 0.500527134511307 0.8657208485521762
1629013196.458153248 -2.4983024083139815 0.7205447322969936 0.0 0.0 0.0 0.5005271134018375 0.8657208607568747
1629013196.458153248 -2.4996205359799264 0.7218636402010388 0.0 0.0 0.0 0.500527096813139 0.8657208703478336
1629013196.458153248 -2.3518130652044693 0.9964495104601321 0.0 0.0 0.0 0.4035583294488426 0.9149539194584935
1629013196.458153248 -2.351984877386396 0.9971663288004963 0.0 0.0 0.0 0.4035583269030255 0.9149539205813759
1629013196.458153248 -2.3523609792767557 0.9971718896257725 0.0 0.0 0.0 0.4035583614890584 0.9149539053265288
1629013197.259631634 -2.351025689149632 0.9976280853655679 0.0 0.0 0.0 0.40355837481343815 0.9149538994495496
1629013197.259631634 -2.3514113360153415 0.9973461154893053 0.0 0.0 0.0 0.40355841871266407 0.9149538800869331
1629013197.259631634 -2.352432985329227 0.9972312763094882 0.0 0.0 0.0 0.4035584235328468 0.9149538779608967
1629013197.259631634 -2.1553239429134106 1.2641011230702761 0.0 0.0 0.0 0.25130796362620794 0.9679071791334376
1629013197.359828949 -2.155468186913028 1.2654620919571744 0.0 0.0 0.0 0.2513079494030287 0.9679071828263518
1629013197.359828949 -1.8960096811857556 1.4681419764049037 0.0 0.0 0.0 0.14316237150782368 0.9896992146022224
1629013197.359828949 -1.8960676909353882 1.4686114517528588 0.0 0.0 0.0 0.14316234455539267 0.989699218500956
1629013197.359828949 -1.8962127129104966 1.4682079269453612 0.0 0.0 0.0 0.14316238227786263 0.9896992130443103
1629013197.359828949 -1.8948485683395797 1.467150561860953 0.0 0.0 0.0 0.14316238632550474 0.9896992124588091
1629013197.359828949 -1.895393586719296 1.466490656334229 0.0 0.0 0.0 0.14316246986230313 0.9896992003750055
1629013197.760605812 -1.8949653646171258 1.465589971407976 0.0 0.0 0.0 0.14316255752352647 0.9896991876945858
1629013197.760605812 -1.8955530706018704 1.466018350498235 0.0 0.0 0.0 0.14316254280902585 0.9896991898230764
1629013197.760605812 -1.8961833500808234 1.4666527257363995 0.0 0.0 0.0 0.1431625575815571 0.9896991876861915
1629013197.760605812 -1.89601664624542 1.4669165836651579 0.0 0.0 0.0 0.14316256275493627 0.9896991869378488
1629013198.161396980 -1.895556607324042 1.4665714485296384 0.0 0.0 0.0 0.14316257052015294 0.9896991858145899
1629013198.161396980 -1.8951516727149027 1.4662022471230192 0.0 0.0 0.0 0.14316250917253673 0.9896991946886808
1629013198.161396980 -1.8953735591236127 1.4654758224259916 0.0 0.0 0.0 0.14316250508746575 0.9896991952795967
1629013198.161396980 -1.8947304665529494 1.4652849063017541 0.0 0.0 0.0 0.143162441310446 0.9896992045051027
1629013198.161396980 -1.895334526977239 1.465471717747902 0.0 0.0 0.0 0.14316238563267708 0.9896992125590283
1629013198.562168837 -1.8945635755312553 1.4643676855295726 0.0 0.0 0.0 0.14316241348211808 0.9896992085305388
1629013201.768421173 -1.8939777319388413 1.4643136558835295 0.0 0.0 0.0 0.14316242756730269 0.9896992064930823
1629013197.760605812 -1.6252780715318893 1.557718194662087 0.0 0.0 0.0 0.05819780020337857 0.998305071634662
1629013198.161396980 -1.3551281251984058 1.5865391349039126 0.0 0.0 0.0 -0.029006737999614226 0.9995792160457427
1629013198.562168837 -1.0615846384176248 1.5801353643414409 0.0 0.0 0.0 -0.11458301358914572 0.9934136766709172
1629013199.163362503 -0.6819631818821493 1.4291646376842377 0.0 0.0 0.0 -0.21525207123164064 0.9765585214571059
1629013199.263733149 -0.4497349962932322 1.4484272168976118 0.0 0.0 0.0 -0.2568261500123699 0.966457618662
1629013199.363727808 -0.3759237907631475 1.4258856655227075 0.0 0.0 0.0 -0.2563255477824505 0.9665905097578947
1629013199.865200996 -0.05259836004767039 1.2666536710097607 0.0 0.0 0.0 -0.21667700893735356 0.9762433476331411
1629013200.065204859 0.08287512749875826 1.2151019980877829 0.0 0.0 0.0 -0.18721512542073868 0.9823189384378666
1629013200.767469406 0.4381490697307058 1.0740332058644746 0.0 0.0 0.0 -0.09527300727956517 0.9954511811655596
1629013201.067073822 0.6182806772107742 1.0534389003756057 0.0 0.0 0.0 -0.05762966041392339 0.9983380300482276
1629013201.267458916 0.7149201955227659 1.0418949544055363 0.0 0.0 0.0 -0.03617325528793328 0.9993455336378274
1629013201.868645191 0.7149591382665311 1.0426225064064019 0.0 0.0 0.0 -0.03617320336453998 0.9993455355172942
1629013202.074606419 0.7156053672980435 1.042470323585034 0.0 0.0 0.0 -0.0361732009503717 0.9993455356046796
1629013201.868645191 0.8813578943804503 0.9901206780978438 0.0 0.0 0.0 0.025602311432389894 0.999672207100567
1629013202.169236660 0.8822847160626975 0.9908684466347617 0.0 0.0 0.0 0.02560231875268857 0.999672206913089
1629013202.169236660 0.8821370761677373 0.9909214414878834 0.0 0.0 0.0 0.02560227131833192 0.9996722081279156
1629013202.169236660 0.9321419685592832 0.970863343892816 0.0 0.0 0.0 0.05483790612806477 0.9984952699194372
1629013202.369596958 0.9337259799486488 0.9714036345020803 0.0 0.0 0.0 0.05483791075773579 0.998495269665173
1629013202.369596958 0.9624304838608997 0.9605038316272559 0.0 0.0 0.0 0.07046314129916305 0.9975143837149689
1629013202.369596958 0.9615578569177631 0.959081682635331 0.0 0.0 0.0 0.07046313506763614 0.9975143841551559
1629013202.670295238 0.9609796094223696 0.9602321954434583 0.0 0.0 0.0 0.07046314017093246 0.9975143837946656
1629013202.770405769 0.9607313015321789 0.9598689961017729 0.0 0.0 0.0 0.07046315023864985 0.9975143830834949
1629013202.670295238 1.0091307955694826 0.9530952308016164 0.0 0.0 0.0 0.09046025968166144 0.9959000659796777
1629013202.870672941 1.0099523161561705 0.9538695096200669 0.0 0.0 0.0 0.09046020998757022 0.9959000704935234
1629013203.171209335 1.009346465771904 0.9542572916450442 0.0 0.0 0.0 0.09046018840156587 0.9959000724542364
1629013202.870672941 1.0262131880781435 0.9462966459620806 0.0 0.0 0.0 0.09021702478023247 0.9959221297068376
1629013203.171209335 1.025968528604607 0.9458842129134335 0.0 0.0 0.0 0.0902170153694154 0.9959221305593298
1629013203.171209335 1.0571134442558905 0.9318767535557233 0.0 0.0 0.0 0.07248983536139579 0.9973691512019397
1629013203.571948051 1.0567834131609641 0.9308302956441141 0.0 0.0 0.0 0.07248985705916801 0.9973691496249226
1629013203.677692413 1.0558609368663756 0.9309662346267754 0.0 0.0 0.0 0.0724898484851236 0.9973691502480934
1629013203.571948051 1.137648570801181 0.9179375570682515 0.0 0.0 0.0 0.0288125668687442 0.9995848318129053
1629013203.878424644 1.1382724093198733 0.9168901438688232 0.0 0.0 0.0 0.028812533474496523 0.9995848327754784
1629013204.072945595 1.1387363517042604 0.9170015748841785 0.0 0.0 0.0 0.028812510333843373 0.9995848334424958
1629013203.878424644 1.2553674710017682 0.9027305583371226 0.0 0.0 0.0 -0.006033378616732095 0.9999817990055955
1629013204.072945595 1.2550660966336866 0.9019000011366978 0.0 0.0 0.0 -0.006033385345020634 0.9999817989650004
1629013204.072945595 1.2554774314954622 0.901076498999393 0.0 0.0 0.0 -0.006033395425884744 0.9999817989041775
1629013204.072945595 1.2814493392523485 0.8856168661603177 0.0 0.0 0.0 -0.026759256982184943 0.9996419069675707
1629013204.573929071 1.2812178477946088 0.8857091333573008 0.0 0.0 0.0 -0.026759218511287073 0.9996419079973914
1629013204.573929071 1.281051755686071 0.8871949437719645 0.0 0.0 0.0 -0.026759214745441268 0.9996419080981986
1629013204.573929071 1.4700093529092797 0.8419315181450704 0.0 0.0 0.0 -0.05118520639764789 0.9986891781961144
1629013204.573929071 1.4696243639205682 0.8420372517439749 0.0 0.0 0.0 -0.051185221661580405 0.9986891774138011
1629013204.573929071 1.471339241216264 0.8417225014572756 0.0 0.0 0.0 -0.05118519215244037 0.9986891789262151
1629013204.573929071 1.4701722554357801 0.841929691031054 0.0 0.0 0.0 -0.05118512608322877 0.998689182312417
1629013205.475691319 1.4686504878298372 0.8418421418340768 0.0 0.0 0.0 -0.051185139642601844 0.9986891816174677
1629013205.676188707 1.468261906866829 0.8423868084344054 0.0 0.0 0.0 -0.05118519503662278 0.9986891787783939
1629013205.878082752 1.4681943534952775 0.8421574479849476 0.0 0.0 0.0 -0.051185245852479896 0.9986891761739591
1629013205.475691319 1.847031509538175 0.7626039077876942 0.0 0.0 0.0 -0.07119646376366925 0.9974623118431837
1629013206.076845169 1.8464332255787532 0.7621262766920536 0.0 0.0 0.0 -0.07119650700989535 0.997462308756371
1629013205.878082752 2.0481759742018375 0.7437449387915812 0.0 0.0 0.0 -0.07952372617072728 0.9968329734594071
1629013206.076845169 2.049396972907103 0.7440892460382166 0.0 0.0 0.0 -0.07952374650835176 0.996832971836945
1629013206.076845169 2.0481033168528175 0.7443838382201763 0.0 0.0 0.0 -0.07952372554205386 0.9968329735095605
1629013206.076845169 2.148639768396333 0.7394505079244854 0.0 0.0 0.0 -0.08488497036334647 0.9963907575878119
1629013206.377456665 2.1483352523343915 0.7388364837938772 0.0 0.0 0.0 -0.08488496481746814 0.9963907580602789
1629013206.477707386 2.1495905919719274 0.7382937879874072 0.0 0.0 0.0 -0.0848849770075906 0.9963907570217725
1629013206.377456665 2.29123773845894 0.7264221069678937 0.0 0.0 0.0 -0.09053383898918037 0.9958933798343481
1629013207.078907251 2.291421098994164 0.7249745868671792 0.0 0.0 0.0 -0.09053386472642454 0.995893377494648
1629013206.477707386 2.319639371921528 0.7050800209375387 0.0 0.0 0.0 -0.09185435788852679 0.9957724523890418
1629013207.078907251 2.318509065346742 0.7044663184873491 0.0 0.0 0.0 -0.09185432507000169 0.9957724554163639
1629013207.078907251 2.6041753615110688 0.6247218707844159 0.0 0.0 0.0 -0.09121112645178694 0.9958315773319282
1629013207.379912376 2.603740195714872 0.6247798545609462 0.0 0.0 0.0 -0.09121114553658345 0.9958315755838957
1629013207.379912376 2.604368338053821 0.624496602280298 0.0 0.0 0.0 -0.0912111057320394 0.9958315792297103
1629013207.379912376 2.7588897095487344 0.6346450979561246 0.0 0.0 0.0 -0.0683522740025582 0.9976612484399097
1629013207.580000401 2.759932345811007 0.6346180482573234 0.0 0.0 0.0 -0.06835226466068066 0.9976612490799451
1629013207.580000401 2.759347246823026 0.633862909592442 0.0 0.0 0.0 -0.06835225530376221 0.9976612497210109
1629013207.580000401 2.845568860910325 0.61665315160551 0.0 0.0 0.0 -0.048099983128875444 0.9988425259383993
1629013207.580000401 2.8453384620139395 0.6174955060892221 0.0 0.0 0.0 -0.048099996509934226 0.9988425252940246
1629013208.080886364 2.8449411783213785 0.617657975312798 0.0 0.0 0.0 -0.04810000258261565 0.9988425250015902
1629013208.080886364 2.8451867778248077 0.6181454898059435 0.0 0.0 0.0 -0.048099995289199275 0.99884252535281
1629013208.080886364 2.8434932577351444 0.6184711387377175 0.0 0.0 0.0 -0.04810001603128427 0.9988425243539595
1629013208.080886364 3.0228342134020343 0.5420993305802735 0.0 0.0 0.0 0.009144661443976502 0.9999581867093619
1629013208.481552601 3.0228973848918654 0.5414545911977814 0.0 0.0 0.0 0.009144648322102206 0.9999581868293619
1629013208.481552601 3.022796550357333 0.5414618407982218 0.0 0.0 0.0 0.009144620299790473 0.9999581870856264
1629013208.481552601 3.021917175692904 0.542621461711158 0.0 0.0 0.0 0.00914463012294429 0.9999581869957936
1629013208.481552601 3.189567617982319 0.5558929180478092 0.0 0.0 0.0 0.06695344079938945 0.9977561008408431
1629013208.481552601 3.18901922997825 0.5563195332265827 0.0 0.0 0.0 0.06695340816391379 0.997756103030814
1629013208.481552601 3.1880563977372027 0.5563039729780133 0.0 0.0 0.0 0.06695339977549238 0.9977561035937105
1629013209.383306265 3.1876020510245127 0.5572531049002428 0.0 0.0 0.0 0.06695336787036424 0.9977561057346709
1629013209.483502388 3.1880991300392356 0.5576547535524491 0.0 0.0 0.0 0.06695335910009749 0.9977561063231902
1629013209.383306265 3.3586826738574214 0.5677249996566887 0.0 0.0 0.0 0.17757449096633787 0.9841073621094631
1629013209.483502388 3.3586738779502667 0.5677423678446604 0.0 0.0 0.0 0.17757449958725727 0.9841073605538855
1629013209.483502388 3.4744957384559374 0.5254281419542352 0.0 0.0 0.0 0.2509349127685771 0.9680039615382917
1629013209.784077168 3.4735998706035716 0.5248963883113682 0.0 0.0 0.0 0.25093492270680795 0.9680039589620119
1629013209.986763000 3.475671042014381 0.523946826863281 0.0 0.0 0.0 0.25093495116570824 0.9680039515846325
1629013209.986763000 3.4752578601981714 0.5227418182208264 0.0 0.0 0.0 0.2509349506890725 0.9680039517081904
1629013209.784077168 3.541460903003029 0.5583262524202122 0.0 0.0 0.0 0.29555449089552027 0.9553258830951299
1629013209.986763000 3.541908622768349 0.5573937904420518 0.0 0.0 0.0 0.2955544483763278 0.9553258962495284
1629013209.986763000 3.5983999085888545 0.6077838494523647 0.0 0.0 0.0 0.32455019731224755 0.9458684736392164
1629013210.385328293 3.598084188269573 0.6078993548461931 0.0 0.0 0.0 0.3245502165580775 0.9458684670355096
1629013210.385328293 3.598799879454198 0.6085481977416342 0.0 0.0 0.0 0.3245501876519616 0.9458684769538926
1629013210.385328293 3.5993073536885203 0.6079637782086116 0.0 0.0 0.0 0.3245501664076215 0.9458684842433356
1629013210.385328293 3.692726250927582 0.7047252169378445 0.0 0.0 0.0 0.3806252154368955 0.9247293903481261
1629013210.786072731 3.691997135629131 0.7042880936234837 0.0 0.0 0.0 0.3806252291261836 0.9247293847135173
1629013210.786072731 3.6909976483858618 0.7028727329147282 0.0 0.0 0.0 0.3806252617258642 0.9247293712952549
1629013210.786072731 3.779632788580765 0.8247192096432594 0.0 0.0 0.0 0.44163542024145136 0.897194602964238
1629013210.786072731 3.7790176276307528 0.8241246176603543 0.0 0.0 0.0 0.4416353836720893 0.897194620965154
1629013210.786072731 3.778786254952606 0.8235241288086511 0.0 0.0 0.0 0.4416353393246212 0.8971946427947655
1629013211.487395525 3.7794092894764004 0.8242636947391819 0.0 0.0 0.0 0.44163532360748564 0.8971946505313724
1629013211.487395525 3.7786579421517006 0.824911013230651 0.0 0.0 0.0 0.44163531667401495 0.8971946539443058
1629013211.687815666 3.777964358887905 0.8252573329304089 0.0 0.0 0.0 0.4416352892547707 0.8971946674411607
1629013211.487395525 3.947641650808401 1.1049898580316186 0.0 0.0 0.0 0.5439224750619209 0.8391354724491833
1629013211.687815666 3.9487699252543673 1.1047620870931185 0.0 0.0 0.0 0.5439224740815733 0.8391354730846385
1629013211.687815666 4.063992247481726 1.329176452852149 0.0 0.0 0.0 0.6002886500857924 0.7997834310475412
1629013211.687815666 4.063109942274053 1.330081717194055 0.0 0.0 0.0 0.6002886416099336 0.7997834374092156
1629013212.089605808 4.064369152819369 1.3298453582023928 0.0 0.0 0.0 0.6002886213250913 0.7997834526342872
1629013212.089605808 4.105304698078314 1.5323734506436903 0.0 0.0 0.0 0.6547998889169343 0.7558022925834311
1629013212.389182568 4.104530307145296 1.532726721123394 0.0 0.0 0.0 0.654799912864681 0.7558022718359652
1629013212.489371300 4.103803216172296 1.533754465976129 0.0 0.0 0.0 0.6547999208930102 0.7558022648805094
1629013212.489371300 4.123541268465991 1.7713742177794152 0.0 0.0 0.0 0.6786360019629756 0.7344747625614567
1629013212.790127516 4.124082686470842 1.7723707003211617 0.0 0.0 0.0 0.6786360236994732 0.7344747424774851
1629013212.790127516 4.123871457637923 1.7724323477746573 0.0 0.0 0.0 0.6786360083327005 0.7344747566759928
1629013212.790127516 4.1293904849700835 1.9586845389738539 0.0 0.0 0.0 0.6687389678896939 0.7434972715658255
1629013212.790127516 4.129991454329489 1.9591073561339007 0.0 0.0 0.0 0.6687389693647885 0.7434972702390511
1629013213.491334200 4.130252043671223 1.9598533317488145 0.0 0.0 0.0 0.6687390035882571 0.7434972394567346
1629013213.691732168 4.130445879957494 1.9600124657503109 0.0 0.0 0.0 0.6687390328199505 0.7434972131642709
1629013213.491334200 4.110702318611545 2.2212884615813704 0.0 0.0 0.0 0.6215970515845106 0.783337159505052
1629013213.892106056 4.1110821657689876 2.22172330308126 0.0 0.0 0.0 0.6215970637293076 0.7833371498678606
1629013213.992370605 4.109595323252009 2.222118383095435 0.0 0.0 0.0 0.6215970615640635 0.7833371515860345
1629013213.691732168 4.114749451048225 2.3201002325697933 0.0 0.0 0.0 0.5958625353033371 0.8030864455473516
1629013214.192687035 4.1141501536004395 2.3191271545061065 0.0 0.0 0.0 0.5958625309168306 0.8030864488019885
1629013214.394271851 4.11494987432622 2.3186773099516724 0.0 0.0 0.0 0.5958625236925145 0.8030864541621827
1629013213.992370605 4.1714385006343155 2.4869919132275475 0.0 0.0 0.0 0.5556444708001739 0.8314200034093447
1629013214.394271851 4.171501915795561 2.4879855457072835 0.0 0.0 0.0 0.5556444391197102 0.8314200245816448
1629013214.192687035 4.173047526860052 2.563046001898571 0.0 0.0 0.0 0.5282884679733842 0.8490649531139149
1629013214.793873310 4.173556492106328 2.56253647154772 0.0 0.0 0.0 0.5282884710673706 0.8490649511888356
1629013214.394271851 4.185787061453322 2.6293537403337663 0.0 0.0 0.0 0.5006040307926158 0.8656763854664085
1629013214.793873310 4.185177091113298 2.629510962034574 0.0 0.0 0.0 0.5006040280563279 0.8656763870487512
1629013214.793873310 4.16015359603508 2.7148826266127246 0.0 0.0 0.0 0.4474181949468529 0.8943248620219053
1629013215.094453812 4.159849801310298 2.714492617157371 0.0 0.0 0.0 0.44741821527843934 0.8943248518502972
1629013215.094453812 4.160415580640747 2.715506485081769 0.0 0.0 0.0 0.447418203147091 0.894324857919441
1629013215.094453812 4.150010957247714 2.773006017908434 0.0 0.0 0.0 0.40404099261107135 0.9147408793149349
1629013215.094453812 4.1510326151688455 2.7728524144212803 0.0 0.0 0.0 0.4040410047526934 0.914740873951981
1629013215.595432520 4.1509355051465135 2.7726437590049327 0.0 0.0 0.0 0.4040410357848827 0.9147408602450637
1629013215.695641518 4.151206599652378 2.773033540653999 0.0 0.0 0.0 0.40404099481100453 0.9147408783432245
1629013215.595432520 4.135990301121737 2.822115472391868 0.0 0.0 0.0 0.3309209243778669 0.9436584879122839
1629013215.795802355 4.135851859342848 2.8207491947098795 0.0 0.0 0.0 0.3309209579288386 0.9436584761466724
1629013215.695641518 4.134009597115932 2.8258989034453954 0.0 0.0 0.0 0.31452691907999664 0.9492485539488829
1629013215.795802355 4.1350613469592705 2.825198709453808 0.0 0.0 0.0 0.3145269133206441 0.9492485558572044
1629013215.795802355 4.137453595665092 2.8213851082342427 0.0 0.0 0.0 0.2988760873931325 0.9542919282822069
1629013215.795802355 4.137775611732148 2.8201898670467895 0.0 0.0 0.0 0.298876147293419 0.9542919095219463
1629013215.996199131 4.13854773157756 2.8202164812014723 0.0 0.0 0.0 0.29887619682134203 0.9542918940102186
1629013215.996199131 4.181785845573814 2.8619950831566623 0.0 0.0 0.0 0.2662101945160798 0.9639150026510175
1629013216.196589470 4.181626922762684 2.861268678682323 0.0 0.0 0.0 0.26621020856438465 0.9639149987712126
1629013216.497184753 4.182389125448359 2.8613101547918594 0.0 0.0 0.0 0.26621023911764 0.9639149903331357
1629013216.196589470 4.273022167779082 2.9171432102042605 0.0 0.0 0.0 0.23335404980472332 0.972391838427151
1629013216.597385406 4.273690094288406 2.9178116614645715 0.0 0.0 0.0 0.23335402159781563 0.9723918451962286
1629013216.597385406 4.272167274205546 2.9182065505348778 0.0 0.0 0.0 0.23335406224421787 0.9723918354419281
1629013216.497184753 4.3997587964541465 2.980931947422024 0.0 0.0 0.0 0.182554738887233 0.9831956912587718
1629013216.597385406 4.400083025299104 2.981259702903675 0.0 0.0 0.0 0.18255476145142385 0.9831956870691682
1629013216.597385406 4.446756652067743 3.002130228457338 0.0 0.0 0.0 0.16548123717639354 0.9862129385394263
1629013216.597385406 4.4469196254088335 3.0016861613669015 0.0 0.0 0.0 0.16548126964009224 0.9862129330921914
1629013216.597385406 4.446791411606884 3.001170155658098 0.0 0.0 0.0 0.1654812708155025 0.9862129328949638
1629013217.098364115 4.447292925081162 3.002315605251322 0.0 0.0 0.0 0.1654812477113861 0.9862129367717111
1629013217.098364115 4.4482335536202395 3.0015634663331583 0.0 0.0 0.0 0.16548134507951245 0.9862129204338561
1629013217.098364115 4.606458332733799 3.0268236506806283 0.0 0.0 0.0 0.08648277124368407 0.9962533464325289
1629013217.499140263 4.606337555829494 3.0263287038604387 0.0 0.0 0.0 0.08648278316253108 0.9962533453978775
1629013217.599331856 4.605515753485711 3.0263506798041946 0.0 0.0 0.0 0.08648277590524109 0.9962533460278685
1629013217.599331856 4.60476924322921 3.026641674436261 0.0 0.0 0.0 0.08648282354799186 0.9962533418920947
1629013217.499140263 4.821597509522 3.066402779535746 0.0 0.0 0.0 0.01594618027192318 0.9998728515840078
1629013217.599331856 4.822026259834116 3.0658295080366624 0.0 0.0 0.0 0.01594617898771396 0.9998728516044887
1629013217.799716949 4.822361260094465 3.065231781179268 0.0 0.0 0.0 0.01594626159259598 0.9998728502870855
1629013217.799716949 4.8225313295658605 3.0660263380442037 0.0 0.0 0.0 0.0159462447746115 0.9998728505553034
1629013217.599331856 4.89270408140985 3.0666169143526445 0.0 0.0 0.0 -0.0027081676827624183 0.9999963329071773
1629013217.799716949 4.892509719132343 3.0661567540953536 0.0 0.0 0.0 -0.0027081299778834067 0.999996333009288
1629013217.799716949 4.8922242197777726 3.066430616733625 0.0 0.0 0.0 -0.0027081200369736486 0.9999963330362094
1629013217.799716949 5.009003674826993 3.0652033449486114 0.0 0.0 0.0 -0.04082437730234385 0.9991663376124498
1629013218.100379467 5.0085476513929885 3.0636519042681565 0.0 0.0 0.0 -0.04082433391340538 0.9991663393852531
1629013218.200509548 5.008722198553753 3.063214706052396 0.0 0.0 0.0 -0.040824332561041066 0.9991663394405086
1629013218.200509548 5.007535884617827 3.063657690546816 0.0 0.0 0.0 -0.04082434988650599 0.9991663387326177
1629013218.200509548 5.006967460531223 3.0639837604382993 0.0 0.0 0.0 -0.040824401199531846 0.9991663366360476
1629013218.200509548 5.0066331563294035 3.063814802672975 0.0 0.0 0.0 -0.04082443775438924 0.9991663351424717
1629013218.200509548 5.006820482444431 3.0643012147657265 0.0 0.0 0.0 -0.04082445600059677 0.9991663343969588
1629013218.200509548 5.005145022489237 3.0644823577361553 0.0 0.0 0.0 -0.04082442662250223 0.9991663355973038
1629013219.406359673 5.005050864835988 3.0643902342862166 0.0 0.0 0.0 -0.04082444478772766 0.9991663348551
1629013219.503051281 5.006686855381419 3.0649795623236815 0.0 0.0 0.0 -0.040824473732778595 0.999166333672448
1629013219.503051281 5.006192995918889 3.0650627073014873 0.0 0.0 0.0 -0.04082447214025797 0.9991663337375161
1629013219.503051281 5.006767758365138 3.0645121562845947 0.0 0.0 0.0 -0.04082448735965843 0.9991663331156735
1629013219.804655790 5.007905876514481 3.06467485758948 0.0 0.0 0.0 -0.04082447124491582 0.9991663337740985
1629013219.804655790 5.006370732955305 3.0649518784605627 0.0 0.0 0.0 -0.04082448742468144 0.9991663331130168
1629013224.212237358 5.006568547358352 3.0638533387190385 0.0 0.0 0.0 -0.040824523823173836 0.9991663316258265
1629013218.100379467 5.210456670237883 3.0599540855121123 0.0 0.0 0.0 -0.09873125578193095 0.9951141337212144
1629013218.200509548 5.295485581780957 3.079413615918913 0.0 0.0 0.0 -0.11833076581433216 0.9929742342386301
1629013219.406359673 5.505943170611748 3.042996252594516 0.0 0.0 0.0 -0.16003419583192327 0.9871114709922226
1629013219.503051281 5.571907862622067 3.026645161481402 0.0 0.0 0.0 -0.18005369168886942 0.9836567836950089
1629013219.804655790 5.755016592785871 2.959455349972362 0.0 0.0 0.0 -0.23813246968706098 0.9712326842115339
1629013220.204417229 5.976123306896454 2.848943557072131 0.0 0.0 0.0 -0.301186393330144 0.9535652869482927
1629013220.806005239 6.267104236503816 2.7588649047521407 0.0 0.0 0.0 -0.2873455397914934 0.957826988950476
1629013221.106210232 6.32056143738675 2.7323248532876128 0.0 0.0 0.0 -0.2769416505130557 0.960886737451977
1629013221.406772852 6.2821251154434865 2.7547308859997934 0.0 0.0 0.0 -0.2903069678110324 0.9569335736822928
1629013221.607167244 6.207333872923617 2.789411427725162 0.0 0.0 0.0 -0.31253480523579996 0.9499063088095692
1629013221.707352638 6.166804867687322 2.8161029995007874 0.0 0.0 0.0 -0.32560546387709366 0.9455057281124122
1629013224.813429356 6.167035598048656 2.8157570047820526 0.0 0.0 0.0 -0.3256054737304507 0.9455057247191943
1629013224.813429356 6.166447974893642 2.815833617356229 0.0 0.0 0.0 -0.32560548742723483 0.9455057200024085
1629013224.813429356 5.484922748881289 3.2712051369404276 0.0 0.0 0.0 -0.49575959117492757 0.8684598020392589
1629013224.813429356 5.485033825852381 3.271166746957177 0.0 0.0 0.0 -0.49575955415723477 0.8684598231707784
1629013225.014685154 5.484488251600562 3.271974988376288 0.0 0.0 0.0 -0.4957595669419735 0.8684598158726211
1629013225.114006281 5.484315651434885 3.272687224906222 0.0 0.0 0.0 -0.4957595227281953 0.8684598411120182
1629013225.314388275 5.484610514011677 3.272969798760695 0.0 0.0 0.0 -0.4957595629988278 0.8684598181235625
1629013225.314388275 5.483956747989483 3.27371753116878 0.0 0.0 0.0 -0.4957595457612038 0.8684598279636456
1629013225.514781952 5.485351566317931 3.2737804863729507 0.0 0.0 0.0 -0.495759552838313 0.8684598239236838
1629013225.614995480 5.483530971694321 3.2741333222890368 0.0 0.0 0.0 -0.495759536953391 0.8684598329915779
1629013225.715173721 5.483779365322353 3.273699160208601 0.0 0.0 0.0 -0.4957595187321123 0.8684598433931786
1629013225.816148996 5.484763407896813 3.2743371795355976 0.0 0.0 0.0 -0.49575948780497864 0.8684598610479043
1629013225.915573120 5.484671567762951 3.2741592130901056 0.0 0.0 0.0 -0.4957595030620779 0.8684598523384035
1629013226.015756130 5.48461521223307 3.274839233785747 0.0 0.0 0.0 -0.4957594688765857 0.8684598718531592
1629013226.015756130 5.4851880595081575 3.274583740769943 0.0 0.0 0.0 -0.4957594962522575 0.8684598562257831
1629013235.534484386 5.48631810482792 3.2743677736271093 0.0 0.0 0.0 -0.4957595452021734 0.8684598282827676
1629013225.014685154 5.399691948926431 3.4057890811589724 0.0 0.0 0.0 -0.47504570289934045 0.8799611242304239
1629013225.114006281 5.356059183001386 3.4696143403565367 0.0 0.0 0.0 -0.4630452049266001 0.8863346648949724
1629013225.314388275 5.2744159706529565 3.5696805173375923 0.0 0.0 0.0 -0.4359293510576124 0.8999808891784808
1629013225.514781952 5.175996203753678 3.6859875514752476 0.0 0.0 0.0 -0.40699232669658875 0.9134315770817741
1629013225.614995480 5.129863193174216 3.737773846007007 0.0 0.0 0.0 -0.3916075498371698 0.9201323420631016
1629013225.715173721 5.083371070259322 3.7757001899606526 0.0 0.0 0.0 -0.3741405046789592 0.9273720303947999
1629013225.816148996 5.032212376379578 3.809183657007808 0.0 0.0 0.0 -0.3581139923901442 0.9336778718885822
1629013225.915573120 4.979699847699501 3.8252034744187986 0.0 0.0 0.0 -0.34014797913756517 0.9403719223204351
1629013226.015756130 4.923883040982416 3.859384765742331 0.0 0.0 0.0 -0.3203019875732153 0.9473154895580711
1629013226.416540146 4.742319159931803 3.8919529668649657 0.0 0.0 0.0 -0.2439677588074805 0.9697833431558077
1629013226.618190289 4.610584271939104 3.9472112686889695 0.0 0.0 0.0 -0.20044745135612763 0.9797044550500078
1629013235.534484386 4.6108959218204495 3.946083423161471 0.0 0.0 0.0 -0.20044745630061894 0.9797044540383654
1629013235.534484386 4.610150661188622 3.9464266083625867 0.0 0.0 0.0 -0.20044748134670365 0.9797044489139379
1629013235.534484386 4.61076957666782 3.9464059263950446 0.0 0.0 0.0 -0.20044751050660758 0.9797044429478227
1629013236.035361052 4.61078785440494 3.946035578493179 0.0 0.0 0.0 -0.20044749576045243 0.9797044459648856
1629013236.035361052 4.610308420951448 3.946140491031416 0.0 0.0 0.0 -0.20044754185231076 0.9797044365344918
1629013236.035361052 4.3398213289117615 2.3209802818914547 0.0 0.0 0.0 0.6583119855331052 0.7527451957358883
1629013236.035361052 4.3399570694619145 2.3200452197562305 0.0 0.0 0.0 0.6583120040613095 0.7527451795320794
1629013236.335923672 4.3394989154284875 2.3206294180399145 0.0 0.0 0.0 0.658311975949336 0.7527452041173566
1629013236.335923672 4.339439476682604 2.321145560981409 0.0 0.0 0.0 0.6583119745333359 0.752745205355717
1629013236.335923672 4.3200257461478 2.120153314904965 0.0 0.0 0.0 0.622385928757107 0.7827105184454553
1629013236.335923672 4.3206188180269 2.118889905946636 0.0 0.0 0.0 0.622385944993264 0.7827105055349913
1629013236.536616802 4.318990017417369 2.118369579604631 0.0 0.0 0.0 0.6223859729809786 0.7827104832800699
1629013236.536616802 4.289797592789809 1.985702934965052 0.0 0.0 0.0 0.5971729915205023 0.8021124722870566
1629013236.736684799 4.289990292997659 1.9853570841677206 0.0 0.0 0.0 0.5971730035979314 0.8021124632954066
1629013236.736684799 4.289937290272662 1.9853552459137105 0.0 0.0 0.0 0.597173045831522 0.8021124318524823
1629013236.736684799 4.251192038942797 1.8591745581661716 0.0 0.0 0.0 0.5701934449065441 0.8215104596933674
1629013236.736684799 4.251445313963584 1.8591654799223178 0.0 0.0 0.0 0.5701934563884778 0.8215104517239942
1629013237.037281513 4.251501351245652 1.8597595123459056 0.0 0.0 0.0 0.5701934846195303 0.8215104321294023
1629013237.037281513 4.2006251653294 1.6671329051527035 0.0 0.0 0.0 0.5293647563283407 0.8483943391828098
1629013237.137472868 4.199825962093129 1.6661392783486222 0.0 0.0 0.0 0.5293648070555539 0.8483943075310184
1629013237.237663746 4.199022199537973 1.6653572840424977 0.0 0.0 0.0 0.5293648350097434 0.8483942900886988
1629013237.137472868 4.176553926880153 1.5880359717733317 0.0 0.0 0.0 0.5172292045582464 0.8558469196953645
1629013237.337888718 4.177365989366714 1.5878553575539847 0.0 0.0 0.0 0.5172292010844954 0.8558469217947182
1629013237.237663746 4.146152921629867 1.5373643116288063 0.0 0.0 0.0 0.5083205123598632 0.8611679608033534
1629013237.337888718 4.145377025940681 1.538856969588965 0.0 0.0 0.0 0.5083204519278586 0.8611679964744728
1629013237.337888718 4.110857006735001 1.5006343931286987 0.0 0.0 0.0 0.505166859955348 0.8630216935876257
1629013237.337888718 4.110740158310591 1.5012684522382707 0.0 0.0 0.0 0.5051668529634338 0.8630216976803193
1629013237.337888718 4.110489062480523 1.5019864340916578 0.0 0.0 0.0 0.5051668610306898 0.8630216929581781
1629013237.738643646 4.110796782666943 1.5005987427559833 0.0 0.0 0.0 0.5051668158041895 0.8630217194313571
1629013237.738643646 4.1101179942549555 1.5012395401287368 0.0 0.0 0.0 0.505166868776644 0.8630216884241096
1629013237.738643646 3.963620762680863 1.3319748655566592 0.0 0.0 0.0 0.529521152074004 0.8482967343484351
1629013237.738643646 3.963948470365629 1.3321893604135544 0.0 0.0 0.0 0.5295211704515802 0.8482967228768413
1629013237.738643646 3.964713861852063 1.3333964953213844 0.0 0.0 0.0 0.5295212028116809 0.848296702677118
1629013237.738643646 3.9650528498129387 1.3320489272188363 0.0 0.0 0.0 0.5295211659828033 0.8482967256663275
1629013238.239623070 3.964636936588625 1.3326169418586233 0.0 0.0 0.0 0.5295211314077839 0.8482967472486385
1629013238.239623070 3.807489772967671 1.1561726436597726 0.0 0.0 0.0 0.5943123953412268 0.8042342797616708
1629013238.239623070 3.80756896911335 1.1556915785648374 0.0 0.0 0.0 0.5943123628882334 0.8042343037437565
1629013238.239623070 3.806790958029393 1.1563249679274623 0.0 0.0 0.0 0.59431235354981 0.8042343106446563
1629013238.441780090 3.807161699826553 1.1558627597163693 0.0 0.0 0.0 0.5943123614513398 0.8042343048055909
1629013238.441780090 3.7706710825659195 1.0398195971951198 0.0 0.0 0.0 0.6275583124805804 0.7785695630041841
1629013238.640418053 3.7705613597815755 1.039151647752808 0.0 0.0 0.0 0.6275583169310195 0.7785695594169515
1629013238.640418053 3.7704026571865272 1.038394940618834 0.0 0.0 0.0 0.6275583165367001 0.7785695597347888
1629013238.640418053 3.7489000376705817 0.9089596211055232 0.0 0.0 0.0 0.6606150530122294 0.7507248175820813
1629013238.640418053 3.748938672922053 0.9079725309505939 0.0 0.0 0.0 0.6606150300248574 0.7507248378102703
1629013238.941011429 3.7488067528323703 0.907399098490844 0.0 0.0 0.0 0.6606150472772202 0.7507248226287153
1629013239.041179180 3.7483446265836875 0.9061200807321794 0.0 0.0 0.0 0.6606150469716655 0.7507248228975942
1629013238.941011429 3.7295051339253464 0.7059959242152707 0.0 0.0 0.0 0.7107513170792393 0.7034433632284313
1629013239.141399860 3.728725124002642 0.7055320866705429 0.0 0.0 0.0 0.7107513055179729 0.7034433749098055
1629013239.041179180 3.730239717078695 0.6300256482398767 0.0 0.0 0.0 0.7267943452185859 0.6868551373894549
1629013239.141399860 3.730928487308523 0.6292470393174533 0.0 0.0 0.0 0.7267943505528522 0.686855131745012
1629013239.141399860 3.7376303974380156 0.5628798202106332 0.0 0.0 0.0 0.7427230740336449 0.6695987121388548
1629013239.141399860 3.7384415967444853 0.562901975805757 0.0 0.0 0.0 0.7427230559367455 0.669598732212048
1629013239.141399860 3.7378323386338415 0.5632750569769197 0.0 0.0 0.0 0.7427230320641376 0.6695987586916914
1629013239.542208195 3.7379747002314803 0.5639003349744544 0.0 0.0 0.0 0.7427230046136535 0.6695987891399348
1629013239.542208195 3.7559414179429242 0.4190097746623627 0.0 0.0 0.0 0.7992805798533615 0.600958030705368
1629013239.542208195 3.754589895240356 0.41796967980230976 0.0 0.0 0.0 0.799280570599814 0.6009580430126846
1629013239.542208195 3.75442888885398 0.41742281957402183 0.0 0.0 0.0 0.7992805492774456 0.6009580713716597
1629013239.942944527 3.755022455086686 0.4178900531879315 0.0 0.0 0.0 0.7992805250654511 0.6009581035738655
1629013240.043147087 3.754634400001941 0.4185326922878224 0.0 0.0 0.0 0.7992805641955801 0.6009580515303835
1629013239.942944527 3.8330681091481065 0.20096227668889247 0.0 0.0 0.0 0.8553413472199239 0.5180648412467358
1629013240.143421173 3.8322477436256865 0.2019613706230795 0.0 0.0 0.0 0.8553413349912884 0.5180648614365971
1629013240.043147087 3.8745881155437125 0.023561492073290533 0.0 0.0 0.0 0.870244579468893 0.49261990611932194
1629013240.143421173 3.8742203664897095 0.023015751603157615 0.0 0.0 0.0 0.8702445788092987 0.49261990728453736
1629013240.143421173 3.9145289153712057 -0.03794001284790896 0.0 0.0 0.0 0.8812809787640052 0.4725926750053971
1629013240.143421173 3.9151860535240393 -0.03788930044093658 0.0 0.0 0.0 0.8812809996952283 0.47259263597328627
1629013240.443916321 3.9155354066033876 -0.03745413726522043 0.0 0.0 0.0 0.8812809825350187 0.4725926679732897
1629013240.544137478 3.9152412951315165 -0.037542355608790524 0.0 0.0 0.0 0.8812809785764985 0.47259267535505584
1629013240.443916321 4.034373634134433 -0.17131609297392944 0.0 0.0 0.0 0.9046912097516508 0.4260678525752611
1629013240.544137478 4.034123590375768 -0.17135781463489522 0.0 0.0 0.0 0.9046912205669331 0.4260678296106299
1629013240.544137478 4.0810552500340185 -0.23731958608018486 0.0 0.0 0.0 0.908113842172161 0.41872335694980695
1629013240.644346952 4.080633722603259 -0.2367824764485146 0.0 0.0 0.0 0.9081138616299211 0.4187233147504357
1629013240.644346952 4.080402184943103 -0.23755869634467697 0.0 0.0 0.0 0.9081138936610823 0.418723245282261
1629013240.644346952 4.1284894905878975 -0.2751275600011259 0.0 0.0 0.0 0.9101015594615366 0.41438526936376385
1629013240.644346952 4.1281992191267625 -0.2747378884381264 0.0 0.0 0.0 0.9101015494142001 0.4143852914304178
1629013240.644346952 4.128923774381301 -0.2755496593022191 0.0 0.0 0.0 0.9101015479418412 0.414385294664114
1629013241.045111418 4.12915419850031 -0.2760947465173917 0.0 0.0 0.0 0.9101015583351529 0.41438527183760565
1629013241.245482445 4.129051233293263 -0.27553662679831564 0.0 0.0 0.0 0.9101015580306402 0.41438527250639756
1629013241.045111418 4.313749169779345 -0.3976227177739442 0.0 0.0 0.0 0.9049031141222794 0.42561761482791216
1629013241.245482445 4.31378109911792 -0.39798729969698754 0.0 0.0 0.0 0.9049031295506254 0.42561758202579475
1629013241.245482445 4.402740629452146 -0.48710912080698165 0.0 0.0 0.0 0.8933636271974325 0.4493344295740611
1629013241.245482445 4.404039266893031 -0.4872659751309173 0.0 0.0 0.0 0.8933636058640207 0.44933447198900134
1629013241.245482445 4.404000417510312 -0.4868330839197055 0.0 0.0 0.0 0.8933636187566848 0.44933444635589737
1629013241.646275520 4.404225859243004 -0.48797484525760043 0.0 0.0 0.0 0.8933636397583797 0.44933440460047125
1629013241.746649981 4.404936443179597 -0.4895975391142129 0.0 0.0 0.0 0.8933636536749575 0.4493343769316237
1629013241.646275520 4.5784761899257465 -0.6663976836853001 0.0 0.0 0.0 0.8644939641405662 0.5026431994611381
1629013241.846660614 4.57869605121742 -0.6670142161304562 0.0 0.0 0.0 0.8644939507055376 0.5026432225679875
1629013241.746649981 4.6127808852075365 -0.74538202561238 0.0 0.0 0.0 0.8563606873064935 0.5163781300906827
1629013241.846660614 4.612845104818796 -0.7453479064309648 0.0 0.0 0.0 0.8563607005037547 0.5163781082043647
1629013241.846660614 4.641462069814927 -0.7694456198961364 0.0 0.0 0.0 0.8474140460173022 0.5309326083530618
1629013241.846660614 4.6416585798603585 -0.7679447036001733 0.0 0.0 0.0 0.8474140629473437 0.5309325813312603
1629013241.846660614 4.641754061814647 -0.7677511899432728 0.0 0.0 0.0 0.8474140693148763 0.5309325711681305
1629013242.247446537 4.640501412153954 -0.7685921066973467 0.0 0.0 0.0 0.8474140765836101 0.5309325595666057
1629013242.347635746 4.639334298889627 -0.7674389693134692 0.0 0.0 0.0 0.8474140689990722 0.5309325716721811
1629013242.247446537 4.730350469328211 -0.8646288147567389 0.0 0.0 0.0 0.8087884263632702 0.5880997206093752
1629013242.347635746 4.730191615551882 -0.8641710814269289 0.0 0.0 0.0 0.8087884122601526 0.5880997400047899
1629013242.347635746 4.752639054199969 -0.9101898133812969 0.0 0.0 0.0 0.7982824269536978 0.6022832944860037
1629013242.347635746 4.7528614154519975 -0.9104602539894648 0.0 0.0 0.0 0.7982824288154747 0.6022832920183546
1629013242.347635746 4.752394700341789 -0.9121318188073019 0.0 0.0 0.0 0.7982824080758665 0.6022833195071865
1629013242.748418331 4.752797538546709 -0.9124758209599326 0.0 0.0 0.0 0.7982823854192287 0.6022833495368985
1629013242.748418331 4.7523661797970504 -0.9124614600510672 0.0 0.0 0.0 0.7982823554832514 0.6022833892148377
1629013242.948856115 4.753591200552566 -0.912254639878055 0.0 0.0 0.0 0.7982823576396412 0.6022833863567016
1629013243.049047709 4.754424266220737 -0.9138355229228861 0.0 0.0 0.0 0.7982823303017219 0.6022834225911026
1629013243.049047709 4.755149164898629 -0.9146452514128035 0.0 0.0 0.0 0.7982823330470528 0.6022834189523686
1629013243.049047709 4.755447088494403 -0.9150409201986929 0.0 0.0 0.0 0.7982823228633676 0.6022834324500932
1629013243.049047709 4.755758176565098 -0.9149690115311009 0.0 0.0 0.0 0.7982823127185817 0.6022834458962595
1629013243.049047709 4.7552255285008 -0.9147413678580294 0.0 0.0 0.0 0.7982822997805913 0.6022834630446117
1629013243.550235271 4.75478804179947 -0.9150154310535548 0.0 0.0 0.0 0.7982822956831171 0.6022834684755114
1629013243.550235271 4.755954448865402 -0.9145982728553711 0.0 0.0 0.0 0.7982822959818981 0.6022834680794992
1629013243.550235271 4.756230343636081 -0.9140525152029932 0.0 0.0 0.0 0.7982823036383302 0.6022834579314633
1629013244.351556540 4.756899042030693 -0.9149629685228863 0.0 0.0 0.0 0.7982823211747928 0.6022834346881748
1629013244.752338409 4.755859609678379 -0.9151367965688586 0.0 0.0 0.0 0.7982823323731547 0.6022834198455709
1629013244.752338409 4.755407730680437 -0.9148093832577766 0.0 0.0 0.0 0.7982823361661665 0.6022834148182129
1629013242.748418331 4.797073557279979 -0.982006548288167 0.0 0.0 0.0 0.7693354972208233 0.6388449676689866
1629013242.948856115 4.8190359192662875 -1.0048474998442105 0.0 0.0 0.0 0.7740272992905723 0.6331522249451096
1629013243.049047709 4.821793097986084 -1.007830940999972 0.0 0.0 0.0 0.7780703641445497 0.6281771314207227
1629013243.550235271 4.857603897624208 -1.0126486065759348 0.0 0.0 0.0 0.810701063056387 0.5854603200552913
1629013243.750394821 4.89471305947696 -1.0334967176402752 0.0 0.0 0.0 0.8257158551400666 0.5640862758216233
1629013243.850748301 4.913830624514484 -1.04172020212792 0.0 0.0 0.0 0.8330097661343455 0.5532582846418144
1629013244.051008224 4.951288380969804 -1.048624355866849 0.0 0.0 0.0 0.8463959604191155 0.5325541082239468
1629013244.351556540 5.0256219589115085 -1.0977597053975148 0.0 0.0 0.0 0.8632397233981223 0.5047941956357396
1629013244.551958561 5.0876270104268935 -1.1658142164309353 0.0 0.0 0.0 0.8702339535145925 0.4926386770751581
1629013244.752338409 5.159040974694303 -1.252106303830542 0.0 0.0 0.0 0.8753377943305656 0.4835118879784657
1629013245.052947521 5.158591092475571 -1.251575346393379 0.0 0.0 0.0 0.8753378017315258 0.483511874579953
1629013245.052947521 5.1577543275662805 -1.2513170923502481 0.0 0.0 0.0 0.875337799417713 0.48351187876882173
1629013245.052947521 5.257549028307309 -1.3660323214738195 0.0 0.0 0.0 0.8810404719127188 0.4730408934244626
1629013245.253318071 5.257767256768212 -1.3654843534907606 0.0 0.0 0.0 0.8810404635275118 0.4730409090419424
1629013245.253318071 5.258386099184172 -1.3640537140723699 0.0 0.0 0.0 0.8810404784948731 0.47304088116517484
1629013245.253318071 5.3312473224711265 -1.4319283787204693 0.0 0.0 0.0 0.8839055400973658 0.46766547465595965
1629013245.253318071 5.330592638411057 -1.43249814680921 0.0 0.0 0.0 0.8839055655478315 0.46766542655360804
1629013245.253318071 5.330575116090498 -1.4336936237081312 0.0 0.0 0.0 0.8839055535356326 0.4676654492571232
1629013245.654092550 5.331269613565055 -1.433411363577251 0.0 0.0 0.0 0.8839055442516093 0.4676654668042814
1629013245.654092550 5.330836819922647 -1.4337727830507088 0.0 0.0 0.0 0.8839055583422094 0.4676654401725095
1629013245.654092550 5.458492326833498 -1.5597403725323808 0.0 0.0 0.0 0.8837249471259632 0.46800664293064653
1629013245.654092550 5.458105525894763 -1.5595344979484744 0.0 0.0 0.0 0.8837249672084558 0.46800660500938834
1629013245.858057976 5.45831992991735 -1.5595379560970388 0.0 0.0 0.0 0.8837249515246839 0.4680066346246548
1629013245.858057976 5.522990855001518 -1.629381387672836 0.0 0.0 0.0 0.8821617716661672 0.47094650291812257
1629013245.954675913 5.52225651022064 -1.629636567256439 0.0 0.0 0.0 0.882161762453314 0.4709465201753409
1629013245.954675913 5.548821661768676 -1.6328342413744381 0.0 0.0 0.0 0.8813353009611589 0.472491362121789
1629013245.954675913 5.5501618034363025 -1.633358896386554 0.0 0.0 0.0 0.8813353277908603 0.47249131207650447
1629013245.954675913 5.550450857740754 -1.6335682404678165 0.0 0.0 0.0 0.8813353132184152 0.4724913392584017
1629013246.255266666 5.550525070961834 -1.6336523435479149 0.0 0.0 0.0 0.8813353032103607 0.47249135792636626
1629013246.255266666 5.550795157867563 -1.6335266313725876 0.0 0.0 0.0 0.8813352943388089 0.4724913744744185
1629013246.255266666 5.634691533647868 -1.6801622721717417 0.0 0.0 0.0 0.8789945472079547 0.4768318214828816
1629013246.255266666 5.633810268517752 -1.6800235744849765 0.0 0.0 0.0 0.878994550447521 0.47683181551104625
1629013246.555862904 5.634067235211406 -1.6794720032995136 0.0 0.0 0.0 0.8789945506999302 0.4768318150457537
1629013246.555862904 5.716209328133 -1.7593761970044988 0.0 0.0 0.0 0.8737187296915889 0.48643147655771224
1629013246.555862904 5.71563853829382 -1.758674335993098 0.0 0.0 0.0 0.8737187223415066 0.4864314897597866
1629013246.555862904 5.714878768941969 -1.758472908998073 0.0 0.0 0.0 0.8737187283613109 0.48643147894713157
1629013246.956682920 5.71486317733431 -1.7587292783551152 0.0 0.0 0.0 0.8737186888918135 0.48643154984146575
1629013247.057110310 5.7140963941605944 -1.7585292426484145 0.0 0.0 0.0 0.873718659080169 0.48643160338854563
1629013246.956682920 5.8129790487541 -1.8785345529097561 0.0 0.0 0.0 0.8543219598688544 0.5197441571444931
1629013247.157055855 5.813428451859618 -1.8776186747949069 0.0 0.0 0.0 0.8543219424395122 0.5197441857937218
1629013247.057110310 5.834765369786568 -1.8949798935601607 0.0 0.0 0.0 0.8492055782793645 0.528062388188375
1629013247.157055855 5.835333289791473 -1.8954806944449094 0.0 0.0 0.0 0.8492055639900014 0.5280624111678691
1629013247.157055855 5.852732527706478 -1.917747618482163 0.0 0.0 0.0 0.8435726304569795 0.5370150995492513
1629013247.358104467 5.8528127605851274 -1.91841121642498 0.0 0.0 0.0 0.843572643631656 0.5370150788537498
1629013247.358104467 5.853541468709317 -1.9183515492095449 0.0 0.0 0.0 0.8435726571064558 0.5370150576867971
1629013247.358104467 5.887469862535432 -1.9411503259568126 0.0 0.0 0.0 0.832194438926339 0.5544839184503693
1629013247.557822704 5.88807788239555 -1.9411122185056644 0.0 0.0 0.0 0.8321944296015259 0.5544839324454686
1629013247.557822704 5.887409925006818 -1.941767043452777 0.0 0.0 0.0 0.8321944240598018 0.5544839407627373
1629013247.557822704 5.909752211293692 -1.944511923809282 0.0 0.0 0.0 0.8248994343342718 0.5652795089466789
1629013247.557822704 5.909737494224816 -1.9449603194928058 0.0 0.0 0.0 0.8248994617636858 0.5652794689195616
1629013247.557822704 5.911701385871932 -1.9446012932045758 0.0 0.0 0.0 0.8248994708594879 0.5652794556462644
1629013247.958601952 5.911543445553726 -1.9444863821265317 0.0 0.0 0.0 0.8248994764226942 0.5652794475280036
1629013247.958601952 5.912021552463064 -1.9446623516375796 0.0 0.0 0.0 0.8248994698529162 0.5652794571151315
1629013247.958601952 5.912704933311039 -1.9456518899448685 0.0 0.0 0.0 0.8248994644275028 0.565279465032314
1629013248.259931803 5.9130799623757495 -1.9449461176028768 0.0 0.0 0.0 0.8248994765634856 0.5652794473225499
1629013248.359395504 5.9132987862773625 -1.944428676299362 0.0 0.0 0.0 0.8248994944560071 0.5652794212123983
1629013248.459567547 5.91223712580461 -1.9456800088201807 0.0 0.0 0.0 0.8248995075936185 0.565279402040978
1629013248.559775829 5.911337964727263 -1.9449198420699256 0.0 0.0 0.0 0.8248994930928923 0.5652794232015608
1629013248.559775829 5.91103727526694 -1.9453199719881862 0.0 0.0 0.0 0.8248994795202587 0.5652794430077981
1629013248.559775829 5.911549441702185 -1.945592118392468 0.0 0.0 0.0 0.8248994696691473 0.5652794573833013
1629013248.559775829 5.9108793019489285 -1.944730198804461 0.0 0.0 0.0 0.8248994828779432 0.565279438108005
1629013248.960558414 5.910392851825134 -1.9453388528947435 0.0 0.0 0.0 0.8248994508084251 0.5652794849063238
1629013249.461553097 5.910125455892025 -1.9437078953716653 0.0 0.0 0.0 0.8248994584741107 0.5652794737199635
1629013247.958601952 5.951403069740835 -1.9596546755845043 0.0 0.0 0.0 0.8333237999593545 0.5527851702255603
1629013248.259931803 5.991939165632018 -1.9838167901090282 0.0 0.0 0.0 0.8472581234664486 0.5311813929535862
1629013248.359395504 6.002561524205226 -1.988034917183977 0.0 0.0 0.0 0.853153481893906 0.5216599815323238
1629013248.459567547 6.012916137337397 -1.986909676842818 0.0 0.0 0.0 0.8585169697157111 0.5127851525835676
1629013248.559775829 6.029839128873233 -1.9846406539907655 0.0 0.0 0.0 0.8643841624211847 0.5028319995340661
1629013248.960558414 6.096467512893319 -1.9912574934569414 0.0 0.0 0.0 0.8866230874507112 0.4624927035093296
1629013249.261137486 6.149746745212987 -1.9966500230484547 0.0 0.0 0.0 0.903751795804209 0.4280568789082445
1629013249.461553097 6.195356273336003 -1.9980041826439456 0.0 0.0 0.0 0.9143352034997257 0.40495818999140526
1629013249.661929369 6.1957075885761395 -1.997128662573535 0.0 0.0 0.0 0.9143352032160841 0.4049581906318259
1629013249.661929369 6.253491308016922 -2.051730571512645 0.0 0.0 0.0 0.9237895632826683 0.382900565121047
1629013249.661929369 6.253134359030493 -2.0514611249607495 0.0 0.0 0.0 0.9237895530081219 0.3829005899095146
1629013249.661929369 6.252229395042638 -2.0508677461839095 0.0 0.0 0.0 0.9237895473032331 0.3829006036731825
1629013249.661929369 6.251426675513049 -2.051207812537731 0.0 0.0 0.0 0.9237895695648574 0.382900549964577
1629013249.661929369 6.250193333506726 -2.051793462626577 0.0 0.0 0.0 0.9237895708846512 0.3829005467804296
1629013250.263106346 6.249685183223805 -2.0520482713893413 0.0 0.0 0.0 0.9237895587033702 0.382900576169105
1629013250.363283634 6.2500573656851985 -2.0527048078136216 0.0 0.0 0.0 0.9237895359540548 0.3829006310543144
1629013250.263106346 6.432830017071283 -2.237949704227723 0.0 0.0 0.0 0.9216685868397866 0.387978112826936
1629013250.463474512 6.432360322051697 -2.2388060880550196 0.0 0.0 0.0 0.9216685917313281 0.3879781012067439
1629013250.363283634 6.4682547464630895 -2.28769507815401 0.0 0.0 0.0 0.9188459243845472 0.3946164812091698
1629013250.463474512 6.4684011084549615 -2.2884885162629565 0.0 0.0 0.0 0.918845924126919 0.3946164818090447
1629013250.463474512 6.4929102666918785 -2.2879847688416532 0.0 0.0 0.0 0.9164105276998928 0.4002396091353327
1629013250.666935921 6.492899922767133 -2.2874444479252545 0.0 0.0 0.0 0.91641051820498 0.40023963087540465
1629013250.666935921 6.492480537225514 -2.287556760614872 0.0 0.0 0.0 0.9164105164616976 0.4002396348669191
1629013250.666935921 6.542321212473162 -2.3037061781588895 0.0 0.0 0.0 0.9112656563011934 0.41181901807220517
1629013250.864261150 6.54345850579444 -2.304042437459629 0.0 0.0 0.0 0.9112656645387623 0.4118189998442614
1629013250.864261150 6.604870925454393 -2.3313930938671055 0.0 0.0 0.0 0.907704643236771 0.4196096765404801
1629013250.864261150 6.604772259474298 -2.330497101296469 0.0 0.0 0.0 0.9077046385895811 0.4196096865933364
1629013250.864261150 6.604650427608752 -2.3304110352540537 0.0 0.0 0.0 0.9077046425438727 0.4196096780393659
1629013250.864261150 6.605249886460979 -2.3298987672597162 0.0 0.0 0.0 0.9077046476150312 0.41960966706937525
1629013250.864261150 6.604052660407266 -2.3302482146925247 0.0 0.0 0.0 0.9077046601390981 0.41960963997716305
1629013251.365235329 6.604448340912795 -2.330081565594271 0.0 0.0 0.0 0.9077046501231177 0.41960966164385244
1629013251.365235329 6.747450857798095 -2.451653802252523 0.0 0.0 0.0 0.9003375581204782 0.435192235038327
1629013251.465437651 6.746720753599175 -2.450917821996479 0.0 0.0 0.0 0.9003375722794714 0.4351922057458149
1629013251.465437651 6.7686531991302425 -2.471706041103882 0.0 0.0 0.0 0.8991753390601228 0.4375885163325395
1629013251.565629005 6.768863861724894 -2.472839398077434 0.0 0.0 0.0 0.8991753465635622 0.4375885009141554
1629013251.565629005 6.793089490455338 -2.4806814435858584 0.0 0.0 0.0 0.8979373983354758 0.44012319715111253
1629013251.565629005 6.792074195810377 -2.4803285693286554 0.0 0.0 0.0 0.89793741148848 0.44012317031641046
1629013251.565629005 6.791783676556743 -2.4796617541145585 0.0 0.0 0.0 0.8979374224019308 0.44012314805083436
1629013251.565629005 6.791838873921848 -2.478545545702479 0.0 0.0 0.0 0.8979374109741682 0.4401231713657071
1629013251.565629005 6.791863830513995 -2.477873580102658 0.0 0.0 0.0 0.897937412504088 0.4401231682443715
1629013252.166831970 6.791366877430587 -2.4778817094933303 0.0 0.0 0.0 0.8979374123429816 0.44012316857305994
1629013252.166831970 6.791717068497898 -2.478016864546496 0.0 0.0 0.0 0.8979374060964737 0.44012318131715866
1629013252.166831970 6.950127287005838 -2.5996766200169197 0.0 0.0 0.0 0.8906582859183164 0.45467330878890017
1629013252.367221832 6.949987884565028 -2.5986239053680817 0.0 0.0 0.0 0.8906582693049832 0.45467334133271126
1629013252.467393875 6.950318857656066 -2.599163214682809 0.0 0.0 0.0 0.8906582854689361 0.4546733096691899
1629013252.467393875 6.9508909566084744 -2.5999084296256694 0.0 0.0 0.0 0.8906582771134978 0.4546733260366345
1629013252.567692995 6.950695852901501 -2.6010099531101174 0.0 0.0 0.0 0.8906582831989145 0.4546733141159289
1629013252.667804718 6.9513879221387835 -2.6013742033490828 0.0 0.0 0.0 0.8906582912371682 0.45467329836981585
1629013252.868175983 6.952620120690478 -2.6011987678762676 0.0 0.0 0.0 0.8906582721782488 0.4546733357042796
1629013252.868175983 6.951815068252903 -2.6010363162749135 0.0 0.0 0.0 0.8906582715780943 0.4546733368799205
1629013253.068570137 6.9524518940112685 -2.6014276844029602 0.0 0.0 0.0 0.8906582862013049 0.45467330823455476
1629013253.168779850 6.951875520740007 -2.601398121317344 0.0 0.0 0.0 0.8906583088870995 0.4546732637954116
1629013253.168779850 6.952031805427736 -2.6009601109877956 0.0 0.0 0.0 0.8906583136603365 0.45467325444512957
1629013253.168779850 6.951796215108919 -2.600047553145751 0.0 0.0 0.0 0.8906583189198299 0.45467324414232074
1629013253.168779850 6.951856486062674 -2.599799710005046 0.0 0.0 0.0 0.8906583122538718 0.4546732572002498
1629013253.168779850 6.951956896499662 -2.600742599882058 0.0 0.0 0.0 0.8906583211271417 0.45467323981842306
1629013255.573482752 6.952549108601736 -2.6011053727493265 0.0 0.0 0.0 0.890658302540564 0.454673276227624
1629013252.367221832 7.013218286922472 -2.6601152600989457 0.0 0.0 0.0 0.8879302056708333 0.4599782058503986
1629013252.467393875 7.031786633665785 -2.6613632998960037 0.0 0.0 0.0 0.8865531900997222 0.4626266757591976
1629013252.567692995 7.047963324849074 -2.6632885290132173 0.0 0.0 0.0 0.88517286825122 0.4652622844288029
1629013252.667804718 7.067097423217692 -2.6658772841663483 0.0 0.0 0.0 0.8840603022690007 0.46737285110716825
1629013252.868175983 7.114606202717762 -2.7036210504829437 0.0 0.0 0.0 0.881586161158956 0.47202313550610536
1629013253.068570137 7.151217227234255 -2.7062136791271834 0.0 0.0 0.0 0.8791352283928924 0.4765723976465454
1629013253.168779850 7.169161765763069 -2.7166086997269727 0.0 0.0 0.0 0.8775959057786489 0.47940111197258706
1629013253.769940376 7.286983734111106 -2.776792057660453 0.0 0.0 0.0 0.8699134763799142 0.49320436292941733
1629013253.970323563 7.32604369053148 -2.7995879972271442 0.0 0.0 0.0 0.8677208629604843 0.49705181217164096
1629013254.070553541 7.337245224245532 -2.804950870737522 0.0 0.0 0.0 0.8665294028515883 0.49912603017040674
1629013254.170717239 7.351378496624034 -2.804965607864663 0.0 0.0 0.0 0.8653613991660617 0.5011483301711741
1629013255.573482752 7.351881590426894 -2.805239401699433 0.0 0.0 0.0 0.8653613974985552 0.5011483330505525
1629013255.974318027 7.351512351214913 -2.8062969579587973 0.0 0.0 0.0 0.8653613698448753 0.5011483808017351
1629013256.074461937 7.351117774902803 -2.805475279918587 0.0 0.0 0.0 0.8653613724239567 0.5011483763482887
1629013256.074461937 7.351387825060144 -2.805646398426404 0.0 0.0 0.0 0.8653613574318652 0.501148402235984
1629013255.974318027 7.576448829158837 -2.980062185272482 0.0 0.0 0.0 0.8585413528809158 0.5127443275097314
1629013256.074461937 7.576805108770367 -2.9810502980732263 0.0 0.0 0.0 0.8587581143806087 0.5123812067059655
1629013256.174642801 7.5748759134569 -2.9810308470966933 0.0 0.0 0.0 0.8587581037733317 0.5123812244839105
1629013256.174642801 7.574482551486101 -2.981345468738768 0.0 0.0 0.0 0.8584389956521271 0.5129156760557892
1629013256.174642801 7.574968079979505 -2.9806259952089857 0.0 0.0 0.0 0.8584390059654031 0.5129156587950212
1629013256.174642801 7.576969530504826 -2.9801360752362775 0.0 0.0 0.0 0.8584389905122276 0.5129156846581585
1629013256.174642801 7.577653213394469 -2.9799116875512777 0.0 0.0 0.0 0.858438974793131 0.5129157109663519
1629013256.174642801 7.5784607844522025 -2.979822152251353 0.0 0.0 0.0 0.8584389591566862 0.5129157371362134
1629013256.876011133 7.578722193374182 -2.9791143184726203 0.0 0.0 0.0 0.8584389432776384 0.5129157637121046
1629013256.876011133 7.578314637207813 -2.9790945362089887 0.0 0.0 0.0 0.8584389577398741 0.5129157395074542
1629013257.076419830 7.577645855055499 -2.9782226502137314 0.0 0.0 0.0 0.8584390066722399 0.512915657612027
1629013257.276793480 7.577991103814805 -2.978598390994016 0.0 0.0 0.0 0.8584390226260012 0.5129156309110843
1629013257.276793480 7.577987373658731 -2.9786955540013063 0.0 0.0 0.0 0.8584390420213783 0.5129155984500943
1629013257.276793480 7.578338025613457 -2.9782166510042316 0.0 0.0 0.0 0.8584390347032164 0.5129156106981051
1629013257.276793480 7.5786986017099816 -2.9786406635769436 0.0 0.0 0.0 0.8584390542788612 0.5129155779354088
1629013257.276793480 7.579305339027871 -2.9779805172062908 0.0 0.0 0.0 0.8584390459268866 0.5129155919136567
1629013256.876011133 7.574686489351931 -2.977377679603947 0.0 0.0 0.0 0.8576216110405556 0.5142812190584078
1629013257.076419830 7.572064443967056 -2.9764432705450705 0.0 0.0 0.0 0.8571773941906137 0.5150212761513735
1629013257.276793480 7.566702723869796 -2.9767904710897097 0.0 0.0 0.0 0.8558770842556027 0.5171792886863587
1629013258.078352928 7.566069439995184 -2.977194949295429 0.0 0.0 0.0 0.8558770795367772 0.5171792964955163
1629013258.078352928 7.488018957230813 -2.9818464027023297 0.0 0.0 0.0 0.8349498034031726 0.5503261085910821
1629013258.078352928 7.487416415365584 -2.9817838227622553 0.0 0.0 0.0 0.8349498213001532 0.5503260814379438
1629013258.078352928 7.487199365452134 -2.982041617634267 0.0 0.0 0.0 0.8349498146090417 0.5503260915896382
1629013258.078352928 7.487290402200328 -2.9818795730011822 0.0 0.0 0.0 0.8349498249088979 0.5503260759627885
1629013258.078352928 7.4883877351374695 -2.9821190970811755 0.0 0.0 0.0 0.8349498230759776 0.5503260787436788
1629013258.579374075 7.488193659696825 -2.983191096299691 0.0 0.0 0.0 0.8349498302045377 0.5503260679282906
1629013258.779723406 7.48772243737943 -2.983427222515515 0.0 0.0 0.0 0.8349497986271681 0.5503261158371928
1629013258.779723406 7.4864440362468825 -2.983758480327697 0.0 0.0 0.0 0.8349497903905435 0.5503261283337249
1629013258.779723406 7.486418182976951 -2.9839512666368337 0.0 0.0 0.0 0.8349497822850575 0.5503261406312944
1629013258.980110645 7.487689482414223 -2.9839464841443477 0.0 0.0 0.0 0.834949750435273 0.5503261889534927
1629013258.980110645 7.487326790026436 -2.984910809433191 0.0 0.0 0.0 0.8349497563196681 0.5503261800257433
1629013258.980110645 7.487299301337506 -2.985399170469398 0.0 0.0 0.0 0.8349497554308999 0.5503261813741741
1629013258.980110645 7.48537277123214 -2.9865187086987324 0.0 0.0 0.0 0.834949794137426 0.5503261226489888
1629013258.980110645 7.4859528490314435 -2.9866750920169163 0.0 0.0 0.0 0.834949805947277 0.5503261047311899
1629013259.581286430 7.48688435931708 -2.9857777224065862 0.0 0.0 0.0 0.8349498153392537 0.5503260904817671
1629013259.581286430 7.488584347692265 -2.9849589508874397 0.0 0.0 0.0 0.8349498319754323 0.5503260652415052
1629013259.581286430 7.488658466659458 -2.9855372602265673 0.0 0.0 0.0 0.8349498263302488 0.5503260738063274
1629013260.082254410 7.487546860054494 -2.984852122256122 0.0 0.0 0.0 0.8349498465102425 0.5503260431894191
1629013258.579374075 7.423037210804698 -2.926420712634206 0.0 0.0 0.0 0.8078926808852213 0.5893296328644012
1629013258.779723406 7.386680134856191 -2.88338645744457 0.0 0.0 0.0 0.796306046658909 0.6048939411619688
1629013258.980110645 7.381563346457806 -2.8701652139288987 0.0 0.0 0.0 0.7847312939448949 0.6198361043885479
1629013259.581286430 7.372481653407409 -2.86301722496314 0.0 0.0 0.0 0.7483488970004565 0.6633053055405183
1629013260.182537079 7.372808456750248 -2.8651559174105303 0.0 0.0 0.0 0.7483488983885984 0.6633053039744
1629013260.082254410 7.375415617685436 -2.854346282464287 0.0 0.0 0.0 0.709262828626505 0.7049441395803848
1629013260.182537079 7.374748606509341 -2.8540269720414893 0.0 0.0 0.0 0.7092628232095536 0.7049441450305219
1629013260.182537079 7.383521553919588 -2.849316216430107 0.0 0.0 0.0 0.7008853366857712 0.713273961966139
1629013260.382846355 7.382871524404076 -2.850416304649652 0.0 0.0 0.0 0.7008853479147534 0.7132739509321893
1629013260.382846355 7.382622700070206 -2.8497615240324867 0.0 0.0 0.0 0.7008853670747969 0.7132739321049293
1629013260.382846355 7.391439985034784 -2.8465193997973057 0.0 0.0 0.0 0.6836577726919657 0.7298027472117795
1629013260.382846355 7.391573316328146 -2.847039269317383 0.0 0.0 0.0 0.6836577880574595 0.729802732817836
1629013260.683427811 7.391750144005799 -2.846167767735104 0.0 0.0 0.0 0.6836578087800926 0.7298027134054808
1629013260.783623695 7.391647321287884 -2.846241344336329 0.0 0.0 0.0 0.6836578118654497 0.7298027105152086
1629013260.683427811 7.415522007217314 -2.8326400228054105 0.0 0.0 0.0 0.656077733003157 0.7546933206657114
1629013260.783623695 7.4157746365478125 -2.8317435794577053 0.0 0.0 0.0 0.6560777756822659 0.7546932835634689
1629013260.783623695 7.425176110140962 -2.8206669764241536 0.0 0.0 0.0 0.6464384366828564 0.7629661510047643
1629013260.783623695 7.4247542985892485 -2.819660264257942 0.0 0.0 0.0 0.6464384325148261 0.7629661545362117
1629013260.984056950 7.424554747314441 -2.819246963751157 0.0 0.0 0.0 0.6464384537819445 0.7629661365172171
1629013260.984056950 7.444617031067808 -2.7586003444160214 0.0 0.0 0.0 0.6269789913413952 0.7790361637411491
1629013261.184803009 7.44404715617271 -2.7587722009514795 0.0 0.0 0.0 0.6269790119278994 0.7790361471728479
1629013261.184803009 7.444478082366924 -2.75956405997269 0.0 0.0 0.0 0.626979059036094 0.7790361092595222
1629013261.184803009 7.4822575408038965 -2.643168053851446 0.0 0.0 0.0 0.6059733549710703 0.7954849420731389
1629013261.385650158 7.481863869460787 -2.6448115207916167 0.0 0.0 0.0 0.605973384230599 0.795484919784225
1629013261.485024929 7.4809409895144885 -2.645300228004174 0.0 0.0 0.0 0.6059733992984404 0.7954849083060551
1629013261.385650158 7.500049365453497 -2.6066450419466336 0.0 0.0 0.0 0.5849352306339528 0.8110800058953521
1629013261.485024929 7.5008038432665645 -2.606798637260751 0.0 0.0 0.0 0.5849352423633608 0.8110799974363295
1629013261.485024929 7.523978484102418 -2.593749120567772 0.0 0.0 0.0 0.5746653845313434 0.8183884748830736
1629013261.485024929 7.523834133586439 -2.593450066592024 0.0 0.0 0.0 0.5746653834013523 0.8183884756765437
1629013261.485024929 7.521986097642661 -2.593431642029226 0.0 0.0 0.0 0.5746653898451823 0.8183884711517414
1629013261.485024929 7.521482112742503 -2.5936609843283343 0.0 0.0 0.0 0.574665409412914 0.8183884574114471
1629013262.086208582 7.522276955187144 -2.59257664335367 0.0 0.0 0.0 0.5746653977062541 0.8183884656317639
1629013262.086208582 7.521637356018853 -2.593160275155499 0.0 0.0 0.0 0.5746654000542358 0.8183884639830311
1629013262.086208582 7.646356915340628 -2.3223060818287475 0.0 0.0 0.0 0.505651330995034 0.8627379274512919
1629013262.186375856 7.646231851057634 -2.322166246296284 0.0 0.0 0.0 0.5056512665485172 0.8627379652234393
1629013262.186375856 7.670894902477154 -2.2312035877218794 0.0 0.0 0.0 0.4887491227134386 0.8724243778384715
1629013262.286608219 7.670712654651809 -2.231764246111988 0.0 0.0 0.0 0.4887491447034606 0.8724243655192327
1629013262.286608219 7.702258694210113 -2.167449800224026 0.0 0.0 0.0 0.4752564969968655 0.8798472947405523
1629013262.286608219 7.702294361099233 -2.1664664628347636 0.0 0.0 0.0 0.475256505821856 0.8798472899736637
1629013262.286608219 7.7019014360279945 -2.1666109117995256 0.0 0.0 0.0 0.47525650403910646 0.8798472909366299
1629013262.687365055 7.701191863919793 -2.1661909729497464 0.0 0.0 0.0 0.4752564751407717 0.8798473065462945
1629013262.687365055 7.701338653890456 -2.166970879531036 0.0 0.0 0.0 0.47525648095177025 0.8798473034074377
1629013262.787581205 7.702133308169456 -2.1658763147225137 0.0 0.0 0.0 0.47525648466343173 0.8798473014025543
1629013262.887779713 7.702550039186218 -2.1663090874871505 0.0 0.0 0.0 0.47525649896604577 0.879847293676884
1629013263.088128090 7.702221049640059 -2.1672414542822267 0.0 0.0 0.0 0.47525650098367306 0.8798472925870466
1629013263.088128090 7.700993855401717 -2.1667393444193177 0.0 0.0 0.0 0.47525652583019673 0.8798472791659991
1629013263.088128090 7.700201208555453 -2.167345689808603 0.0 0.0 0.0 0.4752565084846151 0.8798472885353532
1629013263.388790369 7.701227519804869 -2.166747688881972 0.0 0.0 0.0 0.4752564998020202 0.8798472932253257
1629013263.388790369 7.70064907865119 -2.166901498148416 0.0 0.0 0.0 0.47525657567877266 0.8798472522398914
1629013263.589112759 7.699652876147105 -2.166549011969548 0.0 0.0 0.0 0.4752565872533677 0.8798472459877806
1629013263.689300060 7.700029656857193 -2.166177617228936 0.0 0.0 0.0 0.4752565758900158 0.8798472521257867
1629013263.689300060 7.7011584138419 -2.166973500422913 0.0 0.0 0.0 0.4752565654612116 0.8798472577589892
1629013273.408269882 7.700907674496413 -2.1668373712737985 0.0 0.0 0.0 0.47525657453080417 0.8798472528599758
1629013262.687365055 7.848516808496192 -1.9501934774810192 0.0 0.0 0.0 0.4198768747563637 0.9075810762928174
1629013262.787581205 7.878947005782729 -1.858643750483041 0.0 0.0 0.0 0.40458034269135434 0.9145024583388206
1629013262.887779713 7.919140962178137 -1.79198739995822 0.0 0.0 0.0 0.38966159649519017 0.9209581099142455
1629013263.088128090 8.010742328144532 -1.6940258904721377 0.0 0.0 0.0 0.35984648300283956 0.9330115265474951
1629013263.388790369 8.178945055213342 -1.5809405998671486 0.0 0.0 0.0 0.3354334867068186 0.9420638916738644
1629013263.589112759 8.289078300392907 -1.495526710649239 0.0 0.0 0.0 0.34033759187330564 0.9403033146585623
1629013263.689300060 8.341922846753047 -1.4626675359903356 0.0 0.0 0.0 0.34973834965279504 0.9368474191575378
1629013264.691281557 8.374725356865417 -1.4258023976272842 0.0 0.0 0.0 0.3850316991070051 0.9229033485055587
1629013265.292447567 8.484006733666869 -1.310481121572289 0.0 0.0 0.0 0.4624057946916383 0.8866684166223552
1629013265.893932343 8.633549673698425 -1.138510802379428 0.0 0.0 0.0 0.5795623393173301 0.8149279077593452
1629013266.795362473 8.696559534793876 -0.8296633600139093 0.0 0.0 0.0 0.7373436364303111 0.6755178471481899
1629013273.408269882 8.695682168350636 -0.829776398967919 0.0 0.0 0.0 0.7373436382973519 0.6755178451102708
1629013273.408269882 4.872443001053813 1.2307882895419755 0.0 0.0 0.0 0.8632098085044694 0.5048453490938362
1629013273.408269882 4.871416038076167 1.229099213772658 0.0 0.0 0.0 0.8632098002246932 0.5048453632510111
1629013273.408269882 4.8711956582830975 1.2292431304526412 0.0 0.0 0.0 0.8632098025880446 0.5048453592100348
1629013273.809125662 4.870850512166214 1.228731463357109 0.0 0.0 0.0 0.8632097976874252 0.5048453675893583
1629013273.809125662 4.870525030200249 1.2276390422858652 0.0 0.0 0.0 0.8632097757987912 0.5048454050156351
1629013273.809125662 4.8615888878122675 1.3054008489829394 0.0 0.0 0.0 0.8719244190170102 0.48964048803366855
1629013273.809125662 4.862433863544437 1.304782610358611 0.0 0.0 0.0 0.8719244299562614 0.489640468553661
1629013274.009464025 4.86160253388498 1.3036370811599272 0.0 0.0 0.0 0.8719244197805336 0.489640486674029
1629013274.009464025 4.8907256343417504 1.299996878394369 0.0 0.0 0.0 0.866336832990054 0.4994602004211779
1629013274.009464025 4.8918894598944345 1.298053091037008 0.0 0.0 0.0 0.8663368396177215 0.49946018892518185
1629013274.009464025 4.892861461936954 1.2990908199286268 0.0 0.0 0.0 0.866336846000984 0.49946017785311697
1629013274.009464025 4.8928734832120275 1.2982566198804368 0.0 0.0 0.0 0.8663368466335029 0.49946017675598386
1629013274.009464025 4.893096655319001 1.2983581721606297 0.0 0.0 0.0 0.8663368584779778 0.4994601562111919
1629013275.311985254 4.893849586114741 1.2988287411068773 0.0 0.0 0.0 0.8663368434788206 0.4994601822279266
1629013275.311985254 4.893463630609032 1.2985142852729759 0.0 0.0 0.0 0.8663368521313128 0.4994601672197771
1629013275.311985254 4.895655865022744 1.2382461204803945 0.0 0.0 0.0 0.8468179704572335 0.5318828112570398
1629013275.311985254 4.896965966849826 1.2391738277533149 0.0 0.0 0.0 0.846817989323241 0.5318827812202075
1629013275.311985254 4.8978633027926675 1.2394599444182874 0.0 0.0 0.0 0.8468179661562474 0.5318828181046993
1629013275.311985254 4.8976447911962335 1.2393401340959953 0.0 0.0 0.0 0.8468179719763356 0.5318828088384566
1629013275.812977314 4.897874524337379 1.2378723911502487 0.0 0.0 0.0 0.8468179512968775 0.5318828417625061
1629013275.812977314 4.898040579946812 1.2377706405251863 0.0 0.0 0.0 0.8468179370256829 0.5318828644838699
1629013275.913190365 4.898721558502826 1.2373675586412192 0.0 0.0 0.0 0.8468179163531203 0.5318828973969362
1629013275.812977314 4.986084115300217 1.1029660507756784 0.0 0.0 0.0 0.7902212035552126 0.6128217109826897
1629013276.013378859 4.985519167133962 1.1023803373116463 0.0 0.0 0.0 0.7902211961520081 0.612821720528972
1629013276.013378859 4.985516087845274 1.1026127381452169 0.0 0.0 0.0 0.7902212100593248 0.6128217025957685
1629013275.913190365 5.005582614212911 1.0261415930035385 0.0 0.0 0.0 0.7738268244877751 0.633397225841072
1629013276.013378859 5.005739549563392 1.0258205560576947 0.0 0.0 0.0 0.7738268166987944 0.6333972353569366
1629013276.013378859 5.0191885316913725 0.969967941580492 0.0 0.0 0.0 0.7583129145695449 0.6518907297983629
1629013276.313955784 5.019795741711251 0.9697817023103438 0.0 0.0 0.0 0.7583128683852914 0.6518907835222643
1629013276.514402390 5.020712928881052 0.969505625791129 0.0 0.0 0.0 0.7583128712814028 0.6518907801533587
1629013276.313955784 5.051936349397094 0.907278613790419 0.0 0.0 0.0 0.7110640608077323 0.7031272299005477
1629013276.614527225 5.05067920194244 0.9066869188515979 0.0 0.0 0.0 0.7110640420846023 0.7031272488350221
1629013276.614527225 5.050326166737776 0.907703704748057 0.0 0.0 0.0 0.7110640169245036 0.7031272742791231
1629013276.614527225 5.0510769738051815 0.907721366474444 0.0 0.0 0.0 0.7110639689103763 0.7031273228352198
1629013276.614527225 5.0516980317470015 0.9066055942734215 0.0 0.0 0.0 0.7110639803712426 0.7031273112449872
1629013276.514402390 5.054954671781114 0.8725810285704365 0.0 0.0 0.0 0.6788160157066068 0.7343083935378975
1629013277.015316010 5.054430483580956 0.8719515199696172 0.0 0.0 0.0 0.6788159966514723 0.7343084111530171
1629013276.614527225 5.053840235792283 0.8593166375012689 0.0 0.0 0.0 0.6621128051688734 0.7494041854909842
1629013277.015316010 5.054388722010106 0.8596722031214595 0.0 0.0 0.0 0.6621127807864983 0.7494042070332743
1629013277.015316010 5.054234485432104 0.859651045740782 0.0 0.0 0.0 0.6621127736126466 0.7494042133715076
1629013277.015316010 5.033557599978855 0.8408409606459332 0.0 0.0 0.0 0.594805913230249 0.8038693460919688
1629013277.215725422 5.033490353988763 0.8405448640758088 0.0 0.0 0.0 0.5948059005289404 0.8038693554900299
1629013277.215725422 5.004809841899845 0.8321608840635245 0.0 0.0 0.0 0.5591770047205403 0.82904829617566
1629013277.416112423 5.0054667077277735 0.8325339388400315 0.0 0.0 0.0 0.5591769889233253 0.8290483068305751
1629013277.416112423 5.004363411925405 0.8337894284041407 0.0 0.0 0.0 0.5591770136305658 0.8290482901660204
1629013277.416112423 5.005003062945798 0.8340827349488016 0.0 0.0 0.0 0.5591770078150556 0.8290482940884694
1629013277.416112423 4.966920363860903 0.816261329264788 0.0 0.0 0.0 0.5203767179950899 0.853936807596826
1629013277.616681337 4.966171718724111 0.8151793635272747 0.0 0.0 0.0 0.5203766674758857 0.853936838382495
1629013277.616681337 4.913447187521381 0.7572707312004179 0.0 0.0 0.0 0.48192779042424194 0.8762109362572508
1629013277.616681337 4.91259483741415 0.757749614529928 0.0 0.0 0.0 0.4819277831689003 0.8762109402477861
1629013277.616681337 4.912469935136327 0.7581925281347109 0.0 0.0 0.0 0.48192782456402045 0.8762109174799129
1629013277.616681337 4.91223334875769 0.7589035753849325 0.0 0.0 0.0 0.48192780640148375 0.8762109274695529
1629013278.117462635 4.913147328032691 0.7583598351249422 0.0 0.0 0.0 0.481927846298497 0.8762109055256573
1629013278.117462635 4.9133848986020245 0.758386181463785 0.0 0.0 0.0 0.48192787265695897 0.8762108910281462
1629013278.117462635 4.735455905192661 0.5997117484938249 0.0 0.0 0.0 0.4178091677334295 0.9085348091063429
1629013278.317893028 4.735117910680581 0.6010097699316086 0.0 0.0 0.0 0.4178091543655503 0.908534815253848
1629013278.418324947 4.733951437880191 0.601864941676703 0.0 0.0 0.0 0.417809164411828 0.9085348106338524
1629013278.317893028 4.63176567562141 0.48746287537369276 0.0 0.0 0.0 0.4164323726130047 0.9091666948584861
1629013278.518271446 4.631573649715291 0.4869204247501935 0.0 0.0 0.0 0.4164324085298491 0.9091666784072263
1629013278.418324947 4.587068513960323 0.45927997943488796 0.0 0.0 0.0 0.426612943201498 0.9044342965041493
1629013278.518271446 4.587055297619896 0.45844730418763735 0.0 0.0 0.0 0.42661293234234066 0.9044343016263091
1629013278.518271446 4.5415205188427645 0.44077938257238974 0.0 0.0 0.0 0.43851479693995543 0.8987239692278768
1629013278.718654156 4.541438416837146 0.4419724610453066 0.0 0.0 0.0 0.4385147706727766 0.8987239820444329
1629013278.718654156 4.541973072222982 0.44168409102162665 0.0 0.0 0.0 0.43851475165175535 0.8987239913253675
1629013278.718654156 4.4547038306239894 0.36550976190811757 0.0 0.0 0.0 0.4706519237234152 0.8823189710617406
1629013278.919036388 4.454904783549209 0.3654836078900573 0.0 0.0 0.0 0.47065192873982775 0.8823189683858554
1629013279.019241810 4.455463694488919 0.36552856181403287 0.0 0.0 0.0 0.47065197499982864 0.882318943709564
1629013278.919036388 4.3722114426301495 0.27219846854662966 0.0 0.0 0.0 0.5081781251448614 0.8612519916518356
1629013279.019241810 4.370914325760251 0.27231419127707135 0.0 0.0 0.0 0.5081781142963855 0.8612519980529333
1629013279.019241810 4.3346708756935755 0.19648209405973643 0.0 0.0 0.0 0.5290335819686162 0.848600889199072
1629013279.019241810 4.334323714193972 0.19649958510093388 0.0 0.0 0.0 0.5290336002015811 0.8486008778323021
1629013279.019241810 4.334855792127638 0.19543555324817627 0.0 0.0 0.0 0.529033570692395 0.8486008962288778
1629013279.019241810 4.3339087553824065 0.1944757632824681 0.0 0.0 0.0 0.529033570388581 0.8486008964182811
1629013279.822077751 4.335240560955901 0.19377735355548215 0.0 0.0 0.0 0.5290336170616703 0.848600867321408
1629013279.822077751 4.336457400949297 0.19315928792465106 0.0 0.0 0.0 0.5290336257908236 0.8486008618794909
1629013279.822077751 4.334783578410614 0.1936123099235503 0.0 0.0 0.0 0.5290336144830156 0.8486008689289896
1629013279.822077751 4.244054191372147 0.10066535664170169 0.0 0.0 0.0 0.5802810139346876 0.8144163215867736
1629013280.021559715 4.244177766147764 0.10008186741295677 0.0 0.0 0.0 0.5802810880540105 0.8144162687758968
1629013280.021559715 4.216260591082263 0.003876590633908993 0.0 0.0 0.0 0.6227311444119857 0.7824358898844931
1629013280.021559715 4.21588587227163 0.004674838727592683 0.0 0.0 0.0 0.6227311792871124 0.7824358621278055
1629013280.021559715 4.2151424125110655 0.004319864692859062 0.0 0.0 0.0 0.6227311476746982 0.7824358872877402
1629013280.021559715 4.214247019655342 0.003738586886906806 0.0 0.0 0.0 0.622731121953766 0.7824359077587146
1629013280.021559715 4.21444582359748 0.003072075429141743 0.0 0.0 0.0 0.6227311401557531 0.7824358932719764
1629013280.822953224 4.1679425924764395 -0.1133898824231079 0.0 0.0 0.0 0.6945063293477376 0.7194865936874236
1629013280.822953224 4.168355422862513 -0.11214749704211467 0.0 0.0 0.0 0.6945063293688585 0.719486593667036
1629013281.023141384 4.169147824805753 -0.11167087421809266 0.0 0.0 0.0 0.6945063136558971 0.7194866088344498
1629013281.023141384 4.16859157185533 -0.1109212188167552 0.0 0.0 0.0 0.6945063452835928 0.7194865783048541
1629013281.023141384 4.165713753989324 -0.29303221511770194 0.0 0.0 0.0 0.7345104773009566 0.6785973465429413
1629013281.023141384 4.165264587603198 -0.291416664551998 0.0 0.0 0.0 0.734510471646579 0.6785973526632123
1629013281.323719501 4.164838427288329 -0.2912284056985671 0.0 0.0 0.0 0.7345104612517925 0.6785973639144783
1629013281.323719501 4.163881913221091 -0.29174006531598673 0.0 0.0 0.0 0.7345104420713071 0.6785973846753411
1629013281.323719501 4.193922425052969 -0.5478357921968823 0.0 0.0 0.0 0.7874235292907256 0.616412350232649
1629013281.524127960 4.193252954060494 -0.548696460724132 0.0 0.0 0.0 0.7874235160950189 0.616412367089238
1629013281.524127960 4.243683243281203 -0.711335547586352 0.0 0.0 0.0 0.8046724387324012 0.5937190129551605
1629013281.524127960 4.242841957324056 -0.7119616410135459 0.0 0.0 0.0 0.8046724161670281 0.5937190435382017
1629013281.724548578 4.2431866433063234 -0.7113688609263514 0.0 0.0 0.0 0.804672434422897 0.5937190187958682
1629013281.824714661 4.243797251239499 -0.7123771241721821 0.0 0.0 0.0 0.804672427001185 0.5937190288545774
1629013281.724548578 4.291404035831767 -0.9057166770699551 0.0 0.0 0.0 0.7990595912401421 0.6012518354625929
1629013281.824714661 4.291465833484422 -0.9075751036600674 0.0 0.0 0.0 0.7990595676037378 0.601251866875212
1629013281.824714661 4.33269998175542 -0.980261461038042 0.0 0.0 0.0 0.7900075797354702 0.6130970754786755
1629013281.824714661 4.332448304372703 -0.9802971228224083 0.0 0.0 0.0 0.7900075677858601 0.6130970908763713
1629013282.125304222 4.3327200224783935 -0.9796378823425433 0.0 0.0 0.0 0.7900075460691469 0.6130971188594876
1629013282.225491524 4.333019600405354 -0.9799837159169094 0.0 0.0 0.0 0.7900075629188988 0.6130970971477047
1629013282.125304222 4.4417082840588655 -1.2058834206732754 0.0 0.0 0.0 0.7546971298566478 0.6560733512238842
1629013282.225491524 4.441820075324204 -1.2055725061053222 0.0 0.0 0.0 0.7546971313067069 0.6560733495558458
1629013282.225491524 4.475927007876976 -1.3024564143065138 0.0 0.0 0.0 0.7394901599752471 0.6731673664845789
1629013282.225491524 4.474946720001509 -1.3014533096630607 0.0 0.0 0.0 0.7394901348221451 0.6731673941158511
1629013282.526069880 4.473527910345887 -1.3007527409159927 0.0 0.0 0.0 0.7394901559051231 0.6731673709557058
1629013282.526069880 4.4737848040859856 -1.3004626036140472 0.0 0.0 0.0 0.7394901736145079 0.6731673515015304
1629013282.526069880 4.517521066692261 -1.572913014313467 0.0 0.0 0.0 0.6859855521953164 0.727615160767893
1629013282.526069880 4.517654359553493 -1.5725733004240048 0.0 0.0 0.0 0.6859855293826305 0.7276151822753785
1629013282.526069880 4.518018064190026 -1.5726336479313725 0.0 0.0 0.0 0.6859855198541905 0.7276151912586597
1629013282.526069880 4.51807138727736 -1.5719048427955258 0.0 0.0 0.0 0.6859855334957654 0.7276151783975717
1629013283.027065277 4.517390743332541 -1.571896844373242 0.0 0.0 0.0 0.6859855095346328 0.7276152009877956
1629013283.127244234 4.517564271467137 -1.5724775074851265 0.0 0.0 0.0 0.6859854922101026 0.7276152173211218
1629013283.027065277 4.499079749133051 -1.9802683294958603 0.0 0.0 0.0 0.5781256167331738 0.8159477748464589
1629013283.227453947 4.499047648717004 -1.980760272994434 0.0 0.0 0.0 0.5781256176476665 0.8159477741985109
1629013283.127244234 4.49299645897235 -2.223713138661066 0.0 0.0 0.0 0.5229759262498129 0.8523474529575074
1629013283.227453947 4.492685583633252 -2.223996296875188 0.0 0.0 0.0 0.5229758881183248 0.8523474763538925
1629013283.227453947 4.46610054277205 -2.305113772494632 0.0 0.0 0.0 0.4983086416452922 0.8669997103007727
1629013283.227453947 4.466150927774689 -2.305212552778549 0.0 0.0 0.0 0.4983086524127769 0.8669997041121539
1629013283.227453947 4.4650696435545045 -2.306229335470092 0.0 0.0 0.0 0.498308660285256 0.8669996995874413
1629013283.227453947 4.465254074746043 -2.3058882122907374 0.0 0.0 0.0 0.49830860455140935 0.8669997316205047
1629013283.728429317 4.465744170075535 -2.306308818622916 0.0 0.0 0.0 0.4983086439382802 0.8669997089828764
1629013283.728429317 4.441956593033532 -2.3949443680349 0.0 0.0 0.0 0.4248202132827388 0.9052777399154407
1629013283.728429317 4.441445801423716 -2.3938422744378194 0.0 0.0 0.0 0.4248202087745374 0.905277742031007
1629013283.928811550 4.441933345041407 -2.3938961023147876 0.0 0.0 0.0 0.42482019461577525 0.9052777486752973
1629013284.029018402 4.440783865406717 -2.3938155021248964 0.0 0.0 0.0 0.42482019779600816 0.9052777471829077
1629013283.928811550 4.361695694214571 -2.4901763010015956 0.0 0.0 0.0 0.3798587544122515 0.9250444998465602
1629013284.129204512 4.361460259356947 -2.4903139291983076 0.0 0.0 0.0 0.37985873826457145 0.9250445064774169
1629013284.029018402 4.319867374615642 -2.524467978634116 0.0 0.0 0.0 0.3579907381714895 0.9337251369559632
1629013284.129204512 4.320439512495318 -2.5249098835687884 0.0 0.0 0.0 0.35799071191402293 0.93372514702309
1629013284.129204512 4.2812081843006204 -2.5458635266560727 0.0 0.0 0.0 0.33524261811537553 0.9421318310083512
1629013284.129204512 4.280382177680574 -2.545593072783304 0.0 0.0 0.0 0.33524265568809875 0.9421318176386948
1629013284.129204512 4.280585305628698 -2.5450025282166338 0.0 0.0 0.0 0.33524266869217384 0.9421318130114009
1629013284.129204512 4.280632040175829 -2.5442161549683133 0.0 0.0 0.0 0.33524267972948885 0.9421318090839473
1629013285.031048775 4.280219615195537 -2.5447562377542283 0.0 0.0 0.0 0.3352426601211285 0.9421318160612715
1629013285.131157875 4.2801580220839694 -2.5446452765648733 0.0 0.0 0.0 0.33524263253125314 0.9421318258786905
1629013285.031048775 4.175826890863559 -2.5253558857795766 0.0 0.0 0.0 0.35577711556582636 0.9345708341477711
1629013285.131157875 4.176540824839428 -2.523988881138382 0.0 0.0 0.0 0.3557770621413863 0.9345708544856532
1629013285.331543922 4.17718890967411 -2.524940981331856 0.0 0.0 0.0 0.3557770516720659 0.9345708584711659
1629013285.131157875 4.143946133121691 -2.5330105318410774 0.0 0.0 0.0 0.3775060424612809 0.9260071208717683
1629013285.331543922 4.143847679336661 -2.5330548466004266 0.0 0.0 0.0 0.3775060716988251 0.9260071089524753
1629013285.331543922 4.099664120666295 -2.5356858881237803 0.0 0.0 0.0 0.4194221333294135 0.9077913163681418
1629013285.331543922 4.099957995774716 -2.535636099490803 0.0 0.0 0.0 0.4194221030025592 0.907791330379901
1629013285.632148743 4.099339361626768 -2.5354893061236403 0.0 0.0 0.0 0.41942212456831046 0.9077913204159889
1629013285.732345343 4.099108587094056 -2.535737177605665 0.0 0.0 0.0 0.419422097935125 0.9077913327211813
1629013285.732345343 4.100360336147842 -2.5358085692872647 0.0 0.0 0.0 0.41942212560142283 0.9077913199386654
1629013285.632148743 4.058279324106574 -2.5812353353464856 0.0 0.0 0.0 0.48340794797777237 0.8753951997994502
1629013285.932733774 4.0584299592457365 -2.5820078538716515 0.0 0.0 0.0 0.48340793827506867 0.8753952051574463
1629013285.732345343 4.031692271220066 -2.6135114865181373 0.0 0.0 0.0 0.505540679799289 0.8628027706655055
1629013285.932733774 4.031498902464835 -2.6128588706175075 0.0 0.0 0.0 0.5055406584831015 0.8628027831552656
1629013285.932733774 3.9983730125517796 -2.6942157430485745 0.0 0.0 0.0 0.5481737886841117 0.8363644524964622
1629013285.932733774 3.997332131260659 -2.6935083130228885 0.0 0.0 0.0 0.5481738329552848 0.8363644234800471
1629013286.233335018 3.9978957723401023 -2.692911329940565 0.0 0.0 0.0 0.5481738259775405 0.8363644280534324
1629013286.233335018 3.997085872001709 -2.6926773007815226 0.0 0.0 0.0 0.548173886220347 0.8363643885688116
1629013286.233335018 3.935889066888518 -2.8866272992062694 0.0 0.0 0.0 0.6098870972727756 0.7924883144754805
1629013286.233335018 3.936084587128642 -2.8857266821750764 0.0 0.0 0.0 0.609887090237448 0.7924883198897628
1629013286.233335018 3.9360752131944516 -2.8842283462467915 0.0 0.0 0.0 0.6098870871632703 0.7924883222556036
1629013286.233335018 3.9360216973989464 -2.8833393021018763 0.0 0.0 0.0 0.609887065423626 0.7924883389861063
1629013287.335497141 3.9362841233713377 -2.8827985050813165 0.0 0.0 0.0 0.6098870763736615 0.7924883305591242
1629013287.335497141 3.935838961086044 -2.883440528032793 0.0 0.0 0.0 0.6098870881520938 0.79248832149462
1629013287.335497141 3.9367551229608018 -2.883372103114853 0.0 0.0 0.0 0.6098870931653555 0.7924883176364892
1629013287.335497141 3.9375760373543547 -2.883249569667872 0.0 0.0 0.0 0.6098870648704359 0.792488339411833
1629013287.335497141 3.9379169881597655 -2.8827281480924065 0.0 0.0 0.0 0.6098870599962835 0.7924883431629072
1629013287.335497141 3.797542628082313 -3.18827034954461 0.0 0.0 0.0 0.7130536727119446 0.7011094492531156
1629013288.238262653 3.7964595703177832 -3.1877791300209086 0.0 0.0 0.0 0.7130536252586182 0.701109497514862
1629013288.238262653 3.7952865837885588 -3.187248254334211 0.0 0.0 0.0 0.7130536098996081 0.7011095131355283
1629013288.238262653 3.7950117304744544 -3.1863516451767313 0.0 0.0 0.0 0.7130536007013469 0.7011095224904909
1629013288.238262653 3.6904310566257412 -3.5964992279056034 0.0 0.0 0.0 0.7813028434783826 0.6241521182953671
1629013288.238262653 3.689274740842798 -3.596161222147922 0.0 0.0 0.0 0.781302838521966 0.6241521244997238
1629013288.238262653 3.6886955418093517 -3.5971040037488624 0.0 0.0 0.0 0.7813028269384413 0.6241521389997795
1629013289.139037371 3.6884044297357472 -3.596022809219239 0.0 0.0 0.0 0.7813028070002912 0.6241521639580093
1629013289.239264727 3.689229875388346 -3.59570676109889 0.0 0.0 0.0 0.7813028163006345 0.6241521523160014
1629013289.339389801 3.689232427063185 -3.5945938089716623 0.0 0.0 0.0 0.7813028505147555 0.624152109487357
1629013289.339389801 3.6889523335242638 -3.5946184284627254 0.0 0.0 0.0 0.7813028358768443 0.6241521278108414
1629013289.539778709 3.6909136871326385 -3.5943279290476746 0.0 0.0 0.0 0.7813028399593073 0.6241521227004849
1629013289.539778709 3.689951472247385 -3.5948391265292163 0.0 0.0 0.0 0.7813028360614128 0.6241521275798018
1629013289.539778709 3.689630645315621 -3.594444591740881 0.0 0.0 0.0 0.7813028315699512 0.6241521332021357
1629013289.740151167 3.690188735183106 -3.594336153144772 0.0 0.0 0.0 0.7813028087149068 0.6241521618116834
1629013289.940553188 3.69089929140708 -3.5933929631653942 0.0 0.0 0.0 0.7813028205002664 0.624152147058975
1629013289.940553188 3.6916318667156784 -3.594488721475094 0.0 0.0 0.0 0.7813028397626217 0.6241521229466924
1629013291.944457531 3.691642345418781 -3.5948141118098222 0.0 0.0 0.0 0.7813028550624995 0.6241521037945694
1629013289.139037371 3.6910453976186464 -3.895640278055714 0.0 0.0 0.0 0.7909773506963537 0.6118454303869382
1629013289.239264727 3.678747071447348 -3.8857352587646834 0.0 0.0 0.0 0.7864647982263844 0.6176351035609396
1629013289.339389801 3.6658900142838644 -3.87427055221763 0.0 0.0 0.0 0.7810527393311989 0.624465065782891
1629013289.539778709 3.639150966025433 -3.8014145310166554 0.0 0.0 0.0 0.7635819576852562 0.6457109213088715
1629013289.740151167 3.614863955354519 -3.711750455858932 0.0 0.0 0.0 0.7415078609596046 0.670944179597015
1629013289.940553188 3.5903445810482815 -3.6060455224641434 0.0 0.0 0.0 0.7155696516830924 0.6985413900336456
1629013290.241132259 3.571098190484257 -3.4243376011952487 0.0 0.0 0.0 0.6708081471244111 0.7416309255630555
1629013290.642004013 3.5984294470331215 -3.165039971082254 0.0 0.0 0.0 0.6051522948025375 0.7961097286776633
1629013290.942499161 3.6542248474390453 -2.9579417971815394 0.0 0.0 0.0 0.5519338991719136 0.8338878647305571
1629013291.042703152 3.6774436330301805 -2.8850005889551427 0.0 0.0 0.0 0.5333031654049277 0.8459241891381781
1629013291.643872261 3.776064682130784 -2.7634450127274848 0.0 0.0 0.0 0.4655144503865816 0.8850402795812622
1629013292.144999266 3.776092984036241 -2.762354898000367 0.0 0.0 0.0 0.4655144510118282 0.8850402792523944
1629013292.144999266 3.777143816784104 -2.762195351131246 0.0 0.0 0.0 0.46551443377491336 0.8850402883186854
1629013292.345243454 3.777204206363377 -2.762787406775188 0.0 0.0 0.0 0.4655144298264422 0.8850402903955065
1629013292.144999266 3.975631292722435 -2.4959931736218746 0.0 0.0 0.0 0.3808943296088016 0.9246185752362223
1629013292.345243454 3.975965731460018 -2.4952740999297243 0.0 0.0 0.0 0.3808943480329129 0.9246185676464551
1629013292.445479393 3.974874333923323 -2.4954345447906356 0.0 0.0 0.0 0.3808943523546394 0.9246185658661304
1629013292.345243454 4.0680361740588005 -2.406468460778787 0.0 0.0 0.0 0.36572753645996264 0.9307219612080326
1629013292.445479393 4.067988421036144 -2.406834474123263 0.0 0.0 0.0 0.36572753077298265 0.9307219634427335
1629013292.445479393 4.067843804992615 -2.4070636666546235 0.0 0.0 0.0 0.36572757759392793 0.9307219450444248
1629013292.445479393 4.118683667851895 -2.3579397987738506 0.0 0.0 0.0 0.3657275712355292 0.9307219475429603
1629013292.445479393 4.118793528767153 -2.357993920527021 0.0 0.0 0.0 0.36572755028043924 0.9307219557772712
1629013292.445479393 4.118413292180787 -2.358342686527018 0.0 0.0 0.0 0.3657274972734831 0.9307219766063732
1629013293.047432423 4.119097833960108 -2.359366345177624 0.0 0.0 0.0 0.3657275115280995 0.9307219710050171
1629013293.047432423 4.279328697920718 -2.281042069804186 0.0 0.0 0.0 0.43531369290351063 0.900278839455148
1629013293.247035027 4.277688590900608 -2.2800864797066636 0.0 0.0 0.0 0.4353137073664999 0.9002788324618286
1629013293.247035027 4.277239381663796 -2.279978312416432 0.0 0.0 0.0 0.43531374102254183 0.9002788161880515
1629013293.247035027 4.362410460170512 -2.178492114320071 0.0 0.0 0.0 0.4755593787123531 0.8796836234230582
1629013293.247035027 4.361480070721345 -2.178339419098814 0.0 0.0 0.0 0.47555937404914217 0.8796836259440027
1629013293.247035027 4.361578442646338 -2.1780495412645777 0.0 0.0 0.0 0.4755594007098081 0.8796836115311732
1629013293.247035027 4.361904678526923 -2.1779297427698023 0.0 0.0 0.0 0.4755594252782358 0.8796835982494127
1629013293.848223686 4.362136791968025 -2.1781364598798696 0.0 0.0 0.0 0.47555942230156395 0.8796835998586098
1629013293.848223686 4.3616410712510865 -2.178064968618725 0.0 0.0 0.0 0.4755593722621336 0.8796836269100644
1629013293.848223686 4.361252578734853 -2.17856539798009 0.0 0.0 0.0 0.4755593494929308 0.8796836392191573
1629013293.848223686 4.483689315665643 -2.0329316948256295 0.0 0.0 0.0 0.5737441642010775 0.8190345743893886
1629013293.848223686 4.483622205938403 -2.03365092522974 0.0 0.0 0.0 0.5737441622611322 0.819034575748345
1629013294.248976707 4.483727939316233 -2.0337774801388533 0.0 0.0 0.0 0.5737441636042829 0.8190345748074508
1629013294.248976707 4.483701116192326 -2.033037779348033 0.0 0.0 0.0 0.5737441631789094 0.8190345751054304
1629013294.248976707 4.532502695648109 -1.9032297771938167 0.0 0.0 0.0 0.6112986404936795 0.791400007664
1629013294.248976707 4.531906509274212 -1.9018876037400043 0.0 0.0 0.0 0.6112986160132141 0.7914000265733689
1629013294.449362993 4.531793071595219 -1.9005962303146156 0.0 0.0 0.0 0.6112986004619906 0.791400038585551
1629013294.449362993 4.5474109776074405 -1.8583866385689483 0.0 0.0 0.0 0.6191721336724582 0.7852552889879161
1629013294.549557686 4.54770338251036 -1.8582012703395516 0.0 0.0 0.0 0.6191721049610271 0.7852553116268178
1629013294.549557686 4.544621265024948 -1.8538709021198514 0.0 0.0 0.0 0.6221774607790149 0.7828762400907167
1629013294.549557686 4.543985100259736 -1.8541818234233514 0.0 0.0 0.0 0.6221775012564007 0.782876207922007
1629013294.549557686 4.543488230367781 -1.8542111139776687 0.0 0.0 0.0 0.6221774909307369 0.7828762161281518
1629013294.549557686 4.543801031792249 -1.8535416848228736 0.0 0.0 0.0 0.6221774708265263 0.7828762321056293
1629013294.549557686 4.544741671739088 -1.854799446364257 0.0 0.0 0.0 0.6221774580967248 0.7828762422224207
1629013295.150742054 4.544078392376315 -1.8544493796633545 0.0 0.0 0.0 0.6221774798951959 0.7828762248984594
1629013295.250942469 4.544587315043551 -1.8544261282529715 0.0 0.0 0.0 0.6221774363679259 0.7828762594910103
1629013295.250942469 4.544821978887798 -1.8542732527373542 0.0 0.0 0.0 0.6221774410904485 0.7828762557378666
1629013295.150742054 4.548716518059165 -1.843799874078031 0.0 0.0 0.0 0.6319268854437282 0.7750280068832281
1629013295.351131916 4.549431919982859 -1.8436482959308877 0.0 0.0 0.0 0.6319269122509048 0.7750279850257262
1629013295.250942469 4.5504646126514166 -1.843461233775099 0.0 0.0 0.0 0.6330376647582608 0.7741209950630507
1629013295.351131916 4.549421947576356 -1.843364162462508 0.0 0.0 0.0 0.6330376553984824 0.7741210027170121
1629013295.351131916 4.549476439907568 -1.8441697836315767 0.0 0.0 0.0 0.6340100931201861 0.7733247712453889
1629013295.351131916 4.548312609310976 -1.8433754408643646 0.0 0.0 0.0 0.6340100281781776 0.7733248244880714
1629013295.651784420 4.549705675307098 -1.844294202805323 0.0 0.0 0.0 0.6340100337553906 0.7733248199155957
1629013295.651784420 4.54854230942884 -1.8446874140756933 0.0 0.0 0.0 0.6361016307600441 0.771605284678904
1629013295.651784420 4.5485030035755285 -1.8443366865669946 0.0 0.0 0.0 0.6361016600313566 0.7716052605480035
1629013295.651784420 4.548539888785141 -1.84507392291734 0.0 0.0 0.0 0.6361016367036857 0.771605279779041
1629013295.651784420 4.548693938196827 -1.8453340247734384 0.0 0.0 0.0 0.6361015591338841 0.7716053437265982
1629013295.651784420 4.548035914738085 -1.8446808715666472 0.0 0.0 0.0 0.6361015129176448 0.7716053818266714
1629013296.152692318 4.547866504649206 -1.8453316277869711 0.0 0.0 0.0 0.636101507541827 0.7716053862584261
1629013296.152692318 4.544601020537193 -1.8437714113563317 0.0 0.0 0.0 0.6388111864955779 0.7693635473611367
1629013296.252875090 4.544831601644612 -1.8434845477711979 0.0 0.0 0.0 0.6388111524285002 0.7693635756474123
1629013296.252875090 4.548433741285791 -1.8446530779530927 0.0 0.0 0.0 0.6401250524591805 0.7682707317177528
1629013296.453254938 4.548782674248979 -1.8447061497943444 0.0 0.0 0.0 0.6401250551868015 0.7682707294450923
1629013296.453254938 4.5486127043613624 -1.8443106821232809 0.0 0.0 0.0 0.640125047154713 0.7682707361374482
1629013296.453254938 4.548474469129756 -1.8447525639096125 0.0 0.0 0.0 0.6422071521065164 0.7665311303419045
1629013296.453254938 4.548647686657194 -1.8449716542673418 0.0 0.0 0.0 0.6422071418162015 0.7665311389632291
1629013296.753854752 4.548600054805716 -1.8453108349159544 0.0 0.0 0.0 0.6422071523123977 0.7665311301694151
1629013296.753854752 4.54803018946108 -1.8452389606484614 0.0 0.0 0.0 0.6422071705509727 0.7665311148889613
1629013296.753854752 4.5442900922052045 -1.8450763700153459 0.0 0.0 0.0 0.6455199377855135 0.7637434189054507
1629013296.753854752 4.54453652674266 -1.8450800483542689 0.0 0.0 0.0 0.6455199044458151 0.7637434470843372
1629013297.054462671 4.545021544999449 -1.8435326278816009 0.0 0.0 0.0 0.6455199190263414 0.7637434347608008
1629013297.154661655 4.544305376094634 -1.8442825435997892 0.0 0.0 0.0 0.6455199336667997 0.7637434223866092
1629013297.054462671 4.5425594895467665 -1.8447373099656268 0.0 0.0 0.0 0.6489007793821765 0.7608730370549373
1629013297.254834890 4.54182693804146 -1.8447380103083295 0.0 0.0 0.0 0.648900751275379 0.7608730610254568
1629013297.154661655 4.540967943070322 -1.8455394849885922 0.0 0.0 0.0 0.6504535519495531 0.7595460333358407
1629013297.254834890 4.540287595908064 -1.8457703479657532 0.0 0.0 0.0 0.6504535625945691 0.7595460242197526
1629013297.254834890 4.5399200464446094 -1.8455841816581355 0.0 0.0 0.0 0.6520311328097927 0.7581921932114433
1629013297.254834890 4.538547830793027 -1.8455544928285044 0.0 0.0 0.0 0.6520311342796894 0.7581921919473595
1629013297.555447102 4.538553792525409 -1.846352364706022 0.0 0.0 0.0 0.6520311672762312 0.7581921635709482
1629013297.555447102 4.538368704415108 -1.8463109400414202 0.0 0.0 0.0 0.6520311260695456 0.7581921990079299
1629013297.555447102 4.531924370937261 -1.8442532358250578 0.0 0.0 0.0 0.655343901669707 0.7553306365720415
1629013297.755830765 4.531646798178387 -1.8439754374222415 0.0 0.0 0.0 0.6553439268919927 0.7553306146885498
1629013297.856037855 4.531680072488614 -1.8426479384461534 0.0 0.0 0.0 0.6553439564610509 0.7553305890336868
1629013297.755830765 4.5249424876177935 -1.8412570628875995 0.0 0.0 0.0 0.6575616597293823 0.7534007324485025
1629013297.956216335 4.524796664432592 -1.8420673715162548 0.0 0.0 0.0 0.6575616458024363 0.7534007446038207
1629013297.856037855 4.526450490069109 -1.843014473368349 0.0 0.0 0.0 0.6591371439190378 0.7520227559763426
1629013298.056957483 4.526401428273904 -1.84079960865171 0.0 0.0 0.0 0.6591371303438727 0.7520227678747795
1629013297.956216335 4.525611062662105 -1.8406779785598943 0.0 0.0 0.0 0.660751908073805 0.7506043671447868
1629013298.156583786 4.525323585011539 -1.8415768197213418 0.0 0.0 0.0 0.660751944203565 0.7506043353400038
1629013298.156583786 4.525274464791285 -1.8420761666361753 0.0 0.0 0.0 0.6607519611959032 0.7506043203817625
1629013298.056957483 4.5234059535985445 -1.8420370001259219 0.0 0.0 0.0 0.6621994312875414 0.7493276407570034
1629013298.356981039 4.524360533269017 -1.8419758202347727 0.0 0.0 0.0 0.6621994567882916 0.7493276182213569
1629013298.156583786 4.527075987786749 -1.8412035237036772 0.0 0.0 0.0 0.6633771611122564 0.7482852010528095
1629013298.356981039 4.526438723690254 -1.840624896525331 0.0 0.0 0.0 0.6633771892915937 0.748285176070985
1629013298.356981039 4.5246130000370615 -1.8404408500690606 0.0 0.0 0.0 0.6656375525913603 0.7462751828783964
1629013298.557417154 4.525300874375975 -1.8405714754123759 0.0 0.0 0.0 0.6656375988761559 0.7462751415948314
1629013298.557417154 4.525483720354149 -1.8398648960580297 0.0 0.0 0.0 0.6656376276283072 0.746275115949446
1629013298.557417154 4.5220954190787275 -1.8380602131055217 0.0 0.0 0.0 0.6676186336483939 0.7445034318291969
1629013298.557417154 4.522791627470525 -1.8373701073380733 0.0 0.0 0.0 0.6676186553315361 0.7445034123852701
1629013298.557417154 4.523179498576108 -1.8367100843752473 0.0 0.0 0.0 0.6676186344898454 0.744503431074642
1629013298.958150387 4.5235892427097175 -1.8370857168490047 0.0 0.0 0.0 0.6676186310201265 0.7445034341860434
1629013298.958150387 4.523697012334783 -1.8362850997825773 0.0 0.0 0.0 0.6676186946520932 0.7445033771253392
1629013298.958150387 4.51727196676087 -1.8347588258155212 0.0 0.0 0.0 0.6706274206711964 0.7417943533378359
1629013299.158659935 4.517696777724069 -1.8365811670999677 0.0 0.0 0.0 0.6706274322385611 0.7417943428802313
1629013299.158659935 4.518213507053435 -1.8373683768788887 0.0 0.0 0.0 0.6706274469491674 0.7417943295809437
1629013299.158659935 4.517578707501792 -1.8377470997165894 0.0 0.0 0.0 0.672458920980871 0.7401344469711181
1629013299.358932257 4.517243378977218 -1.83867084239337 0.0 0.0 0.0 0.6724589425036073 0.7401344274163513
1629013299.358932257 4.517234246819639 -1.8377578224600666 0.0 0.0 0.0 0.6724589858439615 0.7401343880388959
1629013299.358932257 4.516682824478032 -1.83748974231771 0.0 0.0 0.0 0.6744727060287 0.738299782488335
1629013299.358932257 4.516938104128822 -1.837342217763704 0.0 0.0 0.0 0.6744727478795911 0.7382997442555114
1629013299.358932257 4.517449965769854 -1.8375329530740303 0.0 0.0 0.0 0.674472761090025 0.738299732187137
1629013299.759720087 4.5177907874348735 -1.8363678238500405 0.0 0.0 0.0 0.6744727662577666 0.7382997274661532
1629013299.759720087 4.517937749530971 -1.8366146488815491 0.0 0.0 0.0 0.6744727250172722 0.7382997651413518
1629013299.759720087 4.514237290131552 -1.8360851137809953 0.0 0.0 0.0 0.6782276368468237 0.7348518712075061
1629013299.759720087 4.514308176199364 -1.8343954335895842 0.0 0.0 0.0 0.678227631644769 0.7348518760087148
1629013300.060306549 4.512989946744739 -1.8347265634923946 0.0 0.0 0.0 0.6782276150659748 0.7348518913100244
1629013300.060306549 4.507369968229753 -1.834851746901808 0.0 0.0 0.0 0.6809585056696652 0.7323220012782196
1629013300.160758972 4.508445869364317 -1.8350271374655494 0.0 0.0 0.0 0.6809585533908239 0.7323219569041177
1629013300.160758972 4.505357907094645 -1.833959468443141 0.0 0.0 0.0 0.6823306909346141 0.7310436568418415
1629013300.160758972 4.504439825877664 -1.833915823537051 0.0 0.0 0.0 0.6823306835650553 0.731043663720331
1629013300.361333370 4.503586221568887 -1.8332833137305953 0.0 0.0 0.0 0.6823306632363685 0.7310436826944184
1629013300.361333370 4.503242144501627 -1.8328846960745164 0.0 0.0 0.0 0.6840637244254204 0.7294222514601694
1629013300.461078167 4.504222936356584 -1.832768116972936 0.0 0.0 0.0 0.6840637722839011 0.7294222065777262
1629013300.461078167 4.503791646630831 -1.8320766329924112 0.0 0.0 0.0 0.6840637948839452 0.7294221853830439
1629013300.461078167 4.504804379821532 -1.8322296592585927 0.0 0.0 0.0 0.6844198560466906 0.7290881021173143
1629013300.461078167 4.504863602177814 -1.8330905428000455 0.0 0.0 0.0 0.6844198571668397 0.7290881010657921
1629013300.461078167 4.505399908925393 -1.8323062238790009 0.0 0.0 0.0 0.684419813939875 0.7290881416444152
1629013300.461078167 4.505464225484431 -1.8316133688952334 0.0 0.0 0.0 0.684419799304974 0.7290881553826938
1629013300.962058544 4.505649220694045 -1.8318786865770853 0.0 0.0 0.0 0.6844198063131105 0.7290881488039181
1629013300.962058544 4.505562475380591 -1.8313639865911764 0.0 0.0 0.0 0.6832792134909602 0.7301571860984283
1629013300.962058544 4.505424823416844 -1.8298880964386344 0.0 0.0 0.0 0.6832791878795031 0.7301572100655629
1629013300.962058544 4.503749722994056 -1.8298404318374712 0.0 0.0 0.0 0.6832791970339732 0.730157201498834
1629013300.962058544 4.5027070131414595 -1.8287796238543061 0.0 0.0 0.0 0.6832791885284265 0.7301572094583022
1629013301.362841129 4.502679141809578 -1.828531303006914 0.0 0.0 0.0 0.6832792096964937 0.7301571896492802
1629013301.362841129 4.502770872176858 -1.8288381172282482 0.0 0.0 0.0 0.6832791975425266 0.7301572010229309
1629013301.362841129 4.5027503547174526 -1.829103823779643 0.0 0.0 0.0 0.683635610519095 0.7298235074524417
1629013301.362841129 4.503729746306309 -1.8283746521669955 0.0 0.0 0.0 0.6836356476935863 0.7298234726305881
1629013301.362841129 4.50380229161213 -1.82889697149258 0.0 0.0 0.0 0.6836356558556994 0.7298234649850248
1629013301.362841129 4.50292866969176 -1.8283313081632828 0.0 0.0 0.0 0.6836356460647832 0.7298234741563102
1629013301.863822460 4.503236712079982 -1.8279890115607456 0.0 0.0 0.0 0.6836356619085758 0.7298234593152123
1629013301.863822460 4.5023172819819335 -1.8289585651777638 0.0 0.0 0.0 0.6836356591945604 0.7298234618574678
1629013301.863822460 4.502845592948866 -1.8295639014710385 0.0 0.0 0.0 0.6836356672968353 0.7298234542679556
1629013301.863822460 4.503405427066825 -1.8290095718557666 0.0 0.0 0.0 0.6836356628243364 0.7298234584574068
1629013302.164443970 4.502812352525366 -1.8297244984832828 0.0 0.0 0.0 0.6836356724118197 0.7298234494766793
1629013302.164443970 4.5015106215355685 -1.8296511210569966 0.0 0.0 0.0 0.6836356513453126 0.729823469209966
1629013302.164443970 4.499620412489963 -1.8284857379296797 0.0 0.0 0.0 0.6836356870312539 0.7298234357824538
1629013302.164443970 4.499627995228576 -1.8280499908832828 0.0 0.0 0.0 0.6836357025166627 0.7298234212770572
1629013302.164443970 4.498943661259711 -1.8286768981582031 0.0 0.0 0.0 0.683635726854229 0.7298233984797212
1629013302.164443970 4.498621101563716 -1.8292622673817078 0.0 0.0 0.0 0.6836357062311782 0.7298234177976193
1629013302.665424824 4.498030820633998 -1.829097479338064 0.0 0.0 0.0 0.6836356907540366 0.7298234322952718
1629013302.665424824 4.500565041948813 -1.82857341471248 0.0 0.0 0.0 0.6845437040650386 0.7289718219690778
1629013302.865775824 4.500347586577853 -1.8294769980188996 0.0 0.0 0.0 0.6845437529361244 0.7289717760764997
1629013302.865775824 4.500392212562519 -1.8302156253797623 0.0 0.0 0.0 0.6845437117793662 0.7289718147249096
1629013302.865775824 4.500251107850598 -1.8293294200986714 0.0 0.0 0.0 0.6847216704856598 0.7288046610493977
1629013302.865775824 4.500494857056255 -1.8294019170831874 0.0 0.0 0.0 0.6847216897945043 0.728804642908481
1629013302.865775824 4.50089382534596 -1.828952830725547 0.0 0.0 0.0 0.6847216599468432 0.728804670950756
1629013302.865775824 4.502024372743005 -1.8295219589852656 0.0 0.0 0.0 0.6847216709327335 0.7288046606293661
1629013302.865775824 4.501471206629977 -1.8297365577967966 0.0 0.0 0.0 0.6847216641586074 0.7288046669937476
1629013303.867745638 4.500697100084905 -1.8299148950886486 0.0 0.0 0.0 0.6847217096850922 0.7288046242210078
1629013303.867745638 4.501215511692891 -1.8309282452895417 0.0 0.0 0.0 0.6847217219024315 0.7288046127426535
1629013303.867745638 4.499058154224442 -1.8291804591323764 0.0 0.0 0.0 0.6848996015228002 0.7286374515723918
1629013304.068133831 4.499169299848363 -1.8290024199433463 0.0 0.0 0.0 0.6848996059647696 0.72863744739706
1629013304.168321133 4.498203767201287 -1.8293683972726258 0.0 0.0 0.0 0.6848996049454232 0.7286374483552182
1629013304.068133831 4.49867659768457 -1.829766224214466 0.0 0.0 0.0 0.6847216968682824 0.7288046362625721
1629013304.168321133 4.4987463804662875 -1.8310196756715897 0.0 0.0 0.0 0.6847217046280085 0.7288046289722055
1629013304.168321133 4.498385400151334 -1.8307149641779716 0.0 0.0 0.0 0.6847216981663273 0.7288046350430415
1629013304.168321133 4.498157227397066 -1.8307716705971326 0.0 0.0 0.0 0.6847216807718414 0.7288046513853933
1629013304.370109081 4.49778643728905 -1.8303787278770294 0.0 0.0 0.0 0.6847216652036007 0.7288046660119625
1629013304.370109081 4.497153895184749 -1.8300051375044897 0.0 0.0 0.0 0.684365677055818 0.7291389579963011
1629013304.370109081 4.497533935342119 -1.8308784926521138 0.0 0.0 0.0 0.6843656935647153 0.7291389425011437
1629013304.370109081 4.498835006013283 -1.8308804949382507 0.0 0.0 0.0 0.6843657193191808 0.729138918328147
1629013304.769490957 4.499580589281175 -1.830138991347885 0.0 0.0 0.0 0.6843657141287669 0.7291389231998404
1629013304.769490957 4.4993811626099705 -1.8296466097559896 0.0 0.0 0.0 0.6843656840437001 0.7291389514375147
1629013304.769490957 4.498376441175806 -1.828522887640941 0.0 0.0 0.0 0.6843656786482404 0.7291389565016626
1629013304.769490957 4.498712428081307 -1.8283375897963379 0.0 0.0 0.0 0.6838780462626328 0.7295963389710808
1629013304.769490957 4.498182884590402 -1.829739842918283 0.0 0.0 0.0 0.6838780646967229 0.7295963216921155
1629013304.769490957 4.497087158997369 -1.8291466332780035 0.0 0.0 0.0 0.6838780547405949 0.7295963310243684
1629013305.271343708 4.497773761462011 -1.829651824899077 0.0 0.0 0.0 0.6838780583276398 0.7295963276620965
1629013305.271343708 4.499296692176675 -1.8299502970971808 0.0 0.0 0.0 0.6838780891687684 0.7295962987535464
1629013305.271343708 4.4996746642296035 -1.8300394581421016 0.0 0.0 0.0 0.6833146076693861 0.7301240627082721
1629013305.470873833 4.499240754466424 -1.82948486676939 0.0 0.0 0.0 0.6833146285710989 0.730124043146602
1629013305.571066380 4.499124280243752 -1.8296266074720244 0.0 0.0 0.0 0.6833146011960357 0.7301240687666054
1629013305.470873833 4.499035018446953 -1.829230224198028 0.0 0.0 0.0 0.683440678448225 0.7300060541134094
1629013305.571066380 4.499713979757032 -1.8289657185761161 0.0 0.0 0.0 0.6834406757881605 0.7300060566037945
1629013305.571066380 4.498728448049259 -1.8287407723266886 0.0 0.0 0.0 0.683658938706133 0.729801654922215
1629013305.571066380 4.4989410207970995 -1.8292549786531196 0.0 0.0 0.0 0.6836589584026356 0.7298016364710505
1629013305.571066380 4.499589086327285 -1.8294834444171775 0.0 0.0 0.0 0.6836589825987277 0.7298016138047877
1629013305.571066380 4.499414958547999 -1.8296315559101755 0.0 0.0 0.0 0.6836589943391969 0.7298016028066244
1629013306.072058678 4.499345488091402 -1.8299536897653172 0.0 0.0 0.0 0.6836589889137662 0.7298016078890255
1629013306.172584057 4.500364061189102 -1.8296357744361365 0.0 0.0 0.0 0.6836589628377165 0.7298016323163834
1629013306.072058678 4.500066763126379 -1.8302371555737862 0.0 0.0 0.0 0.6831548164164628 0.7302735766868393
1629013306.272438526 4.500410975587575 -1.830650147273928 0.0 0.0 0.0 0.6831547811621547 0.730273609666465
1629013306.172584057 4.500990114843871 -1.8306658900831736 0.0 0.0 0.0 0.6828728193622442 0.7305372766507263
1629013306.272438526 4.500540073281455 -1.8310304205363916 0.0 0.0 0.0 0.6828728179581441 0.7305372779632148
1629013306.272438526 4.501184335959867 -1.8303077967424977 0.0 0.0 0.0 0.6825391063453844 0.73084907355024
1629013306.272438526 4.501082497527686 -1.8301930324792586 0.0 0.0 0.0 0.6825391559020927 0.7308490272692841
1629013306.575726032 4.5001219725964665 -1.830714723481416 0.0 0.0 0.0 0.6825391982730605 0.7308489876990785
1629013306.575726032 4.499220383895688 -1.8307016300025958 0.0 0.0 0.0 0.6825391989798268 0.7308489870390301
1629013306.575726032 4.498831945661672 -1.8302645057978257 0.0 0.0 0.0 0.6825391713821196 0.7308490128125026
1629013306.575726032 4.498807707186374 -1.8290599298104833 0.0 0.0 0.0 0.6820187930731926 0.7313346469947842
1629013306.575726032 4.498252605949992 -1.8290858084570494 0.0 0.0 0.0 0.6820187560029121 0.7313346815653147
1629013306.575726032 4.498027214238386 -1.8291686019001854 0.0 0.0 0.0 0.6820187669555675 0.7313346713512271
1629013307.374596596 4.497628356411518 -1.8294994567592309 0.0 0.0 0.0 0.6820187656063845 0.731334672609431
1629013307.374596596 4.497752757085773 -1.8288751184523084 0.0 0.0 0.0 0.6820187517789987 0.7313346855043978
1629013307.374596596 4.4984351185642915 -1.8278287548234577 0.0 0.0 0.0 0.6820187905936844 0.7313346493070925
1629013307.374596596 4.4983080576395515 -1.8285453500672768 0.0 0.0 0.0 0.6821973603847565 0.7311680801868136
1629013307.374596596 4.49916600681525 -1.8292066524747528 0.0 0.0 0.0 0.682197322232533 0.7311681157837516
1629013307.374596596 4.499969710400678 -1.8288418795493442 0.0 0.0 0.0 0.6821972869650683 0.7311681486891372
1629013307.374596596 4.499750723860405 -1.8290722925656853 0.0 0.0 0.0 0.6821973002761876 0.7311681362695458
1629013307.975763083 4.500839438714079 -1.829702442802051 0.0 0.0 0.0 0.6821972975366052 0.7311681388256416
1629013308.075963020 4.500310816317538 -1.8289592063601352 0.0 0.0 0.0 0.6821972665566409 0.7311681677306852
1629013307.975763083 4.499893242897987 -1.8280382581175163 0.0 0.0 0.0 0.6827326208820939 0.7306683025720132
1629013308.075963020 4.498910118872358 -1.827434202187703 0.0 0.0 0.0 0.6827326106428944 0.7306683121394673
1629013308.075963020 4.498206795415402 -1.8274234894337622 0.0 0.0 0.0 0.6829510810284193 0.7304641133704746
1629013308.075963020 4.49839205758761 -1.827744675079693 0.0 0.0 0.0 0.6829510537467495 0.7304641388776074
1629013308.476742268 4.498917213516769 -1.827761233359167 0.0 0.0 0.0 0.6829510776997252 0.7304641164826537
1629013308.476742268 4.4995949231522845 -1.8271909534013173 0.0 0.0 0.0 0.6830771662400702 0.7303462089731386
1629013308.577086210 4.498261204267616 -1.8273598977248047 0.0 0.0 0.0 0.6830772024930166 0.7303461750665327
1629013308.577086210 4.4976619677999965 -1.8282533449431477 0.0 0.0 0.0 0.6833590793631411 0.73008243962717
1629013308.777350664 4.496501411160799 -1.828523675934183 0.0 0.0 0.0 0.6833590953968822 0.7300824246195459
1629013308.777350664 4.497289115022468 -1.8294606823750643 0.0 0.0 0.0 0.6833591178646699 0.730082403589636
1629013308.777350664 4.497373263051929 -1.829958627318028 0.0 0.0 0.0 0.6830255915046656 0.7303944423047739
1629013308.777350664 4.498287345406861 -1.830633996021727 0.0 0.0 0.0 0.683025542051972 0.7303944885502696
1629013308.777350664 4.498604971196721 -1.830740715550306 0.0 0.0 0.0 0.6830255328967252 0.7303944971117626
1629013308.777350664 4.498157565378008 -1.830094388901169 0.0 0.0 0.0 0.6830255102475093 0.7303945182920868
