1629013127.723922968 -0.00017611921075378684 -0.0019933533545212117 0.0 0.0 0.0 -9.059826137682634e-09 1.0
1629013127.723922968 -0.001509134040496926 -0.0015328977191451747 0.0 0.0 0.0 -3.0672830062627874e-08 0.9999999999999996
1629013127.723922968 -0.0018987963470329943 -0.002326897597512661 0.0 0.0 0.0 2.537131050330344e-09 1.0
1629013127.723922968 -0.001470083026825109 -0.001927829210113923 0.0 0.0 0.0 3.0371834722879135e-08 0.9999999999999996
1629013127.723922968 -0.0018026800831428668 -0.001131862743142244 0.0 0.0 0.0 -5.29810817398141e-08 0.9999999999999986
1629013127.723922968 -0.0012096583525688966 -0.0018411721878665189 0.0 0.0 0.0 4.3535025680354886e-08 0.999999999999999
1629013128.325093031 -0.002512858543598404 -0.0019106745654030553 0.0 0.0 0.0 2.526213658811585e-08 0.9999999999999997
1629013128.425327301 -0.002815189058781094 -0.001906409127961935 0.0 0.0 0.0 3.475859402638899e-08 0.9999999999999994
1629013128.525490284 -0.0027051153834356 -0.0017903558953747953 0.0 0.0 0.0 8.402314031118281e-08 0.9999999999999964
1629013128.525490284 0.0009697732262039054 -0.001757437271484566 0.0 0.0 0.0 1.036627015878819e-07 0.9999999999999947
1629013128.625700474 0.00018299011808230496 0.004810536123152972 0.0 0.0 0.0 1.571508941573308e-08 0.9999999999999999
1629013128.625700474 0.0004471319928380708 -0.003361540644075057 0.0 0.0 0.0 -9.759223837149308e-08 0.9999999999999952
1629013128.926275730 0.0013706560405067581 -0.0034736883336153185 0.0 0.0 0.0 -9.977522518568705e-08 0.999999999999995
1629013128.926275730 -0.010915520077132205 -0.0017181754044151448 0.0 0.0 0.0 1.0288766629930907e-07 0.9999999999999947
1629013128.926275730 0.0017733980510806226 -0.0022455482177041936 0.0 0.0 0.0 1.9473368389701717e-09 1.0
1629013128.926275730 0.0004713847024748017 -0.0035856249732736456 0.0 0.0 0.0 3.0203658043439404e-08 0.9999999999999996
1629013128.926275730 -0.000182304666701148 -0.0015972775127210642 0.0 0.0 0.0 -4.9512757953873044e-08 0.9999999999999988
1629013129.327075481 0.0006074783296088101 -0.002468005879590346 0.0 0.0 0.0 -8.434195019971427e-08 0.9999999999999964
1629013129.327075481 0.005079389078033268 -0.002028553289193162 0.0 0.0 0.0 -1.4403366883602765e-07 0.9999999999999897
1629013129.327075481 0.004504833086724595 -0.0013844388986065993 0.0 0.0 0.0 -1.387189646861122e-07 0.9999999999999903
1629013129.727863789 0.004420047315381463 -0.0003421855848172793 0.0 0.0 0.0 -1.4726204145975313e-07 0.9999999999999891
1629013129.727863789 0.0037143116926069007 0.002919162084182099 0.0 0.0 0.0 2.7312760591147772e-08 0.9999999999999997
1629013129.928267002 0.0017083087661209845 8.699671810105322e-05 0.0 0.0 0.0 4.09153050855147e-08 0.9999999999999991
1629013129.928267002 0.0014415197093825406 0.0006412068206890328 0.0 0.0 0.0 1.2015465633200355e-08 0.9999999999999999
1629013130.830001831 -0.003930659342543891 -0.0015671398383654517 0.0 0.0 0.0 -1.2667753485210855e-07 0.999999999999992
1629013130.830001831 -0.004275041535168483 -0.0006868774366017807 0.0 0.0 0.0 -9.431794372273255e-08 0.9999999999999956
1629013144.656959772 -0.003766084939293028 -0.0013024132728681158 0.0 0.0 0.0 -9.229890077750302e-08 0.9999999999999958
1629013144.656959772 -0.002523105090655278 -0.0008534750108319343 0.0 0.0 0.0 -9.749620042816521e-08 0.9999999999999952
1629013144.757164955 -0.00029114506891370344 -0.0018584708084248246 0.0 0.0 0.0 -3.4996067723076805e-08 0.9999999999999993
1629013144.957559347 -0.0030096435356038514 -0.0024809711187758986 0.0 0.0 0.0 -1.6281789616304025e-07 0.9999999999999868
1629013145.057746887 -0.002877158181627079 -0.0024808676083675012 0.0 0.0 0.0 -1.8987237679668992e-07 0.999999999999982
1629013145.157940865 -0.003897768465689934 -0.002179228933283409 0.0 0.0 0.0 -1.8743434768776603e-07 0.9999999999999825
1629013145.258138657 -0.003256003674549559 -0.0015304956182497832 0.0 0.0 0.0 -1.4712549125596602e-07 0.9999999999999892
1629013145.258138657 -0.0027652531593653803 -0.0008927755800461956 0.0 0.0 0.0 -1.0462132998312912e-07 0.9999999999999946
1629013145.258138657 -0.0034210770912335847 -0.0012095661739143415 0.0 0.0 0.0 -9.453114662510939e-08 0.9999999999999956
1629013145.258138657 -0.002597765440209596 -0.0011855373067554045 0.0 0.0 0.0 -1.0876692625335947e-07 0.9999999999999941
1629013145.658915520 -0.0029159682440719186 -0.0004238302264315349 0.0 0.0 0.0 -8.296531083951496e-08 0.9999999999999966
1629013145.658915520 -0.002648916239817327 -0.0012477157425160338 0.0 0.0 0.0 -9.22402501001711e-08 0.9999999999999958
1629013150.267954588 -0.0027011305883837032 -0.0013427479501140014 0.0 0.0 0.0 -8.111378149732303e-08 0.9999999999999967
1629013150.368111134 -0.0019665593041322 -0.0013199117919047766 0.0 0.0 0.0 -5.936602106256937e-08 0.9999999999999982
1629013153.073383331 -0.0019226973147315693 -0.00045160906935810515 0.0 0.0 0.0 4.682767997375604e-08 0.9999999999999989
1629013157.181401730 -0.0019782346312775152 0.00011011785830911515 0.0 0.0 0.0 9.86176744813523e-08 0.9999999999999951
1629013157.686052322 -0.0024156443593644356 -9.524030631600952e-05 0.0 0.0 0.0 1.0253431248877961e-07 0.9999999999999948
1629013128.224887848 0.0013851991143579833 -0.0003792649609024779 0.0 0.0 0.0 2.0474055254307544e-08 0.9999999999999998
1629013128.325093031 0.0013884781006578326 -0.0012329398777322514 0.0 0.0 0.0 0.0005179436219537004 0.9999998658671932
1629013128.425327301 0.0016177382778584611 0.001973659804945666 0.0 0.0 0.0 -0.00039558063689524615 0.9999999217579768
1629013128.525490284 0.0017251053787375784 0.0022881704346280852 0.0 0.0 0.0 0.00012238657555883024 0.999999992510763
1629013128.625700474 0.002205148389383835 0.0005476869194176489 0.0 0.0 0.0 0.0008129014816822696 0.999999669595536
1629013128.926275730 0.0019410626303993698 0.0009411566760215862 0.0 0.0 0.0 0.0002950096795472064 0.9999999564846436
1629013129.327075481 0.0017986896557049244 -0.00016724784769641635 0.0 0.0 0.0 0.0007179184935814206 0.999999742296485
1629013129.727863789 8.676491988679025e-05 -0.0018242233434897996 0.0 0.0 0.0 0.0007178989028533073 0.9999997423105494
1629013129.928267002 -0.0007231219239709475 -0.0012271425500769955 0.0 0.0 0.0 0.0007178406385362862 0.9999997423523757
1629013130.128615141 -0.0011346986223316313 -0.001006761344217812 0.0 0.0 0.0 0.0007178275609296096 0.9999997423617631
1629013130.729794502 6.225596681351173e-05 -0.002449312685081428 0.0 0.0 0.0 0.0014296758818045476 0.9999989780129143
1629013157.686052322 -0.0005869149919584268 -0.0015030723272899172 0.0 0.0 0.0 0.001429665807071759 0.9999989780273179
1629013157.686052322 -0.0021970604703807108 -0.0016634097734214853 0.0 0.0 0.0 0.0014296892404088474 0.9999989779938157
1629013157.982985973 4.006006727451699 1.6520572007081498 0.0 0.0 0.0 0.8297117284687973 0.558192124309651
1629013157.982985973 4.006012175621886 1.6523824454983755 0.0 0.0 0.0 0.8297117226123453 0.558192133014838
1629013157.982985973 4.0059092064713 1.652683624145006 0.0 0.0 0.0 0.8297117123333757 0.5581921482937731
1629013157.982985973 4.006441167745058 1.6529753009162222 0.0 0.0 0.0 0.8297117269111138 0.5581921266250333
1629013157.982985973 4.005348129288065 1.6529256100416956 0.0 0.0 0.0 0.8297117193009234 0.5581921379370242
1629013157.982985973 4.004548375177236 1.6523605893807631 0.0 0.0 0.0 0.8297117448510782 0.5581920999585888
1629013158.684444427 3.9691792546815483 1.965264933815213 0.0 0.0 0.0 0.8806896049020259 0.47369380386227733
1629013158.784572601 3.9720912335524012 2.0495879851360734 0.0 0.0 0.0 0.8932433485524132 0.4495734870595375
1629013158.984942913 3.962443478960191 2.133535452751082 0.0 0.0 0.0 0.9037921890212256 0.4279715867487248
1629013159.085130692 3.9598372788373486 2.1604935683388766 0.0 0.0 0.0 0.9066145523602955 0.4219597770505395
1629013158.684444427 3.9607402490650916 2.1601076533043604 0.0 0.0 0.0 0.9066145405917047 0.42195980233630354
1629013158.784572601 3.960864677429513 2.1597641913373713 0.0 0.0 0.0 0.9066145211785219 0.4219598440470839
1629013158.984942913 3.9609832379573087 2.1597078031180343 0.0 0.0 0.0 0.906614522774425 0.4219598406181583
1629013159.085130692 3.9603349133472716 2.159633686605722 0.0 0.0 0.0 0.9066145211207275 0.4219598441712599
1629013159.085130692 3.9597572802278673 2.1594421627871725 0.0 0.0 0.0 0.9066145281975702 0.42195982896609624
1629013159.085130692 3.9597136125359715 2.1600157016855452 0.0 0.0 0.0 0.9066145357332902 0.4219598127749971
1629013159.085130692 3.9609817504326825 2.161696613615976 0.0 0.0 0.0 0.9066145213925407 0.42195984358724736
1629013159.485904694 3.960469888511329 2.1611694165204076 0.0 0.0 0.0 0.9066145270871334 0.42195983135195875
1629013159.485904694 3.938600196802179 2.293863662493678 0.0 0.0 0.0 0.907545189030391 0.4199544378474786
1629013159.485904694 3.9384489016252977 2.2931717935607696 0.0 0.0 0.0 0.9075451891994277 0.4199544374821809
1629013159.686296701 3.939450545145824 2.2931689543235105 0.0 0.0 0.0 0.9075452000790455 0.41995441397071337
1629013159.686296701 3.9393684737082193 2.292560580052961 0.0 0.0 0.0 0.9075452240297023 0.4199543622119878
1629013159.686296701 3.93925402147315 2.322321758060086 0.0 0.0 0.0 0.9060753101539438 0.4231164524447549
1629013159.886710405 3.9387639911709598 2.3380122168307516 0.0 0.0 0.0 0.9054087243858796 0.42454097777003136
1629013159.886710405 3.9385125211731866 2.337978305750787 0.0 0.0 0.0 0.9054087280209547 0.4245409700175907
1629013159.886710405 3.9390732208144956 2.3382985145314956 0.0 0.0 0.0 0.9054087401287524 0.42454094419556915
1629013159.886710405 3.9400292747782317 2.3386353196175773 0.0 0.0 0.0 0.9054087362443693 0.42454095247970375
1629013160.187287807 3.9392215337917453 2.33905756246971 0.0 0.0 0.0 0.9054087309444545 0.42454096378271
1629013160.187287807 3.9396454647301575 2.318095038327745 0.0 0.0 0.0 0.9070342612404747 0.4210568238800392
1629013160.287604094 3.9404873274319225 2.318931619568695 0.0 0.0 0.0 0.9070342626852461 0.4210568207677342
1629013160.287604094 3.940925018391266 2.3071553722440163 0.0 0.0 0.0 0.9080971709838402 0.41875951099783515
1629013160.287604094 3.941764606736465 2.307345915446811 0.0 0.0 0.0 0.908097164137176 0.4187595258451069
1629013160.287604094 3.9407457896132185 2.3082468243845367 0.0 0.0 0.0 0.9080971681430576 0.4187595171581887
1629013160.490854502 3.9412577240142954 2.3083315936509075 0.0 0.0 0.0 0.9080971743003288 0.41875950380589366
1629013160.490854502 3.9453564854193615 2.27599190182228 0.0 0.0 0.0 0.9119934683424694 0.41020472169475736
1629013160.588062286 3.946746066029723 2.276543562928243 0.0 0.0 0.0 0.9119934875217686 0.4102046790541055
1629013160.588062286 3.9500524874225316 2.2499081334419513 0.0 0.0 0.0 0.9147166640955269 0.40409581094828373
1629013160.788452625 3.950226090785931 2.2485813782532786 0.0 0.0 0.0 0.9147166414689354 0.4040958621661339
1629013160.788452625 3.950031311048364 2.248815914544374 0.0 0.0 0.0 0.914716657786679 0.40409582522907556
1629013160.788452625 3.9606114202243234 2.170064043404863 0.0 0.0 0.0 0.9227309084395253 0.38544476985732784
1629013160.788452625 3.961454475268502 2.1695888910214283 0.0 0.0 0.0 0.9227308825793297 0.38544483176502864
1629013161.089177847 3.9626017271631273 2.169555274463655 0.0 0.0 0.0 0.9227308769717968 0.38544484518911243
1629013161.089177847 3.962849285103215 2.168469107476055 0.0 0.0 0.0 0.9227308671844805 0.38544486861933513
1629013161.089177847 3.9911846360875125 2.030037487356534 0.0 0.0 0.0 0.9381092640022075 0.34633944157897545
1629013161.089177847 3.991270891053355 2.0293723597558433 0.0 0.0 0.0 0.9381092617652521 0.34633944763808483
1629013161.089177847 3.9910151340143485 2.0306831482599117 0.0 0.0 0.0 0.9381092770472761 0.3463394062445638
1629013161.089177847 3.9917320115556167 2.032085201258868 0.0 0.0 0.0 0.9381092692188475 0.34633942744896945
1629013161.590049744 3.9907555814216824 2.030586167142818 0.0 0.0 0.0 0.9381092602653913 0.34633945170066943
1629013161.590049744 3.9895176894942037 2.030235621444927 0.0 0.0 0.0 0.9381092783515941 0.3463394027116339
1629013161.790414810 3.989118243278307 2.0315403253485456 0.0 0.0 0.0 0.9381092740472549 0.3463394143705455
1629013161.790414810 3.9893820010496337 2.0318641816874448 0.0 0.0 0.0 0.9381092895809547 0.34633937229532025
1629013161.790414810 3.990503595840522 2.032228600192651 0.0 0.0 0.0 0.938109304208226 0.3463393326752796
1629013161.990804672 3.991561123322276 2.033218017189179 0.0 0.0 0.0 0.9381092959604662 0.34633935501550855
1629013161.990804672 3.991534078934688 2.0329083964897565 0.0 0.0 0.0 0.9381092944056778 0.3463393592268735
1629013161.990804672 3.9918538191030732 2.0329670719340704 0.0 0.0 0.0 0.938109284700518 0.34633938551467475
1629013162.391571283 3.992280311965498 2.034127737241107 0.0 0.0 0.0 0.9381092907922791 0.3463393690142765
1629013162.391571283 3.9919616542373455 2.0344860630148243 0.0 0.0 0.0 0.938109282665969 0.34633939102553857
1629013162.391571283 3.9929506314271124 2.035929198379093 0.0 0.0 0.0 0.938109294048017 0.3463393601956485
1629013161.590049744 4.066914757339399 1.808737286459219 0.0 0.0 0.0 0.9644922992004576 0.2641109705843642
1629013161.790414810 4.10627352009181 1.7174772583063984 0.0 0.0 0.0 0.9700726985147573 0.24281466099948884
1629013161.990804672 4.166668788176733 1.637445667894502 0.0 0.0 0.0 0.9690131585209186 0.24700910633681694
1629013162.391571283 4.282940148784222 1.535648536369554 0.0 0.0 0.0 0.9609602962173447 0.27668630087858176
1629013162.391571283 4.283820198434471 1.5355500675216767 0.0 0.0 0.0 0.960960295496961 0.27668630338054906
1629013162.391571283 4.283863277984369 1.5356532546382122 0.0 0.0 0.0 0.9609602975562636 0.2766862962283774
1629013162.792377234 4.28401806012219 1.5350071324741321 0.0 0.0 0.0 0.9609603059472189 0.27668626708571475
1629013162.992767334 4.2839530950721665 1.535327835447999 0.0 0.0 0.0 0.9609603010609754 0.2766862840561482
1629013162.992767334 4.284867732401276 1.5361032513790305 0.0 0.0 0.0 0.960960327442666 0.2766861924297706
1629013162.992767334 4.2862466473323195 1.5373721073679596 0.0 0.0 0.0 0.9609603222858475 0.2766862103399447
1629013162.992767334 4.2864748839920885 1.5362057577111154 0.0 0.0 0.0 0.960960320177252 0.27668621766331863
1629013162.992767334 4.285245376961871 1.53703564631076 0.0 0.0 0.0 0.9609603164635924 0.2766862305612484
1629013163.794341564 4.2852169047643 1.537559314157126 0.0 0.0 0.0 0.9609603189269086 0.27668622200589266
1629013163.994716644 4.2861143366902175 1.5368955118539107 0.0 0.0 0.0 0.9609603283407002 0.2766861893108033
1629013163.994716644 4.28691257116913 1.5369580197794417 0.0 0.0 0.0 0.9609603308188486 0.27668618070393247
1629013163.994716644 4.286313945229065 1.5359969584506554 0.0 0.0 0.0 0.9609603354917845 0.27668616447433186
1629013164.395480871 4.28742302027426 1.5364885375046182 0.0 0.0 0.0 0.9609603407423996 0.2766861462383892
1629013164.395480871 4.287909502325361 1.5366607454041628 0.0 0.0 0.0 0.9609603383772456 0.27668615445281974
1629013162.792377234 4.31533165472842 1.5177094799061268 0.0 0.0 0.0 0.9591550479462417 0.282880883057238
1629013162.992767334 4.312017825513593 1.5330975115573877 0.0 0.0 0.0 0.9608859222396978 0.27694447898733304
1629013163.794341564 4.270658953954491 1.649274300851096 0.0 0.0 0.0 0.9762693115685647 0.2165599946653141
1629013163.994716644 4.222667038844437 1.684048958048524 0.0 0.0 0.0 0.9808705924376954 0.19466093827710917
1629013164.297129869 4.194991354505379 1.7369098067185846 0.0 0.0 0.0 0.986919989073563 0.16121084072430827
1629013164.395480871 4.192605742556001 1.7564979659309898 0.0 0.0 0.0 0.9887015357550197 0.1498975423269686
1629013164.395480871 4.192426436684022 1.7544048758938833 0.0 0.0 0.0 0.9887015235105042 0.14989762308992055
1629013164.796288013 4.192074806685624 1.755419748478805 0.0 0.0 0.0 0.9887015298444711 0.14989758131204933
1629013164.796288013 4.193391033757321 1.7551744491597685 0.0 0.0 0.0 0.9887015306446235 0.14989757603436624
1629013164.796288013 4.194283601414782 1.7553479925376412 0.0 0.0 0.0 0.9887015326640168 0.14989756271475554
1629013164.796288013 4.193228709307085 1.7555881157916258 0.0 0.0 0.0 0.9887015332792637 0.14989755865668095
1629013165.197075605 4.193695743982437 1.7547898341154826 0.0 0.0 0.0 0.9887015368943876 0.1498975348118708
1629013165.197075605 4.193927375935263 1.7542852711735764 0.0 0.0 0.0 0.9887015376611141 0.14989752975465762
1629013165.197075605 4.193516199688865 1.7551236460376225 0.0 0.0 0.0 0.9887015348057487 0.14989754858821666
1629013165.197075605 4.193664666072772 1.7549120456205287 0.0 0.0 0.0 0.9887015305775253 0.14989757647693577
1629013165.597881317 4.194640093221438 1.7546815764280572 0.0 0.0 0.0 0.988701532793901 0.14989756185805905
1629013165.597881317 4.195885286533764 1.7535705275571596 0.0 0.0 0.0 0.9887015307843174 0.1498975751129662
1629013165.597881317 4.194963032372693 1.7534217332615984 0.0 0.0 0.0 0.988701529249189 0.1498975852384393
1629013166.299229145 4.197014396458303 1.7534543037654982 0.0 0.0 0.0 0.9887015300324209 0.1498975800723614
1629013166.299229145 4.197134774624979 1.753115969652143 0.0 0.0 0.0 0.9887015266600626 0.14989760231591934
1629013164.796288013 4.143140508172309 1.8029234868861448 0.0 0.0 0.0 0.9940737936339136 0.10870737238237062
1629013165.197075605 4.0335703898361635 1.8308332266729923 0.0 0.0 0.0 0.9972888548224267 0.07358627621352194
1629013165.597881317 3.9342200710429416 1.8463048375887072 0.0 0.0 0.0 0.9990835723619446 0.04280204944269619
1629013165.898430824 3.8621832923024275 1.8497325431453906 0.0 0.0 0.0 0.9997559041367033 0.022093712766368782
1629013165.998615742 3.828504357648484 1.8472012372568276 0.0 0.0 0.0 0.9998904552269849 0.014801268390673658
1629013166.299229145 3.7740776338576656 1.8582369787745814 0.0 0.0 0.0 -0.9999579800190838 0.009167234924101443
1629013166.299229145 3.774513694854232 1.8593412495645658 0.0 0.0 0.0 -0.9999579798458632 0.009167253818908087
1629013166.299229145 3.7740624950217287 1.8591081097286075 0.0 0.0 0.0 -0.9999579794544305 0.009167296516024494
1629013167.200989485 3.774725087704662 1.85938703405855 0.0 0.0 0.0 -0.9999579798082641 0.009167257920188921
1629013167.200989485 3.774873155389346 1.8592908635576626 0.0 0.0 0.0 -0.9999579799862689 0.009167238503531882
1629013167.200989485 3.687350845494817 1.8551202711860841 0.0 0.0 0.0 -0.9957716683141734 0.09186285747138431
1629013167.200989485 3.687209251920653 1.855124095472262 0.0 0.0 0.0 -0.995771672499676 0.09186281210151348
1629013167.200989485 3.6882672693766927 1.8550334544584202 0.0 0.0 0.0 -0.9957716707865015 0.09186283067192771
1629013167.200989485 3.688614163203691 1.8548483108818756 0.0 0.0 0.0 -0.9957716723525766 0.091862813696038
1629013167.902340412 3.68932002077767 1.8547300496786636 0.0 0.0 0.0 -0.9957716726815687 0.09186281012983875
1629013167.902340412 3.69003128085961 1.8550695990727712 0.0 0.0 0.0 -0.9957716727868995 0.09186280898807753
1629013168.102773190 3.6891109974256437 1.8564659886774573 0.0 0.0 0.0 -0.9957716745304375 0.09186279008852505
1629013168.206339836 3.689010703030842 1.856012484706288 0.0 0.0 0.0 -0.9957716777204471 0.09186275550954326
1629013168.206339836 3.690090300268506 1.8572890306395118 0.0 0.0 0.0 -0.9957716761163014 0.09186277289812093
1629013168.206339836 3.691057301179529 1.8582390108129772 0.0 0.0 0.0 -0.9957716790977117 0.09186274058030158
1629013168.403431416 3.690708875654997 1.858704160127976 0.0 0.0 0.0 -0.9957716818670935 0.09186271056081363
1629013168.603710651 3.6905161153401274 1.8577705177039066 0.0 0.0 0.0 -0.9957716793108096 0.09186273827036913
1629013168.603710651 3.689361893852213 1.8588813076178494 0.0 0.0 0.0 -0.9957716770989622 0.09186276224629962
1629013169.004486561 3.6888717164471925 1.8580672252428967 0.0 0.0 0.0 -0.995771675615906 0.09186277832229396
1629013169.605694056 3.688428204144313 1.8585414056658034 0.0 0.0 0.0 -0.9957716774650937 0.09186275827751679
1629013170.010056734 3.6887998462743568 1.8596700135807762 0.0 0.0 0.0 -0.9957716788623863 0.09186274313117694
1629013167.902340412 3.4722716070614896 1.7969921445591215 0.0 0.0 0.0 -0.9824605852937729 0.18647036854207455
1629013168.102773190 3.3866598841364866 1.7646732802606375 0.0 0.0 0.0 -0.9770164471064267 0.21316393241713072
1629013168.206339836 3.385134646967433 1.7485088669697446 0.0 0.0 0.0 -0.9741952137785107 0.22570707886781433
1629013168.403431416 3.372615164458548 1.719229281870734 0.0 0.0 0.0 -0.9682881934728327 0.24983589490126942
1629013168.603710651 3.368309275107231 1.6871999832763893 0.0 0.0 0.0 -0.9617206439277475 0.27403175553792797
1629013168.804109335 3.3509988976780885 1.6490294789436175 0.0 0.0 0.0 -0.9545766430688922 0.2979654887857396
1629013169.004486561 3.3445017443623453 1.610371710066125 0.0 0.0 0.0 -0.947034837331872 0.32113084074843196
1629013169.305072069 3.3178956412723735 1.545055151241247 0.0 0.0 0.0 -0.9345076958130444 0.35594292585496695
1629013169.605694056 3.2910519520142474 1.4715705028477795 0.0 0.0 0.0 -0.9216546329841607 0.3880112595000716
1629013169.705881596 3.2866416928856306 1.4477418144716643 0.0 0.0 0.0 -0.9180025118675973 0.3965745682778736
1629013169.806046009 3.285995215131538 1.4214634372153248 0.0 0.0 0.0 -0.9154676543098437 0.40239156789429936
1629013170.106631994 3.2848423454115774 1.4202618239271567 0.0 0.0 0.0 -0.9154676621903661 0.40239154996558485
1629013170.010056734 3.2785913494179404 1.366342418518393 0.0 0.0 0.0 -0.9108397239900655 0.4127602175618446
1629013170.206834793 3.278791918966546 1.3664304994531966 0.0 0.0 0.0 -0.9108397343453084 0.4127601947108855
1629013170.106631994 3.277494182478222 1.3395155636773926 0.0 0.0 0.0 -0.9092770091115867 0.4161914471743593
1629013170.307057381 3.2763849016122393 1.3379480924929 0.0 0.0 0.0 -0.9092769988946628 0.41619146949585034
1629013170.206834793 3.276142057008358 1.3138587875010979 0.0 0.0 0.0 -0.9076204525803697 0.41979175082152925
1629013170.407232761 3.2763337008345714 1.3142117914982085 0.0 0.0 0.0 -0.9076204445626939 0.4197917681563301
1629013170.507467270 3.27691645345806 1.3150539218499742 0.0 0.0 0.0 -0.9076204575932887 0.41979173998323177
1629013170.507467270 3.276936533657039 1.3153795977951561 0.0 0.0 0.0 -0.9076204570164519 0.4197917412303952
1629013170.707806826 3.2765864320607503 1.3155321997026461 0.0 0.0 0.0 -0.907620461524067 0.41979173148460147
1629013170.707806826 3.276351592728445 1.3162498835814944 0.0 0.0 0.0 -0.9076204454461523 0.4197917662462285
1629013170.707806826 3.2747836264654997 1.316000249410135 0.0 0.0 0.0 -0.9076204773934919 0.419791697173741
1629013171.009956837 3.2742070341996756 1.3156394734160832 0.0 0.0 0.0 -0.9076204769694743 0.419791698090498
1629013171.108597279 3.2754562245432552 1.315412011469626 0.0 0.0 0.0 -0.907620471311253 0.41979171032398777
1629013171.108597279 3.275854678097072 1.3162220713647448 0.0 0.0 0.0 -0.9076204695089114 0.4197917142207827
1629013171.309024096 3.276901690418104 1.3159905710911444 0.0 0.0 0.0 -0.9076204788390958 0.41979169404823924
1629013171.309024096 3.277342153669314 1.3160959118374718 0.0 0.0 0.0 -0.9076204754498584 0.41979170137601945
1629013171.309024096 3.277711377406613 1.316485628298632 0.0 0.0 0.0 -0.9076204746071723 0.4197917031979684
1629013173.112493277 3.2777013945541285 1.316837497326724 0.0 0.0 0.0 -0.9076204512051335 0.41979175379489053
1629013173.212690830 3.2779173970897464 1.3177230597938152 0.0 0.0 0.0 -0.9076204361811001 0.4197917862779471
1629013173.312892914 3.2784670962232223 1.3171924679797895 0.0 0.0 0.0 -0.9076204098193146 0.41979184327404384
1629013173.413134813 3.277966038506773 1.31660264774084 0.0 0.0 0.0 -0.9076204052403375 0.41979185317412443
1629013173.413134813 3.277892568750058 1.3170583229339934 0.0 0.0 0.0 -0.9076204265911857 0.41979180701204044
1629013173.413134813 3.2787018364638856 1.3181326342381898 0.0 0.0 0.0 -0.9076204248831677 0.41979181070489946
1629013174.114495277 3.2789844391520577 1.3192944360483407 0.0 0.0 0.0 -0.9076204331833501 0.4197917927593011
1629013174.314868450 3.279377829124061 1.3183454771481975 0.0 0.0 0.0 -0.9076204457098267 0.41979176567614523
1629013174.415051937 3.279924187394357 1.3179211401047848 0.0 0.0 0.0 -0.9076204540926608 0.41979174755184523
1629013174.415051937 3.280720926018451 1.3191754436763048 0.0 0.0 0.0 -0.907620444557311 0.4197917681679682
1629013174.415051937 3.28090614418355 1.3184938768250745 0.0 0.0 0.0 -0.9076204512380055 0.4197917537238188
1629013174.415051937 3.280891932238085 1.3181751174440617 0.0 0.0 0.0 -0.9076204614151886 0.4197917317200044
1629013181.629146099 3.2814419883946293 1.317936745889405 0.0 0.0 0.0 -0.9076204904367976 0.419791668973155
1629013181.629146099 3.2823523175542952 1.3180893688429838 0.0 0.0 0.0 -0.9076204973859859 0.4197916539484981
1629013181.629146099 3.2836641327942906 1.3182386111203317 0.0 0.0 0.0 -0.9076205162891746 0.4197916130784084
1629013181.832266808 3.2842281374407523 1.3199870875767994 0.0 0.0 0.0 -0.9076205208345378 0.41979160325099685
1629013181.832266808 3.2836844494538413 1.3210588358511146 0.0 0.0 0.0 -0.9076205350912837 0.41979157242685555
1629013181.832266808 3.2830109637793203 1.3206578453955555 0.0 0.0 0.0 -0.9076205535932573 0.41979153242421297
1629013181.832266808 3.2824326642636166 1.3200150045805799 0.0 0.0 0.0 -0.9076205438082804 0.4197915535800611
1629013182.330725193 3.2834171676873187 1.3202863169712578 0.0 0.0 0.0 -0.9076205482796691 0.4197915439125863
1629013182.330725193 3.2828670813435985 1.3197563299754 0.0 0.0 0.0 -0.9076205503399416 0.41979153945812386
1629013182.531440973 3.2826217082307716 1.3206392122976263 0.0 0.0 0.0 -0.9076205556126783 0.41979152805807446
1629013182.531440973 3.282762257338315 1.3211744127048755 0.0 0.0 0.0 -0.9076205537156441 0.41979153215960374
1629013182.734062195 3.2821143274488915 1.3221068368215578 0.0 0.0 0.0 -0.9076205321635357 0.419791578756864
1629013182.831467628 3.282520592769144 1.3221532196372339 0.0 0.0 0.0 -0.9076205461050019 0.4197915486143785
1629013182.831467628 3.2832687666467253 1.3227685030931724 0.0 0.0 0.0 -0.9076205477700159 0.41979154501449445
1629013182.831467628 3.282804782541914 1.3232701253056693 0.0 0.0 0.0 -0.9076205632363459 0.41979151157513694
1629013170.307057381 3.2822555901946626 1.2950600107454249 0.0 0.0 0.0 -0.9063549807302951 0.4225170397811034
1629013170.407232761 3.2801678274914723 1.2647692117201241 0.0 0.0 0.0 -0.9058083975002618 0.4236875582525499
1629013170.507467270 3.276593500491511 1.235835017651422 0.0 0.0 0.0 -0.9056291396536292 0.4240705854102915
1629013170.707806826 3.2720523654024047 1.1757981025628905 0.0 0.0 0.0 -0.9077656500032566 0.4194776807819042
1629013171.009956837 3.249688426279826 1.0843731782005122 0.0 0.0 0.0 -0.9137756155218826 0.406219305889817
1629013171.108597279 3.2448026929003384 1.0528206277112147 0.0 0.0 0.0 -0.9159252673324888 0.4013488565598623
1629013171.309024096 3.235572819729466 0.9836181051600993 0.0 0.0 0.0 -0.921240949824073 0.3889924322750247
1629013171.509395123 3.224981996578208 0.9178890172202584 0.0 0.0 0.0 -0.9265682071880516 0.376126783715704
1629013171.709802628 3.2141789532792977 0.8542198577049696 0.0 0.0 0.0 -0.931900051069783 0.3627151703694453
1629013172.310935020 3.150938021640646 0.6632377834887816 0.0 0.0 0.0 -0.9473874761462417 0.32008900331197593
1629013172.411147356 3.127055885816714 0.6254282410958372 0.0 0.0 0.0 -0.9501551714625005 0.31177740479878635
1629013183.634452820 3.126446749010605 0.6265511844319273 0.0 0.0 0.0 -0.9501551873854274 0.31177735627297143
1629013183.634452820 3.1259149109331354 0.6275459278494112 0.0 0.0 0.0 -0.9501551906244831 0.31177734640180693
1629013183.634452820 3.125637632623154 0.627511748381485 0.0 0.0 0.0 -0.9501551861403619 0.3117773600673634
1629013183.634452820 3.12636310987882 0.6273964231464257 0.0 0.0 0.0 -0.9501551787711408 0.311777382525387
1629013183.634452820 3.1272216862723 0.6271980539863653 0.0 0.0 0.0 -0.950155180824603 0.3117773762673711
1629013184.033816814 3.1261279190441686 0.6268196048135389 0.0 0.0 0.0 -0.9501551938775418 0.3117773364879669
1629013184.033816814 3.127064329291396 0.6270647413749402 0.0 0.0 0.0 -0.9501552004498451 0.31177731645858187
1629013184.033816814 3.1280576502593993 0.6267736065540057 0.0 0.0 0.0 -0.9501552114143084 0.3117772830438917
1629013184.033816814 3.128729517794199 0.6278194513505331 0.0 0.0 0.0 -0.9501552024163785 0.31177731046548396
1629013184.033816814 3.129192027085312 0.6269072867903723 0.0 0.0 0.0 -0.9501552046049848 0.31177730379560886
1629013184.033816814 3.129207157976869 0.6262385473504233 0.0 0.0 0.0 -0.9501551954595062 0.31177733166686034
1629013183.634452820 -1.0766267563702259 -0.986333331948012 0.0 0.0 0.0 -0.9131934979879961 0.4075262387042676
1629013184.033816814 -1.236349343566032 -1.1944220398450867 0.0 0.0 0.0 -0.9341937038031152 0.35676620324046604
1629013184.635001659 -1.2386256821216572 -1.1948946451130937 0.0 0.0 0.0 -0.9341937021559547 0.35676620755356236
1629013184.635001659 -1.2383354014674097 -1.1949576346086772 0.0 0.0 0.0 -0.9341937088538631 0.3567661900150625
1629013184.835386753 -1.2393320865701785 -1.1948625173648666 0.0 0.0 0.0 -0.9341937091892801 0.3567661891367716
1629013184.635001659 -1.5381536181095055 -1.485753107926782 0.0 0.0 0.0 -0.9551098290672916 0.29625194416079215
1629013184.835386753 -1.5385558734256597 -1.4840280901508447 0.0 0.0 0.0 -0.9551098315192571 0.2962519362557082
1629013185.035778046 -1.5386704861446365 -1.4838091543543137 0.0 0.0 0.0 -0.955109813859248 0.29625199319118967
1629013184.835386753 -1.6593174434313176 -1.5787728916123853 0.0 0.0 0.0 -0.9532480629378194 0.3021888987128667
1629013185.035778046 -1.6586068879119038 -1.5783647591109427 0.0 0.0 0.0 -0.953248078100001 0.30218885088410263
1629013185.035778046 -1.6591058458572898 -1.5790768066634104 0.0 0.0 0.0 -0.953248080903696 0.30218884203990853
1629013185.035778046 -1.731675838547883 -1.6493437599293026 0.0 0.0 0.0 -0.9474039093488152 0.32004036081497894
1629013185.035778046 -1.7319122705865306 -1.649128054370034 0.0 0.0 0.0 -0.9474038966446922 0.32004039842253257
1629013185.035778046 -1.7317244633314186 -1.6487482919932606 0.0 0.0 0.0 -0.9474039034787604 0.3200403781918896
1629013185.737141132 -1.7308752797674272 -1.6492499360620927 0.0 0.0 0.0 -0.9474038961503182 0.3200403998860098
1629013185.737141132 -1.7313637660068553 -1.6494941992525376 0.0 0.0 0.0 -0.9474038770704618 0.3200404563674056
1629013185.737141132 -1.7356005815176982 -1.6798367881820635 0.0 0.0 0.0 -0.9412582040842767 0.33768771556579014
1629013185.737141132 -1.7352864770917544 -1.6806432412641064 0.0 0.0 0.0 -0.9412581864665102 0.3376877646728948
1629013185.737141132 -1.7347077256666885 -1.6804680383374437 0.0 0.0 0.0 -0.9412581965050058 0.3376877366919681
1629013185.737141132 -1.734978079257265 -1.680023590491373 0.0 0.0 0.0 -0.9412581949829049 0.3376877409346154
1629013186.238120079 -1.7335124437912592 -1.6793342768834079 0.0 0.0 0.0 -0.941258208578965 0.33768770303746265
1629013186.238120079 -1.7336435736495877 -1.6783350117524745 0.0 0.0 0.0 -0.9412582094123503 0.33768770071451554
1629013186.238120079 -1.7355743802274302 -1.6579343881691502 0.0 0.0 0.0 -0.9565759612943023 0.2914831560723218
1629013186.238120079 -1.736964097531551 -1.6587386426978665 0.0 0.0 0.0 -0.9565759615830126 0.2914831551248457
1629013186.538707733 -1.7368906049466122 -1.6587844719530018 0.0 0.0 0.0 -0.9565759738254879 0.29148311494805257
1629013186.638895512 -1.7372877128322768 -1.6581301068736993 0.0 0.0 0.0 -0.9565759632517478 0.2914831496484676
1629013186.638895512 -1.7373479630667776 -1.6590302049817813 0.0 0.0 0.0 -0.9565759750659748 0.2914831108770789
1629013186.538707733 -1.714951021511734 -1.567278951924689 0.0 0.0 0.0 -0.97513739180924 0.22160114416553187
1629013186.638895512 -1.7152240757983672 -1.5668139842017799 0.0 0.0 0.0 -0.9751373821563112 0.22160118664243747
1629013187.039713860 -1.7151186089644699 -1.566801777335261 0.0 0.0 0.0 -0.9751373845350148 0.22160117617515201
1629013187.039713860 -1.7156139443250225 -1.566176897656076 0.0 0.0 0.0 -0.975137378176671 0.22160120415450837
1629013186.638895512 -1.7089993383245312 -1.5373284925376132 0.0 0.0 0.0 -0.9809512188312453 0.19425423103112707
1629013187.039713860 -1.709100684776113 -1.537814335150832 0.0 0.0 0.0 -0.9809512233664964 0.19425420812886926
1629013187.039713860 -1.543167839291505 -1.4365735146488237 0.0 0.0 0.0 -0.9939585259323658 0.10975631520034959
1629013187.039713860 -1.5434118391020928 -1.4358836755516384 0.0 0.0 0.0 -0.9939585239874084 0.10975633281397698
1629013187.039713860 -1.5436506653016229 -1.4364718232611198 0.0 0.0 0.0 -0.9939585211485487 0.10975635852282178
1629013188.142455101 -1.5433701057083078 -1.4366780241188994 0.0 0.0 0.0 -0.993958527754875 0.10975629869561634
1629013188.142455101 -1.5451981410115212 -1.4360761524678483 0.0 0.0 0.0 -0.9939585297851292 0.1097562803095308
1629013188.142455101 -1.2354957226922034 -1.358667711855796 0.0 0.0 0.0 -0.996517411022592 0.08338494785529717
1629013188.142455101 -1.2352141221399664 -1.3592353701758089 0.0 0.0 0.0 -0.996517407952098 0.08338498455016968
1629013188.542624950 -1.234742232006832 -1.3604698380348392 0.0 0.0 0.0 -0.9965174125365941 0.08338492976174769
1629013188.642812967 -1.2336651200056918 -1.360487051200698 0.0 0.0 0.0 -0.9965174129940034 0.08338492429533588
1629013188.542624950 -1.3233688996173845 -1.3726568067323148 0.0 0.0 0.0 -0.9993076268863705 0.037205736744896516
1629013188.642812967 -1.3244616552056079 -1.3735302979420736 0.0 0.0 0.0 -0.9993076277478805 0.03720571360562161
1629013188.642812967 -1.4045077783000317 -1.3885595094764327 0.0 0.0 0.0 -0.9997451152541172 0.022576636718779325
1629013188.642812967 -1.403671165195911 -1.3887764644295533 0.0 0.0 0.0 -0.9997451152699148 0.02257663601922718
1629013188.642812967 -1.403236165309755 -1.3891420148713152 0.0 0.0 0.0 -0.9997451150588299 0.02257664536654887
1629013188.642812967 -1.4026304713008493 -1.389827092401281 0.0 0.0 0.0 -0.9997451136757485 0.0225767066124536
1629013189.150118589 -1.4033411268984444 -1.3893335173040102 0.0 0.0 0.0 -0.999745113640792 0.02257670816039996
1629013189.243979216 -1.4034202005520566 -1.3895438890949086 0.0 0.0 0.0 -0.9997451137383906 0.022576703838524743
1629013189.150118589 -1.5974433220766995 -1.3923007930802982 0.0 0.0 0.0 0.9984323440940245 0.05597190605037049
1629013189.346075773 -1.5986260386070887 -1.3920617273800013 0.0 0.0 0.0 0.9984323438169099 0.05597191099356718
1629013189.346075773 -1.599316237797648 -1.3924514943990007 0.0 0.0 0.0 0.9984323417419995 0.05597194800600744
1629013189.346075773 -1.747738448976378 -1.3867790672630407 0.0 0.0 0.0 0.996239129976876 0.0866463842460671
1629013189.346075773 -1.7466688905018963 -1.3881890456651071 0.0 0.0 0.0 0.9962391274913898 0.08664641282358064
1629013189.346075773 -1.7462580296591208 -1.3874042921322038 0.0 0.0 0.0 0.9962391283303432 0.08664640317750068
1629013189.945374012 -1.7469843131227145 -1.3890150218669455 0.0 0.0 0.0 0.9962391301490492 0.0866463822664613
1629013189.945374012 -1.7460495404537704 -1.3896763321283552 0.0 0.0 0.0 0.9962391285834128 0.08664640026776856
1629013189.945374012 -1.9777108830234784 -1.3277273872232895 0.0 0.0 0.0 0.985771362148235 0.1680917058287327
1629013189.945374012 -1.9780093784500572 -1.3274593446299991 0.0 0.0 0.0 0.9857713669019296 0.16809167795075813
1629013190.145747185 -1.9792173856920554 -1.3276579225994165 0.0 0.0 0.0 0.9857713606056262 0.1680917148753393
1629013190.145747185 -1.9788685744188437 -1.3282766041030067 0.0 0.0 0.0 0.9857713614279038 0.16809171005310503
1629013190.145747185 -2.069495888054404 -1.2998460919039505 0.0 0.0 0.0 0.9808145069443412 0.19494333270858194
1629013190.145747185 -2.0690435894615473 -1.3006447726508996 0.0 0.0 0.0 0.9808145030768002 0.1949433521672632
1629013190.145747185 -2.069086364434173 -1.3002589169470495 0.0 0.0 0.0 0.9808145079382162 0.19494332770811842
1629013190.145747185 -2.069028180501548 -1.2995342407924142 0.0 0.0 0.0 0.9808145015926342 0.19494335963451717
1629013190.446377039 -2.0684226459552018 -1.29945501349847 0.0 0.0 0.0 0.9808144969183898 0.19494338315194454
1629013190.446377039 -2.06922248971619 -1.2994260526039019 0.0 0.0 0.0 0.980814500939654 0.19494336291984224
1629013190.446377039 -2.133564723419434 -1.2465028448105535 0.0 0.0 0.0 0.9716986502307512 0.23622390467464582
1629013190.446377039 -2.132728300075609 -1.2462902978647843 0.0 0.0 0.0 0.9716986565210409 0.2362238787997608
1629013190.446377039 -2.1326582427521257 -1.2477079824169452 0.0 0.0 0.0 0.9716986551877478 0.23622388428421567
1629013190.446377039 -2.1317802244712114 -1.2470449286683944 0.0 0.0 0.0 0.9716986544539393 0.236223887302711
1629013191.448290825 -2.1312409698075574 -1.246449342091893 0.0 0.0 0.0 0.9716986675870971 0.23622383327992155
1629013191.548486233 -2.1315601225804377 -1.2460479488941465 0.0 0.0 0.0 0.9716986596609478 0.23622386588386335
1629013191.548486233 -2.1308742489545116 -1.2452522461937603 0.0 0.0 0.0 0.9716986512909348 0.2362239003136185
1629013191.448290825 -2.231760216704026 -1.1261249495177545 0.0 0.0 0.0 0.9399521724728296 0.3413061872624168
1629013191.548486233 -2.232615943288375 -1.1260274926123617 0.0 0.0 0.0 0.9399521843898716 0.34130615444305834
1629013191.548486233 -2.254668475793369 -1.0734263880680177 0.0 0.0 0.0 0.930727769592894 0.3657127546430897
1629013191.548486233 -2.2549764594506185 -1.071837682735018 0.0 0.0 0.0 0.9307277670236409 0.3657127611817604
1629013191.548486233 -2.2536890524183626 -1.0708185863292852 0.0 0.0 0.0 0.9307277569965653 0.3657127867003594
1629013191.949263096 -2.2528274640330905 -1.0702374937767487 0.0 0.0 0.0 0.9307277759456454 0.3657127384755315
1629013192.049455166 -2.2516753435367467 -1.0703174553160038 0.0 0.0 0.0 0.9307277747391589 0.3657127415460028
1629013191.949263096 -2.3250362307222012 -0.9000509162136822 0.0 0.0 0.0 0.9025784986701886 0.4305253229930482
1629013192.249902725 -2.3236046348503874 -0.8999323356747587 0.0 0.0 0.0 0.9025785010657541 0.43052531797084415
1629013192.049455166 -2.3442922484966293 -0.8485594221157392 0.0 0.0 0.0 0.8946152691745678 0.44683724124082985
1629013192.249902725 -2.3445627284722277 -0.8496074978046299 0.0 0.0 0.0 0.8946152549968559 0.4468372696261028
1629013192.249902725 -2.392666153310449 -0.7493512545645391 0.0 0.0 0.0 0.8777689560499135 0.47908418862977004
1629013192.249902725 -2.3909305079851744 -0.7494639825240804 0.0 0.0 0.0 0.877768937695448 0.47908422225847175
1629013192.249902725 -2.391431304041407 -0.7489868662235898 0.0 0.0 0.0 0.8777689402645243 0.4790842175514592
1629013192.249902725 -2.390942308988085 -0.7495252204054473 0.0 0.0 0.0 0.8777689355297098 0.4790842262264958
1629013192.851044893 -2.390441348433 -0.750782468111419 0.0 0.0 0.0 0.8777689265931068 0.4790842425999682
1629013192.851044893 -2.391321160714921 -0.7507166414121177 0.0 0.0 0.0 0.8777689193990511 0.47908425578077823
1629013193.051414251 -2.3916879652131424 -0.7498619429512992 0.0 0.0 0.0 0.8777689100529162 0.4790842729045855
1629013193.051414251 -2.391397410718604 -0.749889275465137 0.0 0.0 0.0 0.8777689306385711 0.4790842351879463
1629013193.051414251 -2.391572708327095 -0.7495222754393916 0.0 0.0 0.0 0.8777689137202437 0.4790842661853793
1629013193.151612282 -2.3922116384082637 -0.7490375414121094 0.0 0.0 0.0 0.8777689238208618 0.47908424767922203
1629013193.251803398 -2.391557543834223 -0.7481136542819119 0.0 0.0 0.0 0.8777689186723588 0.47908425711220975
1629013193.251803398 -2.3910420375568098 -0.7485300355064758 0.0 0.0 0.0 0.8777689284802144 0.4790842391424459
1629013193.354059696 -2.391363569731815 -0.7483581697629235 0.0 0.0 0.0 0.8777689545743149 0.47908419133333374
1629013193.354059696 -2.3907007610542896 -0.7482285634595062 0.0 0.0 0.0 0.8777689244424353 0.47908424654038717
1629013193.452210426 -2.3897273450527967 -0.7489406727430485 0.0 0.0 0.0 0.8777689160466007 0.4790842619230732
1629013192.851044893 -2.481144142223767 -0.4808581392826836 0.0 0.0 0.0 0.8216500589927606 0.569992263594159
1629013193.051414251 -2.5385687820005924 -0.33161217971598866 0.0 0.0 0.0 0.7972674086410034 0.6036262743774987
1629013193.151612282 -2.5590589070180783 -0.2637731736716619 0.0 0.0 0.0 0.7856415658203895 0.6186819296337065
1629013193.251803398 -2.577033845326326 -0.20388407625608906 0.0 0.0 0.0 0.7731960430757371 0.63416707496686
1629013193.354059696 -2.5902807000472348 -0.14034051016591137 0.0 0.0 0.0 0.7610680389109437 0.648672059016149
1629013193.452210426 -2.6020083378846244 -0.08085501815758879 0.0 0.0 0.0 0.7480959634995363 0.6635905585492461
1629013193.552470684 -2.6018992379686927 -0.08104385519855938 0.0 0.0 0.0 0.7480959864704068 0.6635905326531332
1629013193.552470684 -2.601991257299318 -0.08022870190914128 0.0 0.0 0.0 0.748095993950668 0.6635905242202922
1629013193.552470684 -2.6130537024447937 -0.01648715388307439 0.0 0.0 0.0 0.7350891285391499 0.6779704809971842
1629013193.552470684 -2.6130689104489173 -0.016061095975901447 0.0 0.0 0.0 0.7350891039255241 0.6779705076844937
1629013193.552470684 -2.6122866324340697 -0.018044142561609543 0.0 0.0 0.0 0.7350890996729128 0.6779705122953847
1629013193.552470684 -2.612523639062788 -0.01925671213576084 0.0 0.0 0.0 0.7350890902427734 0.6779705225200074
1629013194.253760338 -2.611607643001376 -0.019460225177790707 0.0 0.0 0.0 0.7350890929578767 0.6779705195761583
1629013194.253760338 -2.61170821784546 -0.018991492523732462 0.0 0.0 0.0 0.7350890700695109 0.6779705443928532
1629013194.253760338 -2.6111472488260534 -0.01888254473763299 0.0 0.0 0.0 0.7350890379865868 0.6779705791787387
1629013194.253760338 -2.6111747619337358 -0.019219717751520825 0.0 0.0 0.0 0.7350890832552196 0.6779705300962579
1629013194.554497957 -2.6113830649381358 -0.02020413394810504 0.0 0.0 0.0 0.7350890815507982 0.6779705319442755
1629013194.554497957 -2.6124144125683997 -0.019945095436282048 0.0 0.0 0.0 0.7350890794624516 0.6779705342085639
1629013194.554497957 -2.610701090905048 -0.020137055451573002 0.0 0.0 0.0 0.7350890411012801 0.677970575801635
1629013194.554497957 -2.6113743776193616 -0.021323050016370575 0.0 0.0 0.0 0.7350890430069771 0.6779705737353846
1629013194.554497957 -2.6108256085112957 -0.020743909271156075 0.0 0.0 0.0 0.7350889990666589 0.6779706213776358
1629013194.854950905 -2.6104920797580777 -0.02163241089840778 0.0 0.0 0.0 0.7350890179710821 0.6779706008805324
1629013196.458153248 -2.609559008712451 -0.021042002503202716 0.0 0.0 0.0 0.7350890394056329 0.6779705776401391
1629013196.458153248 -2.610760358177775 -0.020977925731324953 0.0 0.0 0.0 0.7350890453051463 0.6779705712435965
1629013194.253760338 -2.6411569343511 0.08139305547658708 0.0 0.0 0.0 0.6827104379638108 0.7306890295435272
1629013194.554497957 -2.6564790245026755 0.2653320867116834 0.0 0.0 0.0 0.6365162013701848 0.7712633307718385
1629013194.854950905 -2.624536195338273 0.45563518098462713 0.0 0.0 0.0 0.5870600984619927 0.8095433532515695
1629013195.957142353 -2.4767068771162095 0.7154053377699289 0.0 0.0 0.0 0.5005269042977861 0.8657209816529081
1629013196.458153248 -2.329089943207695 0.9897361823223167 0.0 0.0 0.0 0.4035581571073699 0.9149539954730529
1629013197.259631634 -2.3294780327304827 0.9904929579341124 0.0 0.0 0.0 0.4035581560042709 0.914953995959596
1629013197.259631634 -2.3293023463130798 0.9899083065378432 0.0 0.0 0.0 0.40355817301388763 0.9149539884571755
1629013197.259631634 -2.3291933147773847 0.9897346604990211 0.0 0.0 0.0 0.4035582255969527 0.9149539652643947
1629013197.259631634 -2.1321817958871416 1.2574781108598638 0.0 0.0 0.0 0.2513077773281017 0.9679072275039634
1629013197.359828949 -2.132147910263259 1.2563830395784548 0.0 0.0 0.0 0.2513077938583531 0.9679072232120429
1629013197.359828949 -1.873474122901865 1.4581423717070305 0.0 0.0 0.0 0.14316217778073875 0.9896992426252917
1629013197.359828949 -1.8745695954185824 1.4577477322699248 0.0 0.0 0.0 0.14316215985259909 0.9896992452186365
1629013197.359828949 -1.8741453362571754 1.4570195030661526 0.0 0.0 0.0 0.14316215725325537 0.9896992455946373
1629013197.359828949 -1.8752013407909034 1.457442474369766 0.0 0.0 0.0 0.14316212063668182 0.989699250891304
1629013197.359828949 -1.8762364089787258 1.4575076848332669 0.0 0.0 0.0 0.14316208549011597 0.9896992559753295
1629013197.760605812 -1.8769570148493104 1.4573200204162113 0.0 0.0 0.0 0.14316199935318333 0.9896992684352147
1629013197.760605812 -1.8764095350752048 1.4566025200258357 0.0 0.0 0.0 0.14316202180932874 0.9896992651868876
1629013197.760605812 -1.8767658269985852 1.4570495784556112 0.0 0.0 0.0 0.14316201779679247 0.9896992657673092
1629013197.760605812 -1.8757198905503099 1.4565466748823508 0.0 0.0 0.0 0.14316203507236624 0.989699263268362
1629013198.161396980 -1.875199043110539 1.4564194420998862 0.0 0.0 0.0 0.14316207685195012 0.9896992572248583
1629013198.161396980 -1.8755184462336447 1.4554259176271176 0.0 0.0 0.0 0.1431620992026698 0.9896992539917795
1629013198.161396980 -1.8750982708796262 1.456270497982053 0.0 0.0 0.0 0.14316213018433188 0.9896992495102158
1629013198.161396980 -1.8757117815727804 1.455925345149238 0.0 0.0 0.0 0.1431621738266613 0.9896992431972578
1629013198.161396980 -1.8742074795346906 1.4562757285320642 0.0 0.0 0.0 0.1431621535932689 0.9896992461240623
1629013198.562168837 -1.8736350088339013 1.4562024038559755 0.0 0.0 0.0 0.14316215214383163 0.9896992463337266
1629013203.571948051 -1.8730991416885179 1.4553989824989655 0.0 0.0 0.0 0.14316217993063746 0.9896992423143042
1629013203.677692413 -1.8731623272935216 1.4554147622276559 0.0 0.0 0.0 0.1431621569554178 0.9896992456377202
1629013203.878424644 -1.873111754075409 1.4555909903894606 0.0 0.0 0.0 0.14316215535581078 0.9896992458691068
1629013204.072945595 -1.8727815674189294 1.4559499380663286 0.0 0.0 0.0 0.14316216041545557 0.9896992451372181
1629013204.573929071 -1.8726723653203183 1.4557668264757535 0.0 0.0 0.0 0.14316218785670565 0.9896992411677809
1629013204.573929071 -1.8730786592983062 1.4544548884231825 0.0 0.0 0.0 0.1431622278742435 0.9896992353791546
1629013197.760605812 -1.6045660703019333 1.5482711110278005 0.0 0.0 0.0 0.05819752748274972 0.9983050875333124
1629013198.161396980 -1.3349290085269745 1.5753242877807494 0.0 0.0 0.0 -0.029006983519888157 0.9995792089209724
1629013198.562168837 -1.0420168918442339 1.5674308962669785 0.0 0.0 0.0 -0.11458326243078372 0.9934136479688198
1629013199.163362503 -0.6629699255955861 1.4161329722820768 0.0 0.0 0.0 -0.21525236055229763 0.9765584576852856
1629013199.263733149 -0.42872137115419484 1.4350065578846127 0.0 0.0 0.0 -0.25682646022914457 0.9664575362250365
1629013199.363727808 -0.35474455976381836 1.4125297562861576 0.0 0.0 0.0 -0.2563259020166361 0.9665904158201435
1629013199.865200996 -0.0321288887189404 1.2531281146908622 0.0 0.0 0.0 -0.21667738678624224 0.9762432637695817
1629013200.065204859 0.10234786144946827 1.2019403923426313 0.0 0.0 0.0 -0.1872155427205063 0.9823188589067535
1629013200.767469406 0.4573014467809293 1.0595550997062058 0.0 0.0 0.0 -0.09527342087081123 0.9954511415813301
1629013201.067073822 0.6358815597471217 1.0385379415431788 0.0 0.0 0.0 -0.05763011577351577 0.9983380037622184
1629013201.267458916 0.7310330776335725 1.0260574169886612 0.0 0.0 0.0 -0.03617363845396409 0.9993455197683141
1629013204.573929071 0.7311802177947765 1.0265324406904603 0.0 0.0 0.0 -0.036173667165460006 0.9993455187290342
1629013204.573929071 1.4890319740016529 0.8222439229733225 0.0 0.0 0.0 -0.05118550359389741 0.9986891629640522
1629013204.573929071 1.4891073951156653 0.8228279161591172 0.0 0.0 0.0 -0.051185541756299066 0.9986891610081258
1629013204.573929071 1.4892311734568713 0.8227604535503583 0.0 0.0 0.0 -0.05118550107079299 0.9986891630933681
1629013204.573929071 1.489388200660605 0.8231883102364472 0.0 0.0 0.0 -0.05118547586508158 0.9986891643852281
1629013205.475691319 1.4906979837744097 0.8226724525156321 0.0 0.0 0.0 -0.05118545943047678 0.9986891652275451
1629013205.676188707 1.4902009869073864 0.8220993226456231 0.0 0.0 0.0 -0.05118544386842895 0.9986891660251411
1629013205.878082752 1.4910984141076615 0.8223314229550465 0.0 0.0 0.0 -0.051185429421528435 0.9986891667655826
1629013205.475691319 1.8690821015218941 0.7416955570073395 0.0 0.0 0.0 -0.07119666501204787 0.9974622974785374
1629013206.076845169 1.8689504945265003 0.741614027744283 0.0 0.0 0.0 -0.0711966994160039 0.9974622950228581
1629013205.878082752 2.0699649720118334 0.7222397773342802 0.0 0.0 0.0 -0.07952390227851508 0.9968329594101497
1629013206.076845169 2.0701156984561715 0.7231047524965061 0.0 0.0 0.0 -0.0795238932943698 0.9968329601268738
1629013206.076845169 2.070866352469941 0.7244055827876011 0.0 0.0 0.0 -0.07952387904791511 0.9968329612634067
1629013206.076845169 2.1709740690099 0.7200557971670626 0.0 0.0 0.0 -0.08488519068969162 0.9963907388176462
1629013206.377456665 2.171426363646806 0.7195699198006835 0.0 0.0 0.0 -0.08488517967329734 0.9963907397561621
1629013206.477707386 2.1710595960714025 0.7202199943853487 0.0 0.0 0.0 -0.0848851514440746 0.9963907421610844
1629013206.377456665 2.3117713702525915 0.7080650942989529 0.0 0.0 0.0 -0.09053402395483 0.9958933630196288
1629013207.078907251 2.311472922285335 0.7061187388703355 0.0 0.0 0.0 -0.09053401996938464 0.9958933633819351
1629013206.477707386 2.339536731660487 0.6868381356652558 0.0 0.0 0.0 -0.09185457507658253 0.9957724323546522
1629013207.078907251 2.3385080098972706 0.6869326674547847 0.0 0.0 0.0 -0.09185458198716952 0.9957724317171882
1629013207.379912376 2.3383040872317236 0.6866009786323538 0.0 0.0 0.0 -0.09185456050233298 0.9957724336990471
1629013207.078907251 2.6237547550775417 0.6069435006072333 0.0 0.0 0.0 -0.09121138458950025 0.9958315536883064
1629013207.379912376 2.6236758897916905 0.6061996363856748 0.0 0.0 0.0 -0.09121137991437298 0.9958315541165161
1629013207.379912376 2.778490875270232 0.6151699944426668 0.0 0.0 0.0 -0.06835260001075742 0.9976612261042169
1629013207.580000401 2.7787130551821972 0.6146282080377328 0.0 0.0 0.0 -0.068352600182377 0.9976612260924588
1629013207.580000401 2.7790825252316638 0.6149499126334869 0.0 0.0 0.0 -0.06835261103937355 0.9976612253486151
1629013207.580000401 2.8670054447392124 0.5967457159775771 0.0 0.0 0.0 -0.04810027010006114 0.9988425121190533
1629013207.580000401 2.8676016765045174 0.5967063508779135 0.0 0.0 0.0 -0.04810026221455234 0.998842512498788
1629013207.580000401 2.8673846749904626 0.5965333002427511 0.0 0.0 0.0 -0.04810021343096641 0.9988425148480092
1629013208.080886364 2.866571183433292 0.5956798900043946 0.0 0.0 0.0 -0.048100211511985014 0.9988425149404195
1629013208.080886364 2.868238549921849 0.5977844532346829 0.0 0.0 0.0 -0.04810018921060208 0.9988425160143637
1629013208.080886364 2.8682579783429425 0.5982347669950769 0.0 0.0 0.0 -0.048100180920593795 0.9988425164135767
1629013208.080886364 3.0481317211216674 0.5222620761126658 0.0 0.0 0.0 0.009144493910944556 0.9999581882414448
1629013208.481552601 3.047287376998686 0.521461863689941 0.0 0.0 0.0 0.009144496339165654 0.999958188219239
1629013208.481552601 3.048139831154088 0.5212235947314199 0.0 0.0 0.0 0.009144493530720907 0.9999581882449219
1629013208.481552601 3.214964710224918 0.5339285182410983 0.0 0.0 0.0 0.066953344165982 0.997756107325328
1629013208.481552601 3.214681625274878 0.5341343454848282 0.0 0.0 0.0 0.06695339026152744 0.9977561042321352
1629013208.481552601 3.2136844198190517 0.5338393621269979 0.0 0.0 0.0 0.0669534298277769 0.9977561015770823
1629013208.481552601 3.2133986849670264 0.5343191641422085 0.0 0.0 0.0 0.06695342299069913 0.9977561020358776
1629013209.383306265 3.2145223195482497 0.534467550153976 0.0 0.0 0.0 0.06695348588184263 0.9977560978156285
1629013209.383306265 3.3836525063566354 0.5440762918654216 0.0 0.0 0.0 0.17757473134377447 0.984107318735201
1629013209.483502388 3.384800344218184 0.5439545665377434 0.0 0.0 0.0 0.1775746955191056 0.9841073251994911
1629013209.784077168 3.3839107945197653 0.5431484091791002 0.0 0.0 0.0 0.17757466838927385 0.9841073300948628
1629013209.483502388 3.498393206808327 0.5018634161929082 0.0 0.0 0.0 0.25093507018215994 0.9680039207320776
1629013209.986763000 3.49861165560419 0.5014083692438693 0.0 0.0 0.0 0.2509351154891921 0.968003908987162
1629013209.986763000 3.4983277106401722 0.5018520044127525 0.0 0.0 0.0 0.25093509709666517 0.9680039137550464
1629013209.784077168 3.565223484377181 0.535172337235612 0.0 0.0 0.0 0.2955546158436954 0.9553258444392079
1629013209.986763000 3.5655507297163713 0.5347091862188351 0.0 0.0 0.0 0.2955546338558374 0.9553258388666884
1629013209.986763000 3.62117765348077 0.5855370835863032 0.0 0.0 0.0 0.3245503926630196 0.9458684066096509
1629013209.986763000 3.6212186093946284 0.5857253256970374 0.0 0.0 0.0 0.3245503875580968 0.9458684083612736
1629013210.385328293 3.6207550974265432 0.5846183994334525 0.0 0.0 0.0 0.32455041363794873 0.9458683994126437
1629013210.385328293 3.6196788293408995 0.5839807401148558 0.0 0.0 0.0 0.32455038696785043 0.9458684085638015
1629013210.385328293 3.713275687403388 0.680243614209858 0.0 0.0 0.0 0.3806255020833114 0.924729272362364
1629013210.385328293 3.713725454864012 0.6810689760059991 0.0 0.0 0.0 0.38062550351517477 0.9247292717729982
1629013210.786072731 3.7142067700002466 0.6801776967764034 0.0 0.0 0.0 0.3806254986427537 0.9247292737785233
1629013210.786072731 3.801985881399994 0.8030849535904557 0.0 0.0 0.0 0.44163565665031124 0.8971944865942102
1629013210.786072731 3.80156685405343 0.8038908212625735 0.0 0.0 0.0 0.44163568053875774 0.8971944748353438
1629013210.786072731 3.801944260435609 0.8040851477977669 0.0 0.0 0.0 0.441635683864382 0.897194473198336
1629013210.786072731 3.8028873202828315 0.8031569397388049 0.0 0.0 0.0 0.4416356258059327 0.8971945017770685
1629013211.487395525 3.8023139198165934 0.8026592311559542 0.0 0.0 0.0 0.44163563508871484 0.8971944972077055
1629013211.687815666 3.8026650913301348 0.8026415193910081 0.0 0.0 0.0 0.44163566299013635 0.8971944834734901
1629013211.487395525 3.973138423977041 1.0834816812865016 0.0 0.0 0.0 0.5439228042117378 0.8391352590961957
1629013211.687815666 3.9730952799462322 1.083262607738961 0.0 0.0 0.0 0.5439227700022392 0.8391352812706013
1629013211.687815666 4.086347200962497 1.3072741629865452 0.0 0.0 0.0 0.6002889795913683 0.7997831837324125
1629013211.687815666 4.087464527194685 1.307360431003411 0.0 0.0 0.0 0.6002889797311544 0.799783183627494
1629013212.089605808 4.087613916454251 1.3088342619425362 0.0 0.0 0.0 0.6002889524284067 0.7997832041199703
1629013212.089605808 4.128030226730435 1.5116914798537056 0.0 0.0 0.0 0.6548002029263483 0.7558020205368685
1629013212.389182568 4.127466034196581 1.5111967590186572 0.0 0.0 0.0 0.65480021879692 0.755802006787165
1629013212.489371300 4.128905853181104 1.5111984831590541 0.0 0.0 0.0 0.6548002303234512 0.7558019968009844
1629013212.489371300 4.146945003422792 1.7487825251328908 0.0 0.0 0.0 0.6786362702436838 0.7344745146768142
1629013212.790127516 4.146852077776168 1.7483123760633323 0.0 0.0 0.0 0.678636284715121 0.7344745013055642
1629013212.790127516 4.14701055278042 1.7489834187892663 0.0 0.0 0.0 0.6786362856865581 0.7344745004079803
1629013212.790127516 4.154188847432713 1.934867894848452 0.0 0.0 0.0 0.6687391725424906 0.7434970874907212
1629013212.790127516 4.152701942918186 1.935355643261636 0.0 0.0 0.0 0.668739193648685 0.7434970685067337
1629013213.491334200 4.152448782917041 1.934798176715058 0.0 0.0 0.0 0.6687392167756341 0.7434970477051752
1629013213.691732168 4.152363535916143 1.9336472850294653 0.0 0.0 0.0 0.6687392391052819 0.7434970276207489
1629013213.892106056 4.152332146010411 1.932845970714291 0.0 0.0 0.0 0.6687392495166461 0.7434970182562355
1629013213.992370605 4.154626322277053 1.93179662682609 0.0 0.0 0.0 0.6687392717097117 0.7434969982946564
1629013214.192687035 4.154958751530362 1.9318288806204749 0.0 0.0 0.0 0.6687392510793304 0.7434970168506773
1629013214.394271851 4.155194485442048 1.9325412014922088 0.0 0.0 0.0 0.6687392449812654 0.7434970223355889
1629013214.394271851 4.155697631813269 1.9325906672028825 0.0 0.0 0.0 0.668739259367692 0.7434970093957008
1629013214.793873310 4.154969405590966 1.9325828086557728 0.0 0.0 0.0 0.6687392126225818 0.7434970514406424
1629013214.793873310 4.154392073638249 1.931637544613469 0.0 0.0 0.0 0.6687392439615439 0.7434970232527784
1629013215.094453812 4.154712007571819 1.931358010291472 0.0 0.0 0.0 0.668739262737616 0.7434970063646187
1629013215.094453812 4.1555432651061714 1.9309303293735893 0.0 0.0 0.0 0.6687392630219402 0.7434970061088829
1629013215.094453812 4.157503608448431 1.9305546564634546 0.0 0.0 0.0 0.6687392444299103 0.7434970228315059
1629013215.595432520 4.158038246405717 1.9300054963476558 0.0 0.0 0.0 0.6687392127777417 0.7434970513010837
1629013213.491334200 4.137714779343343 2.191668256459178 0.0 0.0 0.0 0.6215971838840706 0.7833370545221213
1629013213.691732168 4.1438371167199 2.289847197606782 0.0 0.0 0.0 0.5958626478010853 0.8030863620778775
1629013213.992370605 4.200042674806014 2.4564579992787103 0.0 0.0 0.0 0.5556446005426798 0.8314199167014017
1629013214.192687035 4.2019837575573975 2.5308202091765195 0.0 0.0 0.0 0.5282886311831746 0.8490648515647128
1629013214.394271851 4.213356777595947 2.5973104793615853 0.0 0.0 0.0 0.5006041875950727 0.8656762947905396
1629013214.793873310 4.188913215221128 2.683620557543577 0.0 0.0 0.0 0.4474184189057965 0.8943247499783494
1629013215.094453812 4.180215083370052 2.7401743466363655 0.0 0.0 0.0 0.4040412598076383 0.9147407612941802
1629013215.595432520 4.1635532598591025 2.7893372584455665 0.0 0.0 0.0 0.3309211899851766 0.9436583947694179
1629013215.695641518 4.160995025143057 2.7927134277875028 0.0 0.0 0.0 0.31452720798586 0.9492484582218818
1629013215.795802355 4.162724199732704 2.7895780565162016 0.0 0.0 0.0 0.2988763006324785 0.9542918614974374
1629013215.996199131 4.205989004640684 2.830231350244603 0.0 0.0 0.0 0.2662102607183767 0.9639149843675291
1629013217.499140263 4.205438200654757 2.83095037903722 0.0 0.0 0.0 0.2662102347542046 0.963914991538212
1629013217.599331856 4.205525694823838 2.8312295832292684 0.0 0.0 0.0 0.2662102676240667 0.9639149824603427
1629013217.599331856 4.205828761425953 2.830982895833568 0.0 0.0 0.0 0.26621027249419293 0.9639149811153302
1629013217.599331856 4.206820425161806 2.831249125166675 0.0 0.0 0.0 0.26621026773914735 0.9639149824285602
1629013217.499140263 4.844283841671042 3.035446860111478 0.0 0.0 0.0 0.015946115328573634 0.9998728526197358
1629013217.799716949 4.8444659078607195 3.034866551650714 0.0 0.0 0.0 0.01594613986239921 0.9998728522284664
1629013217.799716949 4.845953963631393 3.036073359431078 0.0 0.0 0.0 0.015946190331468435 0.9998728514235761
1629013217.599331856 4.91581103264313 3.036554738451233 0.0 0.0 0.0 -0.0027082121192359356 0.9999963327868344
1629013217.799716949 4.91606810614239 3.0371592146324646 0.0 0.0 0.0 -0.0027082305939204994 0.9999963327368007
1629013217.799716949 4.915816262899486 3.0376513263697755 0.0 0.0 0.0 -0.002708252088411389 0.9999963326785882
1629013217.799716949 5.030942596672701 3.037701084511488 0.0 0.0 0.0 -0.040824559442587116 0.999166330170467
1629013218.100379467 5.030596271157013 3.0370162497998643 0.0 0.0 0.0 -0.040824510829509074 0.9991663321567292
1629013218.100379467 5.02951368830526 3.036004867494234 0.0 0.0 0.0 -0.040824503118647444 0.999166332471784
1629013218.200509548 5.030556751741197 3.036101163592595 0.0 0.0 0.0 -0.04082448121013045 0.9991663333669343
1629013218.100379467 5.23638213039091 3.032149764280106 0.0 0.0 0.0 -0.0987312010195165 0.9951141391545212
1629013218.200509548 5.235142920078044 3.0314729021517532 0.0 0.0 0.0 -0.0987312266707194 0.9951141366095123
1629013218.200509548 5.321377891699225 3.052282522705239 0.0 0.0 0.0 -0.11833071072805704 0.9929742408031503
1629013218.200509548 5.3222569016081165 3.0521499813951865 0.0 0.0 0.0 -0.11833075961878686 0.9929742349769408
1629013218.200509548 5.322745900033015 3.0515483088137008 0.0 0.0 0.0 -0.11833072470911554 0.9929742391370561
1629013218.200509548 5.3228966742528305 3.0508230609033484 0.0 0.0 0.0 -0.11833076862531226 0.9929742339036511
1629013219.406359673 5.322814047621013 3.0509765587755293 0.0 0.0 0.0 -0.11833073210026465 0.9929742382562678
1629013219.406359673 5.5319167098371675 3.015275843835502 0.0 0.0 0.0 -0.16003414451645495 0.9871114793116765
1629013219.503051281 5.530656972459822 3.015436437605844 0.0 0.0 0.0 -0.16003415097896526 0.9871114782639505
1629013219.503051281 5.530204978115343 3.0161540283157655 0.0 0.0 0.0 -0.16003417663112648 0.9871114741051273
1629013219.503051281 5.595097607410616 2.9980302182784895 0.0 0.0 0.0 -0.1800537101547815 0.9836567803149114
1629013219.503051281 5.595178186237596 2.9980203048425507 0.0 0.0 0.0 -0.1800537220926712 0.9836567781297373
1629013219.804655790 5.59413278237078 2.99686220682766 0.0 0.0 0.0 -0.1800536783349569 0.9836567861393789
1629013219.804655790 5.776031644632385 2.928744249678951 0.0 0.0 0.0 -0.2381324602112426 0.9712326865348699
1629013219.804655790 5.776041974685537 2.9287059457853384 0.0 0.0 0.0 -0.23813251079398992 0.9712326741326973
1629013219.804655790 5.775912995776601 2.929278213276063 0.0 0.0 0.0 -0.23813249946675796 0.9712326769099743
1629013220.204417229 5.776555084553876 2.9296970868435235 0.0 0.0 0.0 -0.23813247690440514 0.9712326824419435
1629013220.204417229 6.001420713696465 2.818583356500964 0.0 0.0 0.0 -0.3011864042869122 0.9535652834875652
1629013220.204417229 6.001832227464328 2.8181363019926695 0.0 0.0 0.0 -0.30118636989113573 0.9535652943515719
1629013220.204417229 6.00262388952394 2.8177806585596663 0.0 0.0 0.0 -0.3011863520004816 0.9535653000023868
1629013220.204417229 6.002206700971416 2.816338345312132 0.0 0.0 0.0 -0.30118636147624916 0.9535652970094383
1629013220.204417229 6.002442066283484 2.8165429985024155 0.0 0.0 0.0 -0.3011863524797625 0.9535652998510046
1629013220.806005239 6.002129919094242 2.815746196746263 0.0 0.0 0.0 -0.30118634215484 0.953565303112161
1629013220.806005239 6.002259440450735 2.815359333105357 0.0 0.0 0.0 -0.30118633927722765 0.9535653040210632
1629013220.806005239 6.29248423977438 2.726420454969553 0.0 0.0 0.0 -0.287345530790638 0.9578269916507085
1629013220.806005239 6.293571318519892 2.7261861262342943 0.0 0.0 0.0 -0.2873455324986782 0.957826991138301
1629013220.806005239 6.293456112522227 2.7261819742115305 0.0 0.0 0.0 -0.2873455020875353 0.957827000261562
1629013221.106210232 6.2937646034308035 2.7253361224040393 0.0 0.0 0.0 -0.28734552177142403 0.9578269943564485
1629013221.106210232 6.347074850172024 2.699589997867632 0.0 0.0 0.0 -0.2769416109319512 0.9608867488598309
1629013221.106210232 6.3473632543061 2.6987968161938363 0.0 0.0 0.0 -0.2769416187449859 0.960886746608
1629013221.106210232 6.348235070743882 2.698033391070692 0.0 0.0 0.0 -0.27694161357934294 0.960886748096814
1629013221.406772852 6.347021469173508 2.6990725692399775 0.0 0.0 0.0 -0.2769415937517255 0.960886753811423
1629013221.406772852 6.347225647131532 2.6989358737332543 0.0 0.0 0.0 -0.2769415307851432 0.9608867719593093
1629013221.406772852 6.346780719049669 2.6995839817753993 0.0 0.0 0.0 -0.2769415452874177 0.9608867677795428
1629013221.406772852 6.3076699653183415 2.7213406872353896 0.0 0.0 0.0 -0.2903069429542506 0.9569335812231471
1629013221.607167244 6.3076854374327 2.7229919820122466 0.0 0.0 0.0 -0.2903069321422569 0.9569335845032042
1629013221.607167244 6.232172633976188 2.757935001046024 0.0 0.0 0.0 -0.31253473435186596 0.9499063321315468
1629013221.707352638 6.231990029122275 2.758070644625552 0.0 0.0 0.0 -0.3125347279270436 0.9499063342454186
1629013221.707352638 6.192072381324941 2.7858474710814156 0.0 0.0 0.0 -0.325605466506719 0.9455057272068434
1629013221.807577133 6.191719076203198 2.7869961233507565 0.0 0.0 0.0 -0.3256054126147074 0.9455057457657283
1629013221.807577133 6.138452711106054 2.817803079402651 0.0 0.0 0.0 -0.34168931830544663 0.9398129653053097
1629013221.907737732 6.140098837358123 2.8180110462695644 0.0 0.0 0.0 -0.3416893331440773 0.9398129599104046
1629013221.907737732 6.086927803857445 2.837674351151182 0.0 0.0 0.0 -0.3580979953047063 0.9336840074451048
1629013221.907737732 6.086975352225542 2.8383573112580884 0.0 0.0 0.0 -0.3580979684222353 0.9336840177554009
1629013221.907737732 6.086608715525226 2.838075223123823 0.0 0.0 0.0 -0.3580979951235949 0.9336840075145669
1629013221.907737732 6.086335195984916 2.8373178348194554 0.0 0.0 0.0 -0.35809802871401725 0.9336839946315535
1629013221.907737732 6.087246862130459 2.837638719894615 0.0 0.0 0.0 -0.3580980069771676 0.9336840029683385
1629013223.711259842 6.086048578052029 2.8381860030052466 0.0 0.0 0.0 -0.3580980101049071 0.9336840017687493
1629013223.911646843 6.085178227841496 2.83784521498371 0.0 0.0 0.0 -0.3580980070866075 0.9336840029263648
1629013223.711259842 5.918732475103556 2.8673831111344974 0.0 0.0 0.0 -0.3990804602360946 0.9169159101344828
1629013224.012077093 5.919304885503858 2.8681404227120875 0.0 0.0 0.0 -0.39908047905331345 0.9169159019444356
1629013224.012077093 5.918242487208466 2.868080344928735 0.0 0.0 0.0 -0.39908050609286544 0.9169158901756815
1629013224.212237358 5.91790655482084 2.868377781282012 0.0 0.0 0.0 -0.3990805308356407 0.9169158794065807
1629013224.212237358 5.917212385300494 2.8698312717809924 0.0 0.0 0.0 -0.3990805671342415 0.9169158636078951
1629013224.212237358 5.918007717241196 2.869065557412614 0.0 0.0 0.0 -0.39908053815451117 0.916915876221099
1629013224.212237358 5.91825751184773 2.868471048057167 0.0 0.0 0.0 -0.399080505602138 0.9169158903892668
1629013224.212237358 5.918467537353247 2.867209980636417 0.0 0.0 0.0 -0.3990805044589709 0.9169158908868213
1629013224.813429356 5.917593986309056 2.8667812783270423 0.0 0.0 0.0 -0.3990805255623847 0.9169158817017244
1629013224.813429356 5.916565390036134 2.8662345378541394 0.0 0.0 0.0 -0.3990805593216221 0.9169158670082775
1629013224.813429356 5.917167256138174 2.8658068312535003 0.0 0.0 0.0 -0.3990805216254005 0.9169158834152663
1629013224.813429356 5.9168265559180115 2.8663994070370946 0.0 0.0 0.0 -0.3990805719957359 0.9169158614919671
1629013225.014685154 5.91708271321054 2.866090616318432 0.0 0.0 0.0 -0.3990806286112145 0.9169158368505137
1629013232.628664970 5.917530273483826 2.8655976000802856 0.0 0.0 0.0 -0.3990806199006883 0.9169158406417038
1629013233.730814695 5.9179625617754095 2.865961701315135 0.0 0.0 0.0 -0.3990805876845459 0.9169158546635332
1629013223.911646843 5.802174777053659 2.93197471638648 0.0 0.0 0.0 -0.4367020463204808 0.8996062042580101
1629013224.012077093 5.764555414719748 2.9908824606017212 0.0 0.0 0.0 -0.4563525049123101 0.8897990735330421
1629013224.212237358 5.698881274956052 3.0542477357549838 0.0 0.0 0.0 -0.4917146145707911 0.8707564170406661
1629013224.813429356 5.50874195984566 3.2404905487722098 0.0 0.0 0.0 -0.4957596173942762 0.8684597870719639
1629013225.014685154 5.4230678657868285 3.373212854091426 0.0 0.0 0.0 -0.475045698841818 0.8799611264208713
1629013225.114006281 5.378841642976217 3.4379464306737737 0.0 0.0 0.0 -0.4630451566442586 0.8863346901189719
1629013225.314388275 5.296994053769889 3.5373958886869192 0.0 0.0 0.0 -0.435929325963041 0.8999809013336942
1629013225.514781952 5.1975056267878905 3.654914934578023 0.0 0.0 0.0 -0.40699224779379495 0.9134316122380232
1629013225.614995480 5.149827313407613 3.706343579157626 0.0 0.0 0.0 -0.3916074071644098 0.920132402784495
1629013225.715173721 5.10389674712235 3.744618650915643 0.0 0.0 0.0 -0.37414035226271164 0.9273720918858481
1629013225.816148996 5.051930957799794 3.7791066461389313 0.0 0.0 0.0 -0.3581137368540939 0.933677969899899
1629013234.632601976 4.327194336936485 2.907953559475292 0.0 0.0 0.0 0.7447195951638228 0.6673774978069248
1629013234.632601976 4.328075076819853 2.907038200331064 0.0 0.0 0.0 0.744719587102814 0.6673775068021203
1629013234.632601976 4.328247663106823 2.9070039353310664 0.0 0.0 0.0 0.7447195494285241 0.6673775488424645
1629013234.632601976 4.3289847502824825 2.9069630803230946 0.0 0.0 0.0 0.744719530586762 0.667377569867787
1629013234.632601976 4.328660661871062 2.9062249160352893 0.0 0.0 0.0 0.7447195155772574 0.6673775866167331
1629013235.033603668 4.329286736499738 2.9062620872651737 0.0 0.0 0.0 0.744719513334306 0.6673775891196186
1629013235.033603668 4.34558691530735 2.7728032384716115 0.0 0.0 0.0 0.7349328204762959 0.6781399187385716
1629013235.133549213 4.345232372598458 2.772104865655344 0.0 0.0 0.0 0.7349328496630883 0.6781398871074408
1629013235.133549213 4.3496077873576375 2.74308353423965 0.0 0.0 0.0 0.730568742283263 0.6828391558768809
1629013235.133549213 4.350002880491137 2.743960617278324 0.0 0.0 0.0 0.7305687609479077 0.6828391359076008
1629013235.133549213 4.349329493219696 2.7434089071938836 0.0 0.0 0.0 0.7305687806602357 0.6828391148174044
1629013235.534484386 4.349629043553928 2.743844382072662 0.0 0.0 0.0 0.7305687856921217 0.6828391094337953
1629013235.534484386 4.349192272965895 2.744203089899445 0.0 0.0 0.0 0.7305687480676545 0.6828391496881677
1629013235.534484386 4.3498994142801415 2.744681875843408 0.0 0.0 0.0 0.7305686928531046 0.6828392087621405
1629013235.534484386 4.364424182004846 2.5673781065559758 0.0 0.0 0.0 0.7069890513339973 0.7072244914409105
1629013235.534484386 4.364816563872358 2.5660886874192754 0.0 0.0 0.0 0.7069890547323829 0.7072244880436562
1629013235.534484386 4.364255775450032 2.5657634900648394 0.0 0.0 0.0 0.7069890625903379 0.7072244801883171
1629013236.035361052 4.365627697195696 2.5652586889200832 0.0 0.0 0.0 0.706989057342083 0.707224485434825
1629013236.035361052 4.365242181319788 2.5663499937684313 0.0 0.0 0.0 0.7069890372601447 0.7072245055100775
1629013236.035361052 4.361833670249623 2.2896113654332337 0.0 0.0 0.0 0.658312081604408 0.7527451117168886
1629013236.035361052 4.361787114432425 2.2900055815973768 0.0 0.0 0.0 0.658312063927515 0.752745127176188
1629013236.335923672 4.362314261477605 2.2896707099801614 0.0 0.0 0.0 0.6583120495601751 0.7527451397411221
1629013236.335923672 4.363500588904128 2.2888084638389206 0.0 0.0 0.0 0.6583120355702612 0.7527451519759787
1629013236.335923672 4.363840594251783 2.2887505442702114 0.0 0.0 0.0 0.6583119916974418 0.7527451903448784
1629013236.335923672 4.346168119905507 2.0884763909309734 0.0 0.0 0.0 0.6223859658440456 0.7827104889551273
1629013236.536616802 4.34600073995968 2.0886524866110863 0.0 0.0 0.0 0.6223860438370549 0.7827104269376125
1629013236.536616802 4.317245638562313 1.9533370470812097 0.0 0.0 0.0 0.5971730373171263 0.8021124381914534
1629013236.736684799 4.317427146045888 1.9533034905846993 0.0 0.0 0.0 0.597173077742793 0.8021124080945264
1629013236.736684799 4.316205636625295 1.9531869589733624 0.0 0.0 0.0 0.5971730336737802 0.8021124409039261
1629013236.736684799 4.2778022453314035 1.8269950249697087 0.0 0.0 0.0 0.5701934534617237 0.8215104537553939
1629013236.736684799 4.278106450464786 1.8256678402014532 0.0 0.0 0.0 0.5701934590660946 0.8215104498655157
1629013237.037281513 4.277206042181677 1.823935749387201 0.0 0.0 0.0 0.5701934432222951 0.8215104608623698
1629013237.137472868 4.277785811920258 1.8236736167682912 0.0 0.0 0.0 0.5701934255367684 0.8215104731375283
1629013237.037281513 4.225882198737226 1.630870381972684 0.0 0.0 0.0 0.5293647570751884 0.8483943387168061
1629013237.137472868 4.2253066279121105 1.6306425188551763 0.0 0.0 0.0 0.5293647593705204 0.8483943372846091
1629013237.237663746 4.226380164544897 1.6292310315734402 0.0 0.0 0.0 0.5293647554408033 0.8483943397365983
1629013237.137472868 4.20319251747312 1.550258415600232 0.0 0.0 0.0 0.5172290719573708 0.8558469998323982
1629013237.337888718 4.202370242374014 1.5484107784698908 0.0 0.0 0.0 0.5172290713592119 0.855847000193894
1629013237.237663746 4.170459370228059 1.4983516393045997 0.0 0.0 0.0 0.5083204155311268 0.8611680179583207
1629013237.337888718 4.170783523207891 1.4977061907158438 0.0 0.0 0.0 0.508320456150712 0.861167993981855
1629013237.337888718 4.136023578562915 1.4583357894107334 0.0 0.0 0.0 0.5051668006871448 0.8630217282800674
1629013237.337888718 4.135895934761779 1.4585766756929872 0.0 0.0 0.0 0.5051668224301928 0.8630217155528487
1629013237.738643646 4.137534623755308 1.458939045219709 0.0 0.0 0.0 0.5051668602666536 0.863021693405404
1629013237.738643646 4.137874431466088 1.4600915145049989 0.0 0.0 0.0 0.5051668118644468 0.863021721737472
1629013237.738643646 4.138164916128143 1.4607588070634534 0.0 0.0 0.0 0.5051668232092198 0.8630217150968479
1629013237.738643646 3.991329269383442 1.29156676486103 0.0 0.0 0.0 0.5295210685742051 0.8482967864704145
1629013237.738643646 3.990874438868169 1.291765004134371 0.0 0.0 0.0 0.5295210727865018 0.8482967838410282
1629013237.738643646 3.990164292997331 1.2912917882501276 0.0 0.0 0.0 0.5295210345089455 0.8482968077345194
1629013238.239623070 3.9896387100406034 1.292852535705474 0.0 0.0 0.0 0.5295210304459403 0.848296810270715
1629013238.239623070 3.98984377905706 1.2924552666960158 0.0 0.0 0.0 0.5295210475749845 0.8482967995784795
1629013238.239623070 3.8333268760068173 1.1174313013659112 0.0 0.0 0.0 0.5943122669468993 0.8042343746423908
1629013238.239623070 3.8340076199837094 1.1170415691701923 0.0 0.0 0.0 0.5943122579289825 0.8042343813064414
1629013238.441780090 3.834342369234896 1.117203832911082 0.0 0.0 0.0 0.5943122624872228 0.8042343779379979
1629013238.441780090 3.7991670879426556 1.0015160915134742 0.0 0.0 0.0 0.6275582349510003 0.7785696254961306
1629013238.640418053 3.7981381027470285 1.0017223579453143 0.0 0.0 0.0 0.627558239394597 0.778569621914414
1629013238.640418053 3.7979052598814405 1.0033803845682276 0.0 0.0 0.0 0.6275582455756926 0.7785696169322038
1629013238.640418053 3.798134431654151 1.0035309653648614 0.0 0.0 0.0 0.627558238945153 0.7785696222766839
1629013238.640418053 3.7761840160109803 0.874426758724685 0.0 0.0 0.0 0.660615018409339 0.7507248480315732
1629013238.941011429 3.7757924688814173 0.8746778024238661 0.0 0.0 0.0 0.6606150266338185 0.7507248407942815
1629013239.041179180 3.775792056200575 0.8728760867136767 0.0 0.0 0.0 0.6606149976681035 0.7507248662832287
1629013239.141399860 3.7756644937057797 0.8727043559505986 0.0 0.0 0.0 0.660614979896067 0.7507248819220788
1629013238.941011429 3.7563103373601137 0.6713827320604083 0.0 0.0 0.0 0.7107513020639898 0.7034433783996713
1629013239.141399860 3.755484160331912 0.6713251076022563 0.0 0.0 0.0 0.7107512847202989 0.7034433959235417
1629013239.041179180 3.758187778012119 0.5954580043983669 0.0 0.0 0.0 0.7267942939886657 0.6868551915982851
1629013239.141399860 3.758012410160174 0.5955196451981851 0.0 0.0 0.0 0.7267942776404674 0.6868552088970944
1629013239.141399860 3.763714244966823 0.5295242122524261 0.0 0.0 0.0 0.742723003349879 0.6695987905417211
1629013239.141399860 3.7632052008249524 0.5289223611990329 0.0 0.0 0.0 0.7427229925063888 0.6695988025693853
1629013239.542208195 3.7624040957872658 0.528963504566769 0.0 0.0 0.0 0.7427229897044157 0.6695988056773506
1629013239.542208195 3.7632852777256356 0.527446760736684 0.0 0.0 0.0 0.7427229991130291 0.6695987952412604
1629013239.542208195 3.7786431111188326 0.38270029391636506 0.0 0.0 0.0 0.799280560115254 0.6009580569572605
1629013239.542208195 3.779682521500171 0.3840308893028732 0.0 0.0 0.0 0.7992805880995043 0.6009580197379103
1629013239.542208195 3.7793243902912215 0.38374359292058713 0.0 0.0 0.0 0.799280590766837 0.6009580161903292
1629013239.942944527 3.7788356886541337 0.384269503719353 0.0 0.0 0.0 0.7992806179402728 0.6009579800493673
1629013240.043147087 3.778919695055906 0.3835070936702223 0.0 0.0 0.0 0.7992805896673671 0.6009580176526359
1629013239.942944527 3.85864634893263 0.16582168894555124 0.0 0.0 0.0 0.8553413654000198 0.5180648112308244
1629013240.143421173 3.858562030455936 0.16573622049318712 0.0 0.0 0.0 0.8553413379214893 0.5180648565987435
1629013240.043147087 3.901603851643401 -0.013813235288460913 0.0 0.0 0.0 0.8702445772951866 0.4926199099593134
1629013240.143421173 3.902203799936703 -0.013684124950555224 0.0 0.0 0.0 0.8702445857545846 0.4926198950152454
1629013240.143421173 3.942141627139281 -0.0741071656468283 0.0 0.0 0.0 0.8812809615959087 0.47259270702010464
1629013240.143421173 3.94238448065272 -0.07388651739148903 0.0 0.0 0.0 0.8812809694918025 0.47259269229600737
1629013240.443916321 3.941942883047599 -0.07396990001876076 0.0 0.0 0.0 0.8812809780586308 0.4725926763207646
1629013240.544137478 3.9416745787091103 -0.07440626105660553 0.0 0.0 0.0 0.8812809745202843 0.4725926829189996
1629013240.443916321 4.060701949478701 -0.20808707600692383 0.0 0.0 0.0 0.9046912075300706 0.4260678572924538
1629013240.644346952 4.060396514972974 -0.2077534689967962 0.0 0.0 0.0 0.9046912107429402 0.4260678504704067
1629013240.544137478 4.108991122251341 -0.2736847731221178 0.0 0.0 0.0 0.9081138328863021 0.41872337708868057
1629013240.644346952 4.1094345157739305 -0.2749796217841904 0.0 0.0 0.0 0.9081138418056125 0.41872335774476577
1629013240.644346952 4.159529423757107 -0.3123491966223206 0.0 0.0 0.0 0.9101015181294695 0.4143853601400934
1629013240.644346952 4.159688901832031 -0.31242173688400715 0.0 0.0 0.0 0.9101015339730305 0.4143853253433774
1629013240.644346952 4.159732963382933 -0.31191757722963936 0.0 0.0 0.0 0.9101015245183245 0.4143853461084521
1629013241.045111418 4.160480295224714 -0.3119688758001081 0.0 0.0 0.0 0.9101015243179644 0.4143853465484966
1629013241.045111418 4.160552508254038 -0.31194653543012757 0.0 0.0 0.0 0.9101015240778921 0.4143853470757598
1629013241.045111418 4.345340856537636 -0.43407509727886917 0.0 0.0 0.0 0.9049030490703363 0.4256177531344394
1629013241.245482445 4.345679426178393 -0.43441204665246436 0.0 0.0 0.0 0.9049030796205481 0.42561768818183304
1629013241.245482445 4.344681924287125 -0.4336915048691526 0.0 0.0 0.0 0.9049030550273832 0.4256177404692016
1629013241.245482445 4.435016447458802 -0.5248220916059116 0.0 0.0 0.0 0.8933635676706626 0.4493345479247566
1629013241.245482445 4.436122357766572 -0.5246150204183841 0.0 0.0 0.0 0.8933635461553867 0.4493345907012638
1629013241.245482445 4.435338825810959 -0.524096136602137 0.0 0.0 0.0 0.8933635430236626 0.4493345969277333
1629013241.646275520 4.435941934350478 -0.5247528112589698 0.0 0.0 0.0 0.8933635311524951 0.44933462052989526
1629013241.646275520 4.608110203279841 -0.7019129247736235 0.0 0.0 0.0 0.8644938246013929 0.5026434394539095
1629013241.746649981 4.60857689549752 -0.7021535651239971 0.0 0.0 0.0 0.8644938302751277 0.5026434296956827
1629013241.746649981 4.6431096140354615 -0.7805774111573097 0.0 0.0 0.0 0.8563605523459897 0.516378353908906
1629013241.846660614 4.641537495062073 -0.7794239312805666 0.0 0.0 0.0 0.8563605647536727 0.5163783333320353
1629013241.846660614 4.641959038167695 -0.7789182278541547 0.0 0.0 0.0 0.8563605623434827 0.5163783373290888
1629013241.846660614 4.671249557566481 -0.8030048393955119 0.0 0.0 0.0 0.8474139108034163 0.5309328241659764
1629013241.846660614 4.672043951034695 -0.8033621019133824 0.0 0.0 0.0 0.8474139125622613 0.5309328213587102
1629013241.846660614 4.671720522687987 -0.8027763085175106 0.0 0.0 0.0 0.8474139311355934 0.5309327917140925
1629013242.247446537 4.672569621255121 -0.8034561086673655 0.0 0.0 0.0 0.8474139333013102 0.530932788257424
1629013242.247446537 4.762352988407444 -0.9011238888446941 0.0 0.0 0.0 0.8087882702700719 0.5880999352776236
1629013242.347635746 4.762897225159875 -0.9013482798256187 0.0 0.0 0.0 0.8087882544689426 0.5880999570082291
1629013242.347635746 4.763836945242329 -0.9017143400258862 0.0 0.0 0.0 0.8087882801128786 0.5880999217412393
1629013242.347635746 4.764640185313342 -0.9016203039107975 0.0 0.0 0.0 0.8087882770861757 0.5880999259037323
1629013242.347635746 4.764525740008836 -0.901824420718087 0.0 0.0 0.0 0.8087882888046838 0.5880999097877769
1629013242.748418331 4.7651111696937205 -0.9030009296266274 0.0 0.0 0.0 0.8087883009409249 0.5880998930973308
1629013242.748418331 4.764535331960304 -0.9031516509908984 0.0 0.0 0.0 0.8087882857460822 0.5880999139941391
1629013242.948856115 4.7631956369962545 -0.9024926846845543 0.0 0.0 0.0 0.8087882755507747 0.5880999280153026
1629013243.049047709 4.763391751063245 -0.9015192490135499 0.0 0.0 0.0 0.8087882673707041 0.588099939264998
1629013243.049047709 4.7644600098633925 -0.901649714933322 0.0 0.0 0.0 0.8087882623351255 0.5880999461902103
1629013243.049047709 4.763909994472836 -0.9019785632024434 0.0 0.0 0.0 0.8087882664764531 0.5880999404948227
1629013243.049047709 4.764166985623695 -0.9018370958350513 0.0 0.0 0.0 0.8087883002588752 0.5880998940353243
1629013243.049047709 4.763290792850109 -0.9015708319292314 0.0 0.0 0.0 0.8087882840625837 0.5880999163093814
1629013244.551958561 4.763237037374373 -0.9018323766691536 0.0 0.0 0.0 0.8087883089056741 0.5880998821437562
1629013244.752338409 4.7643735322229 -0.9010509565125236 0.0 0.0 0.0 0.8087883279678867 0.5880998559283196
1629013244.752338409 4.765204670928655 -0.9014673204689019 0.0 0.0 0.0 0.8087883307982993 0.5880998520357754
1629013244.752338409 4.764526294203724 -0.9014843372112191 0.0 0.0 0.0 0.8087883532900536 0.5880998211038356
1629013242.347635746 4.787065537218256 -0.9461056433444446 0.0 0.0 0.0 0.7982823951549217 0.6022833366329516
1629013242.748418331 4.829447084867014 -1.0140811899625308 0.0 0.0 0.0 0.7693355692333964 0.638844880947109
1629013242.948856115 4.8532615910108605 -1.0378341146798342 0.0 0.0 0.0 0.7740273462115278 0.6331521675843333
1629013243.049047709 4.8552316655344105 -1.0418727829038863 0.0 0.0 0.0 0.7780703905126165 0.6281770987608069
1629013243.550235271 4.890723513560948 -1.0483565651556095 0.0 0.0 0.0 0.8107010836089397 0.5854602915956735
1629013243.750394821 4.92665419151729 -1.0682159086114396 0.0 0.0 0.0 0.8257158486913098 0.5640862852613863
1629013243.850748301 4.945805398850488 -1.0768829315376809 0.0 0.0 0.0 0.8330097676650162 0.55325828233717
1629013244.051008224 4.982693367098565 -1.0844988531380948 0.0 0.0 0.0 0.8463959610150938 0.5325541072767496
1629013244.351556540 5.0569752697020665 -1.1331326573225087 0.0 0.0 0.0 0.863239738796225 0.5047941693037127
1629013244.551958561 5.118525026049595 -1.2032185945030789 0.0 0.0 0.0 0.8702339423951627 0.49263869671735344
1629013244.752338409 5.190669758041559 -1.2903889949728797 0.0 0.0 0.0 0.8753377940348853 0.4835118885137579
1629013245.052947521 5.191077776477969 -1.2906467690621668 0.0 0.0 0.0 0.8753377903673516 0.48351189515336895
1629013245.052947521 5.1908154807210645 -1.2898404643028252 0.0 0.0 0.0 0.8753377726081412 0.483511927304196
1629013245.052947521 5.289753793369596 -1.4045409921958636 0.0 0.0 0.0 0.8810404590168789 0.4730409174430129
1629013245.253318071 5.290056009896403 -1.4051041326790614 0.0 0.0 0.0 0.881040466539692 0.47304090343174526
1629013245.253318071 5.29062410201839 -1.405883101847311 0.0 0.0 0.0 0.8810404580357213 0.4730409192704226
1629013245.253318071 5.363554908189375 -1.473822637480247 0.0 0.0 0.0 0.8839055302054123 0.4676654933521277
1629013245.253318071 5.363599564651934 -1.47369291436665 0.0 0.0 0.0 0.8839055155535923 0.4676655210446225
1629013245.654092550 5.361986475538331 -1.4743199719848965 0.0 0.0 0.0 0.8839055040141982 0.4676655428545129
1629013245.654092550 5.3631600763947 -1.474207060354516 0.0 0.0 0.0 0.8839054990137621 0.4676655523055255
1629013245.654092550 5.490840257685036 -1.6011688104320019 0.0 0.0 0.0 0.8837249132804185 0.4680067068403154
1629013245.654092550 5.491276414946897 -1.6005537190180485 0.0 0.0 0.0 0.8837249099261025 0.4680067131741829
1629013245.858057976 5.491848774319193 -1.5993685455277518 0.0 0.0 0.0 0.8837249271288621 0.468006680690658
1629013245.858057976 5.492125830789016 -1.5978998405905238 0.0 0.0 0.0 0.8837249208539175 0.4680066925394734
1629013245.858057976 5.557575059963649 -1.666713266324352 0.0 0.0 0.0 0.8821617600807393 0.470946524619571
1629013245.954675913 5.557211892580702 -1.6671882934904543 0.0 0.0 0.0 0.8821617330385714 0.4709465752740797
1629013245.954675913 5.581835899218141 -1.6707101168316147 0.0 0.0 0.0 0.8813352570469493 0.47249144403469134
1629013245.954675913 5.5808960054584205 -1.6705631541848842 0.0 0.0 0.0 0.8813352591967913 0.47249144002460464
1629013245.954675913 5.580507151014515 -1.6696478722328456 0.0 0.0 0.0 0.8813352803067953 0.4724914006482472
1629013246.255266666 5.580272632820441 -1.6685766393188857 0.0 0.0 0.0 0.8813352910015241 0.47249138069943547
1629013246.255266666 5.66481836804033 -1.715691319841366 0.0 0.0 0.0 0.8789945463030923 0.47683182315091033
1629013246.255266666 5.6648178570349765 -1.716540898906834 0.0 0.0 0.0 0.8789945378380039 0.47683183875550306
1629013246.555862904 5.664638971522698 -1.7166047824072805 0.0 0.0 0.0 0.878994523340122 0.4768318654809805
1629013246.555862904 5.664134082657827 -1.71616653843035 0.0 0.0 0.0 0.8789945203825349 0.47683187093301277
1629013246.555862904 5.746137484882515 -1.796396308996759 0.0 0.0 0.0 0.8737187091633264 0.48643151343017516
1629013246.555862904 5.746387375231518 -1.7960889962886135 0.0 0.0 0.0 0.8737187012875354 0.4864315275765156
1629013246.555862904 5.747151746255884 -1.7964344337820677 0.0 0.0 0.0 0.8737186776104444 0.4864315701048363
1629013246.956682920 5.746841257135468 -1.796248373490073 0.0 0.0 0.0 0.8737187024189056 0.4864315255443708
1629013247.057110310 5.746777755354983 -1.7968329921047872 0.0 0.0 0.0 0.8737186730612694 0.48643157827597366
1629013246.956682920 5.846155664463306 -1.916671094712544 0.0 0.0 0.0 0.8543219633457974 0.5197441514293183
1629013247.157055855 5.84586038444654 -1.9160505957886904 0.0 0.0 0.0 0.8543219672853071 0.5197441449538059
1629013247.057110310 5.867201506730119 -1.932728521728402 0.0 0.0 0.0 0.8492056038141136 0.5280623471245671
1629013247.358104467 5.867177129166764 -1.932425057096119 0.0 0.0 0.0 0.849205599679527 0.5280623537736192
1629013247.157055855 5.8839436546530965 -1.9548354259606573 0.0 0.0 0.0 0.8435726566000749 0.537015058482248
1629013247.358104467 5.8838365046495795 -1.954052979084536 0.0 0.0 0.0 0.8435726770645021 0.5370150263356038
1629013247.358104467 5.918973458330807 -1.9768230739252206 0.0 0.0 0.0 0.8321944431706502 0.554483912080316
1629013247.557822704 5.919207836038205 -1.9778163804261015 0.0 0.0 0.0 0.8321944636974378 0.5544838812727868
1629013247.557822704 5.920264942822599 -1.9772576800602648 0.0 0.0 0.0 0.8321944476091243 0.5544839054188537
1629013247.557822704 5.943224019633854 -1.9809400969147681 0.0 0.0 0.0 0.8248994333786772 0.5652795103411562
1629013247.557822704 5.942381763406817 -1.9811306327670675 0.0 0.0 0.0 0.8248994280732432 0.5652795180832543
1629013247.557822704 5.942345492590884 -1.9815591846421554 0.0 0.0 0.0 0.8248994126591181 0.5652795405767326
1629013247.958601952 5.94128694750736 -1.9818317371364695 0.0 0.0 0.0 0.8248993949521924 0.5652795664160405
1629013247.958601952 5.940820294093106 -1.9812407864386052 0.0 0.0 0.0 0.8248993963622089 0.5652795643584362
1629013247.958601952 5.940231534341227 -1.9803014966954546 0.0 0.0 0.0 0.8248993973658664 0.5652795628938221
1629013248.259931803 5.9406105868662165 -1.9799662091400372 0.0 0.0 0.0 0.8248993971013217 0.5652795632798661
1629013248.359395504 5.941181259169915 -1.9799900260554963 0.0 0.0 0.0 0.8248993696932738 0.5652796032757944
1629013248.359395504 5.940133982680377 -1.9805670782872222 0.0 0.0 0.0 0.8248993571570489 0.5652796215696154
1629013248.459567547 5.940467464612676 -1.98017008830136 0.0 0.0 0.0 0.8248993455349581 0.5652796385294607
1629013248.559775829 5.9402345798928975 -1.9802510050980475 0.0 0.0 0.0 0.8248993497462993 0.5652796323839491
1629013248.559775829 5.93994304803014 -1.979902217590189 0.0 0.0 0.0 0.8248993283458438 0.5652796636131321
1629013248.559775829 5.940994755822758 -1.9802642317723171 0.0 0.0 0.0 0.8248993616688904 0.5652796149855902
1629013248.960558414 5.940002318054159 -1.9803407254788021 0.0 0.0 0.0 0.8248993526524316 0.5652796281430981
1629013250.864261150 5.940682500765812 -1.9804725065314535 0.0 0.0 0.0 0.8248993378443225 0.5652796497522252
1629013247.958601952 5.9819192706003905 -1.995555205675215 0.0 0.0 0.0 0.8333236683403179 0.5527853686412438
1629013248.259931803 6.022439787093696 -2.0202297305806955 0.0 0.0 0.0 0.8472579734971066 0.5311816321613315
1629013248.359395504 6.0320236941048115 -2.023394057049135 0.0 0.0 0.0 0.8531533195593157 0.5216602470237887
1629013248.459567547 6.044136112344584 -2.024897597990374 0.0 0.0 0.0 0.8585168095617948 0.5127854207169281
1629013248.559775829 6.06097819358881 -2.0238361497293895 0.0 0.0 0.0 0.8643840093701166 0.5028322626336165
1629013248.960558414 6.127805660130391 -2.031937064496349 0.0 0.0 0.0 0.8866229660774275 0.46249293618828907
1629013249.261137486 6.181379525927039 -2.0380108033003834 0.0 0.0 0.0 0.9037516835276554 0.4280571159564206
1629013249.461553097 6.228661187094296 -2.039981053658806 0.0 0.0 0.0 0.9143351329425963 0.4049583492988442
1629013249.661929369 6.286827611349737 -2.0954699702363517 0.0 0.0 0.0 0.9237895146790882 0.38290068238248776
1629013250.263106346 6.469346886170318 -2.2791353261535408 0.0 0.0 0.0 0.9216685440522815 0.38797821447157016
1629013250.363283634 6.505070709950085 -2.3276335264941395 0.0 0.0 0.0 0.918845886524367 0.39461656936480755
1629013250.864261150 6.505198445950544 -2.3270732276298123 0.0 0.0 0.0 0.9188458999013014 0.3946165382172517
1629013250.864261150 6.505205491711152 -2.327399548385748 0.0 0.0 0.0 0.9188459003004386 0.39461653728787965
1629013251.365235329 6.505678688635894 -2.3275283739797965 0.0 0.0 0.0 0.9188459016176715 0.3946165342207652
1629013251.465437651 6.505965856262778 -2.3273458088165375 0.0 0.0 0.0 0.9188458971706362 0.39461654457547585
1629013251.365235329 6.788326407123589 -2.49212672166866 0.0 0.0 0.0 0.900337516164106 0.43519232183880296
1629013251.565629005 6.787952412774236 -2.4927507083928027 0.0 0.0 0.0 0.9003375345641229 0.43519228377235375
1629013251.465437651 6.810441442211655 -2.5132621772687007 0.0 0.0 0.0 0.8991753107518946 0.43758857450147587
1629013251.565629005 6.809748864430915 -2.5133483489474706 0.0 0.0 0.0 0.8991753135458062 0.4375885687604295
1629013251.565629005 6.833921842850084 -2.5211906200644125 0.0 0.0 0.0 0.8979373461687404 0.4401233035814391
1629013251.565629005 6.8327309552581745 -2.519684219626131 0.0 0.0 0.0 0.8979373670039128 0.4401232610736228
1629013251.565629005 6.83373911691315 -2.520240590807397 0.0 0.0 0.0 0.8979373651985992 0.440123264756815
1629013251.565629005 6.834216921861549 -2.5208497209554426 0.0 0.0 0.0 0.8979373527417405 0.4401232901712373
1629013251.565629005 6.835759856230319 -2.5213134732197306 0.0 0.0 0.0 0.897937339771735 0.4401233166325772
1629013252.166831970 6.836238846293439 -2.5214126712322673 0.0 0.0 0.0 0.8979373481302716 0.4401232995795332
1629013252.166831970 6.8378394469110315 -2.5212057573923596 0.0 0.0 0.0 0.8979373435663406 0.44012330889084217
1629013252.166831970 6.996502720824912 -2.6441820952731194 0.0 0.0 0.0 0.8906582129677528 0.45467345169152884
1629013252.367221832 6.996792086710459 -2.6432815373404313 0.0 0.0 0.0 0.8906582189391467 0.4546734399941864
1629013252.467393875 6.9959486988460196 -2.6424930138335148 0.0 0.0 0.0 0.8906582037161609 0.4546734698144391
1629013252.367221832 7.056632970276519 -2.701189357740275 0.0 0.0 0.0 0.887930135121874 0.4599783420362861
1629013252.567692995 7.055742294065643 -2.701372883375161 0.0 0.0 0.0 0.8879301358272782 0.45997834067459226
1629013252.467393875 7.0742266082693295 -2.702629133868941 0.0 0.0 0.0 0.8865530819323447 0.4626268830453558
1629013252.667804718 7.073036966186551 -2.7031293152486437 0.0 0.0 0.0 0.8865530835476326 0.46262687994990553
1629013252.567692995 7.088548235260584 -2.704706066716033 0.0 0.0 0.0 0.8851728023062798 0.4652624098906419
1629013252.667804718 7.088834865221271 -2.704534653561657 0.0 0.0 0.0 0.8851727959039115 0.4652624220712997
1629013252.667804718 7.108000691171651 -2.7080783062388956 0.0 0.0 0.0 0.8840602422891802 0.467372964562132
1629013252.868175983 7.107568375311019 -2.7075855666362734 0.0 0.0 0.0 0.8840602533718773 0.4673729435986341
1629013252.868175983 7.106424278524194 -2.707598048878542 0.0 0.0 0.0 0.8840602377087821 0.467372973226193
1629013252.868175983 7.153472230197925 -2.7481725077470887 0.0 0.0 0.0 0.8815861154657033 0.4720232208462753
1629013253.068570137 7.15292782660613 -2.749364424322837 0.0 0.0 0.0 0.8815861115803124 0.47202322810292385
1629013253.168779850 7.153210726173005 -2.7485877804403684 0.0 0.0 0.0 0.881586103849479 0.4720232425416101
1629013253.068570137 7.188457901589299 -2.752098035672902 0.0 0.0 0.0 0.8791351503629767 0.47657254158865087
1629013253.168779850 7.1886089859697755 -2.7519558274862543 0.0 0.0 0.0 0.879135174808059 0.47657249649471334
1629013253.168779850 7.205797648985469 -2.762157949395968 0.0 0.0 0.0 0.8775958396970629 0.4794012329421014
1629013253.168779850 7.205899907514605 -2.7628449263952057 0.0 0.0 0.0 0.8775958445362133 0.47940122408351293
1629013253.168779850 7.205755983122674 -2.763738586971386 0.0 0.0 0.0 0.877595866022122 0.47940118475122856
1629013253.168779850 7.206959844536478 -2.7640975440086946 0.0 0.0 0.0 0.8775958771440341 0.4794011643913618
1629013253.769940376 7.207011499343062 -2.764743911703094 0.0 0.0 0.0 0.8775958791897678 0.47940116064642413
1629013253.769940376 7.206551712297866 -2.7650400415174983 0.0 0.0 0.0 0.8775958775077389 0.47940116372556063
1629013253.769940376 7.324367651657818 -2.8244984880669777 0.0 0.0 0.0 0.8699134413592443 0.49320442469884296
1629013253.970323563 7.32396862860553 -2.8243701929580087 0.0 0.0 0.0 0.8699134256522371 0.49320445240284466
1629013254.070553541 7.325281744807186 -2.824784483130772 0.0 0.0 0.0 0.8699134162752387 0.49320446894198283
1629013253.970323563 7.363858134587701 -2.848438040873148 0.0 0.0 0.0 0.8677208248773148 0.49705187865476613
1629013254.170717239 7.362496235064516 -2.8482054965121213 0.0 0.0 0.0 0.8677208344264661 0.49705186198447887
1629013254.070553541 7.3728845486675025 -2.852800477610669 0.0 0.0 0.0 0.8665293669031314 0.49912609258028
1629013254.170717239 7.373236773313492 -2.8532713329141264 0.0 0.0 0.0 0.8665293613498857 0.49912610222123155
1629013254.170717239 7.3873390763563656 -2.852931844896756 0.0 0.0 0.0 0.8653613629939071 0.5011483926316908
1629013254.170717239 7.386553417829091 -2.8530545310312863 0.0 0.0 0.0 0.8653613682287064 0.5011483835924658
1629013254.170717239 7.387117990145734 -2.853443660677186 0.0 0.0 0.0 0.865361359289539 0.5011483990282334
1629013254.170717239 7.38737232377132 -2.852916076970987 0.0 0.0 0.0 0.8653613370358011 0.5011484374550227
1629013254.170717239 7.386772619281617 -2.853811027394664 0.0 0.0 0.0 0.8653613593440311 0.5011483989341387
1629013254.771917343 7.387087593845222 -2.8527546257843013 0.0 0.0 0.0 0.8653613914308141 0.5011483435280668
1629013254.771917343 7.389494805256649 -2.853478545817247 0.0 0.0 0.0 0.8653613774619822 0.5011483676488439
1629013254.972341061 7.390115441082681 -2.8536578412878617 0.0 0.0 0.0 0.8653613519070065 0.5011484117760707
1629013254.972341061 7.390232063020842 -2.8532017142935 0.0 0.0 0.0 0.8653613598499799 0.5011483980604883
1629013254.972341061 7.389818291294495 -2.85291851238676 0.0 0.0 0.0 0.8653613790823712 0.5011483648508261
1629013254.771917343 7.499628948203073 -2.909379625145044 0.0 0.0 0.0 0.8584026305944232 0.5129765333702645
1629013254.972341061 7.533789312045545 -2.9496857624878565 0.0 0.0 0.0 0.856575866322773 0.5160211092904929
1629013254.972341061 7.533629179954227 -2.9494704219948376 0.0 0.0 0.0 0.8565758479391989 0.5160211398065415
1629013254.972341061 7.53449616302805 -2.950931429525339 0.0 0.0 0.0 0.8565758613210053 0.5160211175932414
1629013255.573482752 7.534935954749871 -2.9503716709190595 0.0 0.0 0.0 0.8565758590738276 0.5160211213234727
1629013255.573482752 7.53559641236794 -2.951133793375022 0.0 0.0 0.0 0.8565758317338389 0.5160211667068338
1629013255.573482752 7.534887272373225 -2.952341834166081 0.0 0.0 0.0 0.8565758417264011 0.5160211501195541
1629013255.573482752 7.535258365765557 -2.9522134447092307 0.0 0.0 0.0 0.8565758314888382 0.516021167113526
1629013255.974318027 7.535263017353086 -2.9531704567050014 0.0 0.0 0.0 0.8565758409796833 0.5160211513590778
1629013256.074461937 7.535865869104775 -2.9533171647692864 0.0 0.0 0.0 0.8565758291147656 0.5160211710543976
1629013256.074461937 7.53689592873748 -2.9521470104808096 0.0 0.0 0.0 0.8565758221905236 0.5160211825483798
1629013256.174642801 7.537458879074007 -2.9519202287088127 0.0 0.0 0.0 0.8565758205609352 0.5160211852534357
1629013256.174642801 7.536948888544903 -2.9519627328314866 0.0 0.0 0.0 0.8565758294015334 0.5160211705783738
1629013256.174642801 7.536765148106558 -2.952407570640349 0.0 0.0 0.0 0.8565758342309112 0.5160211625617873
1629013256.876011133 7.536396834829347 -2.951540329578284 0.0 0.0 0.0 0.8565758235983232 0.5160211802114854
1629013255.573482752 7.604069712252763 -3.023856252393802 0.0 0.0 0.0 0.8573514404551668 0.5147314907303133
1629013255.974318027 7.617352073854145 -3.0293714440519963 0.0 0.0 0.0 0.858541336177549 0.5127443554779212
1629013256.074461937 7.616642079363063 -3.02777616144373 0.0 0.0 0.0 0.8587580813437357 0.5123812620762258
1629013256.174642801 7.616250292153524 -3.027274550005128 0.0 0.0 0.0 0.8584389935201173 0.5129156796240176
1629013256.876011133 7.616316966165117 -3.0264136648356157 0.0 0.0 0.0 0.8584389902191489 0.5129156851486684
1629013256.876011133 7.610250673531757 -3.026393163721845 0.0 0.0 0.0 0.8576215371329486 0.5142813423076114
1629013257.076419830 7.610428657160056 -3.027323224118684 0.0 0.0 0.0 0.8576215206666645 0.5142813697669769
1629013257.076419830 7.60819448143274 -3.026639232403548 0.0 0.0 0.0 0.857177259338414 0.5150215005930191
1629013257.276793480 7.608162765423689 -3.0265889643393806 0.0 0.0 0.0 0.8571772569217353 0.5150215046152242
1629013257.276793480 7.607688189359609 -3.0269002739020254 0.0 0.0 0.0 0.8571772413777847 0.5150215304858342
1629013257.276793480 7.602191902386102 -3.027656497804401 0.0 0.0 0.0 0.855876914363602 0.5171795698395669
1629013257.276793480 7.601952061148582 -3.0278369815115345 0.0 0.0 0.0 0.8558769450820298 0.5171795190038486
1629013257.276793480 7.601639244495207 -3.028389882602382 0.0 0.0 0.0 0.8558769488070573 0.5171795128393252
1629013257.276793480 7.601237339472988 -3.027802319791418 0.0 0.0 0.0 0.8558769530645811 0.5171795057935772
1629013257.276793480 7.602299998277472 -3.027428814979402 0.0 0.0 0.0 0.8558769454106284 0.517179518460053
1629013258.078352928 7.527334109896296 -3.030988615560202 0.0 0.0 0.0 0.8349496784455058 0.5503262981756791
1629013258.078352928 7.528876842619733 -3.031191899612369 0.0 0.0 0.0 0.8349496443661792 0.5503263498804966
1629013258.078352928 7.528776324615394 -3.031744667725918 0.0 0.0 0.0 0.8349496524672588 0.5503263375896194
1629013258.078352928 7.529110903239781 -3.0320108678894315 0.0 0.0 0.0 0.8349496632687411 0.5503263212017174
1629013258.078352928 7.529577327394184 -3.0321409343903105 0.0 0.0 0.0 0.8349496629310003 0.5503263217141345
1629013258.078352928 7.529749394562291 -3.0314278979821134 0.0 0.0 0.0 0.8349496831677986 0.5503262910110627
1629013258.579374075 7.530469231879057 -3.0315540910365493 0.0 0.0 0.0 0.8349496801766252 0.5503262955492416
1629013258.779723406 7.530137220717536 -3.03266723627832 0.0 0.0 0.0 0.8349496899828732 0.5503262806712976
1629013258.779723406 7.529636344125957 -3.0344182769864 0.0 0.0 0.0 0.834949718936776 0.5503262367427149
1629013258.779723406 7.529671483974045 -3.0340013930712604 0.0 0.0 0.0 0.8349497196980252 0.5503262355877548
1629013258.980110645 7.5297478342029605 -3.0331809299016843 0.0 0.0 0.0 0.8349497058906536 0.550326256536167
1629013258.980110645 7.528213963871597 -3.033097662854212 0.0 0.0 0.0 0.8349496938315344 0.5503262748321462
1629013258.980110645 7.527933349065173 -3.0335456419925673 0.0 0.0 0.0 0.8349497037343174 0.5503262598077395
1629013258.980110645 7.527273755829788 -3.034205874967092 0.0 0.0 0.0 0.8349496773617796 0.5503262998198978
1629013258.980110645 7.528285023493299 -3.033395176228069 0.0 0.0 0.0 0.8349496846072386 0.5503262888271582
1629013259.581286430 7.528746699558576 -3.0320605372621237 0.0 0.0 0.0 0.8349496925071261 0.5503262768415257
1629013260.683427811 7.52856715208216 -3.032184385591847 0.0 0.0 0.0 0.8349496946493336 0.5503262735913894
1629013260.783623695 7.526835760746707 -3.0315363861744125 0.0 0.0 0.0 0.8349496972342237 0.5503262696696188
1629013260.783623695 7.527360267745652 -3.032135618061644 0.0 0.0 0.0 0.8349496933518099 0.5503262755599796
1629013258.579374075 7.4636152918760885 -2.973602779338809 0.0 0.0 0.0 0.8078924917656756 0.5893298921221015
1629013258.779723406 7.427162563987909 -2.9300534044667272 0.0 0.0 0.0 0.7963058560079299 0.6048941921422936
1629013258.980110645 7.421603946539173 -2.9155587026122123 0.0 0.0 0.0 0.784731090105992 0.6198363624546898
1629013259.581286430 7.412311838523995 -2.909515415286498 0.0 0.0 0.0 0.7483487289206783 0.6633054951700651
1629013260.082254410 7.415554854659872 -2.8988994014193556 0.0 0.0 0.0 0.709262634943946 0.7049443344494448
1629013260.182537079 7.424505766491579 -2.8943067584809286 0.0 0.0 0.0 0.7008851319016748 0.7132741631933487
1629013260.382846355 7.433464247142373 -2.891196267973278 0.0 0.0 0.0 0.6836575312375811 0.7298029733990783
1629013260.683427811 7.459373832640857 -2.876658545023854 0.0 0.0 0.0 0.6560774231116037 0.7546935900637011
1629013260.783623695 7.469125972128089 -2.865301427317109 0.0 0.0 0.0 0.6464381116253715 0.7629664264161456
1629013260.783623695 7.470426238094695 -2.8649908139894498 0.0 0.0 0.0 0.6464381361941983 0.7629664055997296
1629013260.984056950 7.470732756080596 -2.864344532613419 0.0 0.0 0.0 0.6464381177872102 0.7629664211954083
1629013260.984056950 7.491655608998222 -2.803988233597685 0.0 0.0 0.0 0.6269786139190257 0.779036467495699
1629013261.184803009 7.490594696725133 -2.8047596192723847 0.0 0.0 0.0 0.6269786469516443 0.7790364409106196
1629013261.184803009 7.527909900683838 -2.688559540368382 0.0 0.0 0.0 0.6059729290742666 0.7954852665066486
1629013261.385650158 7.527392532033383 -2.68680265360316 0.0 0.0 0.0 0.605972905130797 0.795485284745948
1629013261.385650158 7.528183501918428 -2.6865032862378384 0.0 0.0 0.0 0.6059729032405885 0.7954852861858429
1629013261.385650158 7.548874576311434 -2.6471751811971007 0.0 0.0 0.0 0.5849347077667932 0.81108038297679
1629013261.485024929 7.548964213632498 -2.6466090933300994 0.0 0.0 0.0 0.5849347386889391 0.8110803606763651
1629013261.485024929 7.571063282758984 -2.634066387089539 0.0 0.0 0.0 0.5746649351689302 0.818388790421331
1629013261.485024929 7.5711042065070995 -2.6346860169995288 0.0 0.0 0.0 0.574664957581378 0.8183887746835199
1629013261.485024929 7.570571629402692 -2.634618053200155 0.0 0.0 0.0 0.5746649534131469 0.8183887776104127
1629013261.485024929 7.570515360644446 -2.6344065054218784 0.0 0.0 0.0 0.574664921626478 0.8183887999307138
1629013261.485024929 7.5716857121074685 -2.632508330929176 0.0 0.0 0.0 0.5746649193934777 0.8183888014987055
1629013262.086208582 7.571651941583729 -2.6332077199582944 0.0 0.0 0.0 0.574664925636349 0.8183887971150201
1629013262.086208582 7.571588123885221 -2.63236773527303 0.0 0.0 0.0 0.5746649478816022 0.8183887814946118
1629013262.086208582 7.696155727707415 -2.3618655245174685 0.0 0.0 0.0 0.5056508787768591 0.862738192496536
1629013262.186375856 7.695826232545499 -2.3622446274884226 0.0 0.0 0.0 0.5056508632297055 0.862738201608723
1629013262.186375856 7.721126144517389 -2.2709579496267014 0.0 0.0 0.0 0.48874873171154504 0.8724245968852301
1629013262.286608219 7.721647722232546 -2.2708915311344717 0.0 0.0 0.0 0.48874875082267005 0.8724245861788167
1629013262.286608219 7.753752528723511 -2.2067005890359987 0.0 0.0 0.0 0.4752560785905438 0.8798475207459181
1629013262.286608219 7.753251841205762 -2.207227070973182 0.0 0.0 0.0 0.4752560893962387 0.8798475149091429
1629013262.286608219 7.753833113732951 -2.206957206485171 0.0 0.0 0.0 0.47525609693411597 0.8798475108375031
1629013262.687365055 7.753732809459907 -2.2058560853441733 0.0 0.0 0.0 0.47525604808034877 0.8798475372262227
1629013262.687365055 7.75339759629946 -2.205761236302236 0.0 0.0 0.0 0.47525601977058324 0.8798475525179479
1629013262.687365055 7.900566291893631 -1.988587474167562 0.0 0.0 0.0 0.41987624150015385 0.9075813692577126
1629013262.787581205 7.901429318626556 -1.988444638070135 0.0 0.0 0.0 0.4198762624575621 0.9075813595621433
1629013262.887779713 7.902108646329991 -1.9878439489556716 0.0 0.0 0.0 0.41987623830410237 0.9075813707363085
1629013262.787581205 7.93057996794227 -1.8952264275426258 0.0 0.0 0.0 0.404579653776507 0.9145027631177949
1629013263.088128090 7.930650905554766 -1.8960834198443783 0.0 0.0 0.0 0.404579703548738 0.9145027410983607
1629013262.887779713 7.96934733491849 -1.8291259205973036 0.0 0.0 0.0 0.38966091687013005 0.9209583974664272
1629013263.088128090 7.969736695412087 -1.8293069372674808 0.0 0.0 0.0 0.3896608859849704 0.9209584105340523
1629013263.088128090 8.060421705737715 -1.7323463461694604 0.0 0.0 0.0 0.35984569897918717 0.9330118289315416
1629013263.088128090 8.060208657636984 -1.730990696146565 0.0 0.0 0.0 0.3598456884191997 0.9330118330043367
1629013263.388790369 8.060601042442675 -1.7306692551019716 0.0 0.0 0.0 0.35984570487524203 0.9330118266575405
1629013263.388790369 8.06082709532459 -1.7300878111840876 0.0 0.0 0.0 0.35984576652540373 0.9330118028801911
1629013263.388790369 8.22845178447347 -1.6167674170661597 0.0 0.0 0.0 0.3354327600075547 0.942064150423799
1629013263.589112759 8.228972969180743 -1.6172412042343194 0.0 0.0 0.0 0.33543277739510885 0.9420641442327605
1629013263.689300060 8.22972655959746 -1.6175029559994256 0.0 0.0 0.0 0.3354327793597369 0.9420641435332321
1629013263.589112759 8.340286156344776 -1.5340670521242032 0.0 0.0 0.0 0.3403368873723079 0.9403035696485094
1629013263.689300060 8.34090704425678 -1.5338733964269906 0.0 0.0 0.0 0.3403368762348496 0.9403035736796413
1629013263.689300060 8.393552453076598 -1.5008370736405956 0.0 0.0 0.0 0.34973768834480706 0.9368476660328672
1629013263.689300060 8.392836529641865 -1.5000204690430048 0.0 0.0 0.0 0.3497376914058768 0.9368476648901292
1629013263.689300060 8.392107154697953 -1.499991483035637 0.0 0.0 0.0 0.34973773643142764 0.936847648081491
1629013263.689300060 8.391383036605339 -1.5003483595876872 0.0 0.0 0.0 0.3497377441940506 0.9368476451836002
1629013263.689300060 8.39124145240065 -1.50076042463217 0.0 0.0 0.0 0.3497377603788105 0.9368476391416128
1629013264.691281557 8.390492193270395 -1.5008495960891164 0.0 0.0 0.0 0.3497377643614617 0.9368476376548359
1629013264.691281557 8.390729886251764 -1.501237983991219 0.0 0.0 0.0 0.34973775072816493 0.936847642744328
1629013264.691281557 8.422458314863654 -1.46411907206384 0.0 0.0 0.0 0.3850311590776047 0.9229035738035455
1629013264.691281557 8.423199540374776 -1.464180755743014 0.0 0.0 0.0 0.3850311618623808 0.9229035726417496
1629013264.691281557 8.42192255976253 -1.4648471149309414 0.0 0.0 0.0 0.38503121692893705 0.9229035496682315
1629013264.691281557 8.422484715745018 -1.465749460457931 0.0 0.0 0.0 0.38503121792623063 0.9229035492521651
1629013265.292447567 8.421706301546983 -1.4662256818151183 0.0 0.0 0.0 0.3850311848012714 0.9229035630717487
1629013265.292447567 8.422206001179212 -1.4665867977288924 0.0 0.0 0.0 0.3850311846355908 0.9229035631408699
1629013265.292447567 8.530814565060552 -1.3502005584600905 0.0 0.0 0.0 0.46240533879593726 0.8866686543760383
1629013265.292447567 8.529786564802963 -1.3494405868720243 0.0 0.0 0.0 0.4624053337639004 0.8866686570002889
1629013265.292447567 8.530149053501445 -1.3493244850347719 0.0 0.0 0.0 0.46240534336112515 0.8866686519952535
1629013265.292447567 8.53108293599089 -1.3481387357859198 0.0 0.0 0.0 0.46240538545885324 0.8866686300409242
1629013265.292447567 8.530534948383295 -1.3493569104136938 0.0 0.0 0.0 0.46240540398758184 0.8866686203780312
1629013265.893932343 8.53123719448333 -1.3498614649855678 0.0 0.0 0.0 0.46240543933093137 0.8866686019461659
1629013265.893932343 8.681356948498728 -1.1778298119414432 0.0 0.0 0.0 0.5795620840694365 0.8149280892870802
1629013265.893932343 8.681694178934837 -1.1777812815457893 0.0 0.0 0.0 0.5795621016133533 0.8149280768101643
1629013265.893932343 8.681152904678093 -1.177875533365945 0.0 0.0 0.0 0.5795621188021486 0.8149280645858039
1629013265.893932343 8.681961234496484 -1.1766538876547896 0.0 0.0 0.0 0.5795620879504182 0.8149280865269964
1629013265.893932343 8.68190013552488 -1.1775360741026417 0.0 0.0 0.0 0.5795620821562818 0.8149280906476811
1629013266.795362473 8.681098396103247 -1.1774523306448155 0.0 0.0 0.0 0.5795621053578139 0.8149280741471717
1629013266.795362473 8.68183741405308 -1.1761693816555492 0.0 0.0 0.0 0.5795621547372956 0.8149280390293754
1629013266.795362473 8.746101193350864 -0.8678170577054036 0.0 0.0 0.0 0.737343480349796 0.6755180175137078
1629013266.795362473 8.746530787609823 -0.867679656903181 0.0 0.0 0.0 0.737343477498989 0.6755180206254293
1629013266.996018648 8.745543521805455 -0.8683319051685467 0.0 0.0 0.0 0.7373434736809775 0.6755180247928767
1629013266.996018648 8.745250037796405 -0.8682351193662609 0.0 0.0 0.0 0.7373434803623586 0.6755180174999954
1629013266.996018648 8.779214395203192 -0.5467786556960432 0.0 0.0 0.0 0.8284542407873051 0.5600567568751669
1629013267.296465397 8.779475218581446 -0.546023121669761 0.0 0.0 0.0 0.8284542383611314 0.5600567604640423
1629013267.396602631 8.778018197022131 -0.5459475330859596 0.0 0.0 0.0 0.8284542374786902 0.5600567617693782
1629013267.296465397 8.702479136695299 -0.34087019169469696 0.0 0.0 0.0 0.8722808190420314 0.48900528906276963
1629013267.396602631 8.702740871303615 -0.34139294954477856 0.0 0.0 0.0 0.872280817368248 0.4890052920484411
1629013267.396602631 8.669898025918481 -0.265043507501302 0.0 0.0 0.0 0.8835284825971028 0.4683774337429815
1629013267.396602631 8.67058335538424 -0.26507523181449094 0.0 0.0 0.0 0.8835284827734091 0.4683774334104043
1629013267.596940279 8.66958625146904 -0.26580326195473764 0.0 0.0 0.0 0.8835284773742734 0.468377443595118
1629013267.596940279 8.669738895412747 -0.26551214119587707 0.0 0.0 0.0 0.8835284778089108 0.4683774427752357
1629013267.596940279 8.601108830816502 -0.1635655445435485 0.0 0.0 0.0 0.9048502466597291 0.42572999790927035
1629013267.596940279 8.601151150059314 -0.16503773615341266 0.0 0.0 0.0 0.9048502434153035 0.42573000480500073
1629013267.596940279 8.600792688979238 -0.16401376886953967 0.0 0.0 0.0 0.9048502607673681 0.4257299679247703
1629013267.596940279 8.600621944569141 -0.1639634445753516 0.0 0.0 0.0 0.9048502620397351 0.4257299652204703
1629013268.498708248 8.600298700579252 -0.16285142871108568 0.0 0.0 0.0 0.9048502501983611 0.42572999038823106
1629013268.498708248 8.601189165376933 -0.16476190624115394 0.0 0.0 0.0 0.9048502804444514 0.42572992610292004
1629013268.498708248 8.384587859977255 -0.04791201426731313 0.0 0.0 0.0 0.9401000034652478 0.34089878774299126
1629013268.498708248 8.383718384765338 -0.046349193638522246 0.0 0.0 0.0 0.9400999948755607 0.34089881143085654
1629013268.498708248 8.382972647237033 -0.04576242527400836 0.0 0.0 0.0 0.9400999950049601 0.3408988110740105
1629013268.498708248 8.383030718459372 -0.044898589644500636 0.0 0.0 0.0 0.9401000045310303 0.34089878480387237
1629013268.498708248 8.383331759211305 -0.04423729339492431 0.0 0.0 0.0 0.9401000112731425 0.3408987662110812
1629013269.099856377 8.381630034307383 -0.04422516803679963 0.0 0.0 0.0 0.9401000139777113 0.340898758752664
1629013269.099856377 8.381209245131696 -0.043253208751702694 0.0 0.0 0.0 0.9401000051501538 0.340898783096509
1629013269.099856377 8.164357646688549 0.1011742219611212 0.0 0.0 0.0 0.9765328196191227 0.2153686425799399
1629013269.200072765 8.164912529963157 0.10066014272537169 0.0 0.0 0.0 0.976532818560863 0.2153686473783419
1629013269.200072765 7.965581855316619 0.1798702165377938 0.0 0.0 0.0 0.9927275850510462 0.12038248161056461
1629013269.400448322 7.9667971524447605 0.18050788207606144 0.0 0.0 0.0 0.9927275881915204 0.12038245571281132
1629013269.500660896 7.966631521246446 0.1817226842069378 0.0 0.0 0.0 0.9927275942561232 0.12038240570137272
1629013269.400448322 7.833267497728105 0.21024121301128612 0.0 0.0 0.0 0.9974616710913903 0.07120544012623788
1629013269.600833416 7.833570683933383 0.20914141857734797 0.0 0.0 0.0 0.9974616708155288 0.07120544399056498
1629013269.500660896 7.757072306798681 0.22253133984997062 0.0 0.0 0.0 0.9989213560678608 0.04643408652645125
1629013269.702066660 7.756752277575189 0.22249048003840596 0.0 0.0 0.0 0.9989213559366344 0.046434089349481844
1629013269.600833416 7.682506847043609 0.23338552800851556 0.0 0.0 0.0 0.9997932156848784 0.02033533551457096
1629013269.801248312 7.681757953744082 0.23281052994929716 0.0 0.0 0.0 0.9997932148402757 0.020335377039690006
1629013269.702066660 7.603867452652604 0.24567334271472713 0.0 0.0 0.0 -0.9999748402411056 0.007093580532792271
1629013269.801248312 7.604339425134846 0.24683066940109422 0.0 0.0 0.0 -0.9999748399061951 0.007093627744642762
1629013269.801248312 7.54997627089379 0.25306240939361024 0.0 0.0 0.0 -0.9994673497177502 0.03263459587885864
1629013269.901425600 7.550421344975819 0.25387054609718357 0.0 0.0 0.0 -0.9994673488729662 0.032634621751210936
1629013269.901425600 7.550517226398587 0.252949484239395 0.0 0.0 0.0 -0.9994673494081291 0.032634605361317
1629013269.901425600 7.478048993341902 0.2597455242190556 0.0 0.0 0.0 -0.9983544877481824 0.05734384703753718
1629013269.901425600 7.477381318881898 0.25961511185202174 0.0 0.0 0.0 -0.998354485089207 0.05734389333019199
1629013270.202024698 7.4765732363985515 0.2594534973251255 0.0 0.0 0.0 -0.998354484256639 0.057343907825159995
1629013270.202024698 7.259523267224977 0.2837783912079961 0.0 0.0 0.0 -0.9963639993700155 0.08519847862132064
1629013270.302225113 7.258803844371644 0.28363154658011086 0.0 0.0 0.0 -0.9963639975487603 0.08519849992021017
1629013270.302225113 7.167741718072736 0.29104084579189643 0.0 0.0 0.0 -0.9968194522373595 0.07969303383113659
1629013270.403551102 7.167946997678039 0.29222518304232203 0.0 0.0 0.0 -0.9968194544940335 0.07969300560411482
1629013270.403551102 7.084504277411059 0.29779809027439136 0.0 0.0 0.0 -0.9976771680257905 0.06811951555933539
1629013270.403551102 7.084792382796501 0.2980109622787387 0.0 0.0 0.0 -0.9976771674965135 0.0681195233111175
1629013270.602983952 7.084343583200574 0.298660512257356 0.0 0.0 0.0 -0.99767716891488 0.06811950253774522
1629013270.702999592 7.084176151891943 0.29819821936779733 0.0 0.0 0.0 -0.9976771707951478 0.06811947499936684
1629013270.602983952 6.925088192244272 0.30228744798516377 0.0 0.0 0.0 -0.9993747670557828 0.03535639931044892
1629013270.903461933 6.923826605580482 0.30222196165403503 0.0 0.0 0.0 -0.9993747667165288 0.035356408899713115
1629013270.702999592 6.842806384890732 0.3046797118131829 0.0 0.0 0.0 -0.999868057803224 0.016243983033995935
1629013270.903461933 6.842943437554113 0.30455261043182535 0.0 0.0 0.0 -0.9998680577490123 0.01624398637089356
1629013270.903461933 6.684024697562995 0.2966348246830896 0.0 0.0 0.0 0.9997611776260766 0.021853780261556776
1629013270.903461933 6.683675040854229 0.2960753017371427 0.0 0.0 0.0 0.9997611779820904 0.021853763974725035
1629013271.204852819 6.683175525040016 0.29775267740894024 0.0 0.0 0.0 0.999761178088723 0.021853759096520094
1629013271.204852819 6.683232519632608 0.29831383565118763 0.0 0.0 0.0 0.9997611782237754 0.021853752918169544
1629013271.404375553 6.683859592664647 0.29917603254353037 0.0 0.0 0.0 0.9997611785794737 0.02185373664574749
1629013271.404375553 6.682986171392814 0.2993489375399572 0.0 0.0 0.0 0.9997611777950415 0.02185377253179324
1629013271.404375553 6.684271354835344 0.30057013000246835 0.0 0.0 0.0 0.9997611770613088 0.0218538060983975
1629013271.404375553 6.684908542902005 0.30001539573727987 0.0 0.0 0.0 0.9997611776027617 0.02185378132816392
1629013271.805147171 6.684482862038782 0.2998198676593738 0.0 0.0 0.0 0.9997611782115133 0.02185375347913116
1629013271.905340433 6.684431396991607 0.30068722086712985 0.0 0.0 0.0 0.9997611789737745 0.021853718607333605
1629013271.905340433 6.683209056424473 0.30091074139604046 0.0 0.0 0.0 0.9997611788354825 0.021853724933892173
1629013271.905340433 6.683989083414548 0.30004187430728413 0.0 0.0 0.0 0.9997611787026186 0.021853731012132963
1629013272.206001997 6.682757581589393 0.3001514858522234 0.0 0.0 0.0 0.9997611792733988 0.0218537049001514
1629013272.206001997 6.682204183815634 0.2995842299725127 0.0 0.0 0.0 0.9997611785670457 0.02185373721430099
1629013275.812977314 6.682215837422608 0.29909456855503236 0.0 0.0 0.0 0.999761178005717 0.021853762893859596
1629013275.913190365 6.682793861550446 0.2996399776398715 0.0 0.0 0.0 0.9997611788575149 0.02185372392595829
1629013276.013378859 6.683272481702581 0.30002320488083645 0.0 0.0 0.0 0.999761179372646 0.02185370035980409
1629013271.204852819 6.454834734792611 0.33721553838878515 0.0 0.0 0.0 0.9962957396728069 0.08599301779687951
1629013271.404375553 6.306784966993393 0.3748117423756739 0.0 0.0 0.0 0.991531839972094 0.1298638145194949
1629013271.805147171 6.026378488020677 0.4290355650418455 0.0 0.0 0.0 0.976498968536027 0.21552207415500477
1629013271.905340433 5.8865231351711325 0.4920086020858417 0.0 0.0 0.0 0.9645480441818061 0.263907314156036
1629013272.206001997 5.691177558274886 0.5610159481140853 0.0 0.0 0.0 0.9457175153443309 0.3249898170265419
1629013272.707123518 5.407558978124758 0.7439157230925602 0.0 0.0 0.0 0.9057900465013045 0.42372678893263843
1629013273.207884312 5.0923926647257645 0.9917053912534558 0.0 0.0 0.0 0.8750710834649813 0.4839944203019531
1629013273.408269882 4.918715972654665 1.2029554125382966 0.0 0.0 0.0 0.8632098540509254 0.5048452712162212
1629013273.809125662 4.9101449176811895 1.2814704111109425 0.0 0.0 0.0 0.8719245330454962 0.48964028497805756
1629013274.009464025 4.9399387391668785 1.2783849879580436 0.0 0.0 0.0 0.8663369617391898 0.49945997709977685
1629013275.311985254 4.941936951308925 1.218519021919795 0.0 0.0 0.0 0.8468180935223728 0.5318826153232816
1629013276.013378859 4.941810199649542 1.2196211607677456 0.0 0.0 0.0 0.8468181114232805 0.5318825868229834
1629013275.913190365 5.050276710325049 1.007843873637246 0.0 0.0 0.0 0.7738270970544255 0.6333968928439109
1629013276.013378859 5.050117279056584 1.0069465396782527 0.0 0.0 0.0 0.7738270966766445 0.6333968933054496
1629013276.013378859 5.064613024463832 0.9513782133078477 0.0 0.0 0.0 0.7583132230652816 0.6518903709400412
1629013276.313955784 5.065419680779852 0.9516768822692806 0.0 0.0 0.0 0.7583131956939957 0.6518904027797615
1629013276.313955784 5.065703939754198 0.9512307110701571 0.0 0.0 0.0 0.7583132005255271 0.6518903971594702
1629013276.514402390 5.065121992672485 0.9518980572852651 0.0 0.0 0.0 0.758313171629426 0.6518904307729334
1629013276.313955784 5.096725890987128 0.88864288618012 0.0 0.0 0.0 0.7110643293596804 0.7031269583171078
1629013276.614527225 5.095593075610066 0.8876241282959882 0.0 0.0 0.0 0.7110643500961391 0.7031269373465614
1629013276.614527225 5.094926672659838 0.8873888541903875 0.0 0.0 0.0 0.7110643537290409 0.7031269336726488
1629013276.614527225 5.095405906990281 0.8867377487636033 0.0 0.0 0.0 0.7110643788217299 0.7031269082966939
1629013277.015316010 5.095886001511518 0.8878744143463934 0.0 0.0 0.0 0.711064341324703 0.7031269462170159
1629013276.514402390 5.099518426025495 0.8543346781709207 0.0 0.0 0.0 0.6788163836529116 0.734308053397471
1629013277.015316010 5.099602001172286 0.8535936858961003 0.0 0.0 0.0 0.6788163940178049 0.7343080438158527
1629013276.614527225 5.098953740708193 0.8418598509053027 0.0 0.0 0.0 0.6621131883044543 0.7494038469832606
1629013277.015316010 5.099075102132574 0.8418125105953549 0.0 0.0 0.0 0.6621132061848688 0.7494038311855588
1629013277.015316010 5.078732726210557 0.82379993994183 0.0 0.0 0.0 0.594806336016904 0.8038690332598625
1629013277.215725422 5.077595558738689 0.823824244856651 0.0 0.0 0.0 0.5948063120756428 0.8038690509747051
1629013277.416112423 5.077495652965218 0.823090976463542 0.0 0.0 0.0 0.5948063260333564 0.8038690406469828
1629013277.215725422 5.0482512196939 0.8151737682643097 0.0 0.0 0.0 0.5591774375782316 0.8290480042213737
1629013277.416112423 5.048440605493786 0.8152131792575084 0.0 0.0 0.0 0.5591774385406355 0.8290480035722502
1629013277.416112423 5.047985320916223 0.8154725514856439 0.0 0.0 0.0 0.5591774632035863 0.8290479869375487
1629013277.416112423 5.009213968194506 0.7972468506714459 0.0 0.0 0.0 0.5203771170693633 0.8539365644066181
1629013277.616681337 5.009216488130522 0.7967824542165345 0.0 0.0 0.0 0.5203771369748804 0.8539365522764713
1629013277.616681337 5.007536454287619 0.7953262734144368 0.0 0.0 0.0 0.520377103762874 0.8539365725154082
1629013277.616681337 4.9555287948631035 0.7383370989520155 0.0 0.0 0.0 0.48192817406584176 0.8762107252491057
1629013277.616681337 4.956242466352791 0.7385181179220585 0.0 0.0 0.0 0.48192816794398186 0.8762107286162143
1629013277.616681337 4.957775735353224 0.7381188362775081 0.0 0.0 0.0 0.48192810009030906 0.8762107659366809
1629013278.117462635 4.95895811227683 0.7393309098281953 0.0 0.0 0.0 0.48192810195969565 0.8762107649084924
1629013278.117462635 4.9592577553984345 0.7396757016496365 0.0 0.0 0.0 0.4819280740384633 0.8762107802655577
1629013278.117462635 4.783329909948863 0.5813404285482825 0.0 0.0 0.0 0.4178094230548326 0.9085346916912903
1629013278.317893028 4.782305066516154 0.5808529298155942 0.0 0.0 0.0 0.4178094295807044 0.9085346886902264
1629013278.418324947 4.782468517328854 0.5803552695699855 0.0 0.0 0.0 0.4178094026582097 0.9085347010711203
1629013278.317893028 4.681818975465279 0.46630400242058256 0.0 0.0 0.0 0.41643262928374253 0.9091665772936383
1629013278.518271446 4.682208357278605 0.46753139081061657 0.0 0.0 0.0 0.4164326173601092 0.9091665827551125
1629013278.418324947 4.637175049974566 0.4405866811632334 0.0 0.0 0.0 0.42661310716706946 0.9044342191631509
1629013278.518271446 4.6366926509525355 0.4395899518947721 0.0 0.0 0.0 0.42661310938431224 0.9044342181172984
1629013278.518271446 4.590666688505517 0.42312675888844603 0.0 0.0 0.0 0.4385149489713338 0.898723895047121
1629013278.718654156 4.5919418491220165 0.42319253331620243 0.0 0.0 0.0 0.43851491464219916 0.8987239117973577
1629013278.718654156 4.591212897453121 0.42339388294309394 0.0 0.0 0.0 0.4385149432629909 0.8987238978323965
1629013278.718654156 4.504425623069539 0.345102443305249 0.0 0.0 0.0 0.4706521131000506 0.8823188700432838
1629013278.919036388 4.505391537697979 0.3449371604351401 0.0 0.0 0.0 0.4706520979174713 0.8823188781420711
1629013279.019241810 4.505959187827959 0.3459596133439787 0.0 0.0 0.0 0.470652122482694 0.8823188650383348
1629013278.919036388 4.4218808453329626 0.2521123374709011 0.0 0.0 0.0 0.5081782958660549 0.8612518909184886
1629013279.019241810 4.422567481328922 0.25069141784736676 0.0 0.0 0.0 0.5081783011042067 0.8612518878277378
1629013279.019241810 4.385175846468447 0.17453468941287714 0.0 0.0 0.0 0.5290337507983208 0.8486007839474697
1629013279.019241810 4.386095113432477 0.17454422640729006 0.0 0.0 0.0 0.5290337493029889 0.8486007848796878
1629013279.019241810 4.386592993096571 0.17558498668619882 0.0 0.0 0.0 0.5290337434197308 0.848600788547422
1629013279.019241810 4.38618613098015 0.17446216075227972 0.0 0.0 0.0 0.5290337730110712 0.8486007700996213
1629013279.822077751 4.386484849098122 0.17508639294912934 0.0 0.0 0.0 0.5290337470466489 0.8486007862863328
1629013279.822077751 4.386515848336845 0.17539691692105094 0.0 0.0 0.0 0.5290337525730586 0.8486007828410647
1629013280.021559715 4.3864973330246135 0.17582162512338909 0.0 0.0 0.0 0.5290337420435739 0.8486007894053441
1629013279.822077751 4.29357156380496 0.08285125637063905 0.0 0.0 0.0 0.5802810643557961 0.8144162856611503
1629013280.021559715 4.2950661429419235 0.08221367291746295 0.0 0.0 0.0 0.580281076707342 0.8144162768605302
1629013280.021559715 4.266769228813757 -0.011446054116709127 0.0 0.0 0.0 0.6227311213962282 0.7824359082024521
1629013280.021559715 4.26819195345737 -0.011246941604836575 0.0 0.0 0.0 0.6227311438412172 0.7824358903387607
1629013280.021559715 4.267370296534291 -0.009773104312479165 0.0 0.0 0.0 0.6227311547035854 0.7824358816935348
1629013280.021559715 4.2672235105257466 -0.009608381213737492 0.0 0.0 0.0 0.6227311650317987 0.7824358734734359
1629013280.021559715 4.267782354511921 -0.011038585472624401 0.0 0.0 0.0 0.6227311827856943 0.7824358593433267
1629013280.822953224 4.222880827991097 -0.12791331367269382 0.0 0.0 0.0 0.6945063794485706 0.7194865453260666
1629013280.822953224 4.224400117500455 -0.12721794622319824 0.0 0.0 0.0 0.6945064018496498 0.7194865237027395
1629013281.023141384 4.225526493459435 -0.12799495768994867 0.0 0.0 0.0 0.6945063751358082 0.7194865494890924
1629013281.023141384 4.224863014114898 -0.1280373630489 0.0 0.0 0.0 0.6945063540250731 0.7194865698668738
1629013281.023141384 4.223036205540752 -0.31054885336755245 0.0 0.0 0.0 0.7345104968982826 0.6785973253308902
1629013281.023141384 4.222782745891988 -0.3099893474284743 0.0 0.0 0.0 0.734510480973889 0.6785973425673771
1629013281.323719501 4.222934027322813 -0.3106165322972257 0.0 0.0 0.0 0.7345104626154059 0.67859736243851
1629013281.323719501 4.222980195983789 -0.31005570607292354 0.0 0.0 0.0 0.7345104520855682 0.6785973738359545
1629013281.323719501 4.254494799918185 -0.5677866666642806 0.0 0.0 0.0 0.7874235325729408 0.6164123460398492
1629013281.524127960 4.256020891033571 -0.568334924267165 0.0 0.0 0.0 0.7874235527697213 0.616412320239878
1629013281.524127960 4.309263726791389 -0.7301989904160948 0.0 0.0 0.0 0.8046725256037173 0.5937188952177074
1629013281.524127960 4.308307810833357 -0.7298671416825638 0.0 0.0 0.0 0.8046725320949367 0.5937188864200996
1629013281.724548578 4.309327005386259 -0.7298022860924387 0.0 0.0 0.0 0.8046725699148435 0.5937188351624373
1629013281.824714661 4.309735189706081 -0.7293763415647536 0.0 0.0 0.0 0.8046725853241244 0.5937188142780973
1629013281.724548578 4.3576732306559425 -0.922323956242173 0.0 0.0 0.0 0.7990597584258275 0.6012516132738922
1629013281.824714661 4.358123340500635 -0.9218519679275218 0.0 0.0 0.0 0.7990597511846591 0.6012516228973612
1629013281.824714661 4.398887147934855 -0.9953338215109251 0.0 0.0 0.0 0.7900077363579973 0.6130968736623218
1629013281.824714661 4.400074347319397 -0.9955992667780197 0.0 0.0 0.0 0.7900077364030653 0.6130968736042492
1629013282.125304222 4.400050361914896 -0.9958970164299387 0.0 0.0 0.0 0.7900077379487475 0.6130968716125561
1629013282.225491524 4.399975422184158 -0.9956852809638601 0.0 0.0 0.0 0.7900077309100869 0.6130968806822423
1629013282.125304222 4.50872124077545 -1.2229826019237278 0.0 0.0 0.0 0.7546973345081078 0.6560731158082589
1629013282.225491524 4.5077447585912065 -1.223592254120247 0.0 0.0 0.0 0.7546973434328801 0.6560731055418698
1629013282.225491524 4.541586173381084 -1.3195276369167 0.0 0.0 0.0 0.7394903505978218 0.6731671570811448
1629013282.225491524 4.541044035088035 -1.31938747591893 0.0 0.0 0.0 0.73949034181835 0.673167166725606
1629013282.526069880 4.540621035522087 -1.319845858669844 0.0 0.0 0.0 0.7394903907244622 0.6731671130010602
1629013282.526069880 4.540130277214364 -1.3188963231800401 0.0 0.0 0.0 0.7394904121937546 0.6731670894165215
1629013282.526069880 4.583129145231109 -1.5905045654653698 0.0 0.0 0.0 0.6859858288209022 0.7276148999690013
1629013282.526069880 4.582660535275963 -1.5894103776476252 0.0 0.0 0.0 0.6859858596836226 0.7276148708720303
1629013282.526069880 4.582352467680078 -1.5904330004536915 0.0 0.0 0.0 0.6859858680019584 0.7276148630296111
1629013282.526069880 4.583197119632919 -1.5909817229018093 0.0 0.0 0.0 0.6859858599125181 0.7276148706562305
1629013283.027065277 4.581833206709884 -1.592040143568708 0.0 0.0 0.0 0.6859858366167295 0.727614892619197
1629013283.127244234 4.581695020418585 -1.5913171796459007 0.0 0.0 0.0 0.6859858776818772 0.7276148539035089
1629013283.027065277 4.562677848025382 -2.0004784713056116 0.0 0.0 0.0 0.5781260546842922 0.8159474645436278
1629013283.227453947 4.562759122166898 -2.000693339052721 0.0 0.0 0.0 0.5781260350188882 0.8159474784772236
1629013283.127244234 4.556215706991086 -2.2452012307848674 0.0 0.0 0.0 0.5229763381574574 0.8523472002226656
1629013283.227453947 4.5560787247535135 -2.2448661348100587 0.0 0.0 0.0 0.5229763645931274 0.8523471840024793
1629013283.227453947 4.530464796352576 -2.3260172160870565 0.0 0.0 0.0 0.49830914612223753 0.8669994203521284
1629013283.227453947 4.53041601880244 -2.3264266980876602 0.0 0.0 0.0 0.49830910999953404 0.8669994411137024
1629013283.227453947 4.531106382289876 -2.326833429803027 0.0 0.0 0.0 0.4983090885243793 0.8669994534565765
1629013283.227453947 4.531455961473777 -2.32614900718114 0.0 0.0 0.0 0.49830905528874875 0.8669994725587985
1629013283.728429317 4.531513363888392 -2.326456519590309 0.0 0.0 0.0 0.498309085572027 0.8669994551534449
1629013283.728429317 4.50892459279463 -2.416277772478332 0.0 0.0 0.0 0.42482073038028034 0.9052774972565955
1629013283.728429317 4.509065092545889 -2.4166909491844084 0.0 0.0 0.0 0.4248207568825599 0.9052774848198363
1629013283.928811550 4.50887411514652 -2.415378795715827 0.0 0.0 0.0 0.4248207338172274 0.9052774956437348
1629013283.928811550 4.42916210543296 -2.5114724082704583 0.0 0.0 0.0 0.3798593360935054 0.9250442609857116
1629013284.029018402 4.429858680167364 -2.510754339007103 0.0 0.0 0.0 0.3798593422174599 0.9250442584709765
1629013284.029018402 4.38678702449992 -2.544426431220701 0.0 0.0 0.0 0.3579913347881597 0.9337249082125805
1629013284.129204512 4.388797384357467 -2.544570958319703 0.0 0.0 0.0 0.3579913428870219 0.9337249051074662
1629013284.129204512 4.388585840952165 -2.545423544299932 0.0 0.0 0.0 0.3579913154025773 0.9337249156450376
1629013284.129204512 4.350095443217025 -2.567241663630411 0.0 0.0 0.0 0.3352433204948957 0.9421315810774823
1629013284.129204512 4.3506301786697845 -2.566434095155349 0.0 0.0 0.0 0.33524331158356296 0.9421315842484457
1629013284.129204512 4.349902236661463 -2.5653648855055073 0.0 0.0 0.0 0.33524334233592756 0.9421315733056801
1629013284.129204512 4.349016273005891 -2.5633265032654355 0.0 0.0 0.0 0.33524330196355023 0.942131587671582
1629013285.031048775 4.349188798334304 -2.5617771382005787 0.0 0.0 0.0 0.3352432664254436 0.94213160031728
1629013285.131157875 4.350209615762614 -2.5610143674708024 0.0 0.0 0.0 0.3352432559436731 0.9421316040470593
1629013285.031048775 4.245440675878906 -2.5398147692261044 0.0 0.0 0.0 0.3557776519043405 0.9345706299715575
1629013285.131157875 4.246008451640686 -2.540648259415999 0.0 0.0 0.0 0.3557776591079444 0.9345706272292487
1629013285.131157875 4.213726281602716 -2.5478697943394337 0.0 0.0 0.0 0.3775066040705792 0.9260068919198706
1629013285.331543922 4.213208656552304 -2.548203626441358 0.0 0.0 0.0 0.37750662268809837 0.9260068843300387
1629013285.331543922 4.213605349661548 -2.5492348417030364 0.0 0.0 0.0 0.3775066089817374 0.9260068899177315
1629013285.331543922 4.170426070564007 -2.5531350625178844 0.0 0.0 0.0 0.419422658491837 0.9077910737298752
1629013285.331543922 4.1703915469881085 -2.5527846558646323 0.0 0.0 0.0 0.4194226713888263 0.9077910677711368
1629013285.632148743 4.16996041167505 -2.552661097015516 0.0 0.0 0.0 0.41942265591462446 0.9077910749206133
1629013285.732345343 4.169453542790279 -2.5529637179492513 0.0 0.0 0.0 0.41942264031392323 0.9077910821285354
1629013285.632148743 4.127153724848675 -2.599648784447074 0.0 0.0 0.0 0.4834084805035982 0.875394905729524
1629013285.932733774 4.127530345842069 -2.5987950180665713 0.0 0.0 0.0 0.4834084952229177 0.8753948976012565
1629013285.732345343 4.103393147399128 -2.628864268981621 0.0 0.0 0.0 0.5055411517895648 0.8628024941128069
1629013285.932733774 4.103327186371463 -2.6290882482234537 0.0 0.0 0.0 0.5055412073255766 0.8628024615726351
1629013285.932733774 4.1044948563847115 -2.628270939215372 0.0 0.0 0.0 0.5055412085634475 0.8628024608473303
1629013285.932733774 4.0727876739398 -2.708621495041628 0.0 0.0 0.0 0.5481743549816958 0.836364081330853
1629013285.932733774 4.072570715953165 -2.7082514866534937 0.0 0.0 0.0 0.5481743772632978 0.8363640667269223
1629013286.233335018 4.073708894078087 -2.708113934411952 0.0 0.0 0.0 0.5481743872776156 0.8363640601632825
1629013286.233335018 4.073874213191153 -2.7082726127059016 0.0 0.0 0.0 0.5481744048463209 0.8363640486483036
1629013286.233335018 4.010978538749579 -2.902760440889031 0.0 0.0 0.0 0.6098875663555864 0.7924879534761776
1629013286.233335018 4.010895321503039 -2.9027825054911496 0.0 0.0 0.0 0.6098875550753812 0.7924879621572645
1629013286.233335018 4.010844044357874 -2.9014506756877823 0.0 0.0 0.0 0.6098875644295353 0.7924879549584394
1629013286.233335018 4.011069875272356 -2.900356131895794 0.0 0.0 0.0 0.609887586018645 0.7924879383437643
1629013287.335497141 4.010482872593561 -2.9003023481307797 0.0 0.0 0.0 0.6098875606437573 0.7924879578719207
1629013287.335497141 4.010228413518902 -2.8995411971913434 0.0 0.0 0.0 0.6098875348389984 0.7924879777308987
1629013287.335497141 4.010856119391387 -2.8996133693719788 0.0 0.0 0.0 0.6098875100058517 0.7924879968421364
1629013287.335497141 4.00974623035183 -2.8992818578398123 0.0 0.0 0.0 0.6098875503461298 0.7924879657968296
1629013287.335497141 4.008858350521605 -2.89956815058797 0.0 0.0 0.0 0.6098875383791242 0.7924879750064681
1629013288.238262653 4.008870372147098 -2.900236149284455 0.0 0.0 0.0 0.6098875329755415 0.7924879791649888
1629013288.238262653 4.009591041497026 -2.899267237345842 0.0 0.0 0.0 0.6098875272959382 0.7924879835359311
1629013288.238262653 4.009629767211441 -2.8993313110308536 0.0 0.0 0.0 0.6098875410763183 0.7924879729307457
1629013288.238262653 4.00890105602128 -2.8992643405856438 0.0 0.0 0.0 0.6098875390232732 0.7924879745107402
1629013288.238262653 4.009339443721913 -2.8981866819445297 0.0 0.0 0.0 0.6098875218293722 0.7924879877429228
1629013289.139037371 4.009377829689856 -2.899223209695065 0.0 0.0 0.0 0.6098875163591669 0.7924879919527152
1629013287.335497141 3.8701688288984126 -3.2059370044646154 0.0 0.0 0.0 0.7130540363105521 0.7011090794599867
1629013288.238262653 3.766000123023449 -3.6174775346015124 0.0 0.0 0.0 0.7813032075363845 0.6241516625735746
1629013289.139037371 3.7652438182892 -3.9193790439374956 0.0 0.0 0.0 0.790977708403824 0.611844967952042
1629013289.239264727 3.7652874369494373 -3.9199591518935435 0.0 0.0 0.0 0.79097771309333 0.611844961889567
1629013289.339389801 3.765628363012374 -3.9199606142389936 0.0 0.0 0.0 0.7909777444826649 0.6118449213102256
1629013289.239264727 3.7519844751082925 -3.91034839721556 0.0 0.0 0.0 0.786465211879029 0.617634576836558
1629013289.539778709 3.75072573128831 -3.9111681030745253 0.0 0.0 0.0 0.7864652241619938 0.6176345611960399
1629013289.339389801 3.738970006969638 -3.9007505846170694 0.0 0.0 0.0 0.7810531815549993 0.6244645126689052
1629013289.539778709 3.73909537064379 -3.901010800956144 0.0 0.0 0.0 0.7810531522996795 0.6244645492601911
1629013289.539778709 3.71289600440698 -3.8283793869269056 0.0 0.0 0.0 0.7635824025194564 0.6457103952722264
1629013289.539778709 3.711976096305932 -3.82904970680004 0.0 0.0 0.0 0.7635823954254308 0.6457104036612396
1629013289.740151167 3.711939943293759 -3.828879485573407 0.0 0.0 0.0 0.7635823865159707 0.6457104141970879
1629013289.740151167 3.6897004969827574 -3.7392238704077934 0.0 0.0 0.0 0.7415082909894795 0.6709437043402833
1629013289.940553188 3.689664881979624 -3.7390212727313163 0.0 0.0 0.0 0.7415083074985657 0.6709436860949006
1629013289.940553188 3.6884849460354467 -3.7393060430889333 0.0 0.0 0.0 0.7415082823014495 0.6709437139420518
1629013289.940553188 3.6899645134149113 -3.738821905337843 0.0 0.0 0.0 0.7415082894889953 0.6709437059985766
1629013289.940553188 3.666588378051181 -3.6341550617794236 0.0 0.0 0.0 0.7155701226830137 0.698540907551889
1629013290.241132259 3.6661206355168092 -3.6342563514460666 0.0 0.0 0.0 0.7155701483162364 0.6985408812937718
1629013290.241132259 3.665132542668885 -3.6322419451562062 0.0 0.0 0.0 0.7155702089075765 0.6985408192253101
1629013290.241132259 3.646981589166509 -3.450137935671368 0.0 0.0 0.0 0.670808820932887 0.7416303161000297
1629013290.241132259 3.6460888030099454 -3.450921103501959 0.0 0.0 0.0 0.6708088137992039 0.7416303225524864
1629013290.241132259 3.646422827472878 -3.450182418804035 0.0 0.0 0.0 0.670808804906445 0.7416303305960369
1629013290.642004013 3.6459705589455056 -3.450333494929886 0.0 0.0 0.0 0.6708087892457545 0.7416303447612193
1629013290.642004013 3.646282324673402 -3.4505025035652426 0.0 0.0 0.0 0.6708087840093789 0.7416303494975501
1629013290.642004013 3.6467559749344955 -3.450573028476602 0.0 0.0 0.0 0.6708088038601268 0.7416303315424376
1629013290.942499161 3.646760732328581 -3.4500693218895253 0.0 0.0 0.0 0.6708088339510893 0.7416303043249919
1629013291.042703152 3.6466452738538133 -3.449336608057023 0.0 0.0 0.0 0.6708088498154902 0.7416302899755506
1629013291.042703152 3.646980558814904 -3.4493021705534535 0.0 0.0 0.0 0.6708088481463305 0.7416302914853151
1629013291.042703152 3.647543322081659 -3.4493839538444755 0.0 0.0 0.0 0.6708088246003097 0.7416303127828251
1629013291.042703152 3.647592730998433 -3.45023703441847 0.0 0.0 0.0 0.6708087869563019 0.741630346832042
1629013291.042703152 3.647740171409484 -3.4499959859367144 0.0 0.0 0.0 0.6708087364319735 0.7416303925315757
1629013291.643872261 3.647645283289065 -3.450132915457719 0.0 0.0 0.0 0.670808741879384 0.7416303876043632
1629013291.643872261 3.6467490735940378 -3.4499349125795375 0.0 0.0 0.0 0.6708087170126726 0.7416304100964388
1629013295.651784420 3.646658297467296 -3.451522652311646 0.0 0.0 0.0 0.6708086808280842 0.7416304428255932
1629013295.651784420 3.645682358572688 -3.4523450186933218 0.0 0.0 0.0 0.6708086965804855 0.7416304285774622
1629013296.152692318 3.6452062041956355 -3.451358948381182 0.0 0.0 0.0 0.6708086925735539 0.7416304322017532
1629013296.252875090 3.645253437125738 -3.4502024389389128 0.0 0.0 0.0 0.6708087189421588 0.7416304083512082
1629013296.453254938 3.644884477800362 -3.4496570805216833 0.0 0.0 0.0 0.6708087401361312 0.7416303891811449
1629013296.453254938 3.6437395158137473 -3.4497328997407926 0.0 0.0 0.0 0.6708087333823298 0.7416303952899951
1629013290.642004013 3.6714418731219176 -3.190389829849979 0.0 0.0 0.0 0.6051528945522804 0.7961092727854616
1629013290.942499161 3.7269160563829162 -2.984048252610691 0.0 0.0 0.0 0.5519345187441537 0.8338874546476038
1629013291.042703152 3.751266072345507 -2.9104347270237114 0.0 0.0 0.0 0.5333038062125437 0.8459237851480556
1629013291.643872261 3.849547467539712 -2.7891130182849704 0.0 0.0 0.0 0.46551508719623985 0.885039944631132
1629013291.944457531 3.9651830824358916 -2.6386762385611138 0.0 0.0 0.0 0.4116545579565966 0.9113399612184023
1629013292.144999266 4.046802096355181 -2.5228681730626854 0.0 0.0 0.0 0.3808950327734954 0.9246182855689573
1629013292.345243454 4.14066165586677 -2.4339511200458634 0.0 0.0 0.0 0.3657282026049636 0.9307216994458347
1629013292.445479393 4.191333005560737 -2.3832342092798084 0.0 0.0 0.0 0.3657281796784904 0.9307217084548194
1629013293.047432423 4.352826722316437 -2.304893506217288 0.0 0.0 0.0 0.4353142932678173 0.9002785491595036
1629013293.247035027 4.436635138113443 -2.203627640293085 0.0 0.0 0.0 0.4755599368666521 0.8796833216830849
1629013293.848223686 4.559336537380825 -2.058904406984064 0.0 0.0 0.0 0.5737447579903451 0.8190341584321135
1629013296.453254938 4.622623150441022 -1.8697586116495606 0.0 0.0 0.0 0.6422079653424801 0.7665304490042596
1629013296.453254938 4.620788507237426 -1.8690528485899458 0.0 0.0 0.0 0.6422079701951982 0.7665304449385969
1629013296.753854752 4.620298308680491 -1.868680077976864 0.0 0.0 0.0 0.642207965693668 0.7665304487100304
1629013296.753854752 4.62044663810608 -1.8696493526730762 0.0 0.0 0.0 0.6422079855487334 0.7665304320752294
1629013296.753854752 4.616834710720702 -1.8700369597849555 0.0 0.0 0.0 0.6455207550400058 0.7637427281569238
1629013296.753854752 4.617631508608337 -1.8698348946247827 0.0 0.0 0.0 0.6455207652582005 0.7637427195204333
1629013296.753854752 4.617067729301819 -1.8698133809635764 0.0 0.0 0.0 0.6455208236715047 0.7637426701490903
1629013297.054462671 4.6168128971149125 -1.8696951653054892 0.0 0.0 0.0 0.6455208652924384 0.7637426349707744
1629013297.154661655 4.617297618828628 -1.8699188045388586 0.0 0.0 0.0 0.6455208847912394 0.7637426184902447
1629013297.054462671 4.6160130250955325 -1.8692977863231002 0.0 0.0 0.0 0.6489017989227894 0.7608721675516642
1629013297.254834890 4.616847227907901 -1.8692963829415965 0.0 0.0 0.0 0.6489018007172555 0.7608721660212728
1629013297.154661655 4.614831960347218 -1.8689800443056037 0.0 0.0 0.0 0.6504546187975211 0.7595451197163811
1629013297.254834890 4.61563311423368 -1.86840689025769 0.0 0.0 0.0 0.6504546699835793 0.7595450758819736
1629013297.254834890 4.6158444114787285 -1.8676824207359137 0.0 0.0 0.0 0.6520322029227238 0.7581912729329848
1629013297.254834890 4.615311771359699 -1.8680975746750954 0.0 0.0 0.0 0.6520321728825861 0.7581912987670152
1629013297.555447102 4.614750230261526 -1.8677552788685456 0.0 0.0 0.0 0.6520321445466624 0.7581913231354473
1629013297.555447102 4.614147612390259 -1.867978752707308 0.0 0.0 0.0 0.6520321481578648 0.7581913200298723
1629013297.555447102 4.607966272851087 -1.8659649089202381 0.0 0.0 0.0 0.655344924908621 0.7553297487829498
1629013297.555447102 4.608714939375327 -1.8655822863717142 0.0 0.0 0.0 0.6553449391752709 0.7553297364048105
1629013297.755830765 4.603397382988807 -1.8650374149531639 0.0 0.0 0.0 0.6575626549051652 0.7533998638665066
1629013297.755830765 4.602726718645849 -1.864625386578392 0.0 0.0 0.0 0.6575626681655566 0.7533998522929203
1629013297.856037855 4.603112847125925 -1.8635910750780271 0.0 0.0 0.0 0.6591381282622517 0.7520218932125151
1629013297.856037855 4.602387834837468 -1.862819084845549 0.0 0.0 0.0 0.6591381220168686 0.7520218986865181
1629013297.956216335 4.600914612828779 -1.8613802004621747 0.0 0.0 0.0 0.6607528964442277 0.7506034970878858
1629013297.956216335 4.601218985897747 -1.861903868601053 0.0 0.0 0.0 0.6607529153588568 0.750603480437422
1629013298.056957483 4.601046124012471 -1.861897770078473 0.0 0.0 0.0 0.6607528990473372 0.75060349479638
1629013298.056957483 4.59937689086626 -1.8617695049030003 0.0 0.0 0.0 0.6622004256438242 0.7493267620185056
1629013298.156583786 4.597591899546474 -1.8612681838344007 0.0 0.0 0.0 0.6622003978539484 0.7493267865771732
1629013298.156583786 4.597589433509047 -1.8607414494983345 0.0 0.0 0.0 0.6633780621713244 0.7482844022360873
1629013298.356981039 4.597994534342022 -1.8611430105479514 0.0 0.0 0.0 0.6633780671381745 0.7482843978328158
1629013298.557417154 4.598627646794848 -1.8614566092473837 0.0 0.0 0.0 0.6633781028809228 0.7482843661457239
1629013298.356981039 4.597634421686971 -1.8620089309165426 0.0 0.0 0.0 0.6656384642944556 0.7462743696869931
1629013298.557417154 4.597145786181875 -1.861552141591793 0.0 0.0 0.0 0.665638457168596 0.7462743760428943
1629013298.557417154 4.594601816302891 -1.8600024130955357 0.0 0.0 0.0 0.6676194547650268 0.7445026955083832
1629013298.557417154 4.594026828660908 -1.858863660745557 0.0 0.0 0.0 0.6676194959534552 0.7445026585733958
1629013298.557417154 4.594026669964375 -1.8606085472907423 0.0 0.0 0.0 0.6676194665971321 0.7445026848981546
1629013298.958150387 4.593722352674983 -1.8593674113467062 0.0 0.0 0.0 0.6676194497841518 0.7445026999748936
1629013298.958150387 4.5935260733162435 -1.8585937974373934 0.0 0.0 0.0 0.6676194450943754 0.7445027041803663
1629013298.958150387 4.588577202607669 -1.8569290032428643 0.0 0.0 0.0 0.6706281888260295 0.7417936588782081
1629013299.158659935 4.588908833948438 -1.8572796902288646 0.0 0.0 0.0 0.6706281869521085 0.7417936605723507
1629013299.158659935 4.5879927027434535 -1.8564169707722098 0.0 0.0 0.0 0.6706281847400264 0.7417936625722122
1629013299.358932257 4.588017407759829 -1.8576922217486096 0.0 0.0 0.0 0.6706281931269857 0.7417936549898727
1629013299.158659935 4.5876478844866675 -1.8576775045174236 0.0 0.0 0.0 0.672459644188669 0.7401337898904824
1629013299.358932257 4.588384151300397 -1.858126779813462 0.0 0.0 0.0 0.6724596519825583 0.7401337828092274
1629013299.358932257 4.5894403584183605 -1.8591783947348615 0.0 0.0 0.0 0.672459680990331 0.7401337564537793
1629013299.358932257 4.588386009307756 -1.8595740754784835 0.0 0.0 0.0 0.6744733636643873 0.73829918170566
1629013299.358932257 4.589225727584943 -1.8593309140878131 0.0 0.0 0.0 0.6744733575970767 0.7382991872484528
1629013299.759720087 4.588324196113698 -1.8586904132115558 0.0 0.0 0.0 0.6744733890232025 0.7382991585391085
1629013299.759720087 4.59028037959535 -1.85891546803062 0.0 0.0 0.0 0.6744733944588529 0.7382991535733686
1629013299.759720087 4.58648527244253 -1.858141977634714 0.0 0.0 0.0 0.6782283210646844 0.7348512397116708
1629013299.759720087 4.586068983542102 -1.8580612422570424 0.0 0.0 0.0 0.6782283013476433 0.7348512579094427
1629013300.060306549 4.586571203952677 -1.859720679088776 0.0 0.0 0.0 0.6782283624867612 0.734851201481311
1629013300.160758972 4.586607425403958 -1.859638317621473 0.0 0.0 0.0 0.6782283797962414 0.734851185505586
1629013300.060306549 4.581750284237237 -1.8575708267952595 0.0 0.0 0.0 0.6809592695158385 0.7323212910058369
1629013300.160758972 4.58203649693059 -1.857217848093486 0.0 0.0 0.0 0.6809592825442944 0.7323212788911434
1629013300.160758972 4.579627680669313 -1.8569817383925296 0.0 0.0 0.0 0.6823314187044857 0.7310429775661099
1629013300.361333370 4.58001717251256 -1.857696131270446 0.0 0.0 0.0 0.6823314339648039 0.7310429633226316
1629013300.361333370 4.579853858432153 -1.8582098860411969 0.0 0.0 0.0 0.6840645439259385 0.7294214829187565
1629013300.461078167 4.580087005982387 -1.858672934661579 0.0 0.0 0.0 0.6840645321813446 0.7294214939330471
1629013300.461078167 4.5799794142015005 -1.858200085688039 0.0 0.0 0.0 0.6840645407864323 0.7294214858630417
1629013300.461078167 4.580040612592382 -1.8579042763595763 0.0 0.0 0.0 0.6844206307175472 0.7290873749065985
1629013300.461078167 4.579071765635169 -1.8574691936518086 0.0 0.0 0.0 0.6844206113019422 0.7290873931327271
1629013300.461078167 4.579140857308599 -1.8574379324504768 0.0 0.0 0.0 0.6844206418308711 0.7290873644741201
1629013300.461078167 4.5794734781951725 -1.8568878175748054 0.0 0.0 0.0 0.6844206247814775 0.7290873804790013
1629013300.962058544 4.578868095756354 -1.8566505131086266 0.0 0.0 0.0 0.6844206177277111 0.7290873871006263
1629013300.962058544 4.579566519875057 -1.8575298313926536 0.0 0.0 0.0 0.684420596898792 0.7290874066534829
1629013300.962058544 4.578504601776698 -1.8565950885477989 0.0 0.0 0.0 0.683280006831314 0.7301564436917609
1629013300.962058544 4.578653882173157 -1.8564612868871315 0.0 0.0 0.0 0.6832799736442914 0.7301564747481573
1629013300.962058544 4.579454954163898 -1.856976049490482 0.0 0.0 0.0 0.6832800122480921 0.7301564386227427
1629013301.362841129 4.579850508951815 -1.8572399643791826 0.0 0.0 0.0 0.6832800018980025 0.7301564483083509
1629013301.362841129 4.580530430179331 -1.8574311435657087 0.0 0.0 0.0 0.6832799835899567 0.7301564654410099
1629013301.362841129 4.581771655607129 -1.8580864590728268 0.0 0.0 0.0 0.6832799690436036 0.7301564790534781
1629013301.362841129 4.58123742708139 -1.856996251436435 0.0 0.0 0.0 0.6836363813101145 0.729822785441241
1629013301.362841129 4.579742374026934 -1.8577395888614363 0.0 0.0 0.0 0.683636403992117 0.729822764194655
1629013301.362841129 4.579941712892541 -1.8586227529775492 0.0 0.0 0.0 0.6836364072897445 0.7298227611057158
1629013301.863822460 4.581248105633931 -1.8586297664670655 0.0 0.0 0.0 0.6836364064262992 0.7298227619145184
1629013301.863822460 4.581699631567615 -1.8593802864060414 0.0 0.0 0.0 0.6836364009148892 0.7298227670771424
1629013301.863822460 4.580826934975474 -1.8591870658809635 0.0 0.0 0.0 0.6836364424479648 0.7298227281724586
1629013301.863822460 4.579816156001825 -1.8599671791293775 0.0 0.0 0.0 0.6836364436412595 0.7298227270546807
1629013302.164443970 4.579502800412057 -1.8606259517243193 0.0 0.0 0.0 0.6836364782022057 0.7298226946808964
1629013302.164443970 4.578804593854107 -1.8596805935563605 0.0 0.0 0.0 0.6836364492971815 0.7298227217566895
1629013302.164443970 4.578029500267389 -1.8595169096648982 0.0 0.0 0.0 0.6836364142556781 0.7298227545806165
1629013302.164443970 4.576809195609892 -1.8587286734203097 0.0 0.0 0.0 0.6836363840706193 0.7298227828554331
1629013302.164443970 4.57582443812253 -1.8593097270963377 0.0 0.0 0.0 0.683636391042437 0.7298227763248227
1629013302.164443970 4.5745059815627025 -1.8595223327040435 0.0 0.0 0.0 0.683636386350758 0.7298227807195917
1629013302.665424824 4.574320042084674 -1.8616320129254833 0.0 0.0 0.0 0.6836364361566702 0.7298227340656133
1629013302.665424824 4.575625789207946 -1.8617355418995598 0.0 0.0 0.0 0.6836364420924174 0.7298227285055056
1629013302.665424824 4.575655532865364 -1.862592196694605 0.0 0.0 0.0 0.6845444741797748 0.7289710987892013
1629013302.865775824 4.57611890786261 -1.8627563731901469 0.0 0.0 0.0 0.6845444750288481 0.7289710979918743
1629013302.865775824 4.5769914343671205 -1.8626485030378057 0.0 0.0 0.0 0.6845444298589641 0.7289711404089093
1629013302.865775824 4.577245401502202 -1.8623088999879198 0.0 0.0 0.0 0.6847223841034716 0.7288039905953163
1629013302.865775824 4.576240745643304 -1.8624098819598551 0.0 0.0 0.0 0.6847223784514419 0.7288039959054837
1629013302.865775824 4.575766848184905 -1.8617174488732176 0.0 0.0 0.0 0.6847223375924751 0.7288040342930989
1629013302.865775824 4.575349718457133 -1.860815760688292 0.0 0.0 0.0 0.6847224035741329 0.7288039723023347
1629013303.867745638 4.575979268155347 -1.8605757854192333 0.0 0.0 0.0 0.6847224074372963 0.7288039686728339
1629013303.867745638 4.5759658354071115 -1.8609481240950139 0.0 0.0 0.0 0.6847224016028871 0.72880397415435
1629013303.867745638 4.57538087366311 -1.8588521623057142 0.0 0.0 0.0 0.6849003145652236 0.7286367813310399
1629013304.068133831 4.574418589264281 -1.8584791986864297 0.0 0.0 0.0 0.6849003010872927 0.7286367939999571
1629013304.168321133 4.5739909911570145 -1.8588964175034919 0.0 0.0 0.0 0.6849003029438454 0.7286367922548441
1629013304.068133831 4.5733624351493045 -1.8580381164505495 0.0 0.0 0.0 0.6847223777400936 0.7288039965738062
1629013304.168321133 4.57315353351317 -1.8587107676085852 0.0 0.0 0.0 0.6847224172675327 0.7288039594371774
1629013304.168321133 4.572414894139599 -1.8565173628909455 0.0 0.0 0.0 0.6847224345648479 0.728803943186086
1629013304.168321133 4.5729121071120495 -1.8563381553688045 0.0 0.0 0.0 0.6847224267214953 0.7288039505550354
1629013304.370109081 4.573510803664912 -1.855395680461847 0.0 0.0 0.0 0.6847224326499112 0.7288039449851983
1629013304.370109081 4.573095242335458 -1.8558140738608733 0.0 0.0 0.0 0.6843665420097624 0.7291381461544856
1629013304.370109081 4.573195079121989 -1.8555939641247712 0.0 0.0 0.0 0.6843665314396657 0.7291381560755417
1629013304.370109081 4.572566708597819 -1.8553141787411513 0.0 0.0 0.0 0.6843665018859014 0.7291381838146007
1629013304.370109081 4.573528583332388 -1.8549248476669022 0.0 0.0 0.0 0.6843665069926711 0.7291381790214049
1629013304.769490957 4.574465636324734 -1.8551082179971563 0.0 0.0 0.0 0.68436649221581 0.7291381928909139
1629013304.769490957 4.5741552033253505 -1.8564802984353495 0.0 0.0 0.0 0.6843665040282864 0.7291381818037659
1629013304.769490957 4.5733360187294165 -1.8559132000693188 0.0 0.0 0.0 0.6838788255055428 0.7295956085566575
1629013304.769490957 4.574107332616064 -1.8550605887240004 0.0 0.0 0.0 0.6838788351043921 0.7295955995592761
1629013304.769490957 4.574219803034347 -1.8561247696850274 0.0 0.0 0.0 0.6838788155686263 0.7295956178709222
1629013304.769490957 4.574639669875465 -1.8565355017122238 0.0 0.0 0.0 0.6838788389317563 0.7295955959717363
1629013305.271343708 4.574757354244625 -1.8560267593429696 0.0 0.0 0.0 0.6838787847555583 0.7295956467532279
1629013305.271343708 4.575697521639167 -1.8552333233574039 0.0 0.0 0.0 0.6833153176812067 0.73012339821583
1629013305.470873833 4.5751767273801915 -1.8540500499683588 0.0 0.0 0.0 0.6833153124678749 0.7301234030949361
1629013305.571066380 4.575388149951565 -1.8547671430121562 0.0 0.0 0.0 0.6833153452648618 0.7301233724005571
1629013305.470873833 4.575623940580478 -1.8552044085581452 0.0 0.0 0.0 0.6834413919162787 0.7300053861551568
1629013305.571066380 4.575928740139004 -1.8555420956419173 0.0 0.0 0.0 0.6834413702371838 0.7300054064514322
1629013305.571066380 4.577081459220874 -1.855221252144856 0.0 0.0 0.0 0.6836596318247935 0.7298010056263199
1629013305.571066380 4.576142115272268 -1.8564041048659614 0.0 0.0 0.0 0.6836596200623651 0.7298010166450734
1629013305.571066380 4.574783716157822 -1.8562095521637758 0.0 0.0 0.0 0.6836596434910391 0.7298009946976678
1629013305.571066380 4.575600312986007 -1.8567671293585968 0.0 0.0 0.0 0.6836596128932276 0.7298010233609448
1629013306.072058678 4.5751219025141365 -1.8565424850176444 0.0 0.0 0.0 0.6836595842115697 0.7298010502292139
1629013306.172584057 4.576165670884922 -1.8559717915099403 0.0 0.0 0.0 0.6836595932082592 0.7298010418013374
1629013306.272438526 4.575567858357003 -1.8547184872928228 0.0 0.0 0.0 0.6836595620884377 0.7298010709536165
1629013306.072058678 4.575466061371605 -1.8547739895398248 0.0 0.0 0.0 0.6831553937138596 0.7302730366374357
1629013306.272438526 4.575181473572446 -1.8553491232312422 0.0 0.0 0.0 0.6831553887061863 0.730273041322011
1629013306.172584057 4.575687188351913 -1.855794159226957 0.0 0.0 0.0 0.68287344614569 0.7305366907617368
1629013306.272438526 4.575591729183294 -1.8577536161197246 0.0 0.0 0.0 0.6828734416827774 0.7305366949334704
1629013306.272438526 4.575637184731868 -1.8571538165738297 0.0 0.0 0.0 0.6825397084486572 0.7308485112462241
1629013306.272438526 4.574979278020158 -1.857662055217172 0.0 0.0 0.0 0.6825397171994626 0.7308485030738434
1629013306.575726032 4.575345709714028 -1.8575211783989456 0.0 0.0 0.0 0.6825397224751224 0.7308484981469026
1629013306.575726032 4.574658662978252 -1.856999765412523 0.0 0.0 0.0 0.6825397345353018 0.7308484868838956
1629013306.575726032 4.574759369389767 -1.8577506514745534 0.0 0.0 0.0 0.6820193635139532 0.7313341150199559
1629013306.575726032 4.575430346777324 -1.8573893060927245 0.0 0.0 0.0 0.6820193533224596 0.7313341245242246
1629013306.575726032 4.57521850316445 -1.8574515788787958 0.0 0.0 0.0 0.6820193746278209 0.7313341046555097
1629013306.575726032 4.575943649309493 -1.85777681003163 0.0 0.0 0.0 0.6820193852878058 0.7313340947143402
1629013307.374596596 4.5773618946551675 -1.8584470925660377 0.0 0.0 0.0 0.6820194191990925 0.7313340630897296
1629013307.374596596 4.577675868985246 -1.8589063590748147 0.0 0.0 0.0 0.6820194354622304 0.7313340479232322
1629013307.374596596 4.578107275145565 -1.8596701903841286 0.0 0.0 0.0 0.682019421738155 0.7313340607218787
1629013307.374596596 4.577622202382018 -1.859465884314439 0.0 0.0 0.0 0.68219794920023 0.7311675308074069
1629013307.374596596 4.576812328028466 -1.8597370302277147 0.0 0.0 0.0 0.6821979335441982 0.7311675454148835
1629013307.374596596 4.577030184308904 -1.86010315695623 0.0 0.0 0.0 0.6821979537041307 0.7311675266051527
1629013307.975763083 4.577937616139135 -1.8599979836895457 0.0 0.0 0.0 0.6821979864291238 0.731167496071898
1629013308.075963020 4.577517246323356 -1.8606899877139702 0.0 0.0 0.0 0.6821979760932976 0.7311675057154883
1629013307.975763083 4.577553617850249 -1.8608161262251777 0.0 0.0 0.0 0.6827333063406632 0.7306676620825272
1629013308.075963020 4.576355665687121 -1.8612658418370376 0.0 0.0 0.0 0.6827332845253641 0.7306676824666658
1629013308.075963020 4.5777524591333805 -1.860361913177741 0.0 0.0 0.0 0.6829517459033079 0.7304634917418006
1629013308.075963020 4.577132867120646 -1.8607115571725092 0.0 0.0 0.0 0.6829517648697749 0.7304634740089745
1629013308.476742268 4.576272315052121 -1.8620323623643182 0.0 0.0 0.0 0.6829517532670628 0.7304634848570084
1629013308.577086210 4.576683657767796 -1.8616045340515328 0.0 0.0 0.0 0.6829517712219619 0.7304634680699542
1629013308.476742268 4.57644776249242 -1.861386729586262 0.0 0.0 0.0 0.6830778351895008 0.7303455833184898
1629013308.577086210 4.577218383664609 -1.8613866741007614 0.0 0.0 0.0 0.6830778612649162 0.7303455589306667
1629013308.577086210 4.577976959459766 -1.8614041295967034 0.0 0.0 0.0 0.6833597999886715 0.7300817651191153
1629013308.777350664 4.577621351594135 -1.860887869939542 0.0 0.0 0.0 0.6833598155302545 0.7300817505721237
1629013308.777350664 4.578108840607999 -1.8608803921102377 0.0 0.0 0.0 0.6830262946405293 0.7303937847693043
1629013308.777350664 4.578902665913869 -1.8618167323143113 0.0 0.0 0.0 0.6830263221028292 0.7303937590879883
1629013308.777350664 4.580063814336556 -1.8624516344186468 0.0 0.0 0.0 0.6830263111522769 0.7303937693283762
1629013308.777350664 4.579840592473977 -1.8629596157244213 0.0 0.0 0.0 0.6830263029172662 0.7303937770293302
1629013308.777350664 4.580917387032355 -1.8632391388627831 0.0 0.0 0.0 0.6830262991805591 0.7303937805237044
