1629013127.723922968 0.00015022659835155872 -0.0009682176938225262 0.0 0.0 0.0 -1.1066328873293523e-08 0.9999999999999999
1629013127.723922968 0.0013131688059216397 -0.0011886107205983658 0.0 0.0 0.0 4.5913734623750686e-08 0.999999999999999
1629013127.723922968 0.0016868823359657812 -0.0006498407016260913 0.0 0.0 0.0 -2.3812657309380233e-08 0.9999999999999997
1629013127.723922968 -0.002452180233314316 -0.0006090236275841795 0.0 0.0 0.0 5.44393643094993e-08 0.9999999999999986
1629013127.723922968 -2.2442003903463134e-05 -0.0019108109108862943 0.0 0.0 0.0 -2.0904427850987407e-08 0.9999999999999998
1629013128.224887848 0.00015103390867572046 -0.00020014869411780567 0.0 0.0 0.0 -1.844991720930315e-08 0.9999999999999998
1629013128.224887848 0.0017457851031561285 -0.00046084290517361156 0.0 0.0 0.0 5.5293136575707576e-08 0.9999999999999984
1629013128.325093031 0.00019062663148999018 -0.001412172908142861 0.0 0.0 0.0 0.0005180056067480785 0.9999998658350867
1629013128.325093031 -0.0003190940194033807 -0.00045932315753631774 0.0 0.0 0.0 6.377898081640999e-08 0.999999999999998
1629013128.425327301 0.0011561270780096969 -0.002967767468186993 0.0 0.0 0.0 0.0005178735288306847 0.9999998659034951
1629013128.425327301 2.8175716462994368e-05 -0.00023569972268596404 0.0 0.0 0.0 -0.00039565884733412285 0.9999999217270352
1629013128.525490284 -0.003505656936231449 0.003515997563777253 0.0 0.0 0.0 0.00012242570090615393 0.9999999925059738
1629013128.525490284 -0.0036923906306943035 0.00306891084057227 0.0 0.0 0.0 -0.00039553228760211365 0.9999999217771016
1629013128.625700474 0.00035929168548098943 0.0005408523533189894 0.0 0.0 0.0 0.0008128389826047487 0.9999996696463396
1629013128.625700474 0.0004483114520137793 0.002785111950656312 0.0 0.0 0.0 0.0001223152306981656 0.9999999925194921
1629013128.625700474 -0.004679269335492579 0.0013809664017352548 0.0 0.0 0.0 0.0008129365514208449 0.9999996695670271
1629013128.625700474 -0.004882768435033497 0.0005679890463321551 0.0 0.0 0.0 0.0008129199801170809 0.9999996695804984
1629013128.926275730 0.0014568061207425277 0.0019372462305094142 0.0 0.0 0.0 0.0002950634122580923 0.9999999564687905
1629013128.926275730 -0.004010156170167707 -0.0013353707331220954 0.0 0.0 0.0 0.00029503995597702685 0.9999999564757113
1629013128.926275730 -0.0046191979527652775 -0.0010583951618871178 0.0 0.0 0.0 0.0002950573075595998 0.9999999564705917
1629013128.926275730 -0.004677048845890788 -0.00041693673222633774 0.0 0.0 0.0 0.0008129345957945941 0.9999996695686169
1629013128.926275730 -0.005266245915875408 -0.0006053297276059663 0.0 0.0 0.0 0.0002950507429061108 0.9999999564725286
1629013128.926275730 0.00584411916602883 -0.002573669971668709 0.0 0.0 0.0 0.0002949184290771181 0.9999999565115592
1629013129.327075481 0.007036262185529432 -0.0035853153541823644 0.0 0.0 0.0 0.0007178192087808441 0.9999997423677586
1629013129.327075481 0.0072353409273870056 -0.004011990780021377 0.0 0.0 0.0 0.0007178205407374528 0.9999997423668024
1629013129.327075481 0.007958754265062193 -0.003924893738126931 0.0 0.0 0.0 0.0007177910043206299 0.9999997423880039
1629013129.327075481 0.008769329912476783 -0.003710071284896622 0.0 0.0 0.0 0.0007178420961513443 0.9999997423513293
1629013129.727863789 0.008529328608184294 -0.003844104956320932 0.0 0.0 0.0 0.0007177942837549954 0.9999997423856499
1629013129.727863789 0.009541950506012373 -0.004286310517049097 0.0 0.0 0.0 0.0007177972175042879 0.999999742383544
1629013129.928267002 -0.003331239791427737 -0.0025805966930733657 0.0 0.0 0.0 0.0007180478862775971 0.9999997422035832
1629013129.928267002 0.008514680588035286 -0.003331273060476894 0.0 0.0 0.0 0.0007177891041252984 0.9999997423893678
1629013129.928267002 0.009075480416668927 -0.0023943777624051005 0.0 0.0 0.0 0.0007177347995724022 0.9999997424283456
1629013129.928267002 0.009661250203124885 -0.0032875943089560647 0.0 0.0 0.0 0.0007176705229021877 0.9999997424744771
1629013130.128615141 -0.0012315633256979497 0.005899524917349985 0.0 0.0 0.0 0.0007181216723631135 0.9999997421505986
1629013130.128615141 0.0037163317967067525 -0.00014595851339178965 0.0 0.0 0.0 0.0007180036503112773 0.9999997422353458
1629013130.128615141 -0.004295947831088684 -0.0020963719630684757 0.0 0.0 0.0 0.0007179946869503952 0.9999997422417816
1629013130.128615141 0.008269963408909911 -0.002811251659490116 0.0 0.0 0.0 0.0007176262505891065 0.9999997425062491
1629013130.128615141 0.008465126609497543 -0.0019625867243480985 0.0 0.0 0.0 0.0007176011927528064 0.999999742524231
1629013130.128615141 0.008784392953403034 -0.002972510903414976 0.0 0.0 0.0 0.0007176638281597202 0.9999997424792817
1629013130.729794502 -0.0005714616191824304 0.005561467160424834 0.0 0.0 0.0 0.0007181425092910804 0.9999997421356349
1629013130.729794502 -0.0012358753738548485 0.005485123321537028 0.0 0.0 0.0 0.0007181393976826635 0.9999997421378695
1629013130.729794502 -0.0043558096466549895 -0.0038510599171140782 0.0 0.0 0.0 0.0014297801340063733 0.9999989778638618
1629013130.830001831 -0.0001723055263023682 0.0029441648071276806 0.0 0.0 0.0 0.0007178183829748356 0.9999997423683513
1629013130.830001831 -0.0005782144984337282 0.0029954166830848906 0.0 0.0 0.0 0.0007178070443881463 0.9999997423764904
1629013130.830001831 -0.004329180914998504 -0.005690322909668181 0.0 0.0 0.0 0.0026006044304280164 0.9999966184225807
1629013130.830001831 -2.8529766908030906e-05 0.0019069646400766958 0.0 0.0 0.0 0.0007178023286455156 0.9999997423798753
1629013131.230769873 0.0009186435538094269 0.0018695440493304593 0.0 0.0 0.0 0.0007178761224918678 0.9999997423269031
1629013131.230769873 0.001129359297004632 0.0025171645371359005 0.0 0.0 0.0 0.0007178810910197814 0.9999997423233363
1629013131.230769873 0.001435530644496195 0.0007210713696529064 0.0 0.0 0.0 0.0007178537794760212 0.9999997423429424
1629013131.230769873 0.001626850220032926 2.7830612337155763e-05 0.0 0.0 0.0 0.0007178014078564614 0.9999997423805362
1629013131.230769873 0.0022169201960036684 0.00148618551842456 0.0 0.0 0.0 0.0007178355984659724 0.9999997423559936
1629013131.230769873 0.041473964023902646 -0.01147421501037335 0.0 0.0 0.0 0.0071417867956773485 0.999974497115484
1629013131.631546736 0.0003775116599610183 0.003096854875321118 0.0 0.0 0.0 0.0007180679723223772 0.9999997421891603
1629013131.631546736 0.11187063101865387 -0.015275472550856248 0.0 0.0 0.0 0.014620628473259201 0.9998931128990973
1629013131.731744289 0.008340669405735218 -0.0007779080902216099 0.0 0.0 0.0 0.0007174641245091025 0.9999997426225818
1629013131.731744289 0.11573031165181798 -0.02133532061742836 0.0 0.0 0.0 0.016276309597183503 0.999867532099076
1629013131.831948757 -0.0005290813941791132 -0.001942626962942266 0.0 0.0 0.0 0.0007180050269805861 0.9999997422343574
1629013131.831948757 0.0009425524086522768 0.0007747089706015911 0.0 0.0 0.0 0.0007180903003052792 0.999999742173127
1629013131.831948757 0.0011745243910817815 0.002393062782878534 0.0 0.0 0.0 0.0007180941740625537 0.9999997421703454
1629013131.831948757 -0.0011989305285990317 -0.0007677577971849683 0.0 0.0 0.0 0.0007179951773996614 0.9999997422414294
1629013131.831948757 0.0012677819361617965 0.001086969160825835 0.0 0.0 0.0 0.0007180954816562203 0.9999997421694063
1629013131.831948757 0.11623578721315952 -0.025537549704758147 0.0 0.0 0.0 0.018002428944393665 0.9998379431448389
1629013132.533311367 0.00016257543959226567 -0.0020356112006109186 0.0 0.0 0.0 0.0007180498539953642 0.9999997422021704
1629013132.533311367 -0.0002718449382754024 -0.0023946211028132553 0.0 0.0 0.0 0.0007180202230102153 0.9999997422234465
1629013132.533311367 0.0006050273444973663 -0.0013125854853802822 0.0 0.0 0.0 0.000718034878986133 0.9999997422129231
1629013132.533311367 -0.0007687323169059714 -0.0016961544413549513 0.0 0.0 0.0 0.000718036817567783 0.9999997422115311
1629013132.533311367 0.13862802903335886 -0.038772736597030774 0.0 0.0 0.0 0.02324615379039625 0.9997297716552975
1629013132.934135914 -0.0004473637341623918 -0.0023687710394664934 0.0 0.0 0.0 0.0007179950909897002 0.9999997422414915
1629013132.934135914 0.153586007955938 -0.040114017823980316 0.0 0.0 0.0 0.024679741882801563 0.9996954087823943
1629013133.134488583 0.15352991037874167 -0.04150349886186297 0.0 0.0 0.0 0.02433458422213423 0.9997038701589266
1629013133.635461807 -0.00024647767201832786 -0.0033062380141706837 0.0 0.0 0.0 0.0007180282213293764 0.9999997422177035
1629013135.038238049 0.0005089922472528564 -0.0029097355433528108 0.0 0.0 0.0 0.0007179750271207104 0.999999742255897
1629013135.038238049 -1.1072842151660007e-05 -0.0026054944888628546 0.0 0.0 0.0 0.0007179677306423714 0.9999997422611356
1629013135.038238049 -3.567851797724953e-05 -0.003107860653989081 0.0 0.0 0.0 0.0007180089874789169 0.9999997422315138
1629013135.243909359 -0.00030475076936407387 -0.002999018163604046 0.0 0.0 0.0 0.0007180357475828442 0.9999997422122994
1629013135.243909359 -0.0008547717876736581 -0.0018730439897418772 0.0 0.0 0.0 0.0007180362275619844 0.9999997422119548
1629013135.243909359 -0.0017829819766128818 -0.0017617650799085706 0.0 0.0 0.0 0.000718019242266829 0.9999997422241507
1629013135.639563084 -0.0033643069154302508 -0.0025194495673548285 0.0 0.0 0.0 0.0007180276277546179 0.9999997422181297
1629013135.639563084 0.17249741422533302 -0.0981556004411578 0.0 0.0 0.0 -0.05373451228852508 0.9985552574540452
1629013135.739579201 0.15334636275368813 -0.04119940366088101 0.0 0.0 0.0 0.024334576175093332 0.9997038703548059
1629013135.739579201 0.17373023122520842 -0.09730500889174545 0.0 0.0 0.0 -0.05373457642170022 0.9985552540028921
1629013135.739579201 0.1763814716838598 -0.1014156783789845 0.0 0.0 0.0 -0.05823258288598978 0.9983030433142165
1629013135.739579201 0.1766311433968921 -0.1026519617320157 0.0 0.0 0.0 -0.05823257837926643 0.9983030435771006
1629013135.739579201 0.17702871246199822 -0.10316127043508767 0.0 0.0 0.0 -0.05823255067398378 0.9983030451931928
1629013136.140389442 0.17528065564115336 -0.10099224974983365 0.0 0.0 0.0 -0.058232555858952754 0.9983030448907456
1629013136.140389442 0.1884697218360962 -0.13373916476235398 0.0 0.0 0.0 -0.07539278502928563 0.9971539138796618
1629013136.240868092 0.17601510737752835 -0.10177861289225766 0.0 0.0 0.0 -0.058232605221287655 0.9983030420113632
1629013136.240868092 0.18989141228690035 -0.14285322924564997 0.0 0.0 0.0 -0.07963676208188718 0.9968239494138937
1629013136.340748310 0.17418629132451732 -0.10201682635989744 0.0 0.0 0.0 -0.05823261737383329 0.9983030413024858
1629013136.340748310 0.17481024731584832 -0.10201052605922792 0.0 0.0 0.0 -0.05823261327793046 0.9983030415414064
1629013136.340748310 0.19166674849009438 -0.14852121034988633 0.0 0.0 0.0 -0.08446647978259375 0.9964263213068675
1629013136.541119576 0.1712378995100313 -0.10298067467345039 0.0 0.0 0.0 -0.05823276772799101 0.9983030325320753
1629013136.541119576 0.17222383938872002 -0.10241550273348451 0.0 0.0 0.0 -0.058232703664068346 0.9983030362690343
1629013136.541119576 0.17226232290621493 -0.10336236374312531 0.0 0.0 0.0 -0.0582327412863041 0.998303034074465
1629013136.541119576 0.17312435477885746 -0.10226323921010616 0.0 0.0 0.0 -0.058232706551206645 0.9983030361006227
1629013136.541119576 0.17354591124495342 -0.10210009547632948 0.0 0.0 0.0 -0.05823262325833785 0.9983030409592333
1629013136.541119576 0.17369125121880408 -0.10149167298085651 0.0 0.0 0.0 -0.058232619322092845 0.9983030411888407
1629013136.541119576 0.19943518197330334 -0.17670538524633772 0.0 0.0 0.0 -0.0963768532602924 0.9953449161751137
1629013137.242624760 0.17077403539216748 -0.1032723632790941 0.0 0.0 0.0 -0.05823277056303318 0.9983030323667024
1629013137.242624760 0.23436762926818636 -0.24582057643073701 0.0 0.0 0.0 -0.13922329195667962 0.9902610135599327
1629013137.342700481 0.1699474198706041 -0.10273815319941686 0.0 0.0 0.0 -0.058232759013662545 0.9983030330403974
1629013137.342700481 0.1701490842099664 -0.10203496275986118 0.0 0.0 0.0 -0.05823275023125506 0.9983030335526905
1629013137.342700481 0.24273636536454568 -0.2637503024551267 0.0 0.0 0.0 -0.14656644473096347 0.9892008275769514
1629013137.552075386 0.17090328075367753 -0.10248440104630703 0.0 0.0 0.0 -0.05823277460018389 0.9983030321312082
1629013137.552075386 0.2879383035727078 -0.298759056438944 0.0 0.0 0.0 -0.16305858267380915 0.9866163887836085
1629013138.044185638 0.5366702236917126 -0.3818926015634638 0.0 0.0 0.0 -0.20136562545384243 0.9795161483536567
1629013138.545035839 0.766064860682562 -0.4909667448732339 0.0 0.0 0.0 -0.2270929619872281 0.9738730854766793
1629013138.945878506 0.1708866497299075 -0.102927047116222 0.0 0.0 0.0 -0.05823277399914454 0.9983030321662679
1629013138.945878506 0.1718237367565339 -0.10323580735785073 0.0 0.0 0.0 -0.05823275942236222 0.9983030330165572
1629013138.945878506 0.9762288555943784 -0.5630627831000818 0.0 0.0 0.0 -0.23880059230039324 0.9710686263683846
1629013139.446808338 0.17201982932621793 -0.10372766471827974 0.0 0.0 0.0 -0.05823280751196885 0.9983030302114053
1629013139.446808338 0.17284966249850325 -0.10444167829419651 0.0 0.0 0.0 -0.05823287765506844 0.9983030261198299
1629013139.446808338 0.17368236390297248 -0.10509611227985198 0.0 0.0 0.0 -0.058232910054079906 0.9983030242299347
1629013139.446808338 0.17403950201177115 -0.10528478333656179 0.0 0.0 0.0 -0.0582329284918341 0.9983030231544252
1629013139.446808338 1.152968441938585 -0.6528664700728136 0.0 0.0 0.0 -0.24916029708957918 0.9684622586111618
1629013139.847644329 0.17360039572255306 -0.1043667617740427 0.0 0.0 0.0 -0.05823299384655916 0.9983030193421567
1629013139.847644329 0.17363883857715168 -0.10380473241222574 0.0 0.0 0.0 -0.058233006446744465 0.9983030186071629
1629013140.047982454 0.1748239070004882 -0.10360685889176366 0.0 0.0 0.0 -0.058232994398411245 0.9983030193099661
1629013140.047982454 0.17503135433130948 -0.10295895714032637 0.0 0.0 0.0 -0.05823301123739607 0.9983030183277146
1629013140.248363495 0.17644081874968334 -0.10357564173840438 0.0 0.0 0.0 -0.058232948503072916 0.9983030219871312
1629013140.248363495 0.17820285383449597 -0.10391875689391167 0.0 0.0 0.0 -0.058232952173851195 0.9983030217730076
1629013140.248363495 0.17876894420054082 -0.10378897952586409 0.0 0.0 0.0 -0.058232920704128034 0.998303023608697
1629013140.248363495 0.17883588752919177 -0.10382068384568702 0.0 0.0 0.0 -0.05823296220866952 0.998303021187657
1629013140.649135590 1.4789680600546482 -0.8184570511037843 0.0 0.0 0.0 -0.2647774192314231 0.9643095552078426
1629013140.649135590 1.4790162102472262 -0.819736450639481 0.0 0.0 0.0 -0.264777484074373 0.9643095374034445
1629013140.649135590 1.4791781011524192 -0.8193835331725644 0.0 0.0 0.0 -0.2647774414486591 0.9643095491074958
1629013140.649135590 1.4800419005190906 -0.8195972825950814 0.0 0.0 0.0 -0.2647774048559188 0.9643095591550283
1629013140.649135590 1.4806830841330065 -0.8188921144264895 0.0 0.0 0.0 -0.26477739863106176 0.9643095608642319
1629013141.250308990 1.4808546847345374 -0.8193139771396187 0.0 0.0 0.0 -0.2647774455590435 0.9643095479788779
1629013141.250308990 1.6192561691135923 -0.9130403625724179 0.0 0.0 0.0 -0.2602953462490283 0.9655290429195273
1629013141.250308990 1.6192770451940743 -0.9140492843930682 0.0 0.0 0.0 -0.26029538142545744 0.9655290334363724
1629013141.250308990 1.619742733297818 -0.9132089899814253 0.0 0.0 0.0 -0.26029538175527533 0.9655290333474574
1629013141.250308990 1.6199607252561703 -0.9132783632683121 0.0 0.0 0.0 -0.2602953081676541 0.9655290531858199
1629013141.751293659 1.621402089253393 -0.9125907464336522 0.0 0.0 0.0 -0.26029540139706026 0.9655290280522607
1629013141.751293659 1.6219799675230542 -0.9135452149860852 0.0 0.0 0.0 -0.26029544833545365 0.9655290153982143
1629013141.751293659 1.7871784631661793 -1.016344658475319 0.0 0.0 0.0 -0.24895289590524025 0.9685155938963474
1629013141.751293659 1.7876971944073357 -1.0168906054264006 0.0 0.0 0.0 -0.24895291634668743 0.9685155886419584
1629013141.751293659 1.7880190531818358 -1.0156096203256633 0.0 0.0 0.0 -0.24895288710678015 0.9685155961579549
1629013141.751293659 1.7884470308480973 -1.016480247329293 0.0 0.0 0.0 -0.24895289216791386 0.9685155948570117
1629013142.853490353 1.7866195433730099 -1.017621984033835 0.0 0.0 0.0 -0.24895293712745434 0.9685155833003483
1629013142.853490353 2.161330338711098 -1.1785713635111141 0.0 0.0 0.0 -0.19445351730367585 0.980911733851843
1629013142.853490353 2.161498663599502 -1.1804080885324582 0.0 0.0 0.0 -0.19445354700841377 0.9809117279632488
1629013142.853490353 2.1617918966951857 -1.17950532951186 0.0 0.0 0.0 -0.19445353199400536 0.9809117309396683
1629013143.053889513 2.162163558880477 -1.1803301117776537 0.0 0.0 0.0 -0.1944535118106968 0.9809117349407577
1629013143.053889513 2.2583395594133044 -1.2106981663188918 0.0 0.0 0.0 -0.17527683522526333 0.984519187742634
1629013143.154386997 2.259120908385932 -1.211567082435148 0.0 0.0 0.0 -0.17527682525406726 0.9845191895178352
1629013143.154386997 2.282736048497728 -1.237562731786505 0.0 0.0 0.0 -0.16370862900446603 0.9865087352829057
1629013143.254235268 2.2823222786349833 -1.2372623377264023 0.0 0.0 0.0 -0.1637086186346602 0.9865087370037486
1629013143.254235268 2.2963773168604886 -1.2559137427234663 0.0 0.0 0.0 -0.15134900996401168 0.9884803878595232
1629013143.354449272 2.2975836098935796 -1.2554353796607982 0.0 0.0 0.0 -0.15134898509059233 0.9884803916679621
1629013143.354449272 2.2988988963534274 -1.2673353552397444 0.0 0.0 0.0 -0.13737124346800084 0.9905196320457537
1629013143.454634190 2.2986103912993476 -1.2671247688706777 0.0 0.0 0.0 -0.13737125379308607 0.9905196306138084
1629013143.454634190 2.2994765464564675 -1.2825332452080238 0.0 0.0 0.0 -0.1234849662991725 0.9923464430822999
1629013143.454634190 2.299937010985949 -1.28277563082859 0.0 0.0 0.0 -0.12348496128338939 0.9923464437064506
1629013143.454634190 2.3007182161039554 -1.283246496373934 0.0 0.0 0.0 -0.1234849503100183 0.9923464450719478
1629013143.454634190 2.3018903654400735 -1.2833156486689066 0.0 0.0 0.0 -0.12348494491141052 0.9923464457437362
1629013143.454634190 2.3030530529277238 -1.2832140931854623 0.0 0.0 0.0 -0.12348493092158778 0.9923464474845923
1629013144.055785656 2.2997253385800964 -1.283356712828238 0.0 0.0 0.0 -0.12348488687039087 0.9923464529662042
1629013144.055785656 2.3001255675201313 -1.2835604105032694 0.0 0.0 0.0 -0.12348492768140483 0.9923464478877919
1629013144.055785656 2.3716869659339506 -1.406292479170521 0.0 0.0 0.0 -0.05057842151588943 0.9987200925569492
1629013144.256221533 2.3710815563312995 -1.4060662043693566 0.0 0.0 0.0 -0.050578356742006975 0.9987200958373063
1629013144.256221533 2.397450590928168 -1.414020130619445 0.0 0.0 0.0 -0.015277978709374855 0.9998832848720673
1629013144.357876301 2.3706653220735685 -1.40441951977497 0.0 0.0 0.0 -0.05057832951862495 0.9987200972159844
1629013144.357876301 2.3974086840048683 -1.4143183142968236 0.0 0.0 0.0 -0.015277979797226903 0.9998832848554453
1629013144.357876301 2.4016717302453547 -1.4184615682845836 0.0 0.0 0.0 0.0037358134496619675 0.9999930218245872
1629013144.357876301 2.4024657403114036 -1.4188853600289364 0.0 0.0 0.0 0.0037357581103667097 0.9999930220313243
1629013144.656959772 2.4004889049633866 -1.4184893324477015 0.0 0.0 0.0 0.003735727079026998 0.9999930221472503
1629013144.656959772 2.401364081751092 -1.4185843803404137 0.0 0.0 0.0 0.003735734982911032 0.9999930221177233
1629013144.656959772 2.4206904861216687 -1.4385910963357762 0.0 0.0 0.0 0.05580410669549283 0.9984417367457743
1629013144.757164955 2.420992137906491 -1.4388259907311054 0.0 0.0 0.0 0.055804090398847817 0.9984417376566131
1629013144.757164955 2.424122935823048 -1.4425924918399768 0.0 0.0 0.0 0.07321378602119269 0.9973162695636941
1629013144.957559347 2.423694787681995 -1.4435487995944325 0.0 0.0 0.0 0.07321377361862735 0.9973162704741763
1629013144.957559347 2.4410448663528994 -1.4510892320475397 0.0 0.0 0.0 0.10712465257522495 0.9942455978331699
1629013145.057746887 2.425049394465608 -1.442249481199105 0.0 0.0 0.0 0.0732137448344339 0.9973162725872462
1629013145.057746887 2.4415132860080444 -1.4493131467768252 0.0 0.0 0.0 0.12558516158143285 0.9920828429070656
1629013145.157940865 2.438912178297797 -1.4400356922106468 0.0 0.0 0.0 0.14254030500697118 0.9897889984479115
1629013145.157940865 2.4406214887062747 -1.4505877148836699 0.0 0.0 0.0 0.10712465822785057 0.9942455972241296
1629013145.258138657 2.439968889807022 -1.449678552464463 0.0 0.0 0.0 0.1255851381729869 0.9920828458702791
1629013145.258138657 2.4401229481316022 -1.432396800628329 0.0 0.0 0.0 0.15937706025065165 0.9872177838075347
1629013145.258138657 2.440139862468368 -1.4339021814139945 0.0 0.0 0.0 0.15937705032742316 0.9872177854095469
1629013145.258138657 2.440180866629192 -1.4415384793823212 0.0 0.0 0.0 0.14254029274361305 0.9897890002139673
1629013145.258138657 2.4402842131430162 -1.4331775605505623 0.0 0.0 0.0 0.15937708269446102 0.9872177801841916
1629013145.658915520 2.439447899261994 -1.4333116040661595 0.0 0.0 0.0 0.1593770479679587 0.9872177857904603
1629013145.658915520 2.439616931039357 -1.4331254705926142 0.0 0.0 0.0 0.15937706439840277 0.9872177831379191
1629013145.658915520 2.5160604549119805 -1.397682774675436 0.0 0.0 0.0 0.22746307558800605 0.9737867062370718
1629013145.658915520 2.516173775585472 -1.3979211510974405 0.0 0.0 0.0 0.2274630340801809 0.9737867159327234
1629013145.859305143 2.5162839445554828 -1.397588100320488 0.0 0.0 0.0 0.2274630415063322 0.9737867141980777
1629013145.859305143 2.558758617680423 -1.3455509167225301 0.0 0.0 0.0 0.25356898548347895 0.9673173055419195
1629013145.959497690 2.558403167869903 -1.3465463748937894 0.0 0.0 0.0 0.25356898193001465 0.9673173064734115
1629013145.959497690 2.5781892550800514 -1.3270686999670251 0.0 0.0 0.0 0.26149732864550873 0.9652041996962419
1629013145.959497690 2.579290973572932 -1.327537713171719 0.0 0.0 0.0 0.2614973213570859 0.9652042016708532
1629013145.959497690 2.579437321812498 -1.3268496147695428 0.0 0.0 0.0 0.2614973419960553 0.9652041960792536
1629013146.260293722 2.5808255513815315 -1.327455647255448 0.0 0.0 0.0 0.2614973331922447 0.9652041984644204
1629013146.260293722 2.6461260201670185 -1.2629030504747663 0.0 0.0 0.0 0.2676818744027648 0.9635073503176934
1629013146.360308409 2.6447444870998402 -1.263428067627054 0.0 0.0 0.0 0.2676818836684611 0.9635073477434951
1629013146.360308409 2.665115224282476 -1.231466039266788 0.0 0.0 0.0 0.2667555213278784 0.9637642304220944
1629013146.360308409 2.6651582641562395 -1.2322773602425727 0.0 0.0 0.0 0.2667555700574139 0.9637642169344866
1629013146.360308409 2.6657184717624394 -1.2322844898854186 0.0 0.0 0.0 0.2667556068385599 0.9637642067540129
1629013146.761072397 2.665899939413775 -1.2322325051785377 0.0 0.0 0.0 0.26675551354564725 0.9637642325760994
1629013146.761072397 2.7420067094990825 -1.1381817763932174 0.0 0.0 0.0 0.2502705150722478 0.968175949549188
1629013146.861275196 2.6650112542469673 -1.231854963317857 0.0 0.0 0.0 0.26675552465190355 0.963764229502054
1629013146.861275196 2.7528358455700976 -1.1154119204146202 0.0 0.0 0.0 0.24500257996734337 0.9695224266665241
1629013146.961471319 2.74265027316346 -1.1375444271619983 0.0 0.0 0.0 0.250270535407115 0.9681759442926869
1629013146.961471319 2.752840753612398 -1.1150155167157005 0.0 0.0 0.0 0.24500259022799944 0.9695224240736111
1629013146.961471319 2.755482475888756 -1.0976306832602345 0.0 0.0 0.0 0.23932009568073748 0.970940725175004
1629013146.961471319 2.7556559022927027 -1.097495690768204 0.0 0.0 0.0 0.23932005258744574 0.9709407357967541
1629013146.961471319 2.755788651021587 -1.0970024643094098 0.0 0.0 0.0 0.23932004929144354 0.9709407366091615
1629013147.363122463 2.7560859955183776 -1.0979984416913677 0.0 0.0 0.0 0.23932009827757286 0.970940724534929
1629013147.363122463 2.756099796674029 -1.0974960839090249 0.0 0.0 0.0 0.23932010644835502 0.9709407225209724
1629013147.363122463 2.7955028718951644 -1.0165692817856187 0.0 0.0 0.0 0.21372721483376297 0.9768933808965042
1629013147.363122463 2.7959279474884684 -1.0164781026221983 0.0 0.0 0.0 0.2137272121850526 0.9768933814759958
1629013147.662840843 2.7962919587994333 -1.0161662100049655 0.0 0.0 0.0 0.21372720216697763 0.9768933836677757
1629013147.662840843 2.8672432101169862 -0.9600873842538328 0.0 0.0 0.0 0.19286633490926822 0.9812250388461691
1629013147.662840843 2.868002411655267 -0.9610960835262105 0.0 0.0 0.0 0.19286629770157568 0.9812250461595888
1629013147.662840843 2.868813602829211 -0.9614629310153219 0.0 0.0 0.0 0.19286631601891652 0.9812250425591936
1629013147.963420868 2.867616785007091 -0.9602313822912664 0.0 0.0 0.0 0.1928662861433061 0.9812250484314433
1629013147.963420868 2.9644792647585603 -0.9206698554315955 0.0 0.0 0.0 0.17401687643993463 0.984742670302292
1629013147.963420868 2.9645686986221054 -0.9214155865138521 0.0 0.0 0.0 0.17401688727945067 0.984742668386808
1629013148.163911819 2.9646575251639593 -0.9222512320429008 0.0 0.0 0.0 0.1740168830881354 0.9847426691274681
1629013148.163911819 3.0289636576255066 -0.886280596626652 0.0 0.0 0.0 0.16106291130958686 0.9869441415807078
1629013148.163911819 3.029012248382956 -0.8856420510512492 0.0 0.0 0.0 0.16106295265246454 0.9869441348338162
1629013148.163911819 3.029275083808802 -0.8861500172988346 0.0 0.0 0.0 0.1610629309974705 0.9869441383677721
1629013148.464430809 3.029048222994161 -0.8854138685757719 0.0 0.0 0.0 0.16106295241766588 0.9869441348721338
1629013148.464430809 3.0834674563224027 -0.8643072701968487 0.0 0.0 0.0 0.14302504601146396 0.989719069339082
1629013148.564584255 3.0838215884641587 -0.8648335446825072 0.0 0.0 0.0 0.14302502926084107 0.989719071759727
1629013148.564584255 3.1035248477188513 -0.8432468711333713 0.0 0.0 0.0 0.1371508573795472 0.9905501715309806
1629013148.564584255 3.1038066062383893 -0.8436281630707533 0.0 0.0 0.0 0.13715086680194116 0.9905501702263627
1629013148.564584255 3.1045858042572294 -0.8429148264284326 0.0 0.0 0.0 0.13715083001195047 0.9905501753202778
1629013148.564584255 3.1058296971922936 -0.8434354757214688 0.0 0.0 0.0 0.1371508480855264 0.990550172817824
1629013148.967636585 3.1052246353815307 -0.8426682549478918 0.0 0.0 0.0 0.1371508440184233 0.9905501733809521
1629013148.967636585 3.142488420443485 -0.81428939897614 0.0 0.0 0.0 0.11306599216292851 0.9935874805049693
1629013148.967636585 3.14250974369387 -0.8152304681091871 0.0 0.0 0.0 0.11306587489634061 0.9935874938493968
1629013148.967636585 3.1433446509505134 -0.8150247368779863 0.0 0.0 0.0 0.1130659426668223 0.9935874861374124
1629013148.967636585 3.1438486420945595 -0.8147538385427866 0.0 0.0 0.0 0.1130659105058687 0.9935874897971889
1629013148.967636585 3.1446115541475783 -0.8148528418185587 0.0 0.0 0.0 0.11306593152685114 0.9935874874050927
1629013149.566569805 3.1430554927400918 -0.8151208820258898 0.0 0.0 0.0 0.11306598566783822 0.9935874812440826
1629013149.566569805 3.143303696157321 -0.8150980801332671 0.0 0.0 0.0 0.11306598518072791 0.9935874812995137
1629013149.566569805 3.272012598651391 -0.7663972444439401 0.0 0.0 0.0 0.09195249515253097 0.9957633949062517
1629013149.566569805 3.2725392690356165 -0.765825775059316 0.0 0.0 0.0 0.0919525295515315 0.9957633917297195
1629013149.566569805 3.2727764983738634 -0.766386953201912 0.0 0.0 0.0 0.09195248640220262 0.9957633957142895
1629013149.566569805 3.273386140485346 -0.7658534088558597 0.0 0.0 0.0 0.09195259013891156 0.9957633861348515
1629013149.566569805 3.273463606611344 -0.7659153507101751 0.0 0.0 0.0 0.09195257202732356 0.9957633878073444
1629013150.267954588 3.272652819929233 -0.7661471631816169 0.0 0.0 0.0 0.09195254017805618 0.9957633907484262
1629013150.267954588 3.52374704780391 -0.7124070941251522 0.0 0.0 0.0 0.10027536670271421 0.9949597232213152
1629013150.368111134 3.2724285679015925 -0.7665900136715557 0.0 0.0 0.0 0.09195257063848493 0.995763387935595
1629013150.368111134 3.5984183539307812 -0.6963392638913387 0.0 0.0 0.0 0.10446774786298134 0.9945282749406558
1629013150.468353271 3.2718533253990745 -0.767841294796719 0.0 0.0 0.0 0.09195253142693774 0.9957633915565374
1629013150.468353271 3.616524570158601 -0.6963896339861502 0.0 0.0 0.0 0.10915594540364919 0.9940246373118905
1629013150.571737289 3.2717710997793596 -0.7674359180454431 0.0 0.0 0.0 0.09195252185108671 0.9957633924408074
1629013150.571737289 3.6226001061191977 -0.6992319400498286 0.0 0.0 0.0 0.11586572666026977 0.9932648858111756
1629013150.668736935 3.272131981791441 -0.7681385872676075 0.0 0.0 0.0 0.09195255343246037 0.9957633895244645
1629013150.668736935 3.6217351488861866 -0.6930243887349558 0.0 0.0 0.0 0.1237124322968497 0.9923181113409134
1629013150.768898010 3.2722556193949828 -0.7680917399622238 0.0 0.0 0.0 0.09195252438775212 0.9957633922065622
1629013150.768898010 3.6217405373645493 -0.6929729269770012 0.0 0.0 0.0 0.13310692644380986 0.9911016830440165
1629013150.869095564 3.272473763453147 -0.7679486890385142 0.0 0.0 0.0 0.09195246252872459 0.9957633979188548
1629013150.869095564 3.272989781959353 -0.7677123677675041 0.0 0.0 0.0 0.09195250132044867 0.9957633943366833
1629013150.869095564 3.2730559150584004 -0.7679742093436196 0.0 0.0 0.0 0.09195250246418245 0.9957633942310666
1629013150.869095564 3.2733294109218116 -0.7683947715995192 0.0 0.0 0.0 0.09195250507071902 0.9957633939903693
1629013150.869095564 3.6228448302382636 -0.691974453879515 0.0 0.0 0.0 0.14272477560768418 0.9897624151420058
1629013150.869095564 3.6229240806120697 -0.6918691504874299 0.0 0.0 0.0 0.14272479446811556 0.9897624124223117
1629013151.470263958 3.6190141954884303 -0.6476630607594179 0.0 0.0 0.0 0.2088595715210005 0.9779456423462728
1629013151.470263958 3.621752187230234 -0.6922409008074335 0.0 0.0 0.0 0.14272481143770455 0.9897624099752788
1629013151.470263958 3.622842711283415 -0.6924646994038884 0.0 0.0 0.0 0.14272477592378757 0.9897624150964234
1629013151.570468903 3.6194610502178066 -0.6451260613872002 0.0 0.0 0.0 0.21932430822755242 0.975652011641705
1629013151.570468903 3.6203657981117425 -0.6471407030206509 0.0 0.0 0.0 0.20885955941819026 0.9779456449310664
1629013151.770849705 3.614012050815669 -0.6212213954667973 0.0 0.0 0.0 0.24154971202012074 0.9703884462538683
1629013151.770849705 3.619479975874408 -0.6438227489754399 0.0 0.0 0.0 0.21932430104813114 0.9756520132556221
1629013151.770849705 3.6196057810087674 -0.6427072661806454 0.0 0.0 0.0 0.21932432693097817 0.975652007437218
1629013151.971232891 3.6119135086561682 -0.5864179098284764 0.0 0.0 0.0 0.264022257948226 0.9645165873679521
1629013151.971232891 3.6163499949224946 -0.6413741587667521 0.0 0.0 0.0 0.21932422890974076 0.9756520294721616
1629013151.971232891 3.617220045442013 -0.6422059614185321 0.0 0.0 0.0 0.21932422851475616 0.9756520295609532
1629013151.971232891 3.6184864579992086 -0.6420621048188555 0.0 0.0 0.0 0.2193242790273244 0.975652018205848
1629013152.171621323 3.612935441751257 -0.5717395984956718 0.0 0.0 0.0 0.2858378961005475 0.9582779853220111
1629013152.171621323 3.6154835106326555 -0.6429691091355678 0.0 0.0 0.0 0.21932424503788142 0.9756520258465942
1629013152.171621323 3.6157505687020177 -0.6434521471695615 0.0 0.0 0.0 0.21932423676421442 0.9756520277064947
1629013152.171621323 3.615888855001774 -0.6416780366290517 0.0 0.0 0.0 0.21932422324274026 0.9756520307460896
1629013152.171621323 3.616613314816289 -0.6423920806328794 0.0 0.0 0.0 0.21932419471039344 0.975652037160092
1629013152.672604084 3.6155036775345852 -0.6436550849478695 0.0 0.0 0.0 0.21932424584040736 0.9756520256661882
1629013152.672604084 3.630317228508528 -0.47441526103240794 0.0 0.0 0.0 0.34083676124778395 0.9401224931795437
1629013152.772806168 3.6140891308811116 -0.6424899652294427 0.0 0.0 0.0 0.21932423701193343 0.9756520276508082
1629013152.772806168 3.6390021573728717 -0.4464576053721566 0.0 0.0 0.0 0.351243246739851 0.9362842418943342
1629013152.872993946 3.612964994705318 -0.6439892355132397 0.0 0.0 0.0 0.21932424189560756 0.9756520265529699
1629013152.872993946 3.63709860760921 -0.4257027201298956 0.0 0.0 0.0 0.36246631539981355 0.931996872419904
1629013153.073383331 3.6596856212687485 -0.3792187226841125 0.0 0.0 0.0 0.38438406742417064 0.9231732712283489
1629013153.574472904 3.8161855249022585 -0.20328124798329084 0.0 0.0 0.0 0.43865689883959236 0.8986546194731497
1629013153.874973774 3.894197404846463 -0.09073774251044614 0.0 0.0 0.0 0.4701161877556527 0.8826045377234879
1629013153.975163460 3.915184291212919 -0.05548800286083197 0.0 0.0 0.0 0.4805763900463398 0.8769528683629629
1629013154.278061152 3.979287754108667 0.0709869068799147 0.0 0.0 0.0 0.5109455398282062 0.8596130846663881
1629013157.181401730 3.6113844265941144 -0.6442313178559906 0.0 0.0 0.0 0.21932427530639673 0.9756520190423038
1629013157.181401730 3.611742106427181 -0.6432659624633352 0.0 0.0 0.0 0.2193242677577282 0.9756520207392266
1629013157.181401730 3.613016186531206 -0.6432348434633659 0.0 0.0 0.0 0.21932429022732658 0.9756520156881138
1629013157.181401730 3.613062840163735 -0.6425285333979657 0.0 0.0 0.0 0.2193242763439061 0.9756520188090742
1629013157.181401730 3.6132497874487406 -0.6443963621171556 0.0 0.0 0.0 0.21932428415540836 0.9756520170530668
1629013157.686052322 3.6115117064799684 -0.6432098664237573 0.0 0.0 0.0 0.21932431993064072 0.9756520090108778
1629013157.686052322 3.61162931481782 -0.6438517862071181 0.0 0.0 0.0 0.21932428834097048 0.9756520161121622
1629013157.686052322 3.611869732370674 -0.6435694037848891 0.0 0.0 0.0 0.21932426279096573 0.9756520218557431
1629013157.982985973 3.612765670379413 -0.6448211166267399 0.0 0.0 0.0 0.21932432891124937 0.9756520069920577
1629013157.982985973 3.6132475443416054 -0.6447041970552433 0.0 0.0 0.0 0.21932428559991793 0.9756520167283445
1629013157.982985973 3.6136752293500503 -0.6460343609176736 0.0 0.0 0.0 0.21932427937805038 0.9756520181270056
1629013157.982985973 3.6136922241719374 -0.6465271583436822 0.0 0.0 0.0 0.21932429399289324 0.9756520148416232
1629013157.982985973 3.61466461072036 -0.6445539317636584 0.0 0.0 0.0 0.21932425551922255 0.9756520234904137
1629013158.684444427 3.613924267401093 -0.6460090380851665 0.0 0.0 0.0 0.2193243046143163 0.9756520124539521
1629013158.784572601 3.6135311123391594 -0.6469778562129599 0.0 0.0 0.0 0.21932438334562046 0.9756519947553345
1629013158.784572601 3.6136394064587667 -0.6466343342228508 0.0 0.0 0.0 0.219324332024052 0.9756520062923068
1629013158.984942913 3.6138994191965446 -0.6470256367055369 0.0 0.0 0.0 0.21932443102492694 0.975651984037132
1629013160.788452625 3.6146921388447555 -0.6458256723442901 0.0 0.0 0.0 0.21932438727303508 0.9756519938724605
1629013160.788452625 3.615341561840262 -0.645714013067752 0.0 0.0 0.0 0.21932438960385467 0.9756519933484975
1629013160.788452625 3.9794733561707596 0.06953832056669071 0.0 0.0 0.0 0.5109455581304866 0.8596130737876929
1629013161.089177847 3.9789307353830665 0.06883590623180831 0.0 0.0 0.0 0.5109455927935752 0.8596130531842929
1629013161.089177847 3.9790009330007257 0.06969596130044435 0.0 0.0 0.0 0.5109455889720355 0.8596130554557788
1629013161.089177847 3.979835543132573 2.023781245492727 0.0 0.0 0.0 0.9381091880868854 0.34633964720627175
1629013161.089177847 3.980003426848417 2.024987953405913 0.0 0.0 0.0 0.9381091688898487 0.34633969920411556
1629013161.089177847 3.980061892231228 2.025497998839727 0.0 0.0 0.0 0.9381091786066497 0.34633967288480977
1629013161.089177847 3.981109350390002 2.024056763568926 0.0 0.0 0.0 0.9381091968380845 0.34633962350242875
1629013161.590049744 3.980602722919271 2.0275537724651023 0.0 0.0 0.0 0.9381091764927739 0.3463396786105364
1629013161.590049744 4.052759216085752 1.8006523076219418 0.0 0.0 0.0 0.9644922121540321 0.26411128846420306
1629013161.590049744 4.053567723759203 1.801091171395405 0.0 0.0 0.0 0.9644922014506462 0.2641113275512548
1629013161.790414810 4.052838331223726 1.8008961147520055 0.0 0.0 0.0 0.9644922087781111 0.2641113007925266
1629013161.790414810 4.091439522461338 1.7106567281488407 0.0 0.0 0.0 0.9700726163035094 0.24281498944271188
1629013161.790414810 4.0918108247339555 1.7095778469692249 0.0 0.0 0.0 0.9700726187701767 0.24281497958810402
1629013161.790414810 4.0921292096104285 1.709727391701208 0.0 0.0 0.0 0.9700726272494841 0.24281494571233378
1629013161.990804672 4.091743357608469 1.7099543668811732 0.0 0.0 0.0 0.9700726229200862 0.24281496300875724
1629013161.990804672 4.153140997097471 1.6295315378767716 0.0 0.0 0.0 0.9690130729335896 0.2470094420944304
1629013161.990804672 4.153226992701998 1.630307030877803 0.0 0.0 0.0 0.9690130786347353 0.24700941972894944
1629013161.990804672 4.153962272142495 1.6296829419291632 0.0 0.0 0.0 0.9690130827072988 0.24700940375236258
1629013162.391571283 4.1523766953950325 1.6301595836886738 0.0 0.0 0.0 0.9690130835739644 0.24700940035245028
1629013162.391571283 4.267256022689111 1.5280376480457818 0.0 0.0 0.0 0.960960208489039 0.27668660556792896
1629013162.391571283 4.267391334503943 1.527753290549486 0.0 0.0 0.0 0.9609602093696257 0.27668660250956356
1629013162.391571283 4.268603525489475 1.5277345462849494 0.0 0.0 0.0 0.9609602181586182 0.27668657198451285
1629013162.391571283 4.26928799730104 1.527643152780074 0.0 0.0 0.0 0.9609602239711814 0.27668655179689694
1629013162.391571283 4.269402623890169 1.5278598613497705 0.0 0.0 0.0 0.9609602172563905 0.2766865751180402
1629013162.792377234 4.266470235695437 1.5286040249742143 0.0 0.0 0.0 0.9609602202182363 0.27668656483125226
1629013162.792377234 4.29448389295227 1.5113092265329122 0.0 0.0 0.0 0.9591549154330462 0.2828813323650501
1629013162.992767334 4.287500712903582 1.5245576637063813 0.0 0.0 0.0 0.9608858117105828 0.27694486247860645
1629013162.992767334 4.288272177838318 1.5252837797502288 0.0 0.0 0.0 0.9608857998404235 0.2769449036632186
1629013162.992767334 4.288369048156719 1.5240741577217594 0.0 0.0 0.0 0.9608858053792741 0.2769448844456665
1629013162.992767334 4.288516322597888 1.5241794809109335 0.0 0.0 0.0 0.9608858060035894 0.27694488227954733
1629013162.992767334 4.292962843598633 1.5099649270300535 0.0 0.0 0.0 0.9591549288890837 0.28288128674017426
1629013162.992767334 4.293826427431445 1.5112954061520836 0.0 0.0 0.0 0.9591549297640581 0.2828812837734315
1629013163.794341564 4.2433734009438 1.641372885584063 0.0 0.0 0.0 0.9762692058919442 0.21656047106319457
1629013163.794341564 4.287526945755932 1.5246738523834484 0.0 0.0 0.0 0.9608857953924222 0.27694491909596775
1629013163.994716644 4.196981608218691 1.6733853826164506 0.0 0.0 0.0 0.9808705139373662 0.1946613338294153
1629013163.994716644 4.1971441824176665 1.6730611241761315 0.0 0.0 0.0 0.980870507183809 0.19466136785961757
1629013163.994716644 4.244756977180011 1.6414855637706236 0.0 0.0 0.0 0.9762692073000083 0.2165604647155461
1629013163.994716644 4.244965027049581 1.6405869385876666 0.0 0.0 0.0 0.9762692133978633 0.21656043722600204
1629013164.297129869 4.169391832262131 1.7279936835917025 0.0 0.0 0.0 0.9869199145292485 0.1612112970780295
1629013164.297129869 4.196804271452693 1.6740776830747355 0.0 0.0 0.0 0.9808705062784482 0.1946613724215997
1629013164.395480871 4.164822105230292 1.7464616778560864 0.0 0.0 0.0 0.9887014635788618 0.14989801838922573
1629013164.395480871 4.164948239115087 1.746901416968019 0.0 0.0 0.0 0.9887014596016801 0.14989804462202735
1629013164.395480871 4.16506278794221 1.7465375907594565 0.0 0.0 0.0 0.9887014646893432 0.1498980110646818
1629013164.395480871 4.168612798342543 1.7276372104694977 0.0 0.0 0.0 0.9869199071228195 0.16121134241946297
1629013164.395480871 4.1969458194852765 1.6745988746498046 0.0 0.0 0.0 0.9808705055891448 0.1946613758948998
1629013164.796288013 4.112304018400028 1.796692580514986 0.0 0.0 0.0 0.994073731635853 0.10870793932169837
1629013164.796288013 4.165575066600795 1.7471355430770914 0.0 0.0 0.0 0.9887014645522121 0.14989801196917513
1629013164.796288013 4.166329295283234 1.7481347812186399 0.0 0.0 0.0 0.9887014628015249 0.14989802351640524
1629013164.796288013 4.167297140612163 1.7472695578690398 0.0 0.0 0.0 0.988701461338643 0.14989803316532158
1629013165.197075605 4.002301229655765 1.824915724172127 0.0 0.0 0.0 0.9972888150209885 0.07358681562639094
1629013165.197075605 4.166091373151159 1.746528744616868 0.0 0.0 0.0 0.988701457591458 0.1498980578811025
1629013165.197075605 4.1670235367819775 1.7469750592184423 0.0 0.0 0.0 0.9887014573666544 0.1498980593638681
1629013165.197075605 4.1673923068438326 1.7469083911310543 0.0 0.0 0.0 0.9887014599447209 0.14989804235938994
1629013165.197075605 4.167441503163891 1.7461413841135327 0.0 0.0 0.0 0.9887014578923571 0.14989805589642444
1629013165.597881317 3.9017258354700597 1.8390048193418287 0.0 0.0 0.0 0.9990835496247972 0.04280258016890318
1629013165.597881317 4.164850631357993 1.7471337443877175 0.0 0.0 0.0 0.9887014529715819 0.14989808835299714
1629013165.597881317 4.165476177360505 1.7469891444718482 0.0 0.0 0.0 0.9887014512709612 0.14989809956999145
1629013165.597881317 4.165642839048596 1.7471720570046974 0.0 0.0 0.0 0.9887014609245405 0.14989803589667017
1629013165.898430824 3.8291822992543385 1.842619560306444 0.0 0.0 0.0 0.999755893587367 0.02209419012603264
1629013165.898430824 4.165183148828785 1.7459961848850816 0.0 0.0 0.0 0.9887014563281864 0.14989806621342158
1629013165.898430824 4.1656631772287085 1.7469204828217566 0.0 0.0 0.0 0.9887014577770332 0.14989805665708072
1629013165.998615742 3.795471427244179 1.840195832721007 0.0 0.0 0.0 0.9998904488117891 0.014801701758883182
1629013165.998615742 4.166444443061862 1.7475520308902062 0.0 0.0 0.0 0.9887014549409502 0.14989807536338912
1629013165.998615742 4.166969309533724 1.7465965726554253 0.0 0.0 0.0 0.9887014548062257 0.14989807625200757
1629013165.998615742 4.166973791522215 1.7463173582049274 0.0 0.0 0.0 0.9887014484997636 0.1498981178483219
1629013166.299229145 3.7403766323399887 1.850133901359755 0.0 0.0 0.0 -0.9999579841803906 0.009166780999330918
1629013167.200989485 3.6481381336609493 1.8438637412163446 0.0 0.0 0.0 -0.9957717071445639 0.09186243655815385
1629013167.200989485 3.6484535712989223 1.8439905846363749 0.0 0.0 0.0 -0.9957717044265929 0.09186246602044837
1629013167.200989485 3.650392687182049 1.8459477167050686 0.0 0.0 0.0 -0.9957717048259707 0.09186246169126928
1629013167.200989485 3.6512772584426423 1.8447914890004287 0.0 0.0 0.0 -0.9957717036125486 0.09186247484453436
1629013167.200989485 3.651550708361374 1.8458216699153607 0.0 0.0 0.0 -0.995771701258423 0.0918625003628033
1629013167.200989485 3.739841732310259 1.849605665551082 0.0 0.0 0.0 -0.9999579839512105 0.009166805999396538
1629013167.902340412 3.4308502880837595 1.7817440486915839 0.0 0.0 0.0 -0.9824606326760325 0.18647011889793488
1629013167.902340412 3.43163917505258 1.78177261942531 0.0 0.0 0.0 -0.9824606401616437 0.18647007945826927
1629013167.902340412 3.648494208942307 1.8436301664586872 0.0 0.0 0.0 -0.9957717098430122 0.09186240730747203
1629013168.102773190 3.3440407580882465 1.7485563984048602 0.0 0.0 0.0 -0.9770164999349911 0.21316369028232665
1629013168.102773190 3.4303932027262203 1.782544480462268 0.0 0.0 0.0 -0.9824606345301237 0.1864701091292298
1629013168.206339836 3.340930871682685 1.7323891620291836 0.0 0.0 0.0 -0.9741952603792721 0.22570687772986076
1629013168.206339836 3.343423892248954 1.7482369940429292 0.0 0.0 0.0 -0.9770164963269964 0.21316370681924296
1629013168.403431416 3.32904232872646 1.7028395962422977 0.0 0.0 0.0 -0.9682882556749655 0.24983565382453476
1629013168.403431416 3.33976079789897 1.7316494436538774 0.0 0.0 0.0 -0.9741952530313613 0.22570690944488558
1629013168.403431416 3.3400653951835007 1.732216249352329 0.0 0.0 0.0 -0.9741952647412414 0.22570685890274275
1629013168.603710651 3.324420155227917 1.667129250829387 0.0 0.0 0.0 -0.9617207295987961 0.274031454873267
1629013168.603710651 3.3282590276574937 1.7005597302751998 0.0 0.0 0.0 -0.9682882543147512 0.2498356590963184
1629013168.603710651 3.328557401280933 1.701703207997693 0.0 0.0 0.0 -0.9682882524245076 0.24983566642233665
1629013168.804109335 3.3063505584500814 1.6281600012565594 0.0 0.0 0.0 -0.9545767035082068 0.29796529515936104
1629013168.804109335 3.323662066029016 1.666879460313631 0.0 0.0 0.0 -0.961720718584654 0.27403149352769063
1629013168.804109335 3.3239560238819883 1.6666394880636177 0.0 0.0 0.0 -0.9617207048612043 0.27403154169049293
1629013169.004486561 3.2996619011190957 1.5907255621928513 0.0 0.0 0.0 -0.947034886728453 0.3211306950748029
1629013169.004486561 3.3000833055294176 1.590875993394388 0.0 0.0 0.0 -0.9470348713789845 0.3211307403413607
1629013169.004486561 3.3054056640805305 1.62901637210289 0.0 0.0 0.0 -0.9545766852493306 0.2979653536544147
1629013169.004486561 3.306875731926023 1.6281861185410034 0.0 0.0 0.0 -0.954576704186582 0.2979652929860837
1629013169.305072069 3.273110954475437 1.524168146115179 0.0 0.0 0.0 -0.9345077320081707 0.3559428308267283
1629013169.305072069 3.2736539934961466 1.524440940284633 0.0 0.0 0.0 -0.934507730901421 0.35594283373243707
1629013169.305072069 3.2742159802703568 1.5233450093823724 0.0 0.0 0.0 -0.9345077093346844 0.355942890354676
1629013169.305072069 3.3001181721788475 1.5907037043113281 0.0 0.0 0.0 -0.9470348675600634 0.3211307516036001
1629013169.605694056 3.247122880157929 1.4491048213831665 0.0 0.0 0.0 -0.9216546460095089 0.38801122856057507
1629013169.605694056 3.2739668206663297 1.5218208078433788 0.0 0.0 0.0 -0.9345077112634995 0.35594288529068235
1629013169.705881596 3.241271629357303 1.4255589978792653 0.0 0.0 0.0 -0.918002534025258 0.39657451698666285
1629013169.705881596 3.2473884748399238 1.4494107650629895 0.0 0.0 0.0 -0.9216546207888883 0.3880112884678621
1629013169.806046009 3.241442079112743 1.3977240946094427 0.0 0.0 0.0 -0.9154676712379475 0.4023915293817319
1629013169.806046009 3.2414771435426557 1.4253803051119598 0.0 0.0 0.0 -0.9180025326638266 0.3965745201381451
1629013169.806046009 3.242195284401395 1.4243239247131032 0.0 0.0 0.0 -0.9180025282621342 0.3965745303273136
1629013170.010056734 3.236246994492628 1.3446716615935979 0.0 0.0 0.0 -0.9108396983370799 0.4127602741703921
1629013170.010056734 3.241479549736465 1.3976656470111293 0.0 0.0 0.0 -0.9154676898506009 0.40239148703669664
1629013170.106631994 3.2355366266346857 1.3185125664460273 0.0 0.0 0.0 -0.9092769575928088 0.4161915597303307
1629013170.106631994 3.235933982026266 1.3450371065601243 0.0 0.0 0.0 -0.9108397084090119 0.4127602519446201
1629013170.206834793 3.2345582221460316 1.2940936724290795 0.0 0.0 0.0 -0.9076204295697701 0.4197918005721241
1629013170.206834793 3.23601647471998 1.3176811897396032 0.0 0.0 0.0 -0.9092769532358379 0.4161915692492483
1629013170.307057381 3.234360914902722 1.2670581957692393 0.0 0.0 0.0 -0.9063548546587189 0.4225173102212174
1629013170.307057381 3.2359584506576202 1.294350711350038 0.0 0.0 0.0 -0.9076204404327686 0.41979177708552984
1629013170.407232761 3.2320059775941643 1.2359181125020244 0.0 0.0 0.0 -0.9058082455747072 0.4236878830564675
1629013170.407232761 3.2335004536312617 1.2658190436409957 0.0 0.0 0.0 -0.9063548572283319 0.4225173047090618
1629013170.507467270 3.227930841711626 1.2060423749395661 0.0 0.0 0.0 -0.9056289858657703 0.42407091383368456
1629013170.507467270 3.2286063735110497 1.2063106284164462 0.0 0.0 0.0 -0.9056289928399821 0.42407089893983496
1629013170.507467270 3.231428004154962 1.2355965654686745 0.0 0.0 0.0 -0.9058082351635225 0.4236879053146841
1629013170.707806826 3.2237983603528453 1.1444903414561667 0.0 0.0 0.0 -0.9077655078541315 0.4194779883978787
1629013170.707806826 3.2242955312446475 1.1456377352299867 0.0 0.0 0.0 -0.9077654992380733 0.4194780070433391
1629013170.707806826 3.2248189150227646 1.1452595933232697 0.0 0.0 0.0 -0.907765491577794 0.41947802362045866
1629013170.707806826 3.2296853852854666 1.206486487587611 0.0 0.0 0.0 -0.9056289796917734 0.4240709270186269
1629013171.009956837 3.201703874405295 1.054512075119479 0.0 0.0 0.0 -0.9137754729122115 0.4062196266849551
1629013171.009956837 3.2242165871110133 1.145247831965445 0.0 0.0 0.0 -0.907765495506738 0.4194780151180826
1629013171.108597279 3.1961534701106955 1.020569298505216 0.0 0.0 0.0 -0.9159251525881995 0.4013491184197162
1629013171.108597279 3.1969947274383403 1.020729314206228 0.0 0.0 0.0 -0.9159251269229017 0.4013491769908921
1629013171.108597279 3.202130237285671 1.0543581059755742 0.0 0.0 0.0 -0.9137754756440065 0.40621962053988675
1629013171.309024096 3.184342630436487 0.9515635243340586 0.0 0.0 0.0 -0.921240864258098 0.38899263491869945
1629013171.309024096 3.184508086660672 0.950329830715772 0.0 0.0 0.0 -0.9212408571992028 0.3889926516360919
1629013171.309024096 3.1849098378485907 0.9490791302593569 0.0 0.0 0.0 -0.9212408481487889 0.38899267306994345
1629013171.309024096 3.195393526481693 1.021127138774795 0.0 0.0 0.0 -0.9159251735597304 0.4013490705602515
1629013171.509395123 3.1719080669345834 0.882759546939664 0.0 0.0 0.0 -0.926568104425681 0.3761270368652061
1629013171.509395123 3.1726197362305415 0.8831014549315641 0.0 0.0 0.0 -0.9265681017659606 0.37612704341728004
1629013171.709802628 3.1614492498847127 0.8194100250355089 0.0 0.0 0.0 -0.9318999366416515 0.3627154643619238
1629013171.709802628 3.161582914308615 0.8194544944627972 0.0 0.0 0.0 -0.9318999223500696 0.36271550108030165
1629013171.709802628 3.1620886527975913 0.819034526349612 0.0 0.0 0.0 -0.9318999053586802 0.36271554473510353
1629013171.709802628 3.1626800379839377 0.8182763663451228 0.0 0.0 0.0 -0.9318999232635276 0.36271549873341713
1629013171.709802628 3.1635930670264 0.8193081423418924 0.0 0.0 0.0 -0.9318999065623003 0.362715541642726
1629013171.709802628 3.1727484406774584 0.8831688878160384 0.0 0.0 0.0 -0.9265680904529556 0.3761270712862388
1629013172.310935020 3.0985161032939104 0.6252135301727592 0.0 0.0 0.0 -0.9473873848272466 0.32008927359439976
1629013172.310935020 3.161043933569613 0.8170693404120831 0.0 0.0 0.0 -0.9318999365650297 0.3627154645587828
1629013172.310935020 3.161747227623377 0.8171248452078304 0.0 0.0 0.0 -0.9318999471638006 0.36271543732808736
1629013172.411147356 3.073722601117441 0.5857744101725695 0.0 0.0 0.0 -0.9501551012405101 0.3117776188032682
1629013172.411147356 3.0741995586361575 0.5849790761373151 0.0 0.0 0.0 -0.9501550895140811 0.31177765454004003
1629013172.411147356 3.0983798618533704 0.62486354126605 0.0 0.0 0.0 -0.9473873961484647 0.3200892400863111
1629013172.611762047 3.026437485488005 0.5215557904114679 0.0 0.0 0.0 -0.9549165817932811 0.2968742525316669
1629013172.611762047 3.073585926598727 0.5858405010295198 0.0 0.0 0.0 -0.9501551063145772 0.31177760333983967
1629013172.611762047 3.0748045658424643 0.5851008919810711 0.0 0.0 0.0 -0.9501551109322023 0.3117775892674365
1629013172.811977863 2.9707150088199326 0.46148821516248234 0.0 0.0 0.0 -0.9596638294691384 0.2811500211784242
1629013172.811977863 2.971228752799037 0.4628464560031644 0.0 0.0 0.0 -0.9596638168184227 0.2811500643597593
1629013172.811977863 2.971616097073113 0.46339505937770453 0.0 0.0 0.0 -0.9596638123474109 0.2811500796208909
1629013172.811977863 3.0264854498280127 0.5219485036898315 0.0 0.0 0.0 -0.9549165792353873 0.2968742607593093
1629013173.112493277 2.8587961291103903 0.3677064376504741 0.0 0.0 0.0 -0.9665849695891441 0.256346438563818
1629013173.112493277 2.859205561984396 0.36844461358338115 0.0 0.0 0.0 -0.9665849654839983 0.25634645404276174
1629013173.212690830 2.8326937443937044 0.3437131179675991 0.0 0.0 0.0 -0.9688048899897542 0.24782470645990942
1629013173.212690830 2.859798840289053 0.36740698505602093 0.0 0.0 0.0 -0.966584982852878 0.2563463885513145
1629013173.312892914 2.82042573059665 0.3151332401270958 0.0 0.0 0.0 -0.9709174421719046 0.23941453691529732
1629013173.312892914 2.834812122586063 0.34380236526440444 0.0 0.0 0.0 -0.9688048947104375 0.24782468800565086
1629013173.413134813 2.8048973701921884 0.2944170335708636 0.0 0.0 0.0 -0.9730263770499987 0.23069388714258074
1629013173.413134813 2.8050402285832536 0.2944946095109633 0.0 0.0 0.0 -0.9730263755730915 0.2306938933719164
1629013173.413134813 2.805148682019562 0.29466968473195787 0.0 0.0 0.0 -0.9730263502908398 0.2306940000079928
1629013173.413134813 2.805739105790769 0.2940183202192246 0.0 0.0 0.0 -0.9730263548260629 0.23069398087922585
1629013173.413134813 2.806221583211251 0.2951364337877716 0.0 0.0 0.0 -0.9730263511140368 0.23069399653589417
1629013173.413134813 2.8213485090375023 0.3154581331614106 0.0 0.0 0.0 -0.9709174374282925 0.23941455615245658
1629013174.114495277 2.5948028951168967 0.1349651321125084 0.0 0.0 0.0 -0.9856236727015546 0.16895554388743475
1629013174.114495277 2.8038389720523136 0.29502949363847303 0.0 0.0 0.0 -0.9730263403850852 0.23069404178870398
1629013174.114495277 2.8041840731972605 0.2946146141129878 0.0 0.0 0.0 -0.9730263390356462 0.23069404748039715
1629013174.314868450 2.4851897390676108 0.08689429666384814 0.0 0.0 0.0 -0.9887495841329594 0.14958027903737736
1629013174.314868450 2.5953166179075753 0.13518750597356183 0.0 0.0 0.0 -0.9856236799179555 0.16895550178963545
1629013174.415051937 2.428275230176745 0.06641142598115422 0.0 0.0 0.0 -0.99009112805142 0.14042634423022898
1629013174.415051937 2.593431495237286 0.13565562764095135 0.0 0.0 0.0 -0.9856236706013835 0.16895555613904986
1629013174.415051937 2.594249586137485 0.13499572444434002 0.0 0.0 0.0 -0.9856236596341041 0.16895562011805257
1629013174.415051937 2.594469999476916 0.13509062643545836 0.0 0.0 0.0 -0.9856236753883433 0.1689555282137101
1629013174.415051937 2.5944940358749773 0.13512685328355067 0.0 0.0 0.0 -0.9856236741750625 0.1689555352915385
1629013174.415051937 2.5946275729350443 0.1353300015314421 0.0 0.0 0.0 -0.9856236589622756 0.16895562403724784
1629013174.415051937 2.594786426124537 0.1351723017034352 0.0 0.0 0.0 -0.9856236669379002 0.16895557751044304
1629013174.916043282 2.203448696032234 -0.01235494961830228 0.0 0.0 0.0 -0.995584311154634 0.0938716111652128
1629013174.916043282 2.593964307685985 0.1349914419424103 0.0 0.0 0.0 -0.9856236544286304 0.16895565048482933
1629013174.916043282 2.5946773821246123 0.13503613374318138 0.0 0.0 0.0 -0.9856236524197415 0.1689556622039301
1629013175.116446972 2.071295289909026 -0.03873826543432726 0.0 0.0 0.0 -0.9972335516921342 0.07433198086618854
1629013175.116446972 2.594918499290172 0.133444495473841 0.0 0.0 0.0 -0.9856236529854777 0.16895565890363812
1629013175.216599941 2.021148950816829 -0.04869776071209346 0.0 0.0 0.0 -0.997960204955861 0.06383908931411693
1629013175.216599941 2.5946393922204547 0.13300876999060265 0.0 0.0 0.0 -0.9856236566495413 0.16895563752887052
1629013175.216599941 2.5951393777467553 0.13249859914743384 0.0 0.0 0.0 -0.9856236661287245 0.16895558223087107
1629013175.216599941 2.5953194934743093 0.13331128883270407 0.0 0.0 0.0 -0.9856236628542756 0.16895560133277968
1629013175.517198086 1.8581204442753778 -0.07395859979523005 0.0 0.0 0.0 -0.9996211760481789 0.027522797751240537
1629013175.817921162 1.6980397068422541 -0.08553926928923641 0.0 0.0 0.0 0.9999304348731116 0.01179514368161027
1629013176.018274307 1.5650670239308766 -0.08959945106771833 0.0 0.0 0.0 0.999317429812673 0.036941500681392014
1629013176.018274307 1.565171828237143 -0.09102571617497023 0.0 0.0 0.0 0.9993174308183382 0.036941473476781374
1629013176.018274307 1.6979778170982047 -0.08512594465748732 0.0 0.0 0.0 0.999930434486318 0.011795176471895928
1629013176.018274307 1.699109665448493 -0.08521700079749617 0.0 0.0 0.0 0.9999304346749658 0.011795160479363014
1629013176.218912125 1.4541413820447964 -0.08514692269723607 0.0 0.0 0.0 0.9979638660937084 0.06378183104379294
1629013176.218912125 1.56615659105077 -0.0899369015750204 0.0 0.0 0.0 0.9993174324199801 0.03694143015015279
1629013176.420287848 1.3438836690207525 -0.08305771467564005 0.0 0.0 0.0 0.995996105937857 0.08939662721056658
1629013176.420287848 1.452788818710753 -0.08622484793651981 0.0 0.0 0.0 0.9979638651182291 0.0637818463066486
1629013176.420287848 1.4540470866099116 -0.08636292131531806 0.0 0.0 0.0 0.9979638659146985 0.0637818338446744
1629013176.619600296 1.2409567885266357 -0.06424872324424999 0.0 0.0 0.0 0.993237884106878 0.11609696626050146
1629013176.619600296 1.242037352236113 -0.0650428747925864 0.0 0.0 0.0 0.9932378857191234 0.11609695246734719
1629013176.619600296 1.3448426373037485 -0.08476058922108326 0.0 0.0 0.0 0.9959960992882976 0.08939670129538152
1629013176.619600296 1.3451483909543582 -0.0844005497562845 0.0 0.0 0.0 0.9959961049746625 0.08939663794182152
1629013176.820007801 1.142716484405331 -0.0418388952829917 0.0 0.0 0.0 0.9897900245635977 0.1425331795561745
1629013176.820007801 1.1431706897240401 -0.04139446509553679 0.0 0.0 0.0 0.9897900255718397 0.14253317255466136
1629013176.820007801 1.1431884001382684 -0.041862648125433125 0.0 0.0 0.0 0.9897900224736073 0.14253319406964818
1629013176.820007801 1.1432662379547296 -0.04139657134387711 0.0 0.0 0.0 0.9897900278484838 0.1425331567450105
1629013176.820007801 1.143489682509393 -0.040876706250407846 0.0 0.0 0.0 0.9897900273350482 0.14253316031045069
1629013176.820007801 1.2422201139392224 -0.06452468525185594 0.0 0.0 0.0 0.9932378864189453 0.11609694648019997
1629013177.621303797 0.8964365918350665 0.1172842152144715 0.0 0.0 0.0 0.9775270756252232 0.21080990588584553
1629013177.621303797 1.1431952422336886 -0.04200446708529036 0.0 0.0 0.0 0.9897900246475464 0.14253317897321174
1629013177.721537590 0.801692591600104 0.14023669026771024 0.0 0.0 0.0 0.9768017630820126 0.21414554779371836
1629013177.721537590 0.8968250412849827 0.11638467900870683 0.0 0.0 0.0 0.9775270815123952 0.2108098785869844
1629013177.721537590 1.1437695838219224 -0.042092563655384725 0.0 0.0 0.0 0.9897900282797325 0.1425331537502987
1629013177.921918392 0.7206144342339228 0.19466053514802462 0.0 0.0 0.0 0.9778006312164895 0.2095374085757352
1629013177.921918392 0.8006046202876882 0.1411523168641335 0.0 0.0 0.0 0.9768017714773423 0.2141455094993263
1629013177.921918392 0.8007521112578306 0.14158023380089202 0.0 0.0 0.0 0.9768017682030916 0.2141455244344687
1629013178.122301817 0.6546218829985886 0.24287616662444766 0.0 0.0 0.0 0.9809489878235644 0.19426549690545805
1629013178.122301817 0.654691910692443 0.24217953868290318 0.0 0.0 0.0 0.9809489934884337 0.1942654683005418
1629013178.122301817 0.6553277991253162 0.24169680846981606 0.0 0.0 0.0 0.9809489993001521 0.19426543895410275
1629013178.122301817 0.719548664774112 0.19365912291999715 0.0 0.0 0.0 0.9778006386764184 0.2095373737641766
1629013178.122301817 0.7203736758849185 0.19584397664424794 0.0 0.0 0.0 0.9778006389525115 0.20953737247579543
1629013178.523101568 0.5158279607832673 0.3327052498984604 0.0 0.0 0.0 0.9888731205315805 0.14876139112731576
1629013178.523101568 0.5161872495841217 0.3324550425606434 0.0 0.0 0.0 0.9888731107830259 0.14876145592962384
1629013178.523101568 0.5164507532125002 0.3310932634574306 0.0 0.0 0.0 0.9888731118089713 0.14876144910978
1629013178.523101568 0.6544737068645053 0.2423430196068329 0.0 0.0 0.0 0.980949006268061 0.19426540376943993
1629013178.723504305 0.39425553567770155 0.3636860278389428 0.0 0.0 0.0 0.9925432525706607 0.12189295211969267
1629013178.723504305 0.39549675049100486 0.3636429484169268 0.0 0.0 0.0 0.9925432533098748 0.12189294610045993
1629013178.723504305 0.39593975242967633 0.3639647102344388 0.0 0.0 0.0 0.9925432514301548 0.12189296140654153
1629013178.723504305 0.39625167551837104 0.36469198335253683 0.0 0.0 0.0 0.9925432494987007 0.12189297713387792
1629013178.723504305 0.3972167214797189 0.36272454415650845 0.0 0.0 0.0 0.9925432548734373 0.12189293336876743
1629013178.723504305 0.39722244918675764 0.3632186539464561 0.0 0.0 0.0 0.992543257184685 0.12189291454886264
1629013179.925849915 0.20591632635037038 0.5973115627130101 0.0 0.0 0.0 0.9997202017796112 0.02365413608089354
1629013179.925849915 0.20616869641787408 0.5990364558275673 0.0 0.0 0.0 0.9997202015209389 0.023654147013439753
1629013179.925849915 0.2067910234623747 0.5982699716321904 0.0 0.0 0.0 0.9997202014256865 0.023654151039189428
1629013179.925849915 0.20701417219883378 0.5986120681629112 0.0 0.0 0.0 0.999720201390039 0.02365415254579604
1629013179.925849915 0.39540026670458556 0.36721494785809455 0.0 0.0 0.0 0.9925432533385964 0.12189294586658724
1629013179.925849915 0.3956176180736188 0.36634162896430816 0.0 0.0 0.0 0.9925432501715338 0.12189297165517052
1629013180.627175808 -0.12371817887378964 0.5990960646990156 0.0 0.0 0.0 -0.9939494624985367 0.1098383630562206
1629013180.627175808 -0.12425179935610493 0.5991889987169555 0.0 0.0 0.0 -0.9939494631760895 0.10983835692490812
1629013180.627175808 0.20673023692255604 0.5995087150040348 0.0 0.0 0.0 0.9997202007447511 0.02365417981826128
1629013180.828376532 -0.12338844787358824 0.5998510550579442 0.0 0.0 0.0 -0.9939494602367989 0.10983838352313895
1629013180.828376532 -0.433993047845443 0.4835641702152048 0.0 0.0 0.0 -0.9814794304633178 0.19156755356114297
1629013180.828376532 -0.4343328398651606 0.48460643362052075 0.0 0.0 0.0 -0.981479417979757 0.1915676175195524
1629013180.828376532 -0.43468407109919766 0.48416180058123637 0.0 0.0 0.0 -0.9814794308406557 0.1915675516278857
1629013180.828376532 -0.4348058442955504 0.4851023706833368 0.0 0.0 0.0 -0.9814794158909507 0.19156762822136264
1629013180.828376532 -0.4351846674533238 0.48433173174742966 0.0 0.0 0.0 -0.9814794176055107 0.19156761943696923
1629013181.328547478 -0.43319234239373167 0.48282622080224136 0.0 0.0 0.0 -0.9814794318461866 0.19156754647613666
1629013181.328547478 -0.7232676634383295 0.3282974571561151 0.0 0.0 0.0 -0.9542511783767528 0.2990061681079149
1629013181.428739548 -0.7228128051099654 0.3280547433366178 0.0 0.0 0.0 -0.9542511691176254 0.2990061976575822
1629013181.428739548 -0.9547876634405501 0.1661054619612234 0.0 0.0 0.0 -0.937561444988789 0.3478196901708326
1629013181.428739548 -0.9551758696442989 0.16550112276683 0.0 0.0 0.0 -0.9375614417559839 0.3478196988849837
1629013181.629146099 -0.954401888763638 0.16491537972487225 0.0 0.0 0.0 -0.9375614291654526 0.34781973282324574
1629013181.629146099 -0.955172984970097 0.16455424833320897 0.0 0.0 0.0 -0.9375614215540375 0.34781975334010606
1629013181.629146099 -1.0153362007748699 0.07515950210429043 0.0 0.0 0.0 -0.9208769849827458 0.38985327820744003
1629013181.629146099 -1.016288639362017 0.07443927131121135 0.0 0.0 0.0 -0.9208769735511355 0.38985330521017936
1629013181.832266808 -1.0427742074952955 -0.020898995303189595 0.0 0.0 0.0 -0.9029596226483975 0.4297254005369751
1629013181.832266808 -1.0432057560368235 -0.022249883659074397 0.0 0.0 0.0 -0.9029595865892116 0.4297254763062578
1629013181.832266808 -1.0433304745646261 -0.021015527718525672 0.0 0.0 0.0 -0.9029596110778912 0.42972542484947696
1629013181.832266808 -1.0438880435999525 -0.02267530129584064 0.0 0.0 0.0 -0.9029595847475678 0.42972548017600715
1629013181.832266808 -1.04436657733621 -0.02219920573401936 0.0 0.0 0.0 -0.9029596030737782 0.4297254416681015
1629013181.832266808 -1.044785867218933 -0.022090819875985924 0.0 0.0 0.0 -0.9029595881885675 0.4297254729456152
1629013182.330725193 -1.063278620021236 -0.24946592390780103 0.0 0.0 0.0 -0.8592587309124782 0.5115412332849401
1629013182.330725193 -1.0638747722316508 -0.2493124261093531 0.0 0.0 0.0 -0.8592587253376208 0.5115412426492776
1629013182.531440973 -1.062561327511077 -0.24959977431314198 0.0 0.0 0.0 -0.8592587378543156 0.5115412216244245
1629013182.531440973 -1.0688869196303017 -0.36677601225396633 0.0 0.0 0.0 -0.8518153209225052 0.5238422081521203
1629013182.531440973 -1.0690217139154137 -0.3667067446763959 0.0 0.0 0.0 -0.8518152845026399 0.5238422673741465
1629013182.734062195 -1.066160579749632 -0.4971718496459612 0.0 0.0 0.0 -0.8611306157214467 0.5083837749842162
1629013182.734062195 -1.068110046156722 -0.3655326300728642 0.0 0.0 0.0 -0.8518153559070302 0.5238421512640803
1629013182.831467628 -1.0659245463941998 -0.49686226609433937 0.0 0.0 0.0 -0.8611306102295819 0.5083837842866626
1629013182.831467628 -1.069105558519092 -0.5594650256111836 0.0 0.0 0.0 -0.8661733004710198 0.49974374788599446
1629013182.831467628 -1.0709875795077517 -0.5589032943885185 0.0 0.0 0.0 -0.866173293256705 0.4997437603900964
1629013182.831467628 -1.0723745911307503 -0.5605425057128425 0.0 0.0 0.0 -0.8661733074871906 0.49974373572532244
1629013183.132084608 -1.0699695578937292 -0.5598414327171339 0.0 0.0 0.0 -0.8661732964646476 0.4997437548299786
1629013183.132084608 -1.0805743843738302 -0.7429183814331055 0.0 0.0 0.0 -0.8842894206518102 0.46693920431174546
1629013183.132084608 -1.0808927625069418 -0.7421610032449509 0.0 0.0 0.0 -0.8842894305488553 0.46693918556872177
1629013183.132084608 -1.0810804174519861 -0.7413395428375068 0.0 0.0 0.0 -0.8842894357998946 0.4669391756243035
1629013183.132084608 -1.0818532812010215 -0.7416783116453972 0.0 0.0 0.0 -0.884289427897492 0.4669391905898737
1629013183.132084608 -1.08208083808533 -0.7407687666053916 0.0 0.0 0.0 -0.8842894162093858 0.4669392127248081
1629013183.634452820 -1.0796625795912582 -0.7434475440149192 0.0 0.0 0.0 -0.8842894155267234 0.46693921401763416
1629013183.634452820 -1.0803284584686135 -0.7445746743285409 0.0 0.0 0.0 -0.8842894423213655 0.46693916327394125
1629013183.634452820 -1.0803349083587352 -0.7434904866641673 0.0 0.0 0.0 -0.8842894363563651 0.4669391745704594
1629013183.634452820 -1.0805248231877054 -0.7440951434233692 0.0 0.0 0.0 -0.8842894344303335 0.46693917821797826
1629013183.634452820 -1.0809980400104993 -0.7438969069745679 0.0 0.0 0.0 -0.8842894371864481 0.4669391729984483
1629013183.634452820 -1.1176784258096268 -1.0341389829656817 0.0 0.0 0.0 -0.9131932409770558 0.407526814619383
1629013184.033816814 -1.0816927621588668 -0.7449130729452119 0.0 0.0 0.0 -0.8842894225459588 0.46693920072460693
1629013184.033816814 -1.0818336132189337 -0.744939107554413 0.0 0.0 0.0 -0.8842894163674434 0.46693921242547876
1629013184.033816814 -1.082372996314723 -0.7428789128218591 0.0 0.0 0.0 -0.8842894282028503 0.4669391900115862
1629013184.033816814 -1.0830688507661421 -0.7444214508135347 0.0 0.0 0.0 -0.8842894210235068 0.4669392036078264
1629013184.033816814 -1.0833853145609935 -0.7432140692644876 0.0 0.0 0.0 -0.8842894304393201 0.46693918577615967
1629013184.033816814 -1.0834308425241335 -0.7436437307227768 0.0 0.0 0.0 -0.8842894327130575 0.46693918147015556
1629013184.033816814 -1.2776388796382014 -1.2408027974712645 0.0 0.0 0.0 -0.9341934703872883 0.35676681444012515
1629013184.635001659 -1.2777496121022631 -1.2414610497727698 0.0 0.0 0.0 -0.9341934550823742 0.35676685451602175
1629013184.635001659 -1.2779201388886168 -1.2420736446898433 0.0 0.0 0.0 -0.9341934681781484 0.35676682022475525
1629013184.635001659 -1.5758885061702927 -1.532903657360752 0.0 0.0 0.0 -0.9551096115266706 0.29625264550611585
1629013184.835386753 -1.2772564631329537 -1.2405427700823815 0.0 0.0 0.0 -0.9341934614047742 0.35676683796082664
1629013184.835386753 -1.5763278031085934 -1.5342299289684083 0.0 0.0 0.0 -0.9551096180833757 0.29625262436749517
1629013184.835386753 -1.6937297788668773 -1.6308097066149576 0.0 0.0 0.0 -0.9532478498118235 0.30218957101318883
1629013185.035778046 -1.5747308396022333 -1.5351492749628868 0.0 0.0 0.0 -0.9551096145424982 0.2962526357831783
1629013185.035778046 -1.6942334851146457 -1.6323733264373812 0.0 0.0 0.0 -0.953247835202967 0.3021896170963808
1629013185.035778046 -1.6948475653485229 -1.6323623667665894 0.0 0.0 0.0 -0.9532478381894403 0.3021896076756426
1629013185.035778046 -1.768299281325648 -1.7037632186248401 0.0 0.0 0.0 -0.9474036524035908 0.32004112143963004
1629013185.035778046 -1.7684740761137643 -1.7032597361028468 0.0 0.0 0.0 -0.9474036667160258 0.3200410790711553
1629013185.035778046 -1.7689311560096168 -1.7029317010089364 0.0 0.0 0.0 -0.9474036671462426 0.32004107779760327
1629013185.737141132 -1.7688930289118565 -1.702351179465145 0.0 0.0 0.0 -0.9474036690552742 0.32004107214638006
1629013185.737141132 -1.7691411315277996 -1.7033335514197578 0.0 0.0 0.0 -0.9474036795205945 0.32004104116634596
1629013185.737141132 -1.7731218145029444 -1.735225051717798 0.0 0.0 0.0 -0.9412579503409044 0.3376884228398119
1629013185.737141132 -1.774148323146578 -1.733969392294068 0.0 0.0 0.0 -0.9412579800879698 0.33768833992413044
1629013185.737141132 -1.77425457664423 -1.7346977032143973 0.0 0.0 0.0 -0.9412579680631871 0.33768837344149155
1629013185.737141132 -1.7744672667203238 -1.7346396406580677 0.0 0.0 0.0 -0.9412579734398784 0.3376883584547343
1629013186.238120079 -1.7723864767124804 -1.7121413027413115 0.0 0.0 0.0 -0.9565757463853125 0.2914838613497876
1629013186.238120079 -1.7735123659977792 -1.7337661789982686 0.0 0.0 0.0 -0.9412579579474293 0.33768840163771596
1629013186.238120079 -1.773517482141015 -1.713228762578131 0.0 0.0 0.0 -0.9565757479670506 0.2914838561589264
1629013186.238120079 -1.7738200478187776 -1.7342894305589114 0.0 0.0 0.0 -0.9412579661623898 0.3376883787396917
1629013186.538707733 -1.749713480855047 -1.620802764601923 0.0 0.0 0.0 -0.9751372270190437 0.22160186930982775
1629013186.538707733 -1.7721383045424957 -1.7132778758883902 0.0 0.0 0.0 -0.9565757498132381 0.2914838501002093
1629013186.638895512 -1.7444007963319947 -1.5922861630574237 0.0 0.0 0.0 -0.9809511011127524 0.19425482548878545
1629013186.638895512 -1.7500221607726287 -1.621433121068398 0.0 0.0 0.0 -0.9751372280773367 0.22160186465291332
1629013186.638895512 -1.7715986124338718 -1.7135633196326319 0.0 0.0 0.0 -0.956575748267042 0.29148385517443137
1629013186.638895512 -1.7722653406387727 -1.7146485135626321 0.0 0.0 0.0 -0.956575759867011 0.29148381710628535
1629013187.039713860 -1.5771628398417383 -1.4878356754445097 0.0 0.0 0.0 -0.9939584574669845 0.1097569352243981
1629013187.039713860 -1.5772777050731597 -1.48843118521133 0.0 0.0 0.0 -0.9939584547069215 0.10975696021951756
1629013187.039713860 -1.578289316275383 -1.487729803528313 0.0 0.0 0.0 -0.9939584564395565 0.10975694452878272
1629013187.039713860 -1.7448700989567656 -1.5919734602938702 0.0 0.0 0.0 -0.9809511005846969 0.19425482815536868
1629013187.039713860 -1.750160014790152 -1.6212114537495903 0.0 0.0 0.0 -0.9751372399993583 0.2216018121912228
1629013187.039713860 -1.7507688460786621 -1.6211735583077291 0.0 0.0 0.0 -0.9751372417517441 0.2216018044800189
1629013188.142455101 -1.2662724548722077 -1.4108185063223742 0.0 0.0 0.0 -0.9965173608982624 0.08338554687931414
1629013188.142455101 -1.266442299379923 -1.4113115025927703 0.0 0.0 0.0 -0.9965173632371856 0.08338551892749059
1629013188.142455101 -1.26760041061777 -1.4106047703685216 0.0 0.0 0.0 -0.9965173606752948 0.08338554954393686
1629013188.142455101 -1.5772056892290347 -1.4879490493037957 0.0 0.0 0.0 -0.9939584582885712 0.10975692778411147
1629013188.142455101 -1.577969077277886 -1.4875964167215177 0.0 0.0 0.0 -0.9939584581995322 0.10975692859044875
1629013188.542624950 -1.2658477564487296 -1.411568433292742 0.0 0.0 0.0 -0.9965173626899632 0.08338552546719674
1629013188.542624950 -1.3546101779205924 -1.4247935678712496 0.0 0.0 0.0 -0.9993076032358286 0.03720637196857407
1629013188.642812967 -1.3535616658465235 -1.4250509238024986 0.0 0.0 0.0 -0.9993076007040401 0.03720643996856922
1629013188.642812967 -1.4310530325385702 -1.440820093108961 0.0 0.0 0.0 -0.9997450990021318 0.022577356382393138
1629013188.642812967 -1.4311752999618563 -1.4417066787251713 0.0 0.0 0.0 -0.9997450983334173 0.022577385993640016
1629013188.642812967 -1.4313147830993183 -1.4404962672701596 0.0 0.0 0.0 -0.9997450985014482 0.022577378553092668
1629013188.642812967 -1.4319440978595048 -1.4425490858306198 0.0 0.0 0.0 -0.9997450988510754 0.022577363071301756
1629013188.642812967 -1.432165865047338 -1.440946472905473 0.0 0.0 0.0 -0.9997450983947983 0.02257738327563997
1629013189.150118589 -1.4312006990727066 -1.441860486531451 0.0 0.0 0.0 -0.9997450989849632 0.02257735714263524
1629013189.150118589 -1.6254186266303068 -1.4445069743266559 0.0 0.0 0.0 0.9984323855543952 0.055971166471314754
1629013189.346075773 -1.6252123175388522 -1.4449246588476108 0.0 0.0 0.0 0.9984323884479845 0.05597111485447483
1629013189.346075773 -1.625434417843522 -1.4464497946544184 0.0 0.0 0.0 0.9984323884002956 0.05597111570516718
1629013189.346075773 -1.7736608693508178 -1.4423978593203346 0.0 0.0 0.0 0.9962392074092344 0.0866454939429655
1629013189.346075773 -1.7740778213175386 -1.4431847492307868 0.0 0.0 0.0 0.9962392013813531 0.0866455632507728
1629013189.346075773 -1.7743298936047855 -1.4420564957441393 0.0 0.0 0.0 0.9962391989377891 0.08664559134654422
1629013189.945374012 -1.7733486817158715 -1.4431644312519187 0.0 0.0 0.0 0.9962392123325975 0.08664543733472484
1629013189.945374012 -1.7741136039921002 -1.4434237055085204 0.0 0.0 0.0 0.9962392140286261 0.08664541783398125
1629013189.945374012 -2.004928536712025 -1.3819887205026549 0.0 0.0 0.0 0.9857715370547155 0.16809068008900332
1629013189.945374012 -2.004987786182798 -1.3824091384321966 0.0 0.0 0.0 0.9857715352265316 0.1680906908104282
1629013190.145747185 -2.0048641637419964 -1.3821337314304416 0.0 0.0 0.0 0.9857715444849553 0.16809063651419057
1629013190.145747185 -2.0060576473094613 -1.3825044442399685 0.0 0.0 0.0 0.9857715476137753 0.1680906181651503
1629013190.145747185 -2.095778012238112 -1.3554656829072456 0.0 0.0 0.0 0.9808147211455703 0.1949422549991074
1629013190.145747185 -2.095982243787479 -1.3542787912614473 0.0 0.0 0.0 0.9808147235616945 0.1949422428428398
1629013190.145747185 -2.0962915165672458 -1.3555567592734985 0.0 0.0 0.0 0.9808147140128431 0.19494229088605874
1629013190.145747185 -2.0964857323672432 -1.355415877725133 0.0 0.0 0.0 0.9808147214693832 0.1949422533699051
1629013190.446377039 -2.0972637023407787 -1.3557318174061375 0.0 0.0 0.0 0.9808146971690079 0.19494237563256286
1629013190.446377039 -2.097736414777572 -1.356767764436879 0.0 0.0 0.0 0.9808146893930249 0.1949424147559072
1629013190.446377039 -2.161530528982365 -1.3027803576368824 0.0 0.0 0.0 0.9716988664295838 0.23622301534664622
1629013190.446377039 -2.1622802757893824 -1.3039789217371738 0.0 0.0 0.0 0.9716988635453142 0.23622302721103383
1629013190.446377039 -2.1624693579961267 -1.3024771394479273 0.0 0.0 0.0 0.971698871028136 0.23622299643058886
1629013190.446377039 -2.1625554101898046 -1.3031795659524799 0.0 0.0 0.0 0.9716988679342475 0.23622300915724045
1629013191.448290825 -2.161600434777359 -1.302632767023305 0.0 0.0 0.0 0.9716988571404583 0.2362230535572831
1629013191.448290825 -2.2613681227995595 -1.1843195504095683 0.0 0.0 0.0 0.9399524573448146 0.34130540272817894
1629013191.548486233 -2.1612122834952197 -1.302121361170707 0.0 0.0 0.0 0.9716988588668913 0.23622304645563535
1629013191.548486233 -2.1617826857448983 -1.3038357268076688 0.0 0.0 0.0 0.9716988649350385 0.23622302149442942
1629013191.548486233 -2.2622792764300694 -1.183057772922348 0.0 0.0 0.0 0.9399524818809364 0.34130533515588046
1629013191.548486233 -2.2839753429853813 -1.1300804932696777 0.0 0.0 0.0 0.9307281052069132 0.36571190051452945
1629013191.548486233 -2.2844323312675985 -1.130460771313732 0.0 0.0 0.0 0.9307281101509699 0.36571188793202225
1629013191.548486233 -2.285305044658236 -1.1287644418588652 0.0 0.0 0.0 0.9307281201144112 0.3657118625752988
1629013191.949263096 -2.286592498440987 -1.1287966116740533 0.0 0.0 0.0 0.9307281147710306 0.3657118761740768
1629013191.949263096 -2.3595196658495174 -0.9581084849118462 0.0 0.0 0.0 0.9025789018326452 0.43052447777864633
1629013192.049455166 -2.2863522739388134 -1.1292402768062775 0.0 0.0 0.0 0.9307281164004274 0.3657118720273004
1629013192.049455166 -2.3804085919629925 -0.9060942524830287 0.0 0.0 0.0 0.8946156896349845 0.4468363994337538
1629013192.249902725 -2.358284652702317 -0.9582752956660422 0.0 0.0 0.0 0.9025789133967312 0.43052445353496
1629013192.249902725 -2.3797929210902433 -0.9060376442673068 0.0 0.0 0.0 0.894615710811018 0.4468363570369997
1629013192.249902725 -2.424436562076816 -0.8050585533490476 0.0 0.0 0.0 0.8777694245410256 0.4790833302682496
1629013192.249902725 -2.425177033273994 -0.8054943145694672 0.0 0.0 0.0 0.8777694586526599 0.4790832677694102
1629013192.249902725 -2.4267104685344787 -0.8048020208027922 0.0 0.0 0.0 0.877769457491434 0.47908326989699146
1629013192.249902725 -2.427384208445171 -0.8046916141738384 0.0 0.0 0.0 0.8777694631222673 0.4790832595802597
1629013192.851044893 -2.423832885390228 -0.8044181115431821 0.0 0.0 0.0 0.8777694087978227 0.479083359112713
1629013192.851044893 -2.4239285743154175 -0.804679050901972 0.0 0.0 0.0 0.8777694262862825 0.4790833270706156
1629013192.851044893 -2.515439035218448 -0.5371647128929445 0.0 0.0 0.0 0.8216506280639797 0.5699914432709211
1629013193.051414251 -2.5156395186705547 -0.5371542748632703 0.0 0.0 0.0 0.8216506224217235 0.5699914514043123
1629013193.051414251 -2.5157114714327427 -0.53797815776243 0.0 0.0 0.0 0.8216506238344194 0.5699914493678913
1629013193.051414251 -2.573474507899577 -0.3874744013347043 0.0 0.0 0.0 0.7972679411539542 0.603625571035667
1629013193.051414251 -2.573571396598761 -0.3879389329787395 0.0 0.0 0.0 0.7972679751367043 0.6036255261512881
1629013193.151612282 -2.572864874458635 -0.3885459327488591 0.0 0.0 0.0 0.7972679253364906 0.6036255919273535
1629013193.151612282 -2.593267054850158 -0.32155656390755544 0.0 0.0 0.0 0.7856420980792268 0.6186812537370682
1629013193.251803398 -2.5736053250842876 -0.38869519303936 0.0 0.0 0.0 0.7972679550278933 0.6036255527109842
1629013193.251803398 -2.5932869441904436 -0.32078822898050546 0.0 0.0 0.0 0.7856420947166155 0.6186812580071329
1629013193.251803398 -2.6104087969759173 -0.25820805599467445 0.0 0.0 0.0 0.7731966262560216 0.6341663639348164
1629013193.354059696 -2.610411694708201 -0.25860776443229644 0.0 0.0 0.0 0.77319663355195 0.6341663550393789
1629013193.354059696 -2.610594068983082 -0.25838034438664237 0.0 0.0 0.0 0.7731966210670884 0.6341663702613355
1629013193.354059696 -2.6106424282171705 -0.2579660995094421 0.0 0.0 0.0 0.7731966016808894 0.63416639389763
1629013193.354059696 -2.6244995515601186 -0.1950463544987399 0.0 0.0 0.0 0.7610686518858472 0.6486713398298549
1629013193.452210426 -2.6240290873809 -0.19521224775359475 0.0 0.0 0.0 0.7610686523533161 0.6486713392813863
1629013193.452210426 -2.6362302745992543 -0.13560383261816503 0.0 0.0 0.0 0.7480966031297246 0.663589837464203
1629013193.552470684 -2.63567714825714 -0.13582527758255902 0.0 0.0 0.0 0.7480966453893398 0.6635897898229118
1629013193.552470684 -2.6365978601340423 -0.13540791947365083 0.0 0.0 0.0 0.7480966230418133 0.6635898150163511
1629013193.552470684 -2.646141584450084 -0.07394912768119506 0.0 0.0 0.0 0.7350897210803771 0.6779698385341146
1629013193.552470684 -2.646160720047887 -0.07383718269962573 0.0 0.0 0.0 0.7350897495117555 0.6779698077073525
1629013193.552470684 -2.6463844859732872 -0.07271344382693043 0.0 0.0 0.0 0.7350897947355223 0.6779697586734144
1629013193.552470684 -2.6464849468071114 -0.07341218837231775 0.0 0.0 0.0 0.7350897226275663 0.6779698368565726
1629013194.253760338 -2.6454152732084846 -0.07413313406386263 0.0 0.0 0.0 0.7350897099401055 0.677969850612969
1629013194.253760338 -2.64627181280402 -0.07431499052357488 0.0 0.0 0.0 0.7350897128047194 0.6779698475070077
1629013194.253760338 -2.6467038394612064 -0.07505922184736415 0.0 0.0 0.0 0.735089696932217 0.6779698647167891
1629013194.253760338 -2.6471138886535193 -0.07450235261244927 0.0 0.0 0.0 0.7350897112110794 0.677969849234914
1629013194.253760338 -2.6784413318988154 0.027600302435034044 0.0 0.0 0.0 0.6827111250038477 0.7306883876153915
1629013194.554497957 -2.6471418576687493 -0.07507711774502407 0.0 0.0 0.0 0.735089683195333 0.677969879611023
1629013194.554497957 -2.6472976690443883 -0.0735800948334216 0.0 0.0 0.0 0.7350896989359921 0.6779698625441934
1629013194.554497957 -2.647516889777869 -0.07419148126364751 0.0 0.0 0.0 0.7350896988741003 0.6779698626112997
1629013194.554497957 -2.6476355112999803 -0.0748642750197368 0.0 0.0 0.0 0.7350896572444884 0.6779699077482574
1629013194.554497957 -2.6476723117775767 -0.07502065895919656 0.0 0.0 0.0 0.7350896784748889 0.6779698847291702
1629013194.554497957 -2.694994394193758 0.21117536341709112 0.0 0.0 0.0 0.6365169544910447 0.7712627092278255
1629013194.854950905 -2.647992536866312 -0.07328946099575692 0.0 0.0 0.0 0.7350896924683091 0.677969869556787
1629013194.854950905 -2.663184793678092 0.4008361057488844 0.0 0.0 0.0 0.5870608705668083 0.8095427933403775
1629013195.957142353 -2.5161563733335743 0.6608599809795311 0.0 0.0 0.0 0.5005277292979271 0.8657205046687187
1629013195.957142353 -2.5162436062069546 0.6597164649120119 0.0 0.0 0.0 0.5005277110899915 0.8657205151958766
1629013195.957142353 -2.6487319740920583 -0.07385439216585002 0.0 0.0 0.0 0.7350896893093842 0.6779698729818553
1629013195.957142353 -2.664086058171121 0.40069663472888045 0.0 0.0 0.0 0.5870608462239283 0.8095428109932452
1629013196.458153248 -2.367995728828053 0.9356268886627507 0.0 0.0 0.0 0.4035589742230906 0.9149536350679235
1629013196.458153248 -2.368355172504381 0.9360799634137738 0.0 0.0 0.0 0.40355898315804545 0.9149536311269792
1629013196.458153248 -2.3685771181320168 0.935265469276008 0.0 0.0 0.0 0.40355893380294144 0.9149536528960541
1629013196.458153248 -2.5155603652782643 0.6620440413223064 0.0 0.0 0.0 0.5005276532654969 0.8657205486278667
1629013196.458153248 -2.5162776952256856 0.6609577374095624 0.0 0.0 0.0 0.50052768240212 0.8657205317821465
1629013196.458153248 -2.5166549576545583 0.6613341009638085 0.0 0.0 0.0 0.5005276453584193 0.865720553199447
1629013197.259631634 -2.173975561731748 1.2020911691820815 0.0 0.0 0.0 0.2513084636595034 0.9679070493043741
1629013197.259631634 -2.368130122039847 0.9357672343363881 0.0 0.0 0.0 0.40355892062264553 0.9149536587094919
1629013197.259631634 -2.3694468827974724 0.9347179567707194 0.0 0.0 0.0 0.4035589399305129 0.9149536501933639
1629013197.259631634 -2.3699997697013764 0.9349249730410003 0.0 0.0 0.0 0.4035589266952272 0.9149536560310562
1629013197.359828949 -1.9125950632428275 1.405128298057376 0.0 0.0 0.0 0.14316292007395362 0.9896991352506572
1629013197.359828949 -1.9136725299946826 1.4031358142090382 0.0 0.0 0.0 0.14316291991325547 0.9896991352739027
1629013197.359828949 -1.9148169621921995 1.40207374473806 0.0 0.0 0.0 0.1431628884359606 0.9896991398271864
1629013197.359828949 -1.9152083442160508 1.4007679929332653 0.0 0.0 0.0 0.14316285827498706 0.9896991441900594
1629013197.359828949 -2.1734168144500026 1.2022986567403586 0.0 0.0 0.0 0.25130848723231597 0.9679070431839025
1629013197.359828949 -2.1742929003593003 1.2022416407450316 0.0 0.0 0.0 0.25130849153739404 0.9679070420661271
1629013197.760605812 -1.646183177350106 1.4954358352929207 0.0 0.0 0.0 0.058198284233744846 0.9983050434172154
1629013197.760605812 -1.9143095322291528 1.4007926896143112 0.0 0.0 0.0 0.14316286536392078 0.9896991431646245
1629013197.760605812 -1.914448678835684 1.4011510333283634 0.0 0.0 0.0 0.14316289437973972 0.9896991389674012
1629013197.760605812 -1.9146428483054097 1.4002407571849866 0.0 0.0 0.0 0.14316287665656027 0.9896991415311113
1629013197.760605812 -1.9154655615867102 1.3998756025082577 0.0 0.0 0.0 0.1431628575051314 0.9896991443014213
1629013198.161396980 -1.375898456737752 1.5221383247916855 0.0 0.0 0.0 -0.029006209542714878 0.9995792313808667
1629013198.161396980 -1.9125510658556986 1.4021867098992236 0.0 0.0 0.0 0.14316292940452932 0.9896991339009618
1629013198.161396980 -1.9129210316355125 1.4018283645823508 0.0 0.0 0.0 0.14316294198893928 0.9896991320805892
1629013198.161396980 -1.9145286901645968 1.4022181193214969 0.0 0.0 0.0 0.14316295789424519 0.989699129779839
1629013198.161396980 -1.9146696117118414 1.4015490592202928 0.0 0.0 0.0 0.14316298261724417 0.9896991262035825
1629013198.161396980 -1.9148895789944809 1.4018262158001231 0.0 0.0 0.0 0.14316292622150237 0.989699134361396
1629013198.562168837 -1.0815631678684914 1.5152896082754248 0.0 0.0 0.0 -0.1145825236372669 0.9934137331831663
1629013198.562168837 -1.9134489561183292 1.4016737551582352 0.0 0.0 0.0 0.1431629520599458 0.9896991306237879
1629013199.163362503 -0.7029205599409815 1.362253018123561 0.0 0.0 0.0 -0.21525167371873738 0.9765586090764252
1629013199.263733149 -0.46885953278531556 1.380650954426188 0.0 0.0 0.0 -0.2568257846294682 0.9664577157586658
1629013199.363727808 -0.39424214414003433 1.3573486385628428 0.0 0.0 0.0 -0.2563252250921569 0.9665905953305438
1629013199.865200996 -0.07188425395773825 1.198353652465275 0.0 0.0 0.0 -0.21667671092616436 0.9762434137766152
1629013200.065204859 0.06248472901861619 1.1459552260119035 0.0 0.0 0.0 -0.18721481663336706 0.9823189972880167
1629013200.767469406 0.41739824916269247 1.0032055982237127 0.0 0.0 0.0 -0.09527269362165704 0.9954512111851961
1629013201.067073822 0.5966885607914076 0.9826963838992561 0.0 0.0 0.0 -0.05762932680111589 0.9983380493061708
1629013201.267458916 0.69235358795058 0.9715307456091129 0.0 0.0 0.0 -0.036172828095000685 0.9993455491008151
1629013202.770405769 -1.9133460403466354 1.4015401333454443 0.0 0.0 0.0 0.14316297192678706 0.9896991277499895
1629013202.870672941 1.0031289829471601 0.8689185753643417 0.0 0.0 0.0 0.09021746298253408 0.9959220900115606
1629013202.870672941 -1.9140725117604427 1.4007416430632103 0.0 0.0 0.0 0.14316294662958978 0.9896991314093052
1629013203.171209335 1.0018123040963436 0.8690299879847753 0.0 0.0 0.0 0.09021740618255336 0.9959220951568913
1629013203.171209335 1.0020070103423482 0.8683772900701435 0.0 0.0 0.0 0.09021744724047862 0.995922091437584
1629013203.171209335 1.0329208564229129 0.8543855583725726 0.0 0.0 0.0 0.07249026278975405 0.9973691201359065
1629013203.171209335 1.0335172821685525 0.8548757126285214 0.0 0.0 0.0 0.07249022499564582 0.9973691228828375
1629013203.571948051 1.0319624409196464 0.8552000451220291 0.0 0.0 0.0 0.0724902311964523 0.9973691224321539
1629013203.571948051 1.1149965571537832 0.8410463815037468 0.0 0.0 0.0 0.02881296444294286 0.9995848203529352
1629013203.677692413 1.0324706586447223 0.8540270083512175 0.0 0.0 0.0 0.07249020259321566 0.9973691245110782
1629013203.878424644 1.1137124223729733 0.8408838570154743 0.0 0.0 0.0 0.028812979549483173 0.99958481991749
1629013203.878424644 1.2299928976109622 0.8266418412562384 0.0 0.0 0.0 -0.006032937514096054 0.9999818016668859
1629013204.072945595 1.2297586963512563 0.8258608143299868 0.0 0.0 0.0 -0.006032959759457989 0.9999818015326782
1629013204.072945595 1.229858572731731 0.8262098068662289 0.0 0.0 0.0 -0.006032972150528071 0.999981801457922
1629013204.072945595 1.2553988491590202 0.8087523120627986 0.0 0.0 0.0 -0.026758785946010343 0.999641919576553
1629013204.573929071 1.25593181387298 0.8084826150988006 0.0 0.0 0.0 -0.026758814950708892 0.999641918800144
1629013204.573929071 1.2560151067046508 0.807840216199523 0.0 0.0 0.0 -0.02675880666437592 0.9996419190219559
1629013204.573929071 1.4455303377796231 0.762939263636047 0.0 0.0 0.0 -0.05118478368835334 0.9986891998608859
1629013204.573929071 1.4458081111272363 0.762934136389568 0.0 0.0 0.0 -0.05118485144108925 0.9986891963884228
1629013204.573929071 1.446863745327169 0.7626339435481008 0.0 0.0 0.0 -0.051184858934994436 0.9986891960043448
1629013204.573929071 1.4468823713316044 0.7609690327439419 0.0 0.0 0.0 -0.051184835488547624 0.9986891972060228
1629013205.475691319 1.446953240545359 0.7620789500995814 0.0 0.0 0.0 -0.05118492132795324 0.9986891928065764
1629013205.475691319 1.8272899643984184 0.6806084500429992 0.0 0.0 0.0 -0.07119625506301462 0.9974623267397131
1629013205.676188707 1.4480791745419366 0.7615068333809888 0.0 0.0 0.0 -0.051184937794092444 0.998689191962652
1629013205.878082752 1.4483617634825774 0.7603650713433229 0.0 0.0 0.0 -0.051185005419076786 0.9986891884967259
1629013205.878082752 2.030311476070666 0.6615598441748572 0.0 0.0 0.0 -0.0795234366301671 0.9968329965578626
1629013206.076845169 1.8273472808045854 0.6806724619780904 0.0 0.0 0.0 -0.07119625924409771 0.9974623264412783
1629013206.076845169 2.0299607699882514 0.661346856985649 0.0 0.0 0.0 -0.07952343639065534 0.99683299657697
1629013206.076845169 2.0309056526204117 0.6615434202723025 0.0 0.0 0.0 -0.07952347889666694 0.9968329931860057
1629013206.076845169 2.130686476757364 0.6594937162156722 0.0 0.0 0.0 -0.08488467469717002 0.9963907827762939
1629013206.377456665 2.1302160697510217 0.6603720719961461 0.0 0.0 0.0 -0.08488473184348286 0.9963907779078749
1629013206.377456665 2.2742096595826635 0.6465085090981377 0.0 0.0 0.0 -0.09053360367033507 0.9958934012264881
1629013206.477707386 2.1310778433510165 0.6591698656732776 0.0 0.0 0.0 -0.08488477680598012 0.9963907740774194
1629013206.477707386 2.300733259750612 0.626779396421601 0.0 0.0 0.0 -0.09185406879329204 0.9957724790563943
1629013207.078907251 2.2743817988739043 0.645672832610788 0.0 0.0 0.0 -0.09053362784941607 0.9958933990284419
1629013207.078907251 2.3006991263075216 0.6265412755762704 0.0 0.0 0.0 -0.09185402943029104 0.9957724826873954
1629013207.078907251 2.5855926629383403 0.5478989946660912 0.0 0.0 0.0 -0.09121079643218341 0.9958316075593336
1629013207.379912376 2.300289670886767 0.6268011439144481 0.0 0.0 0.0 -0.09185402010270109 0.9957724835478096
1629013207.379912376 2.5849799205062034 0.5490358417614168 0.0 0.0 0.0 -0.09121085983824874 0.9958316017518059
1629013207.379912376 2.7391807679069866 0.5598130166696912 0.0 0.0 0.0 -0.06835207701207321 0.9976612619362023
1629013207.580000401 2.739299325188351 0.5604915768521107 0.0 0.0 0.0 -0.06835204759525225 0.9976612639516161
1629013207.580000401 2.740023415641326 0.560610754972291 0.0 0.0 0.0 -0.06835200793156054 0.9976612666690653
1629013207.580000401 2.8266275774540026 0.5445725387623621 0.0 0.0 0.0 -0.048099613898207626 0.9988425437189004
1629013207.580000401 2.8281316026591994 0.5448652146658931 0.0 0.0 0.0 -0.048099573798594114 0.9988425456499105
1629013207.580000401 2.8282977123436983 0.5446987505717937 0.0 0.0 0.0 -0.04809958099615355 0.9988425453033097
1629013208.080886364 2.8267398630794847 0.544350522374416 0.0 0.0 0.0 -0.04809963434050356 0.9988425427344942
1629013208.080886364 2.8269462395411558 0.5439402705874913 0.0 0.0 0.0 -0.04809966719080671 0.9988425411525751
1629013208.080886364 2.8272960154023217 0.5438717129718152 0.0 0.0 0.0 -0.04809964573121635 0.9988425421859701
1629013208.080886364 3.006542221676285 0.4676747602015547 0.0 0.0 0.0 0.009145071574561197 0.9999581829586156
1629013208.481552601 3.0075058474617324 0.4677766212856669 0.0 0.0 0.0 0.00914507001513664 0.9999581829728772
1629013208.481552601 3.0081399219640934 0.46723236504890336 0.0 0.0 0.0 0.00914506192448648 0.9999581830468699
1629013208.481552601 3.1749987442950927 0.4802963680872214 0.0 0.0 0.0 0.06695387955127566 0.9977560713987328
1629013208.481552601 3.175251935372391 0.4798117765693577 0.0 0.0 0.0 0.06695387545126363 0.9977560716738619
1629013208.481552601 3.17566024569959 0.48000318712509094 0.0 0.0 0.0 0.06695393127197775 0.9977560679280418
1629013208.481552601 3.17677640614596 0.4799543445150036 0.0 0.0 0.0 0.06695384365034882 0.9977560738078444
1629013209.383306265 3.1767798716080793 0.48026156397356323 0.0 0.0 0.0 0.06695384879713896 0.997756073462472
1629013209.383306265 3.3467348790992233 0.4907669746959633 0.0 0.0 0.0 0.1775750205568058 0.9841072665488504
1629013209.483502388 3.1767501767098003 0.4806789357079996 0.0 0.0 0.0 0.06695385518719552 0.9977560730336709
1629013209.483502388 3.46286369929123 0.44643905723130467 0.0 0.0 0.0 0.2509353786852047 0.9680038407589677
1629013209.784077168 3.3470776544103473 0.4901632551383047 0.0 0.0 0.0 0.17757499000264376 0.9841072720621269
1629013209.784077168 3.4626823610776865 0.44718819092522233 0.0 0.0 0.0 0.25093532285683506 0.9680038552313395
1629013209.784077168 3.5281550790745713 0.48387566798202414 0.0 0.0 0.0 0.29555484200541304 0.9553257744702356
1629013209.986763000 3.4625182229665734 0.44844086293981344 0.0 0.0 0.0 0.250935344689369 0.9680038495716985
1629013209.986763000 3.5282125396186017 0.4833251001545391 0.0 0.0 0.0 0.29555485518709673 0.9553257703921392
1629013209.986763000 3.5831086388690188 0.537066972761804 0.0 0.0 0.0 0.3245505950229919 0.9458683371750118
1629013209.986763000 3.5835504730995082 0.5358784713686673 0.0 0.0 0.0 0.32455057962182704 0.9458683424595287
1629013210.385328293 3.583076906746828 0.5358453614075719 0.0 0.0 0.0 0.32455060346058656 0.9458683342798664
1629013210.385328293 3.583624108288066 0.5364096330239254 0.0 0.0 0.0 0.3245505966375243 0.9458683366210262
1629013210.385328293 3.6771986772823966 0.6338118402432904 0.0 0.0 0.0 0.3806256582843695 0.9247292080688219
1629013210.385328293 3.6772711844797534 0.6347475527870858 0.0 0.0 0.0 0.38062570264534584 0.9247291898095014
1629013210.786072731 3.6780311766354155 0.635366230534582 0.0 0.0 0.0 0.3806257073806171 0.924729187860427
1629013210.786072731 3.7650218105895132 0.7574394457697672 0.0 0.0 0.0 0.44163589215881754 0.897194370667296
1629013210.786072731 3.765691922194031 0.7584935088667015 0.0 0.0 0.0 0.441635873850962 0.8971943796791736
1629013210.786072731 3.7657984194205625 0.75728886895192 0.0 0.0 0.0 0.441635867094816 0.8971943830048258
1629013210.786072731 3.766918287438525 0.7586996001922987 0.0 0.0 0.0 0.4416358911345533 0.8971943711714808
1629013211.487395525 3.7662774488809507 0.7598888733729713 0.0 0.0 0.0 0.4416358917101258 0.8971943708881605
1629013211.487395525 3.9368079017896336 1.039453825240994 0.0 0.0 0.0 0.5439229248084481 0.8391351809260671
1629013211.687815666 3.766674595093264 0.7593405359521418 0.0 0.0 0.0 0.44163581913877614 0.8971944066107536
1629013211.687815666 3.9369584246874263 1.0379784995116423 0.0 0.0 0.0 0.5439229163080235 0.8391351864359967
1629013211.687815666 4.0511962601911105 1.2622811363060364 0.0 0.0 0.0 0.6002890981541708 0.7997830947433512
1629013211.687815666 4.0512210918633835 1.2613112718531632 0.0 0.0 0.0 0.6002890583813989 0.7997831245953952
1629013212.089605808 4.051267465139059 1.2618350173209312 0.0 0.0 0.0 0.6002890771790313 0.7997831104865537
1629013212.089605808 4.09234145246485 1.4655053839279848 0.0 0.0 0.0 0.6548002356449758 0.755801992190603
1629013212.389182568 4.051856408090359 1.261717235609337 0.0 0.0 0.0 0.6002890571324538 0.7997831255328094
1629013212.489371300 4.092922192022728 1.4650237677588596 0.0 0.0 0.0 0.6548002277719484 0.7558019990115166
1629013212.489371300 4.113177127022065 1.7022650172573335 0.0 0.0 0.0 0.6786362753160444 0.7344745099900786
1629013212.790127516 4.113291350561257 1.7040288068139176 0.0 0.0 0.0 0.6786363091773902 0.7344744787030314
1629013212.790127516 4.113370917536512 1.703677364351994 0.0 0.0 0.0 0.6786362722101323 0.7344745128598644
1629013212.790127516 4.118177142481014 1.8887998183672492 0.0 0.0 0.0 0.6687392542092256 0.7434970140354893
1629013212.790127516 4.118300531554707 1.8893149150818245 0.0 0.0 0.0 0.6687392366727041 0.7434970298087338
1629013213.491334200 4.096485398953464 2.1492090816018408 0.0 0.0 0.0 0.6215972396181545 0.7833370102957542
1629013213.491334200 4.117579551703202 1.8893369331110443 0.0 0.0 0.0 0.6687392416201995 0.7434970253587034
1629013213.491334200 4.118780631253744 1.8882452920402866 0.0 0.0 0.0 0.668739236942232 0.7434970295663065
1629013213.691732168 4.101872065707374 2.2484704819104255 0.0 0.0 0.0 0.5958627231497512 0.8030863061717358
1629013213.691732168 4.117351453692674 1.8884152970850896 0.0 0.0 0.0 0.6687392364584642 0.743497030001432
1629013213.892106056 4.0967940652521255 2.149731358589545 0.0 0.0 0.0 0.6215972420968928 0.7833370083288143
1629013213.992370605 4.101860849649781 2.249725221034804 0.0 0.0 0.0 0.5958627448118589 0.8030862900991883
1629013213.992370605 4.159515231325424 2.418188420992608 0.0 0.0 0.0 0.5556446960034824 0.8314198529041735
1629013214.192687035 4.101864704227578 2.2500765625882257 0.0 0.0 0.0 0.5958627371726367 0.8030862957672316
1629013214.192687035 4.159749603162859 2.4948650347405295 0.0 0.0 0.0 0.5282887055172755 0.8490648053139886
1629013214.394271851 4.1595208438625155 2.4184140788358115 0.0 0.0 0.0 0.5556447013044333 0.8314198493615046
1629013214.394271851 4.1722471556194956 2.5614499548848704 0.0 0.0 0.0 0.5006043063082591 0.8656762261409439
1629013214.793873310 4.14905299860393 2.644693019485942 0.0 0.0 0.0 0.44741849226400204 0.8943247132782406
1629013214.793873310 4.159395326594307 2.4944911409087416 0.0 0.0 0.0 0.5282887371830904 0.8490647856114959
1629013214.793873310 4.173515624580169 2.5613119093092593 0.0 0.0 0.0 0.5006043134182453 0.8656762220293724
1629013215.094453812 4.138836539303695 2.7012543778876426 0.0 0.0 0.0 0.4040412885660038 0.9147407485916014
1629013215.094453812 4.138909397168688 2.7010968341140473 0.0 0.0 0.0 0.40404128164151876 0.9147407516501487
1629013215.094453812 4.149516684820834 2.6455734120594325 0.0 0.0 0.0 0.4474184751424427 0.8943247218439236
1629013215.094453812 4.173910725883333 2.560765224486769 0.0 0.0 0.0 0.5006043322648369 0.8656762111307419
1629013215.595432520 4.123583644286694 2.7508134022605617 0.0 0.0 0.0 0.3309212049038237 0.9436583895377615
1629013215.595432520 4.139355520777075 2.7014255635009357 0.0 0.0 0.0 0.40404125677386676 0.914740762634198
1629013215.695641518 4.123351180566095 2.755395976240427 0.0 0.0 0.0 0.31452718504515903 0.9492484658231312
1629013215.695641518 4.139103519999929 2.702069274948746 0.0 0.0 0.0 0.40404126699733534 0.914740758118489
1629013215.795802355 4.123662397421459 2.753478590098703 0.0 0.0 0.0 0.3145271907128699 0.9492484639451728
1629013215.795802355 4.124539396134309 2.7535136550924793 0.0 0.0 0.0 0.3145271998545599 0.9492484609161342
1629013215.795802355 4.124561073821645 2.7510983106086107 0.0 0.0 0.0 0.3309212362833258 0.9436583785336277
1629013215.795802355 4.127449729977652 2.7497058822973304 0.0 0.0 0.0 0.29887630636221363 0.9542918597029318
1629013215.996199131 4.126881187571549 2.7500563633696595 0.0 0.0 0.0 0.2988763070178541 0.9542918594975908
1629013215.996199131 4.168996152115161 2.789653877308109 0.0 0.0 0.0 0.2662101888457385 0.9639150042170296
1629013216.196589470 4.169199262069868 2.789693110798283 0.0 0.0 0.0 0.2662101671574906 0.9639150102068029
1629013216.196589470 4.257328157930056 2.8468399172287344 0.0 0.0 0.0 0.23335396297950103 0.9723918592634153
1629013216.497184753 4.167868620447059 2.7899003203700192 0.0 0.0 0.0 0.26621022065880534 0.9639149954310235
1629013216.497184753 4.386211745292113 2.9083562882489984 0.0 0.0 0.0 0.18255465707135488 0.9831957064499214
1629013216.597385406 4.25754628648084 2.8456403636139838 0.0 0.0 0.0 0.233353978679821 0.9723918554956626
1629013216.597385406 4.2579720008988176 2.846282569784959 0.0 0.0 0.0 0.23335397580143546 0.9723918561864158
1629013216.597385406 4.385908543663152 2.9090853097065126 0.0 0.0 0.0 0.18255467819484647 0.9831957025278213
1629013216.597385406 4.428826877897994 2.9293388038758468 0.0 0.0 0.0 0.1654811046638658 0.986212960774308
1629013216.597385406 4.430320872296037 2.929309565608397 0.0 0.0 0.0 0.1654810825029984 0.9862129644927793
1629013216.597385406 4.430471934437294 2.9298777326844276 0.0 0.0 0.0 0.16548113907975218 0.9862129549995111
1629013217.098364115 4.429458834233624 2.9292994683485025 0.0 0.0 0.0 0.16548112890528505 0.9862129567067309
1629013217.098364115 4.430701990354887 2.928272928960417 0.0 0.0 0.0 0.16548115363972365 0.9862129525564274
1629013217.098364115 4.589853546295351 2.948452073309262 0.0 0.0 0.0 0.08648255370752875 0.996253365316386
1629013217.499140263 4.431053945922897 2.927158541924887 0.0 0.0 0.0 0.1654811370129252 0.9862129553463134
1629013217.499140263 4.804993808218989 2.9876796393237792 0.0 0.0 0.0 0.01594592396492987 0.9998728556716122
1629013217.599331856 4.430287801753434 2.927373466945587 0.0 0.0 0.0 0.16548113361607325 0.9862129559162865
1629013217.599331856 4.430477691644695 2.926979267225456 0.0 0.0 0.0 0.1654811172514188 0.9862129586621858
1629013217.599331856 4.430685852304908 2.926347085893411 0.0 0.0 0.0 0.16548116477272762 0.98621295068837
1629013217.599331856 4.431191182189244 2.9263315522633633 0.0 0.0 0.0 0.16548114299349767 0.986212954342806
1629013217.599331856 4.874843669344633 2.987270496262221 0.0 0.0 0.0 -0.002708477499569133 0.9999963320680904
1629013217.799716949 4.430281684415094 2.9250478665573456 0.0 0.0 0.0 0.16548116264080726 0.9862129510460946
1629013217.799716949 4.430804862954616 2.923825479658894 0.0 0.0 0.0 0.165481136553753 0.98621295542336
1629013217.799716949 4.431820594974742 2.9232813878553836 0.0 0.0 0.0 0.16548112953180447 0.9862129566016045
1629013217.799716949 4.990821114675458 2.9869730373221137 0.0 0.0 0.0 -0.040824779847208344 0.9991663211650136
1629013218.100379467 4.431821795534877 2.9224859918793538 0.0 0.0 0.0 0.16548118423231106 0.9862129474231577
1629013218.100379467 4.432113364846219 2.9231364868303276 0.0 0.0 0.0 0.16548118422865765 0.9862129474237706
1629013218.100379467 5.196764024744516 2.982822547047681 0.0 0.0 0.0 -0.09873149687831868 0.9951141098005628
1629013218.200509548 5.283451036007439 3.0032724806112805 0.0 0.0 0.0 -0.11833097576000341 0.9929742092197992
1629013219.406359673 5.492345200076784 2.9672306634811374 0.0 0.0 0.0 -0.1600345085776929 0.9871114202886604
1629013219.503051281 5.557146134080785 2.9484868206718318 0.0 0.0 0.0 -0.1800539990025988 0.9836567274426441
1629013219.804655790 5.740131931791282 2.881492082782484 0.0 0.0 0.0 -0.23813278749854436 0.9712326062886136
1629013220.204417229 5.962313230894004 2.7713088363292644 0.0 0.0 0.0 -0.30118670610319676 0.95356518815795
1629013220.806005239 6.251354440586231 2.6823757943635202 0.0 0.0 0.0 -0.2873458684938093 0.9578268903405972
1629013226.817325592 4.4552319274443715 3.9131755884876176 0.0 0.0 0.0 -0.1562653110880359 0.9877151171013631
1629013226.817325592 4.455709368790871 3.913499066417348 0.0 0.0 0.0 -0.15626531130626825 0.9877151170668368
1629013226.917517185 4.385031634633892 3.924012185999073 0.0 0.0 0.0 -0.13374168397224348 0.991016226894529
1629013226.917517185 4.3854319937226665 3.9248050692428507 0.0 0.0 0.0 -0.1337417153452788 0.9910162226606093
1629013226.917517185 4.385738468174075 3.923387991015146 0.0 0.0 0.0 -0.13374167447145083 0.9910162281766997
1629013226.917517185 4.454842283156447 3.913880962695752 0.0 0.0 0.0 -0.15626533309907037 0.9877151136190215
1629013227.318311214 4.133480393746893 3.9000108778940246 0.0 0.0 0.0 -0.050908820638370586 0.9987033052820092
1629013227.318311214 4.386184827221894 3.923237347114748 0.0 0.0 0.0 -0.13374156665535783 0.9910162427269144
1629013227.418504953 4.055193227006111 3.8976445893010117 0.0 0.0 0.0 -0.026870956276112003 0.9996389106616484
1629013227.418504953 4.132726051999205 3.9002589562157612 0.0 0.0 0.0 -0.050908830079569714 0.9987033048007449
1629013227.418504953 4.385849364727633 3.9224405805241793 0.0 0.0 0.0 -0.133741578520153 0.9910162411257132
1629013227.618903399 3.9258372655287377 3.8836513690062535 0.0 0.0 0.0 -0.005843121850023853 0.9999829288178103
1629013227.618903399 4.0541762566884545 3.8972286118026327 0.0 0.0 0.0 -0.026870891035875498 0.9996389124153472
1629013227.618903399 4.055473272192568 3.897391404449034 0.0 0.0 0.0 -0.026870887475912746 0.9996389125110411
1629013227.819284201 3.8083718542979215 3.880830626184287 0.0 0.0 0.0 -0.009086404138528167 0.9999587177778048
1629013227.819284201 3.8086320312132176 3.8792586632024615 0.0 0.0 0.0 -0.00908644449471692 0.9999587174110961
1629013227.819284201 3.80864218832674 3.8806501195652845 0.0 0.0 0.0 -0.009086425229886612 0.999958717586152
1629013227.819284201 3.925361557742682 3.882350430671324 0.0 0.0 0.0 -0.005843134498012278 0.9999829287439052
1629013227.819284201 3.9266446079169697 3.882001075326613 0.0 0.0 0.0 -0.0058431110490152925 0.9999829288809229
1629013228.220059395 3.705853563687243 3.8759518555764467 0.0 0.0 0.0 -0.021299621252270817 0.9997731373339203
1629013228.220059395 3.7058700265952957 3.8766807561832692 0.0 0.0 0.0 -0.021299557531182782 0.9997731386914612
1629013228.220059395 3.808817802261234 3.88047555800603 0.0 0.0 0.0 -0.00908644984633109 0.999958717362467
1629013228.220059395 3.8094049893584425 3.8792589521008307 0.0 0.0 0.0 -0.009086429342976073 0.9999587175487772
1629013228.420449734 3.7052655062799027 3.875664766127255 0.0 0.0 0.0 -0.02129960212969268 0.9997731377413162
1629013228.420449734 3.722096238144223 3.8785056603774564 0.0 0.0 0.0 -0.016350962343817933 0.9998663140792529
1629013228.620867252 3.7212747391277965 3.8801088657293445 0.0 0.0 0.0 -0.016350919054258735 0.9998663147871725
1629013228.620867252 3.7215750766410642 3.8801527815830035 0.0 0.0 0.0 -0.016350937394451506 0.9998663144872532
1629013228.620867252 3.765309252060955 3.8892401707264015 0.0 0.0 0.0 -0.00483268398782382 0.999988322514555
1629013228.821250439 3.764819687239325 3.8886035702345 0.0 0.0 0.0 -0.004832678132649903 0.9999883225428516
1629013228.821250439 3.765202587303199 3.8899427729743716 0.0 0.0 0.0 -0.004832631899071778 0.9999883227662851
1629013228.821250439 3.8359947733898894 3.889114339260545 0.0 0.0 0.0 0.015589312903966937 0.9998784792779482
1629013229.021659851 3.8365699768723966 3.889906166432557 0.0 0.0 0.0 0.015589316398894191 0.9998784792234581
1629013229.021659851 3.922684277851798 3.8981485757061045 0.0 0.0 0.0 0.0440132948568099 0.9990309454045192
1629013229.121829271 3.8364424241713473 3.891157476141126 0.0 0.0 0.0 0.015589306836440556 0.9998784793725483
1629013229.121829271 3.9221221801595574 3.897420428173418 0.0 0.0 0.0 0.04401329000922635 0.9990309456180844
1629013229.121829271 3.967242481774666 3.911947587495551 0.0 0.0 0.0 0.05982111010439612 0.9982091137561697
1629013229.222027302 3.9657411042019635 3.911940879072118 0.0 0.0 0.0 0.059821069323303416 0.9982091162001159
1629013229.222027302 4.016125339030426 3.9182186713776668 0.0 0.0 0.0 0.07662635421611153 0.9970598787633304
1629013229.422421217 4.013961386096015 3.9174701257925437 0.0 0.0 0.0 0.07662636684338596 0.9970598777928951
1629013229.422421217 4.015508753197367 3.917978571632668 0.0 0.0 0.0 0.07662634165952104 0.9970598797283332
1629013229.422421217 4.1225677501510996 3.934716025742518 0.0 0.0 0.0 0.11285500714014277 0.9936114670047836
1629013229.422421217 4.122626934116269 3.9347975468953726 0.0 0.0 0.0 0.11285502158544335 0.9936114653640774
1629013229.422421217 4.122714545766109 3.9359567700118308 0.0 0.0 0.0 0.11285500318660492 0.993611467453829
1629013229.422421217 4.122945339757502 3.9351948578326708 0.0 0.0 0.0 0.11285494098101491 0.9936114745191763
1629013230.023580551 4.122555986289848 3.9345808978881798 0.0 0.0 0.0 0.11285499706795496 0.993611468148789
1629013230.023580551 4.378684219419343 3.9948249626623427 0.0 0.0 0.0 0.21286856110849295 0.9770808439896874
1629013230.123798370 4.122727962056314 3.935325280657078 0.0 0.0 0.0 0.11285496238963255 0.9936114720875734
1629013230.123798370 4.5059375538588595 3.9964227098755463 0.0 0.0 0.0 0.2509721826275005 0.9679942993361007
1629013230.223979473 4.37892515728681 3.994465054121481 0.0 0.0 0.0 0.21286852952828558 0.9770808508698067
1629013230.223979473 4.505770730362325 3.997351132259059 0.0 0.0 0.0 0.2509721993119065 0.9679942950103294
1629013230.223979473 4.5541895244402415 4.013239301318392 0.0 0.0 0.0 0.2701271375329532 0.9628246619028061
1629013230.424386501 4.553464508555307 4.013830117368126 0.0 0.0 0.0 0.2701271551191136 0.9628246569688867
1629013230.424386501 4.553571359814646 4.013893398940437 0.0 0.0 0.0 0.2701271626385651 0.9628246548592523
1629013230.424386501 4.643393336055232 4.05986611388944 0.0 0.0 0.0 0.30783592475947674 0.9514394586243928
1629013230.624771357 4.643310804066591 4.060588121852213 0.0 0.0 0.0 0.3078359666383525 0.9514394450745833
1629013230.624771357 4.733316079540841 4.099040434798464 0.0 0.0 0.0 0.3374378417832383 0.941347811880747
1629013230.724998474 4.643184525611885 4.060808857758263 0.0 0.0 0.0 0.30783593843380674 0.9514394542000966
1629013230.724998474 4.732438855566401 4.10023769162758 0.0 0.0 0.0 0.3374378984947095 0.9413477915518123
1629013230.724998474 4.774279328194031 4.120213175490135 0.0 0.0 0.0 0.34396851971743786 0.9389811805586918
1629013230.724998474 4.774502312488238 4.120573842446454 0.0 0.0 0.0 0.3439685592433092 0.9389811660795344
1629013230.724998474 4.77496339016594 4.119392990328132 0.0 0.0 0.0 0.3439685758286631 0.93898116000397
1629013230.724998474 4.775386029030658 4.118987812765135 0.0 0.0 0.0 0.3439686123066939 0.9389811466412983
1629013230.724998474 4.775609933925884 4.119236335696392 0.0 0.0 0.0 0.3439686047922232 0.9389811493940075
1629013231.125766754 4.888459613618945 4.198398628044062 0.0 0.0 0.0 0.3365596392179419 0.9416621523930379
1629013231.125766754 4.888837928349232 4.198645508075446 0.0 0.0 0.0 0.33655965484706424 0.9416621468070303
1629013231.225924015 4.910736032500113 4.207429716463657 0.0 0.0 0.0 0.333277953394164 0.942828619517565
1629013231.426332474 4.888438814599726 4.198529750888512 0.0 0.0 0.0 0.33655965273304395 0.9416621475626027
1629013231.426332474 4.888883352128591 4.198988272889785 0.0 0.0 0.0 0.3365595984555937 0.9416621669619151
1629013231.426332474 4.889085074492303 4.198447306710081 0.0 0.0 0.0 0.33655959728414103 0.941662167380604
1629013231.426332474 4.909536772853444 4.207271414860546 0.0 0.0 0.0 0.3349452723743819 0.9422375839001813
1629013231.726910353 4.853225567167652 4.154833394231916 0.0 0.0 0.0 0.3550606779881798 0.9348432568867222
1629013231.726910353 4.888132061219652 4.197317830149552 0.0 0.0 0.0 0.3365595712048271 0.9416621767016147
1629013231.726910353 4.888225952267462 4.1965755556409805 0.0 0.0 0.0 0.3365595852735092 0.9416621716733254
1629013231.726910353 4.888836961017147 4.19781968369711 0.0 0.0 0.0 0.3365595942858254 0.9416621684522325
1629013231.927503109 4.775412110809381 4.095369808814395 0.0 0.0 0.0 0.38475477286381565 0.9230188322881141
1629013231.927503109 4.889051565290307 4.196009747485458 0.0 0.0 0.0 0.33655957442371337 0.9416621755511522
1629013232.027493000 4.728883559498495 4.06347610262835 0.0 0.0 0.0 0.403865679396698 0.9148182950758273
1629013232.027493000 4.888605794936886 4.195751793323827 0.0 0.0 0.0 0.336559545773012 0.9416621857912018
1629013232.027493000 4.888710956745604 4.195419758609005 0.0 0.0 0.0 0.33655953006190314 0.9416621914065101
1629013232.227927685 4.640100743574931 3.9698469721486287 0.0 0.0 0.0 0.44476428266233997 0.8956476611189549
1629013232.227927685 4.887384624626752 4.194521830917262 0.0 0.0 0.0 0.33655953420319784 0.9416621899263697
1629013232.328094959 4.5888136405915425 3.920206206719357 0.0 0.0 0.0 0.467621473723635 0.8839288191435641
1629013232.328094959 4.8874599942225965 4.194566244337135 0.0 0.0 0.0 0.33655954141476563 0.941662187348883
1629013232.428275108 4.5379785533310155 3.859413232746965 0.0 0.0 0.0 0.4915528777659926 0.8708477297208572
1629013232.528468847 4.502397911520164 3.779357129490051 0.0 0.0 0.0 0.5160445782113593 0.8565617276639554
1629013232.628664970 4.456207926814773 3.7045933701474194 0.0 0.0 0.0 0.5395329923038706 0.841964458997903
1629013232.728875399 4.41855331539694 3.632038754928409 0.0 0.0 0.0 0.5629199214695385 0.8265114409448479
1629013233.730814695 4.418302766449592 3.632048550086724 0.0 0.0 0.0 0.5629199898201025 0.8265113943926822
1629013234.632601976 4.277720761277298 2.8536378290148514 0.0 0.0 0.0 0.7447194566752646 0.6673776523448315
1629013234.632601976 4.278473576112757 2.8531751013702515 0.0 0.0 0.0 0.7447194925380239 0.6673776123259666
1629013234.632601976 4.278701139732563 2.854119524287056 0.0 0.0 0.0 0.7447194692256321 0.6673776383400126
1629013234.632601976 4.417436083261539 3.632779133464564 0.0 0.0 0.0 0.5629199664513105 0.8265114103086875
1629013234.632601976 4.418246550500756 3.6319341774580702 0.0 0.0 0.0 0.5629199775111027 0.8265114027760897
1629013235.033603668 4.277218660929527 2.853233890008159 0.0 0.0 0.0 0.7447194448834963 0.6673776655031372
1629013235.033603668 4.2965047691584415 2.7209495167274236 0.0 0.0 0.0 0.7349327044665438 0.6781400444638938
1629013235.133549213 4.2786975407678565 2.85284762551544 0.0 0.0 0.0 0.7447194414783429 0.6673776693029105
1629013235.133549213 4.295570600518137 2.720269047502053 0.0 0.0 0.0 0.7349327226855616 0.6781400247190748
1629013235.133549213 4.2989665753094055 2.6909394305806473 0.0 0.0 0.0 0.7305686311725046 0.6828392747541202
1629013235.133549213 4.299164840197977 2.6904031934317216 0.0 0.0 0.0 0.730568647092843 0.6828392577209756
1629013235.133549213 4.299510751610536 2.690940432797369 0.0 0.0 0.0 0.7305686695644998 0.6828392336785846
1629013235.534484386 4.29903576978549 2.69069556778744 0.0 0.0 0.0 0.7305686940506648 0.6828392074808726
1629013235.534484386 4.299998012934247 2.690491441032253 0.0 0.0 0.0 0.7305687322623949 0.6828391665981947
1629013235.534484386 4.300407992795672 2.6901441245592173 0.0 0.0 0.0 0.7305687527000571 0.682839144731966
1629013235.534484386 4.314870671910022 2.511999973931484 0.0 0.0 0.0 0.7069891198505258 0.707224422947185
1629013235.534484386 4.316144380024575 2.510738368830405 0.0 0.0 0.0 0.7069891332456554 0.707224409556512
1629013235.534484386 4.316199108327707 2.5116448598339547 0.0 0.0 0.0 0.7069891396674463 0.7072244031368574
1629013236.035361052 4.313006891800168 2.235607501990004 0.0 0.0 0.0 0.6583121424812598 0.752745058477127
1629013236.035361052 4.313478836645032 2.235368303196981 0.0 0.0 0.0 0.6583121169432034 0.7527450808113981
1629013236.035361052 4.316368822371986 2.511301821317155 0.0 0.0 0.0 0.7069890953531561 0.7072244474364032
1629013236.035361052 4.316752865290106 2.5114565063931935 0.0 0.0 0.0 0.7069891057200797 0.7072244370729295
1629013236.335923672 4.296087516927175 2.036206176732208 0.0 0.0 0.0 0.6223862111142422 0.7827102939241684
1629013236.335923672 4.312273935915919 2.2364241838605308 0.0 0.0 0.0 0.6583121645648766 0.7527450391639302
1629013236.335923672 4.313034541100925 2.235382862261187 0.0 0.0 0.0 0.6583121773599782 0.7527450279739911
1629013236.335923672 4.313773541252974 2.23684335185306 0.0 0.0 0.0 0.6583122109085248 0.7527449986341523
1629013236.536616802 4.26821676747237 1.901260983121519 0.0 0.0 0.0 0.5971732490761802 0.802112280536708
1629013236.536616802 4.29596150530622 2.0353539393798927 0.0 0.0 0.0 0.6223862472017783 0.7827102652285116
1629013236.736684799 4.23024443142184 1.7759142331436433 0.0 0.0 0.0 0.5701936167897975 0.8215103403927242
1629013236.736684799 4.230499060650061 1.7763554719704062 0.0 0.0 0.0 0.5701936433939992 0.8215103219272882
1629013236.736684799 4.266548768854065 1.9020467027984884 0.0 0.0 0.0 0.5971732786462827 0.8021122585217416
1629013236.736684799 4.267198011974737 1.902268089640244 0.0 0.0 0.0 0.5971732473507351 0.8021122818213032
1629013237.037281513 4.179060777222382 1.5827468154872792 0.0 0.0 0.0 0.5293649138785821 0.8483942408776248
1629013237.037281513 4.229180914486062 1.7762696513977478 0.0 0.0 0.0 0.5701936357453434 0.821510327236065
1629013237.137472868 4.159004769654709 1.5044844446250591 0.0 0.0 0.0 0.5172292292987504 0.8558469047434949
1629013237.137472868 4.229832380071949 1.7758038017561082 0.0 0.0 0.0 0.5701936153861783 0.8215103413669478
1629013237.237663746 4.130724514123047 1.457241170021768 0.0 0.0 0.0 0.5083205605749719 0.8611679323434811
1629013237.237663746 4.180402961258536 1.5830627428087656 0.0 0.0 0.0 0.5293649153541271 0.8483942399569423
1629013237.337888718 4.0943044669013 1.4186401385053347 0.0 0.0 0.0 0.5051669189864155 0.8630216590339852
1629013237.337888718 4.15920674124745 1.5073058087268807 0.0 0.0 0.0 0.5172291780347508 0.8558469357247802
1629013237.337888718 4.159362226001967 1.506125388685109 0.0 0.0 0.0 0.5172291926714511 0.855846926879123
1629013237.337888718 4.160075792909668 1.5052817384941408 0.0 0.0 0.0 0.5172291933939217 0.8558469264424995
1629013237.337888718 4.160437786944735 1.5061350400223525 0.0 0.0 0.0 0.5172291741941119 0.8558469380458618
1629013237.738643646 3.947342124849572 1.249500571987495 0.0 0.0 0.0 0.5295211585892456 0.8482967302815112
1629013237.738643646 4.159849891054318 1.505792639788327 0.0 0.0 0.0 0.5172292089302455 0.8558469170531564
1629013237.738643646 4.161023556449888 1.507266650824286 0.0 0.0 0.0 0.5172292108405041 0.8558469158986959
1629013237.738643646 4.161572007564197 1.5067181041204005 0.0 0.0 0.0 0.5172291826675103 0.8558469329249824
1629013237.738643646 4.161641640991593 1.5075451500125325 0.0 0.0 0.0 0.5172292134128839 0.8558469143440838
1629013237.738643646 4.161972935149686 1.506937549980998 0.0 0.0 0.0 0.5172292107090188 0.8558469159781587
1629013238.239623070 3.7900516885851303 1.0743022962469293 0.0 0.0 0.0 0.5943124030385917 0.8042342740734784
1629013238.239623070 4.161143484087153 1.5067251804631234 0.0 0.0 0.0 0.517229264998351 0.8558468831685173
1629013238.239623070 4.161595133153703 1.506589569296664 0.0 0.0 0.0 0.5172292311929254 0.8558469035987543
1629013238.239623070 4.161832947600837 1.5069363234252595 0.0 0.0 0.0 0.5172291628014731 0.8558469449309772
1629013238.441780090 3.7536287880773953 0.9576511630087803 0.0 0.0 0.0 0.6275583779433969 0.7785695102385224
1629013238.640418053 3.7325182284130456 0.8291897589654498 0.0 0.0 0.0 0.6606150938000906 0.7507247816899996
1629013238.941011429 3.712013624489999 0.6275890521473032 0.0 0.0 0.0 0.7107513407867694 0.7034433392746069
1629013238.941011429 4.161865240813468 1.5067131948333752 0.0 0.0 0.0 0.5172292527764376 0.8558468905548048
1629013239.041179180 3.7146261926728856 0.5525042566974979 0.0 0.0 0.0 0.7267943822206591 0.6868550982357854
1629013239.041179180 3.731390801960138 0.8285982182584092 0.0 0.0 0.0 0.6606150576232068 0.7507248135245611
1629013239.141399860 3.7123207590356966 0.6279468740227703 0.0 0.0 0.0 0.7107513471736044 0.7034433328214195
1629013239.141399860 3.715157708956433 0.5527456732380955 0.0 0.0 0.0 0.726794387229468 0.686855092935724
1629013239.141399860 3.7206945133641325 0.4855186370313048 0.0 0.0 0.0 0.7427230933894264 0.6695986906693003
1629013239.141399860 3.720885832321175 0.48589250668828904 0.0 0.0 0.0 0.7427231057327431 0.6695986769780153
1629013239.141399860 3.731159961350686 0.8288553883147882 0.0 0.0 0.0 0.6606150458977332 0.750724823842622
1629013239.542208195 3.7206795061771887 0.48593183690362246 0.0 0.0 0.0 0.7427231298590901 0.669598650216917
1629013239.542208195 3.721007262721662 0.48623301294992394 0.0 0.0 0.0 0.7427231417309963 0.6695986370485221
1629013239.542208195 3.738675300672411 0.3416106887902969 0.0 0.0 0.0 0.7992806583318793 0.6009579263280896
1629013239.542208195 3.738795057776135 0.3428560452866334 0.0 0.0 0.0 0.7992806832315655 0.6009578932112313
1629013239.542208195 3.7388269910086205 0.34301820142900474 0.0 0.0 0.0 0.7992806749648004 0.6009579042061208
1629013239.542208195 3.739149828526766 0.3431519521997985 0.0 0.0 0.0 0.7992806794188421 0.6009578982821959
1629013239.942944527 3.738300754033981 0.3431629710587995 0.0 0.0 0.0 0.7992806842912172 0.6009578918018829
1629013239.942944527 3.8173380033015274 0.12493052296236946 0.0 0.0 0.0 0.8553414422203379 0.5180646843980319
1629013240.043147087 3.8590756912210233 -0.05271971917909719 0.0 0.0 0.0 0.8702446444690597 0.4926197912923515
1629013240.143421173 3.816258068169244 0.1249531905627507 0.0 0.0 0.0 0.8553414321137222 0.5180647010843789
1629013240.143421173 3.857753453230799 -0.052236544932480096 0.0 0.0 0.0 0.8702446249716383 0.49261982573580265
1629013240.143421173 3.895355586708911 -0.11241899479242333 0.0 0.0 0.0 0.8812809769536104 0.4725926783813837
1629013240.143421173 3.8971168427176206 -0.11230611419377026 0.0 0.0 0.0 0.8812809887571013 0.4725926563704794
1629013240.443916321 3.8951777316306715 -0.11183925517508363 0.0 0.0 0.0 0.8812809668464787 0.47259269722895175
1629013240.443916321 4.013652894095979 -0.24560102700892095 0.0 0.0 0.0 0.9046911991352939 0.42606787511750266
1629013240.544137478 4.013351047265282 -0.24602520298891084 0.0 0.0 0.0 0.9046911883958987 0.4260678979209964
1629013240.544137478 4.062853944977888 -0.3113124023912543 0.0 0.0 0.0 0.9081137958815838 0.41872345734331773
1629013240.644346952 4.063302746651948 -0.3098717227749511 0.0 0.0 0.0 0.9081137918856995 0.4187234660094613
1629013240.644346952 4.063683464865164 -0.31063841480501103 0.0 0.0 0.0 0.9081137950694592 0.41872345910462694
1629013240.644346952 4.11236789287197 -0.34605110985587506 0.0 0.0 0.0 0.910101464544568 0.4143854778269051
1629013240.644346952 4.112719745611935 -0.34608028805926233 0.0 0.0 0.0 0.9101014727907172 0.41438545971615315
1629013240.644346952 4.113264849798866 -0.34715707209037683 0.0 0.0 0.0 0.9101014501812298 0.41438550937264024
1629013241.045111418 4.110672910014175 -0.3442141559064863 0.0 0.0 0.0 0.9101014992919583 0.41438540151232367
1629013241.045111418 4.112145726997271 -0.3453049025037465 0.0 0.0 0.0 0.9101014929690062 0.41438541539922213
1629013241.045111418 4.296009736328313 -0.4667504808102523 0.0 0.0 0.0 0.9049030330769128 0.4256177871379482
1629013241.245482445 4.296222240210276 -0.4675586840189017 0.0 0.0 0.0 0.9049030490273876 0.4256177532257523
1629013241.245482445 4.38440129473793 -0.5568212851762577 0.0 0.0 0.0 0.8933635189225747 0.4493346448453251
1629013241.245482445 4.38524839581448 -0.5570459390856349 0.0 0.0 0.0 0.8933635417686324 0.4493345994229745
1629013241.245482445 4.385928315114979 -0.556532767836317 0.0 0.0 0.0 0.8933635192957303 0.4493346441034201
1629013241.245482445 4.387118255232247 -0.5568723242066785 0.0 0.0 0.0 0.8933635146802436 0.4493346532798936
1629013241.646275520 4.387326051064374 -0.5570844745479773 0.0 0.0 0.0 0.8933635293768146 0.44933462406028907
1629013241.646275520 4.560928903727535 -0.7340563974379357 0.0 0.0 0.0 0.864493814208468 0.5026434573286465
1629013241.746649981 4.5957272774706945 -0.8132578209288127 0.0 0.0 0.0 0.8563606010401502 0.516378273154625
1629013241.846660614 4.562143337459473 -0.7340119397423482 0.0 0.0 0.0 0.8644938190165677 0.5026434490592211
1629013241.846660614 4.594910808726184 -0.8141402786748548 0.0 0.0 0.0 0.8563605790121664 0.5163783096857836
1629013241.846660614 4.621829771904559 -0.8378204150225073 0.0 0.0 0.0 0.8474139165601711 0.5309328149777065
1629013241.846660614 4.622266481692966 -0.8391140478253397 0.0 0.0 0.0 0.8474139080505269 0.5309328285598218
1629013241.846660614 4.623132898654169 -0.8389286000214193 0.0 0.0 0.0 0.8474139247583696 0.5309328018926842
1629013242.247446537 4.622092135016818 -0.8373079893580266 0.0 0.0 0.0 0.8474139199299385 0.530932809599271
1629013242.247446537 4.712668892005381 -0.9354772547044962 0.0 0.0 0.0 0.8087882186479766 0.5881000062712403
1629013242.347635746 4.621983620905095 -0.8366578041983778 0.0 0.0 0.0 0.8474139244338723 0.5309328024106095
1629013242.347635746 4.711895488117322 -0.9352380186627904 0.0 0.0 0.0 0.808788199964752 0.588100031965461
1629013242.347635746 4.711994653310474 -0.9338662815389731 0.0 0.0 0.0 0.8087881669683625 0.5881000773439468
1629013242.347635746 4.7136250277377645 -0.9351363417444276 0.0 0.0 0.0 0.8087882208902485 0.5881000031875417
1629013242.347635746 4.732973157719197 -0.9800520110719341 0.0 0.0 0.0 0.7982822888151034 0.6022834775785566
1629013242.748418331 4.712128680472304 -0.9327075681049549 0.0 0.0 0.0 0.8087881646283924 0.5881000805620047
1629013242.748418331 4.712421751128317 -0.9335479646970182 0.0 0.0 0.0 0.8087881750918926 0.5881000661720129
1629013242.748418331 4.775220712872665 -1.047414062603464 0.0 0.0 0.0 0.7693354329851927 0.6388450450253849
1629013242.948856115 4.712626452253301 -0.9332163295703352 0.0 0.0 0.0 0.8087881900895789 0.5881000455463536
1629013242.948856115 4.799495882000078 -1.0700524620944614 0.0 0.0 0.0 0.7740271929195516 0.6331523549834426
1629013243.049047709 4.711505141423156 -0.9334828963831624 0.0 0.0 0.0 0.8087882228178782 0.5881000005365569
1629013243.049047709 4.711605755602249 -0.9335976099654336 0.0 0.0 0.0 0.80878824469725 0.5880999704468121
1629013243.049047709 4.712240164567517 -0.9343173714314283 0.0 0.0 0.0 0.8087882290236902 0.5880999920019748
1629013243.049047709 4.7123554856062135 -0.9332748383931679 0.0 0.0 0.0 0.8087881898900448 0.5881000458207641
1629013243.049047709 4.712916243488123 -0.9333574111139535 0.0 0.0 0.0 0.8087881802870208 0.5881000590273814
1629013243.049047709 4.801240193813755 -1.0725896035303093 0.0 0.0 0.0 0.7780702834750118 0.628177231339305
1629013243.550235271 4.712243887704111 -0.933916823054188 0.0 0.0 0.0 0.808788255097901 0.5880999561432501
1629013243.550235271 4.837667698100267 -1.0789041289910626 0.0 0.0 0.0 0.8107010116231902 0.5854603912760761
1629013243.750394821 4.873452878947015 -1.100013411486492 0.0 0.0 0.0 0.8257157761361436 0.56408639146844
1629013243.850748301 4.8915445066788905 -1.1084409496082812 0.0 0.0 0.0 0.8330096871282252 0.5532584035968513
1629013244.051008224 4.928963374200528 -1.1158515851262172 0.0 0.0 0.0 0.8463958745279593 0.5325542447319812
1629013244.351556540 5.001548174618032 -1.1639230744253775 0.0 0.0 0.0 0.863239672785523 0.5047942821874501
1629013244.551958561 4.711301207780899 -0.9355882895989571 0.0 0.0 0.0 0.808788287726675 0.5880999112703157
1629013244.551958561 4.71270667344652 -0.9341605010500911 0.0 0.0 0.0 0.8087882872382092 0.5880999119420816
1629013244.551958561 5.0626400565875 -1.2329272821109027 0.0 0.0 0.0 0.8702338757216678 0.49263881449439706
1629013244.752338409 4.7102841537043885 -0.9346813147027386 0.0 0.0 0.0 0.808788262638609 0.5880999457728426
1629013244.752338409 4.710950865855103 -0.9350307738139516 0.0 0.0 0.0 0.8087882636233957 0.5880999444185083
1629013244.752338409 5.133835367402947 -1.319581875413431 0.0 0.0 0.0 0.8753377045199126 0.48351205056938373
1629013244.752338409 5.134459356014291 -1.3206513170647454 0.0 0.0 0.0 0.8753377071872516 0.4835120457405021
1629013244.752338409 5.134471672082898 -1.320628965524473 0.0 0.0 0.0 0.8753376876152095 0.48351208117321953
1629013245.052947521 5.134505648889247 -1.320319356124219 0.0 0.0 0.0 0.8753376970368015 0.483512064116614
1629013245.052947521 5.2346401284586515 -1.4335177222929019 0.0 0.0 0.0 0.8810403573544147 0.4730411067896799
1629013245.253318071 5.235306465409092 -1.4329709265146169 0.0 0.0 0.0 0.8810403517434231 0.4730411172401669
1629013245.253318071 5.235725867095362 -1.4328953138935332 0.0 0.0 0.0 0.8810403352918764 0.4730411478812155
1629013245.253318071 5.308795178297453 -1.4991890037835554 0.0 0.0 0.0 0.8839054296894744 0.4676656833310155
1629013245.253318071 5.309619895910472 -1.4993865578860954 0.0 0.0 0.0 0.8839054420471486 0.46766565997455356
1629013245.253318071 5.309703534836923 -1.4996598896858653 0.0 0.0 0.0 0.8839054230398696 0.46766569589901413
1629013245.654092550 5.307312899344831 -1.5005815334927335 0.0 0.0 0.0 0.8839054150464083 0.46766571100695076
1629013245.654092550 5.307865275702728 -1.5004252340468898 0.0 0.0 0.0 0.8839054273622712 0.4676656877295156
1629013245.654092550 5.434895452068812 -1.6270334698278246 0.0 0.0 0.0 0.8837248258135338 0.46800687200172525
1629013245.654092550 5.435856814792602 -1.6277115688118362 0.0 0.0 0.0 0.8837248292148474 0.46800686557911597
1629013245.858057976 5.435451519315852 -1.6281116956626016 0.0 0.0 0.0 0.8837248199971486 0.46800688298464943
1629013245.858057976 5.501368648670834 -1.6970497904233532 0.0 0.0 0.0 0.8821616760377424 0.470946682046154
1629013245.954675913 5.499853110123858 -1.6957372981836647 0.0 0.0 0.0 0.882161668802962 0.47094669559810404
1629013245.954675913 5.525680249377549 -1.699085226472916 0.0 0.0 0.0 0.8813351828105039 0.4724915825074301
1629013245.954675913 5.526026625670057 -1.698353246979562 0.0 0.0 0.0 0.8813351918946907 0.4724915655627609
1629013245.954675913 5.526375983064198 -1.698285330746285 0.0 0.0 0.0 0.8813351827393654 0.4724915826401243
1629013246.255266666 5.52673411513403 -1.6986262728211743 0.0 0.0 0.0 0.881335186414737 0.47249157578447987
1629013246.255266666 5.527221431504942 -1.6988222106141344 0.0 0.0 0.0 0.8813351855709164 0.4724915773584524
1629013246.255266666 5.609347829593437 -1.7461979621758745 0.0 0.0 0.0 0.878994419314672 0.47683205724202565
1629013246.255266666 5.6108057596406855 -1.7464386638993448 0.0 0.0 0.0 0.8789944233242123 0.4768320498508206
1629013246.555862904 5.611392009760858 -1.7466888456688603 0.0 0.0 0.0 0.8789944124968151 0.47683206981009457
1629013246.555862904 5.693758084925025 -1.8259659434412587 0.0 0.0 0.0 0.8737186140492257 0.4864316842722112
1629013246.555862904 5.693837815202602 -1.8265980099023276 0.0 0.0 0.0 0.8737186130031394 0.48643168615117005
1629013246.555862904 5.694564755815842 -1.8262837988285983 0.0 0.0 0.0 0.8737186118080774 0.48643168829771577
1629013246.956682920 5.693832152963571 -1.8274982644457858 0.0 0.0 0.0 0.8737186194018015 0.4864316746580242
1629013246.956682920 5.794087813633845 -1.9477150404852974 0.0 0.0 0.0 0.8543219036300679 0.5197442495861758
1629013247.057110310 5.6938131195313035 -1.8274798535580004 0.0 0.0 0.0 0.8737186255679718 0.48643166358247536
1629013247.057110310 5.815741666650132 -1.9637277443057617 0.0 0.0 0.0 0.8492055394267337 0.528062450669379
1629013247.157055855 5.793587306267033 -1.9467627189760988 0.0 0.0 0.0 0.8543218995985774 0.5197442562128786
1629013247.157055855 5.793636086284513 -1.9475486185767583 0.0 0.0 0.0 0.8543218987188446 0.5197442576589262
1629013247.157055855 5.8339366474297405 -1.986625148325862 0.0 0.0 0.0 0.8435726009659665 0.5370151458753413
1629013247.358104467 5.816987995932077 -1.9628686382852587 0.0 0.0 0.0 0.8492055424343299 0.5280624458327021
1629013247.358104467 5.834852297990836 -1.9865319562770873 0.0 0.0 0.0 0.8435726156274793 0.5370151228442388
1629013247.358104467 5.870688823984326 -2.010081110801987 0.0 0.0 0.0 0.8321943982475785 0.5544839795028805
1629013247.557822704 5.869388531127997 -2.010679219132537 0.0 0.0 0.0 0.8321943909328584 0.5544839904811398
1629013247.557822704 5.869925990766216 -2.00982411846687 0.0 0.0 0.0 0.8321944104855737 0.5544839611355484
1629013247.557822704 5.892753911189933 -2.014102219612033 0.0 0.0 0.0 0.8248993913281075 0.5652795717045839
1629013247.557822704 5.8937039257233765 -2.013069973071074 0.0 0.0 0.0 0.824899376368642 0.5652795935345849
1629013247.557822704 5.8942248813466485 -2.0130475222682995 0.0 0.0 0.0 0.8248993854216856 0.5652795803236885
1629013247.958601952 5.894150697401201 -2.013508710633662 0.0 0.0 0.0 0.8248994000878561 0.5652795589216852
1629013247.958601952 5.894849968579202 -2.013893292703865 0.0 0.0 0.0 0.8248993727865078 0.5652795987619099
1629013247.958601952 5.895785081657041 -2.0132779210461234 0.0 0.0 0.0 0.8248994049786889 0.5652795517846061
1629013247.958601952 5.934696444382048 -2.029131725111163 0.0 0.0 0.0 0.8333237310059519 0.5527852741728201
1629013248.259931803 5.895769765995948 -2.012853562047947 0.0 0.0 0.0 0.8248994356447688 0.5652795070343007
1629013248.259931803 5.975005184519638 -2.052744162912331 0.0 0.0 0.0 0.8472580302518639 0.5311815416349966
1629013248.359395504 5.896108006674902 -2.0123786315790855 0.0 0.0 0.0 0.8248994140785725 0.5652795385053556
1629013248.359395504 5.986264286805883 -2.0571613087526135 0.0 0.0 0.0 0.8531533831269063 0.5216601430616626
1629013248.459567547 5.895033895491801 -2.012712867730782 0.0 0.0 0.0 0.8248994058560631 0.5652795505042739
1629013248.459567547 5.998789668638471 -2.057319044001654 0.0 0.0 0.0 0.8585168544720404 0.512785345527184
1629013248.559775829 5.894247748802154 -2.0123367910939725 0.0 0.0 0.0 0.8248993898371939 0.5652795738802396
1629013248.559775829 5.8949104246739985 -2.0126158944072197 0.0 0.0 0.0 0.8248993784418055 0.5652795905092656
1629013248.559775829 5.8951490597390075 -2.013303404452658 0.0 0.0 0.0 0.824899404527714 0.5652795524427032
1629013248.559775829 5.895201996786179 -2.0132472863946598 0.0 0.0 0.0 0.8248993825537071 0.5652795845088631
1629013248.559775829 6.016399654219111 -2.0564674109999106 0.0 0.0 0.0 0.8643840554781969 0.5028321833724105
1629013248.960558414 5.893628900323958 -2.013635861618761 0.0 0.0 0.0 0.824899376377102 0.5652795935222394
1629013248.960558414 6.082096678795975 -2.062972554630433 0.0 0.0 0.0 0.886622981993016 0.46249290567727835
1629013249.261137486 6.134967938600613 -2.0697634023656493 0.0 0.0 0.0 0.9037517054169688 0.42805706974178154
1629013249.461553097 6.181164444883925 -2.0711430590555198 0.0 0.0 0.0 0.9143351575619612 0.4049582937120113
1629013249.661929369 6.239359690852816 -2.1257776876477728 0.0 0.0 0.0 0.9237895295773807 0.3829006464387358
1629013250.263106346 6.420675932083578 -2.3105023349748257 0.0 0.0 0.0 0.9216685719153567 0.3879781482809399
1629013250.363283634 6.4570738193934725 -2.3592983093790703 0.0 0.0 0.0 0.9188458715929514 0.394616604131896
1629013250.463474512 6.481523469386273 -2.3605714632948835 0.0 0.0 0.0 0.916410436848255 0.4002398171541538
1629013250.463474512 6.483355397818438 -2.3600774327430925 0.0 0.0 0.0 0.9164104416788853 0.40023980609368487
1629013250.666935921 6.4798485927520115 -2.3594940317887025 0.0 0.0 0.0 0.9164104291499755 0.40023983478054465
1629013250.666935921 6.4808660249618155 -2.3594677315729027 0.0 0.0 0.0 0.916410446614328 0.4002397947932313
1629013250.666935921 6.530014220882126 -2.3752965311767267 0.0 0.0 0.0 0.9112655657687464 0.4118192184007036
1629013250.864261150 6.530794870322835 -2.3742116931719712 0.0 0.0 0.0 0.9112655741605924 0.41181919983138937
1629013250.864261150 6.530966086934387 -2.3730646218507916 0.0 0.0 0.0 0.9112655757687651 0.4118191962728559
1629013250.864261150 6.591561674459568 -2.400930373972945 0.0 0.0 0.0 0.9077045645360553 0.4196098467867623
1629013250.864261150 6.591826196808813 -2.400899689690326 0.0 0.0 0.0 0.9077045650172723 0.4196098457457886
1629013250.864261150 6.593510788817816 -2.3990915827658497 0.0 0.0 0.0 0.907704561707289 0.41960985290598024
1629013250.864261150 6.5938024286646115 -2.398936790067919 0.0 0.0 0.0 0.90770456386586 0.41960984823653624
1629013251.365235329 6.591619262317708 -2.4009316752363166 0.0 0.0 0.0 0.9077045691549045 0.41960983679521774
1629013251.365235329 6.736960011824116 -2.5253257596051943 0.0 0.0 0.0 0.9003374660906698 0.4351924254320519
1629013251.465437651 6.592494303541299 -2.401402929289362 0.0 0.0 0.0 0.907704581328189 0.41960981046183515
1629013251.465437651 6.759680949793342 -2.546226416518349 0.0 0.0 0.0 0.8991752643442144 0.43758866986190603
1629013251.565629005 6.737154864191258 -2.524503483484141 0.0 0.0 0.0 0.9003374763325688 0.4351924042433428
1629013251.565629005 6.759171308698098 -2.545977032988761 0.0 0.0 0.0 0.8991752795636662 0.4375886385883469
1629013251.565629005 6.783273572335215 -2.5532471358068753 0.0 0.0 0.0 0.897937309792952 0.44012337779513155
1629013251.565629005 6.784158376125659 -2.5529492237107143 0.0 0.0 0.0 0.8979373184427367 0.44012336014788767
1629013251.565629005 6.784353111782877 -2.5519851651724337 0.0 0.0 0.0 0.8979373212113466 0.44012335449938456
1629013251.565629005 6.7844414645545505 -2.5526884962064917 0.0 0.0 0.0 0.897937316348961 0.4401233644195977
1629013252.166831970 6.784441324534728 -2.5531400956906736 0.0 0.0 0.0 0.8979373037392158 0.44012339014593105
1629013252.166831970 6.78516587363019 -2.5526510429621285 0.0 0.0 0.0 0.8979373161738887 0.44012336477677905
1629013252.166831970 6.941989163891427 -2.6755884132932004 0.0 0.0 0.0 0.890658180358056 0.4546735155705427
1629013252.367221832 6.940444546827106 -2.6761709179392943 0.0 0.0 0.0 0.8906581940572551 0.45467348873523394
1629013252.367221832 7.000727357189363 -2.7341067996227517 0.0 0.0 0.0 0.8879301124987029 0.45997838570745997
1629013252.467393875 6.940494674737311 -2.6760396848574612 0.0 0.0 0.0 0.8906581902269778 0.45467349623834974
1629013252.467393875 7.018459102887427 -2.735534870899191 0.0 0.0 0.0 0.886553055748055 0.4626269332235058
1629013252.567692995 7.000693557358111 -2.73403140640092 0.0 0.0 0.0 0.8879301056483753 0.45997839893115106
1629013252.567692995 7.034036022826911 -2.735501262085857 0.0 0.0 0.0 0.8851727704596568 0.4652624704795948
1629013252.667804718 7.016965003532892 -2.733968399647269 0.0 0.0 0.0 0.8865530429611446 0.46262695772764356
1629013252.667804718 7.033816609618122 -2.735918030239357 0.0 0.0 0.0 0.8851727658218904 0.4652624793030539
1629013252.667804718 7.053808230351109 -2.738590614001862 0.0 0.0 0.0 0.8840602101735027 0.4673730253105995
1629013252.868175983 7.052704305512091 -2.736712428236737 0.0 0.0 0.0 0.8840602238059551 0.46737299952411104
1629013252.868175983 7.05300979026221 -2.7376525785873094 0.0 0.0 0.0 0.8840601980041537 0.4673730483295508
1629013252.868175983 7.099197886703425 -2.7756802109767853 0.0 0.0 0.0 0.8815861214358154 0.47202320969604433
1629013253.068570137 7.099129733877295 -2.775560080442685 0.0 0.0 0.0 0.8815861125450631 0.47202322630108273
1629013253.068570137 7.134657261668805 -2.777646741607424 0.0 0.0 0.0 0.8791351744257521 0.4765724971999564
1629013253.168779850 7.098406848444091 -2.775005308719525 0.0 0.0 0.0 0.8815861221599951 0.4720232083435117
1629013253.168779850 7.1342088182973775 -2.7785690970661037 0.0 0.0 0.0 0.879135160622276 0.47657252266328254
1629013253.168779850 7.152530123826578 -2.789032711876729 0.0 0.0 0.0 0.8775958433719191 0.47940122621487957
1629013253.168779850 7.152963505692459 -2.7904001396131597 0.0 0.0 0.0 0.8775958341468718 0.4794012431023268
1629013253.168779850 7.153034364673912 -2.7897446816736724 0.0 0.0 0.0 0.8775958451829889 0.47940122289952
1629013253.168779850 7.153222327752554 -2.7902043984709874 0.0 0.0 0.0 0.8775958497923904 0.47940121446151157
1629013253.168779850 7.153658921471379 -2.790159215596738 0.0 0.0 0.0 0.8775958281623601 0.4794012540576227
1629013253.769940376 7.152216552985454 -2.7882053625771297 0.0 0.0 0.0 0.8775958703111558 0.479401176899687
1629013253.769940376 7.153793803479539 -2.7884554147486402 0.0 0.0 0.0 0.8775958596694512 0.47940119638048134
1629013253.769940376 7.268045660612482 -2.84870149387829 0.0 0.0 0.0 0.8699134141758625 0.49320447264485967
1629013253.970323563 7.2682889301615035 -2.8479853561567174 0.0 0.0 0.0 0.8699133924038553 0.4932045110462961
1629013253.970323563 7.306216928474426 -2.8694910292397555 0.0 0.0 0.0 0.8677207867156607 0.49705194527489277
1629013254.070553541 7.2685107504672075 -2.8471655082267495 0.0 0.0 0.0 0.8699133898537332 0.49320451554419764
1629013254.070553541 7.316189712353652 -2.8734705698465683 0.0 0.0 0.0 0.8665293381124063 0.49912614256365595
1629013254.170717239 7.305720092648332 -2.8696093913733187 0.0 0.0 0.0 0.8677207790131729 0.4970519587213919
1629013254.170717239 7.3174543627889745 -2.8737374333738583 0.0 0.0 0.0 0.8665293373937669 0.4991261438112807
1629013254.170717239 7.332037282708711 -2.8729512327779148 0.0 0.0 0.0 0.8653613277702316 0.501148453454405
1629013254.170717239 7.332754400279685 -2.8732272551875084 0.0 0.0 0.0 0.8653613278291915 0.5011484533525955
1629013254.170717239 7.332839246070776 -2.873659394284989 0.0 0.0 0.0 0.865361309638753 0.5011484847630513
1629013254.170717239 7.333027649201276 -2.873997081557365 0.0 0.0 0.0 0.8653613011597265 0.5011484994042635
1629013254.170717239 7.3330945912743175 -2.8728021228866387 0.0 0.0 0.0 0.8653613206274015 0.5011484657883328
1629013254.771917343 7.333030319129369 -2.874473915860474 0.0 0.0 0.0 0.8653612901508129 0.5011485184139736
1629013254.771917343 7.333280692547481 -2.8741872073032178 0.0 0.0 0.0 0.8653612807488893 0.5011485346488024
1629013254.771917343 7.443667979404634 -2.929757091950791 0.0 0.0 0.0 0.8584025266139178 0.512976707368709
1629013254.972341061 7.333549839890106 -2.873407361100029 0.0 0.0 0.0 0.8653612807927361 0.5011485345730898
1629013254.972341061 7.333833265551683 -2.8735825784613525 0.0 0.0 0.0 0.8653612847013066 0.5011485278239418
1629013254.972341061 7.478159687760316 -2.970504770571236 0.0 0.0 0.0 0.8565757605826405 0.516021284815143
1629013254.972341061 7.480086797210679 -2.970103634349574 0.0 0.0 0.0 0.8565757519789743 0.5160212990969024
1629013254.972341061 7.480374053445555 -2.9709677897522537 0.0 0.0 0.0 0.8565757382483244 0.5160213218892586
1629013254.972341061 7.480395410647905 -2.971871918383522 0.0 0.0 0.0 0.8565757298873266 0.5160213357681965
1629013255.573482752 7.481064538579085 -2.9725572479134934 0.0 0.0 0.0 0.8565757337540284 0.516021329349619
1629013255.573482752 7.481285421865007 -2.9724087576599927 0.0 0.0 0.0 0.8565757342627242 0.5160213285052033
1629013255.573482752 7.481342571534686 -2.973097146234146 0.0 0.0 0.0 0.8565757014369525 0.516021382994729
1629013255.573482752 7.481395538231486 -2.972635330904416 0.0 0.0 0.0 0.8565757191052923 0.5160213536659615
1629013255.573482752 7.549454407726294 -3.041147702429941 0.0 0.0 0.0 0.8573513207070673 0.514731690186108
1629013255.974318027 7.48112461529452 -2.9730650258131885 0.0 0.0 0.0 0.8565757182924051 0.5160213550153232
1629013255.974318027 7.561562068557537 -3.0482951622184564 0.0 0.0 0.0 0.8585412042416884 0.5127445763918244
1629013256.074461937 7.480891743581275 -2.9726371511684424 0.0 0.0 0.0 0.856575699376384 0.5160213864151936
1629013256.074461937 7.481526131457913 -2.971935755259471 0.0 0.0 0.0 0.8565757172262767 0.5160213567850557
1629013256.074461937 7.56068392498599 -3.0482147020514727 0.0 0.0 0.0 0.8587579401737149 0.5123814986790588
1629013256.174642801 7.480863561570654 -2.9728310638634836 0.0 0.0 0.0 0.85657568063179 0.516021417530499
1629013256.174642801 7.481692409188198 -2.9720545141679904 0.0 0.0 0.0 0.8565756996656655 0.5160213859349975
1629013256.174642801 7.481712359970658 -2.9723598053093836 0.0 0.0 0.0 0.8565757043460134 0.5160213781657994
1629013256.174642801 7.481735749717898 -2.9722940218467615 0.0 0.0 0.0 0.8565756724738458 0.516021431072372
1629013256.174642801 7.560044194371726 -3.048320126630405 0.0 0.0 0.0 0.8584388612187858 0.5129159010494744
1629013256.876011133 7.553409284344855 -3.0506046417437047 0.0 0.0 0.0 0.8576214089124312 0.5142815561295744
1629013256.876011133 7.557807837138987 -3.0490688129146184 0.0 0.0 0.0 0.8584388585637087 0.5129159054931295
1629013256.876011133 7.558967905278263 -3.0488760567242084 0.0 0.0 0.0 0.858438852449859 0.5129159157255401
1629013257.076419830 7.548571478054628 -3.0508452708126548 0.0 0.0 0.0 0.8571771833805062 0.5150216270137226
1629013257.076419830 7.55199032027699 -3.0511761445049297 0.0 0.0 0.0 0.8576214288353213 0.5142815229059488
1629013257.276793480 7.541203401045261 -3.0514655314448667 0.0 0.0 0.0 0.8558768990061045 0.517179595254583
1629013257.276793480 7.542158164074469 -3.0511689686741845 0.0 0.0 0.0 0.8558768895458593 0.5171796109102765
1629013257.276793480 7.542787917937866 -3.051970718708659 0.0 0.0 0.0 0.8558768623855585 0.517179655857664
1629013257.276793480 7.5429477146910555 -3.0511228973598374 0.0 0.0 0.0 0.8558768754269162 0.5171796342756152
1629013257.276793480 7.543419622779083 -3.0506281290470256 0.0 0.0 0.0 0.855876874998971 0.5171796349838185
1629013257.276793480 7.5480501143161085 -3.051217016530193 0.0 0.0 0.0 0.8571771819732676 0.5150216293558628
1629013257.276793480 7.548631481176224 -3.051172412621851 0.0 0.0 0.0 0.8571771796277446 0.515021633259638
1629013258.078352928 7.465342780270468 -3.056590255018066 0.0 0.0 0.0 0.8349496072301656 0.5503264062228816
1629013258.078352928 7.465970955227656 -3.057253855279047 0.0 0.0 0.0 0.8349496377880646 0.5503263598607463
1629013258.078352928 7.466050496157478 -3.0577637867873313 0.0 0.0 0.0 0.8349496764808978 0.5503263011563632
1629013258.078352928 7.466125197691634 -3.0582496036677598 0.0 0.0 0.0 0.8349496939721349 0.5503262746188285
1629013258.078352928 7.466272241689275 -3.05673045907249 0.0 0.0 0.0 0.8349496120192965 0.5503263989568611
1629013258.078352928 7.466629360874326 -3.0575282755355264 0.0 0.0 0.0 0.8349496968062456 0.5503262703189431
1629013258.579374075 7.399122952792715 -3.001898863217052 0.0 0.0 0.0 0.8078925685289577 0.5893297868898901
1629013258.579374075 7.4667678996277935 -3.057935867823295 0.0 0.0 0.0 0.834949714662742 0.5503262432272386
1629013258.779723406 7.362095796736672 -2.9591669905773568 0.0 0.0 0.0 0.7963059523872384 0.6048940652648637
1629013258.779723406 7.466419437057024 -3.0589719655583503 0.0 0.0 0.0 0.8349496833405987 0.550326290748892
1629013258.779723406 7.466469922835558 -3.0589243212006383 0.0 0.0 0.0 0.8349497223373648 0.5503262315833741
1629013258.779723406 7.466669984073921 -3.0586977829192037 0.0 0.0 0.0 0.8349497044352934 0.5503262587442256
1629013258.980110645 7.356503245057594 -2.945349259064791 0.0 0.0 0.0 0.7847312136134943 0.6198362060905223
1629013258.980110645 7.4640010075965 -3.0591590755758906 0.0 0.0 0.0 0.8349497267685213 0.5503262248604655
1629013258.980110645 7.465312338763082 -3.0594837337638743 0.0 0.0 0.0 0.8349496908004512 0.5503262794308763
1629013258.980110645 7.465956677116643 -3.060198894828484 0.0 0.0 0.0 0.8349496825104392 0.5503262920084018
1629013258.980110645 7.466174411153228 -3.060578218525011 0.0 0.0 0.0 0.834949664345123 0.5503263195686414
1629013258.980110645 7.466228655590911 -3.05958140717029 0.0 0.0 0.0 0.834949678033201 0.550326298801224
1629013259.581286430 7.3473487046351655 -2.9409574671047425 0.0 0.0 0.0 0.7483488183251656 0.663305394302902
1629013259.581286430 7.464360724983951 -3.0589997831505147 0.0 0.0 0.0 0.8349497039798379 0.550326259435238
1629013260.082254410 7.351387332159791 -2.929076499133831 0.0 0.0 0.0 0.7092627825653064 0.7049441859237644
1629013260.182537079 7.361395045043344 -2.9251606570919195 0.0 0.0 0.0 0.7008852761329485 0.7132740214672343
1629013260.182537079 7.463330077959915 -3.0603814051111105 0.0 0.0 0.0 0.8349497442843217 0.5503261982856585
1629013260.182537079 7.46396726033467 -3.060340763218729 0.0 0.0 0.0 0.8349497241688167 0.5503262288047125
1629013260.382846355 7.368798573694178 -2.921974922782399 0.0 0.0 0.0 0.6836576672003654 0.7298028460331972
1629013260.382846355 7.369028053667075 -2.9230775642298132 0.0 0.0 0.0 0.6836576619724387 0.7298028509305639
1629013260.382846355 7.369526523607812 -2.922999693184915 0.0 0.0 0.0 0.6836576546179407 0.7298028578200393
1629013260.382846355 7.463293440102117 -3.0602772996293512 0.0 0.0 0.0 0.8349497429967542 0.5503262002391437
1629013260.683427811 7.369640112827181 -2.9225898502103784 0.0 0.0 0.0 0.6836576457733666 0.7298028661053737
1629013260.683427811 7.395480463863726 -2.9081029909705247 0.0 0.0 0.0 0.6560775970878082 0.754693438821014
1629013260.783623695 7.395013866987927 -2.90688355475354 0.0 0.0 0.0 0.6560776166402478 0.7546934218234925
1629013260.783623695 7.404094644793264 -2.896512152035948 0.0 0.0 0.0 0.6464383195867812 0.7629662502167567
1629013260.783623695 7.4044540864434145 -2.897730929533644 0.0 0.0 0.0 0.6464383453805032 0.7629662283625124
1629013260.783623695 7.40481297178543 -2.8996103881771376 0.0 0.0 0.0 0.6464383597654011 0.7629662161746206
1629013260.984056950 7.405572480614178 -2.898814866205053 0.0 0.0 0.0 0.6464383772321628 0.7629662013755576
1629013260.984056950 7.425909378534885 -2.837705067368259 0.0 0.0 0.0 0.626978882802873 0.7790362510944284
1629013261.184803009 7.426272889678145 -2.838614387058869 0.0 0.0 0.0 0.6269788656128034 0.779036264929228
1629013261.184803009 7.464153275721194 -2.7230859912613967 0.0 0.0 0.0 0.6059730770760757 0.7954851537640111
1629013261.385650158 7.463084009277291 -2.72289288412002 0.0 0.0 0.0 0.6059731050402763 0.7954851324618495
1629013261.385650158 7.46410110976937 -2.7235100125210154 0.0 0.0 0.0 0.6059730998350417 0.7954851364270175
1629013261.385650158 7.484742407980241 -2.6841967190415885 0.0 0.0 0.0 0.5849349369419501 0.8110802177002697
1629013261.485024929 7.483849827764153 -2.6849827854372776 0.0 0.0 0.0 0.5849349922298861 0.8110801778277059
1629013261.485024929 7.505071204051364 -2.671998870174692 0.0 0.0 0.0 0.5746652284061164 0.8183885845128499
1629013261.485024929 7.505611777740594 -2.6716265544935514 0.0 0.0 0.0 0.5746652502642442 0.8183885691642654
1629013261.485024929 7.506676974998768 -2.6722784224726306 0.0 0.0 0.0 0.5746651910535164 0.8183886107415141
1629013261.485024929 7.507139388278533 -2.672617302841534 0.0 0.0 0.0 0.5746651623971267 0.8183886308637749
1629013261.485024929 7.507291710592593 -2.6722467954393525 0.0 0.0 0.0 0.5746651877253736 0.8183886130785064
1629013262.086208582 7.505049375227091 -2.672211435588601 0.0 0.0 0.0 0.5746652230183336 0.8183885882961034
1629013262.086208582 7.6284395319279765 -2.3989333584109462 0.0 0.0 0.0 0.5056512171258429 0.8627379941900981
1629013262.186375856 7.504153867665339 -2.6716278904971977 0.0 0.0 0.0 0.574665223755336 0.8183885877785867
1629013262.186375856 7.628275053133243 -2.399359251084314 0.0 0.0 0.0 0.5056512438570006 0.8627379785229512
1629013262.186375856 7.653340644115022 -2.307298630876394 0.0 0.0 0.0 0.48874911394090004 0.8724243827530184
1629013262.286608219 7.654818295896679 -2.3071348308450403 0.0 0.0 0.0 0.4887491402739349 0.8724243680007394
1629013262.286608219 7.685732660785405 -2.241918830096094 0.0 0.0 0.0 0.47525644473899054 0.8798473229680561
1629013262.286608219 7.686069042889253 -2.2424311732512616 0.0 0.0 0.0 0.4752564625694302 0.8798473133368038
1629013262.286608219 7.686094723641766 -2.241458892402542 0.0 0.0 0.0 0.4752564713199563 0.879847308610138
1629013262.687365055 7.6871168279539965 -2.2417922140283264 0.0 0.0 0.0 0.47525649747550874 0.8798472944820094
1629013262.687365055 7.687286618782191 -2.241899371529868 0.0 0.0 0.0 0.4752565126633681 0.8798472862781664
1629013262.687365055 7.834448127177031 -2.024652738979048 0.0 0.0 0.0 0.4198767539985957 0.9075811321593253
1629013262.787581205 7.833639049753153 -2.023901660164598 0.0 0.0 0.0 0.41987676778250743 0.9075811257824362
1629013262.787581205 7.863536699543093 -1.9315495003453382 0.0 0.0 0.0 0.40458026900254096 0.9145024909391071
1629013262.887779713 7.833681543461685 -2.0239292037518 0.0 0.0 0.0 0.4198767590597774 0.9075811298178569
1629013262.887779713 7.903867361552596 -1.8673671177056075 0.0 0.0 0.0 0.38966145031081517 0.9209581717655108
1629013263.088128090 7.864137752459027 -1.9325857183127908 0.0 0.0 0.0 0.4045802704433693 0.9145024903016777
1629013263.088128090 7.902843234308346 -1.8674730709788598 0.0 0.0 0.0 0.3896614541415837 0.9209581701446958
1629013263.088128090 7.99273157192986 -1.7694516577533799 0.0 0.0 0.0 0.35984628470917973 0.9330116030259216
1629013263.088128090 7.993478833817295 -1.7690894869829654 0.0 0.0 0.0 0.3598462947019012 0.9330115991719033
1629013263.388790369 7.993558061945602 -1.7682186053333457 0.0 0.0 0.0 0.35984633334531974 0.9330115842678102
1629013263.388790369 7.994020011946814 -1.7687076694730148 0.0 0.0 0.0 0.3598462835698905 0.9330116034653256
1629013263.388790369 8.162811447218228 -1.6557456728219409 0.0 0.0 0.0 0.33543337626468456 0.9420639309981433
1629013263.589112759 8.162075113302116 -1.6554463787004243 0.0 0.0 0.0 0.33543336072898094 0.9420639365298203
1629013263.589112759 8.271626871883365 -1.5712679584838334 0.0 0.0 0.0 0.3403374016557565 0.9403033835067319
1629013263.689300060 8.162309034163897 -1.6559218404000942 0.0 0.0 0.0 0.3354333490779315 0.9420639406783186
1629013263.689300060 8.27162524689813 -1.5705198887947687 0.0 0.0 0.0 0.3403373852021232 0.9403033894620297
1629013263.689300060 8.322518315471363 -1.5374525588131789 0.0 0.0 0.0 0.3497381228676039 0.9368475038196157
1629013263.689300060 8.3231267636764 -1.537402945281222 0.0 0.0 0.0 0.34973815287252014 0.9368474926183651
1629013263.689300060 8.323325530893701 -1.5363030652810357 0.0 0.0 0.0 0.3497381648311093 0.9368474881540579
1629013263.689300060 8.324080304005186 -1.5369911947106167 0.0 0.0 0.0 0.34973815349082193 0.9368474923875445
1629013264.691281557 8.32281543635765 -1.5372553378897684 0.0 0.0 0.0 0.34973810934960187 0.9368475088660726
1629013264.691281557 8.32346458403089 -1.5365137001304578 0.0 0.0 0.0 0.34973814152152977 0.9368474968558471
1629013264.691281557 8.355460430252212 -1.4974522098996421 0.0 0.0 0.0 0.38503145689043977 0.9229034495573334
1629013264.691281557 8.356801229027523 -1.4983480022429512 0.0 0.0 0.0 0.3850315182455159 0.92290342396025
1629013264.691281557 8.356994182179697 -1.4992495552209462 0.0 0.0 0.0 0.3850315574769276 0.9229034075930652
1629013264.691281557 8.357075964762679 -1.4996395878073132 0.0 0.0 0.0 0.3850315454694837 0.922903412602522
1629013264.691281557 8.35712826081529 -1.499194077368994 0.0 0.0 0.0 0.3850315134640661 0.9229034259550513
1629013265.292447567 8.35547517648479 -1.5000072696333344 0.0 0.0 0.0 0.3850314230158489 0.9229034636896702
1629013265.292447567 8.355894035863818 -1.4995261868484133 0.0 0.0 0.0 0.38503146437286007 0.9229034464356989
1629013265.292447567 8.355983969763075 -1.5000110379824039 0.0 0.0 0.0 0.38503139718828977 0.9229034744648182
1629013265.292447567 8.356437588784187 -1.4991626560177704 0.0 0.0 0.0 0.38503138845467505 0.9229034781084451
1629013265.292447567 8.35663298853859 -1.4997234029163902 0.0 0.0 0.0 0.38503140830578175 0.922903469826648
1629013265.292447567 8.356855104967396 -1.5003994120473767 0.0 0.0 0.0 0.3850314128266117 0.9229034679405769
1629013265.292447567 8.46575000428726 -1.3821593721400953 0.0 0.0 0.0 0.46240547287581424 0.886668584452215
1629013265.893932343 8.356536904089964 -1.4988940109228233 0.0 0.0 0.0 0.3850313432190498 0.9229034969805534
1629013265.893932343 8.356569410991176 -1.4987232967662212 0.0 0.0 0.0 0.38503138654449015 0.9229034789053661
1629013265.893932343 8.357297859948371 -1.4993683782315992 0.0 0.0 0.0 0.38503136481203293 0.922903487972054
1629013265.893932343 8.357738530744001 -1.498521762308175 0.0 0.0 0.0 0.3850313520366705 0.9229034933018802
1629013265.893932343 8.615367273031026 -1.2105103815067666 0.0 0.0 0.0 0.5795619994287895 0.8149281494819675
1629013265.893932343 8.615757330745234 -1.2094561591075363 0.0 0.0 0.0 0.5795620704430111 0.8149280989779467
1629013265.893932343 8.616139839800269 -1.209507424208985 0.0 0.0 0.0 0.5795621101200369 0.8149280707603649
1629013266.795362473 8.614645676941604 -1.210511906732236 0.0 0.0 0.0 0.5795620034473213 0.814928146624061
1629013266.795362473 8.614756760499231 -1.2101182013848892 0.0 0.0 0.0 0.5795619919669951 0.8149281547886591
1629013266.795362473 8.680161254917556 -0.9002675120911989 0.0 0.0 0.0 0.7373433335946735 0.6755181777002703
1629013266.795362473 8.68023859366357 -0.900636929644108 0.0 0.0 0.0 0.7373433203076539 0.6755181922033517
1629013266.996018648 8.68021351877002 -0.9012967351323596 0.0 0.0 0.0 0.7373433027834436 0.6755182113314214
1629013266.996018648 8.68049474697922 -0.9010497008091404 0.0 0.0 0.0 0.7373433308106985 0.6755181807390419
1629013266.996018648 8.714459103702266 -0.5801720224615795 0.0 0.0 0.0 0.8284541404978606 0.5600569052265592
1629013267.296465397 8.638983032261415 -0.3745673871334297 0.0 0.0 0.0 0.8722807296300606 0.48900544855456257
1629013267.296465397 8.714485274282021 -0.5797125578000096 0.0 0.0 0.0 0.828454133253464 0.5600569159427029
1629013267.396602631 8.606145241275756 -0.2991786364226989 0.0 0.0 0.0 0.8835283594127072 0.46837766611303105
1629013267.396602631 8.606436037196083 -0.2980277413120005 0.0 0.0 0.0 0.8835283548298163 0.46837767475800796
1629013267.396602631 8.639840109725096 -0.3739476183700108 0.0 0.0 0.0 0.8722807055306196 0.48900549154278866
1629013267.396602631 8.71447251015533 -0.5794501914767554 0.0 0.0 0.0 0.828454129541094 0.5600569214341595
1629013267.596940279 8.535038619008311 -0.1990736763566471 0.0 0.0 0.0 0.9048501058440374 0.42573029720004
1629013267.596940279 8.53529739174935 -0.20001267198927827 0.0 0.0 0.0 0.9048501016469788 0.42573030612049717
1629013267.596940279 8.535677362657122 -0.19914974612895506 0.0 0.0 0.0 0.9048501047826321 0.42573029945595814
1629013267.596940279 8.535766358533808 -0.2000478330890469 0.0 0.0 0.0 0.904850087415102 0.4257303363690239
1629013267.596940279 8.536388640400972 -0.19913860533209207 0.0 0.0 0.0 0.9048500966633231 0.42573031671279293
1629013267.596940279 8.606257984739287 -0.29954371450880046 0.0 0.0 0.0 0.8835283377167144 0.4683777070394571
1629013267.596940279 8.60689679474068 -0.2996921977162678 0.0 0.0 0.0 0.8835283575600041 0.4683776696078939
1629013268.498708248 8.319344331777554 -0.08384362110018277 0.0 0.0 0.0 0.9400998187187647 0.3408992972197885
1629013268.498708248 8.31959975752397 -0.08401141385351024 0.0 0.0 0.0 0.9400998343206598 0.3408992541943557
1629013268.498708248 8.319645218397287 -0.08487749704360585 0.0 0.0 0.0 0.940099822548184 0.3408992866593781
1629013268.498708248 8.320530288784104 -0.08432616060933923 0.0 0.0 0.0 0.9400998293582303 0.3408992678792758
1629013268.498708248 8.320594550074317 -0.08502279236304419 0.0 0.0 0.0 0.9400998351310066 0.34089925195965765
1629013268.498708248 8.53515647979822 -0.201098386010243 0.0 0.0 0.0 0.9048500684719246 0.4257303766309768
1629013268.498708248 8.536081147403333 -0.2006903471501825 0.0 0.0 0.0 0.9048500712833065 0.4257303706556475
1629013269.099856377 8.10244433529606 0.06260186226977132 0.0 0.0 0.0 0.9765327130463174 0.21536912580590253
1629013269.099856377 8.319381793733719 -0.08540774787492224 0.0 0.0 0.0 0.9400998295923811 0.34089926723355685
1629013269.099856377 8.319653853314295 -0.08512463949902956 0.0 0.0 0.0 0.9400998443574587 0.3408992265158164
1629013269.200072765 7.902545374743337 0.14208115852982195 0.0 0.0 0.0 0.9927275324565126 0.12038291532773131
1629013269.200072765 8.319723103911787 -0.08544461187284107 0.0 0.0 0.0 0.9400998341509864 0.34089925466226517
1629013269.400448322 7.770359143856621 0.16936390218604033 0.0 0.0 0.0 0.9974616313406733 0.07120599696094973
1629013269.400448322 8.320644015167073 -0.08547414952593649 0.0 0.0 0.0 0.9400998258799902 0.34089927747123794
1629013269.500660896 7.692968164867641 0.1842751808001693 0.0 0.0 0.0 0.9989213275639209 0.046434699718355496
1629013269.500660896 8.319603912460975 -0.0856553830398804 0.0 0.0 0.0 0.9400998276161551 0.3408992726834066
1629013269.600833416 7.6187127349093915 0.19595595833394155 0.0 0.0 0.0 0.9997932027552872 0.02033597119208209
1629013269.600833416 8.319168693971475 -0.0856579895296306 0.0 0.0 0.0 0.940099849084696 0.34089921347948543
1629013269.702066660 7.541755913046352 0.20920032252636886 0.0 0.0 0.0 -0.9999748442545779 0.007093014735119056
1629013269.702066660 8.31912693292874 -0.08392576087217711 0.0 0.0 0.0 0.940099838336331 0.340899243120316
1629013269.801248312 7.485625869824476 0.21595849519161858 0.0 0.0 0.0 -0.999467369546589 0.03263398859505497
1629013269.801248312 8.320155588281409 -0.08470243643090951 0.0 0.0 0.0 0.9400998337286136 0.3408992558270451
1629013269.901425600 7.412276630445232 0.22112348965199372 0.0 0.0 0.0 -0.9983545231465684 0.05734323074947943
1629013269.901425600 8.319250165393838 -0.0855489917736633 0.0 0.0 0.0 0.940099841303817 0.34089923493686247
1629013269.901425600 8.320265720854032 -0.08459322440808437 0.0 0.0 0.0 0.940099821136196 0.3408992905532255
1629013270.202024698 7.195591739914822 0.2451352628902562 0.0 0.0 0.0 -0.9963640543647937 0.08519783547573538
1629013270.302225113 7.104831730506416 0.252056555069269 0.0 0.0 0.0 -0.9968195088564765 0.07969232562256547
1629013270.403551102 7.021659782159939 0.2579577416882348 0.0 0.0 0.0 -0.9976772156254116 0.06811881841258066
1629013274.009464025 8.31914646566975 -0.0856095003804624 0.0 0.0 0.0 0.9400998569556325 0.34089919177375494
1629013275.311985254 8.318582124784516 -0.08353655322538217 0.0 0.0 0.0 0.9400998517251575 0.34089920619786857
1629013275.311985254 8.319029674161346 -0.08475668496773495 0.0 0.0 0.0 0.940099854688878 0.34089919802479807
1629013275.311985254 8.319503063648515 -0.08602737873448202 0.0 0.0 0.0 0.9400998633119698 0.3408991742448426
1629013275.311985254 8.319672371223731 -0.08364060166127892 0.0 0.0 0.0 0.9400998659709126 0.3408991669122591
1629013275.812977314 8.319737554984222 -0.0836086069817819 0.0 0.0 0.0 0.9400998624068719 0.3408991767408372
1629013275.812977314 8.320891994591308 -0.08297690336856887 0.0 0.0 0.0 0.9400998807136329 0.34089912625615987
1629013275.913190365 8.320021534966532 -0.08142384772058486 0.0 0.0 0.0 0.940099871935162 0.34089915046460895
1629013276.013378859 8.319413461051251 -0.08119461047940366 0.0 0.0 0.0 0.9400998587415145 0.34089918684881676
1629013276.013378859 8.319416973082205 -0.08062973395003652 0.0 0.0 0.0 0.9400998515674184 0.34089920663286666
1629013284.129204512 4.274934275359519 -2.6094006120951416 0.0 0.0 0.0 0.33524258234413645 0.9421318437369766
1629013284.129204512 4.275269249645157 -2.6103847119371606 0.0 0.0 0.0 0.3352425081058307 0.9421318701534898
1629013284.129204512 4.275729331152909 -2.6106727713177893 0.0 0.0 0.0 0.33524251727433724 0.9421318668910238
1629013284.129204512 4.276310479200593 -2.6105175580886333 0.0 0.0 0.0 0.3352425321677535 0.9421318615914402
1629013284.129204512 4.2766113458390675 -2.610388958806014 0.0 0.0 0.0 0.33524255999926866 0.9421318516880409
1629013285.031048775 4.171923805836209 -2.587747049415441 0.0 0.0 0.0 0.355777104877339 0.934570838216718
1629013285.031048775 4.2758314399812045 -2.607887332446486 0.0 0.0 0.0 0.33524263550813077 0.9421318248194159
1629013285.131157875 4.139177289192157 -2.5942313598964404 0.0 0.0 0.0 0.37750607937702085 0.926007105822299
1629013285.131157875 4.172390408646178 -2.5867508863805826 0.0 0.0 0.0 0.3557770672121113 0.9345708525553046
1629013285.131157875 4.276512482297449 -2.6077191353490625 0.0 0.0 0.0 0.3352426549543337 0.9421318178997935
1629013285.331543922 4.096692814833922 -2.5990395804040816 0.0 0.0 0.0 0.41942217039588653 0.9077912992425098
1629013285.331543922 4.0973833342542765 -2.5988058158263154 0.0 0.0 0.0 0.4194221786057068 0.9077912954493684
1629013285.331543922 4.139590769486653 -2.5954130266411823 0.0 0.0 0.0 0.37750611240850845 0.9260070923563245
1629013285.331543922 4.172345622534648 -2.586749312671082 0.0 0.0 0.0 0.35577706722285823 0.9345708525512134
1629013285.632148743 4.0545791692303075 -2.642458937891345 0.0 0.0 0.0 0.4834080606159863 0.8753951375987251
1629013285.632148743 4.097012697981656 -2.59822741566228 0.0 0.0 0.0 0.41942219852985335 0.9077912862439165
1629013285.732345343 4.030043803289399 -2.67424459896081 0.0 0.0 0.0 0.5055407518305403 0.8628027284603428
1629013285.732345343 4.095572000282122 -2.598708980856371 0.0 0.0 0.0 0.4194222114010039 0.907791280297124
1629013285.732345343 4.097242557837213 -2.597831451207916 0.0 0.0 0.0 0.41942220694430177 0.9077912823562315
1629013285.932733774 3.9976656775337482 -2.75489649610478 0.0 0.0 0.0 0.5481738830090723 0.8363643906735604
1629013285.932733774 3.997790351774812 -2.755653295205262 0.0 0.0 0.0 0.548173898970493 0.8363643802120507
1629013285.932733774 4.030714523908646 -2.674903211777361 0.0 0.0 0.0 0.5055407394926286 0.8628027356894774
1629013285.932733774 4.055478131356703 -2.6424792282099774 0.0 0.0 0.0 0.48340806273810777 0.8753951364268536
1629013286.233335018 3.935720360738505 -2.95208724845195 0.0 0.0 0.0 0.6098871434452019 0.7924882789418729
1629013286.233335018 3.9358357408834155 -2.9521931848175944 0.0 0.0 0.0 0.6098871791182523 0.7924882514884247
1629013286.233335018 3.936098033415347 -2.9516855706731895 0.0 0.0 0.0 0.6098871437701359 0.7924882786918085
1629013286.233335018 3.9361301155723196 -2.9519421961215517 0.0 0.0 0.0 0.6098871741265462 0.7924882553299675
1629013286.233335018 3.936668254889665 -2.9524933845550656 0.0 0.0 0.0 0.6098871726196544 0.7924882564896492
1629013286.233335018 3.9979819403108015 -2.7558840756100493 0.0 0.0 0.0 0.5481739350548397 0.8363643565614765
1629013286.233335018 3.998016408102935 -2.7563146316059335 0.0 0.0 0.0 0.548173966455733 0.8363643359805516
1629013287.335497141 3.7926883523090122 -3.252101964973557 0.0 0.0 0.0 0.7130536564427407 0.7011094657994841
1629013287.335497141 3.933677356695068 -2.952353322204514 0.0 0.0 0.0 0.6098871140965176 0.7924883015281811
1629013287.335497141 3.9340477912398764 -2.951828409543234 0.0 0.0 0.0 0.6098871074148209 0.7924883066703147
1629013287.335497141 3.934457474863293 -2.952507928727757 0.0 0.0 0.0 0.6098871107873024 0.7924883040749034
1629013287.335497141 3.934937975398306 -2.9513240030130534 0.0 0.0 0.0 0.6098871059143787 0.7924883078250324
1629013287.335497141 3.935073215024561 -2.951610936910706 0.0 0.0 0.0 0.609887095981619 0.7924883154691351
1629013287.335497141 3.935130438641775 -2.952253289659028 0.0 0.0 0.0 0.6098871152041928 0.792488300675731
1629013288.238262653 3.6883870625834505 -3.6637799029458322 0.0 0.0 0.0 0.7813028868253019 0.6241520640344382
1629013288.238262653 3.9334892191108435 -2.9505958895950113 0.0 0.0 0.0 0.6098871029275112 0.7924883101236808
1629013288.238262653 3.933818647450897 -2.9510335555675415 0.0 0.0 0.0 0.6098871035428488 0.7924883096501263
1629013288.238262653 3.933842762092441 -2.951325278264025 0.0 0.0 0.0 0.6098871292041068 0.7924882899016067
1629013288.238262653 3.934526511273786 -2.950901208736394 0.0 0.0 0.0 0.6098871231373298 0.7924882945705075
1629013289.139037371 3.686691356766518 -3.96662279868609 0.0 0.0 0.0 0.7909773956676494 0.6118453722492497
1629013289.239264727 3.6752495058943846 -3.9562025252163515 0.0 0.0 0.0 0.7864648612615421 0.6176350232952009
1629013289.339389801 3.6643090725917227 -3.946220463529309 0.0 0.0 0.0 0.7810528342113262 0.6244649471110886
1629013289.539778709 3.638707170906203 -3.8743397928541827 0.0 0.0 0.0 0.7635820611886465 0.6457107989114772
1629013289.740151167 3.6145430827211857 -3.7835047868029505 0.0 0.0 0.0 0.7415079478919266 0.6709440835219458
1629013289.940553188 3.5913165067898603 -3.67922072047811 0.0 0.0 0.0 0.715569774302708 0.698541264424924
1629013290.241132259 3.5720443966746362 -3.4963534373063747 0.0 0.0 0.0 0.6708083173997221 0.7416307715483181
1629013290.642004013 3.599294089015506 -3.238207590875105 0.0 0.0 0.0 0.6051524620171044 0.7961096015716913
1629013290.942499161 3.655097351678094 -3.0321119449322245 0.0 0.0 0.0 0.5519340853307713 0.833887741515658
1629013291.042703152 3.9333047846164435 -2.9496065500832507 0.0 0.0 0.0 0.6098870888362592 0.7924883209680966
1629013291.944457531 3.9321075462873534 -2.948583615193306 0.0 0.0 0.0 0.6098870849077476 0.79248832399142
1629013292.144999266 3.9323492621728184 -2.948232353873016 0.0 0.0 0.0 0.6098870941176593 0.7924883169036105
1629013292.144999266 3.9329910251907205 -2.9482220840696427 0.0 0.0 0.0 0.6098871048041756 0.7924883086794281
1629013292.345243454 3.932803317456956 -2.947113226627659 0.0 0.0 0.0 0.6098870929519192 0.7924883178007465
1629013292.445479393 3.6560192384365804 -3.0320661735818786 0.0 0.0 0.0 0.5519341244072006 0.8338877156517278
1629013292.445479393 3.9303972003475685 -2.946013427437143 0.0 0.0 0.0 0.6098870879837377 0.7924883216241844
1629013292.445479393 3.9307179470885054 -2.946556579370203 0.0 0.0 0.0 0.6098870852284514 0.7924883237446112
1629013292.445479393 3.930998012313583 -2.9454641556662673 0.0 0.0 0.0 0.6098870754604303 0.7924883312619331
1629013292.445479393 3.9312287190596495 -2.9475480007089043 0.0 0.0 0.0 0.6098870986119256 0.7924883134448907
1629013293.047432423 3.656628153281495 -3.0316437094730087 0.0 0.0 0.0 0.5519341494848159 0.8338876990533395
1629013293.047432423 4.2785798072253804 -2.3522033629397225 0.0 0.0 0.0 0.43531394970110865 0.9002787152852281
1629013293.247035027 3.6555418072650983 -3.031447377972139 0.0 0.0 0.0 0.5519341565343457 0.8338876943873919
1629013293.247035027 4.276899030250016 -2.352212396843813 0.0 0.0 0.0 0.43531393397651663 0.9002787228885779
1629013293.247035027 4.278384051558311 -2.3512565766613327 0.0 0.0 0.0 0.4353139692845973 0.900278705815976
1629013293.247035027 4.359190395033446 -2.2499251559247417 0.0 0.0 0.0 0.4755596326110314 0.8796834861646892
1629013293.247035027 4.359782292200232 -2.2497141416235116 0.0 0.0 0.0 0.4755596438854477 0.8796834800697044
1629013293.247035027 4.360845133382249 -2.2498078035048197 0.0 0.0 0.0 0.4755596194147838 0.8796834932986216
1629013293.247035027 4.361465456933879 -2.251065476146009 0.0 0.0 0.0 0.47555959479054366 0.8796835066105616
1629013293.848223686 4.358649903664186 -2.2507649231049798 0.0 0.0 0.0 0.4755596474198403 0.8796834781590007
1629013293.848223686 4.3594617316453945 -2.250013806753746 0.0 0.0 0.0 0.47555966287843154 0.8796834698020377
1629013293.848223686 4.4825397174238395 -2.1061913432825587 0.0 0.0 0.0 0.5737444972986544 0.8190343410501871
1629013293.848223686 4.482600939755446 -2.106392705421781 0.0 0.0 0.0 0.5737444778461158 0.81903435467695
1629013293.848223686 4.483088237753218 -2.1058051074529915 0.0 0.0 0.0 0.5737444761548708 0.8190343558616897
1629013294.248976707 4.4809346050425605 -2.1064916691829874 0.0 0.0 0.0 0.5737444708326639 0.8190343595899664
1629013294.248976707 4.481188958975265 -2.1072015264517914 0.0 0.0 0.0 0.5737444546409355 0.8190343709324874
1629013294.248976707 4.529108391399263 -1.9773632772906795 0.0 0.0 0.0 0.6112989572738041 0.7913997629744147
1629013294.248976707 4.529509276630668 -1.977213163481121 0.0 0.0 0.0 0.6112989217164366 0.7913997904399026
1629013294.449362993 4.528976208653706 -1.977261586536971 0.0 0.0 0.0 0.6112989625030107 0.7913997589352315
1629013294.449362993 4.54342288264541 -1.9346313724135213 0.0 0.0 0.0 0.619172501690095 0.7852549988066484
1629013294.549557686 4.537720751275196 -1.933211976594262 0.0 0.0 0.0 0.6221778814896876 0.7828759057379427
1629013294.549557686 4.538562339221627 -1.9315230858843306 0.0 0.0 0.0 0.6221779097989871 0.782875883239587
1629013294.549557686 4.539134817363864 -1.9311934889718683 0.0 0.0 0.0 0.6221778977694914 0.7828758927998335
1629013294.549557686 4.539698091257763 -1.9316337533171306 0.0 0.0 0.0 0.6221778931692662 0.7828758964557877
1629013294.549557686 4.5398913427635925 -1.931327396395832 0.0 0.0 0.0 0.6221778881438582 0.7828759004496489
1629013294.549557686 4.541817730006497 -1.936354925784867 0.0 0.0 0.0 0.6191724811485191 0.7852550150036527
1629013295.150742054 4.538032254324859 -1.93369170645035 0.0 0.0 0.0 0.6221778666250511 0.7828759175513704
1629013295.150742054 4.5417362919545035 -1.9235955565708733 0.0 0.0 0.0 0.6319273190519556 0.7750276533361941
1629013295.250942469 4.538194593082658 -1.9338868831137916 0.0 0.0 0.0 0.6221778834511421 0.7828759041791088
1629013295.250942469 4.542182899398708 -1.9237037015802716 0.0 0.0 0.0 0.6330380542736378 0.7741206765365765
1629013295.351131916 4.5416377899548745 -1.9242796315615458 0.0 0.0 0.0 0.6319272922476482 0.7750276751913802
1629013295.351131916 4.542770550019694 -1.9231464478900688 0.0 0.0 0.0 0.6330380156772235 0.774120708098836
1629013295.351131916 4.543078984355803 -1.9235391387938783 0.0 0.0 0.0 0.6340103901513695 0.7733245277243624
1629013295.351131916 4.543665673420204 -1.9237065590160636 0.0 0.0 0.0 0.6340103844204511 0.7733245324228579
1629013295.651784420 4.541209163739168 -1.9238809076980217 0.0 0.0 0.0 0.6361020041693356 0.7716049768448585
1629013295.651784420 4.541580776758432 -1.9218997808063554 0.0 0.0 0.0 0.6361020205398675 0.7716049633491855
1629013295.651784420 4.541783130708381 -1.924512963083641 0.0 0.0 0.0 0.6361019803195409 0.7716049965063462
1629013295.651784420 4.542157017233472 -1.9217122123853096 0.0 0.0 0.0 0.6361020227676332 0.7716049615126418
1629013295.651784420 4.543688226505752 -1.925255298892857 0.0 0.0 0.0 0.634010405593707 0.7733245150639563
1629013295.651784420 4.544138388344082 -1.924693306832315 0.0 0.0 0.0 0.6340103873333545 0.773324530034713
1629013296.152692318 4.540167997161456 -1.9219649063729136 0.0 0.0 0.0 0.6388116475450517 0.7693631645463517
1629013296.152692318 4.5429800667367735 -1.921516882417981 0.0 0.0 0.0 0.6361020189097725 0.7716049646930166
1629013296.252875090 4.5401294688084874 -1.9216754169044767 0.0 0.0 0.0 0.6388116648223505 0.7693631502007988
1629013296.252875090 4.543598754401024 -1.9228275849714511 0.0 0.0 0.0 0.6361019935078708 0.7716049856340437
1629013296.252875090 4.544297235478231 -1.9229100552020493 0.0 0.0 0.0 0.6401255656570979 0.7682703041197028
1629013296.453254938 4.542852383649198 -1.9233799469751072 0.0 0.0 0.0 0.6422076582455705 0.7665307062934534
1629013296.453254938 4.543223109570688 -1.9231742940989949 0.0 0.0 0.0 0.6422076730126668 0.7665306939214214
1629013296.453254938 4.5437621940264075 -1.9233360974112619 0.0 0.0 0.0 0.6401255853472732 0.7682702877137778
1629013296.453254938 4.544384093994191 -1.923624861999765 0.0 0.0 0.0 0.6401255997159084 0.7682702757417786
1629013296.753854752 4.540035948879615 -1.9224630845359643 0.0 0.0 0.0 0.6455204244862107 0.7637430075432065
1629013296.753854752 4.540056145627594 -1.9232844996477634 0.0 0.0 0.0 0.6455204081597891 0.7637430213424011
1629013296.753854752 4.540678655331115 -1.923524360791476 0.0 0.0 0.0 0.6455204376291122 0.7637429964347427
1629013296.753854752 4.544079401135291 -1.9237078955233606 0.0 0.0 0.0 0.6422076851156199 0.7665306837814366
1629013297.054462671 4.538779914420021 -1.925205351149301 0.0 0.0 0.0 0.6489012810781898 0.760872609189662
1629013297.054462671 4.541568852836014 -1.9244675267203462 0.0 0.0 0.0 0.6455204432507864 0.763742991683268
1629013297.154661655 4.53503719558422 -1.9255680809494267 0.0 0.0 0.0 0.6504541366486575 0.75954553261582
1629013297.154661655 4.541048472456844 -1.9252543945629648 0.0 0.0 0.0 0.6455204353694932 0.763742998344587
1629013297.254834890 4.532717731127927 -1.9268104032675815 0.0 0.0 0.0 0.6520316912791183 0.7581917129378904
1629013297.254834890 4.533599585518217 -1.9262299266475478 0.0 0.0 0.0 0.6520316813572907 0.7581917214704896
1629013297.254834890 4.535421084164515 -1.9250704529654776 0.0 0.0 0.0 0.6504541240423912 0.7595455434114834
1629013297.254834890 4.537180583632092 -1.9250503023153067 0.0 0.0 0.0 0.6489013085445963 0.7608725857652585
1629013297.555447102 4.525266344534281 -1.9255233797533409 0.0 0.0 0.0 0.6553444788220711 0.7553301358197142
1629013297.555447102 4.53199036588446 -1.9265585484629284 0.0 0.0 0.0 0.6520316913888451 0.7581917128435274
1629013297.555447102 4.532215539457134 -1.9276481637446308 0.0 0.0 0.0 0.6520317054531453 0.7581917007484735
1629013297.755830765 4.519837760064523 -1.9225420602376884 0.0 0.0 0.0 0.6575621891648203 0.7534002703614918
1629013297.755830765 4.524085803594385 -1.9249560018530631 0.0 0.0 0.0 0.6553444879162282 0.755330127929382
1629013297.856037855 4.520342199583527 -1.922105679339216 0.0 0.0 0.0 0.6575622025020456 0.75340025872086
1629013297.856037855 4.522248734613758 -1.92102669054256 0.0 0.0 0.0 0.6591377310826192 0.7520222413354919
1629013297.956216335 4.519193911818496 -1.9209249952897016 0.0 0.0 0.0 0.660752495061389 0.7506038504232103
1629013297.956216335 4.521648006854023 -1.9215717247769701 0.0 0.0 0.0 0.6591377293193961 0.752022242880934
1629013298.056957483 4.517654738382841 -1.9205464883708385 0.0 0.0 0.0 0.6622000511887026 0.7493270929345073
1629013298.056957483 4.519806135528322 -1.9200437742418877 0.0 0.0 0.0 0.6607524913863405 0.7506038536583355
1629013298.156583786 4.517540719148157 -1.9207341592593408 0.0 0.0 0.0 0.6622000954558028 0.7493270538145047
1629013298.156583786 4.518675781413683 -1.920150275629036 0.0 0.0 0.0 0.6633778038702148 0.748284631228205
1629013298.156583786 4.519982020601637 -1.9195289101320654 0.0 0.0 0.0 0.6607524957995599 0.7506038497734026
1629013298.356981039 4.517782736888353 -1.921481851607266 0.0 0.0 0.0 0.6656381376097763 0.7462746610728442
1629013298.356981039 4.518153051181663 -1.921973846520169 0.0 0.0 0.0 0.6633777802204233 0.7482846521944866
1629013298.356981039 4.518844961889626 -1.9205066107245325 0.0 0.0 0.0 0.6633778075694415 0.7482846279487245
1629013298.557417154 4.513894254965071 -1.9199595898775927 0.0 0.0 0.0 0.6676190772223646 0.7445030340628294
1629013298.557417154 4.514331875596314 -1.9195924690060135 0.0 0.0 0.0 0.6676190694761663 0.7445030410090867
1629013298.557417154 4.514657815534048 -1.919997040257913 0.0 0.0 0.0 0.6676190542225067 0.7445030546875182
1629013298.557417154 4.516562726837825 -1.921484553162327 0.0 0.0 0.0 0.6656380863976127 0.7462747067514243
1629013298.557417154 4.516964469821194 -1.921317849788043 0.0 0.0 0.0 0.6656381189916644 0.7462746776792302
1629013298.958150387 4.509769562051445 -1.9191506578518116 0.0 0.0 0.0 0.6706277580401772 0.741794048335524
1629013298.958150387 4.515065588245644 -1.9200600652932462 0.0 0.0 0.0 0.6676190434933212 0.7445030643087125
1629013298.958150387 4.5157808207320285 -1.9203895340811963 0.0 0.0 0.0 0.6676190122081751 0.7445030923630744
1629013299.158659935 4.507926839983673 -1.9181021849919486 0.0 0.0 0.0 0.6724592572844103 0.740134141417959
1629013299.158659935 4.508449715464708 -1.9182881940622176 0.0 0.0 0.0 0.670627790693184 0.7417940188151823
1629013299.158659935 4.508595718592427 -1.9177935318027408 0.0 0.0 0.0 0.6706277709846731 0.7417940366328978
1629013299.358932257 4.506643982644301 -1.918122468807539 0.0 0.0 0.0 0.6744729851081183 0.7382995275356365
1629013299.358932257 4.506905605217389 -1.917481637905951 0.0 0.0 0.0 0.6744729995853505 0.7382995143099715
1629013299.358932257 4.507911609902661 -1.918948910911017 0.0 0.0 0.0 0.6724592371345772 0.740134159725372
1629013299.358932257 4.50831915463719 -1.9188064228651354 0.0 0.0 0.0 0.6724592600673334 0.7401341388894951
1629013299.759720087 4.500046309916157 -1.9167646716492497 0.0 0.0 0.0 0.6782278864595439 0.7348516408286914
1629013299.759720087 4.501409620396118 -1.9172791225400738 0.0 0.0 0.0 0.6782279036418514 0.7348516249703607
1629013299.759720087 4.504734795853871 -1.9179999676598758 0.0 0.0 0.0 0.6744730124164663 0.7382995025881145
1629013299.759720087 4.505013612488585 -1.9182045211610204 0.0 0.0 0.0 0.6744729733562996 0.7382995382715014
1629013300.060306549 4.495425406299168 -1.9152654165949305 0.0 0.0 0.0 0.6809587583569272 0.7323217663138193
1629013300.060306549 4.500196131723853 -1.9173888093093225 0.0 0.0 0.0 0.6782278954347617 0.7348516325450559
1629013300.160758972 4.493827834074585 -1.9157600710525322 0.0 0.0 0.0 0.6823308311542258 0.7310435259657139
1629013300.160758972 4.495446157322849 -1.9160916837519317 0.0 0.0 0.0 0.6809586988686697 0.7323218216297316
1629013300.160758972 4.499885430412487 -1.9165147714614965 0.0 0.0 0.0 0.6782278989921657 0.7348516292617664
1629013300.361333370 4.494424659102657 -1.915264214722047 0.0 0.0 0.0 0.6823308099140306 0.7310435457905794
1629013300.361333370 4.4952509386511466 -1.9145062798880264 0.0 0.0 0.0 0.6840639439777094 0.729422045560498
1629013300.461078167 4.494812316786705 -1.914700887586242 0.0 0.0 0.0 0.6844199550938167 0.7290880091383879
1629013300.461078167 4.494900453145844 -1.9153179730783585 0.0 0.0 0.0 0.6844199661705362 0.7290879987402906
1629013300.461078167 4.495072599189385 -1.9142204393461462 0.0 0.0 0.0 0.6844199525189435 0.7290880115555097
1629013300.461078167 4.4953794018933735 -1.9150017459231097 0.0 0.0 0.0 0.6823308553950126 0.7310435033401982
1629013300.461078167 4.495483681632365 -1.9144566525499909 0.0 0.0 0.0 0.6840639091321984 0.7294220782391876
1629013300.461078167 4.495518049941966 -1.9150046088308814 0.0 0.0 0.0 0.6844199638529951 0.7290880009158461
1629013300.962058544 4.495763793544192 -1.9155039902158992 0.0 0.0 0.0 0.6844199544819722 0.7290880097127473
1629013300.962058544 4.496172781663406 -1.9165316032001987 0.0 0.0 0.0 0.6844199833285847 0.7290879826334404
1629013300.962058544 4.496271148823761 -1.9179460069417438 0.0 0.0 0.0 0.6832793800532809 0.730157030229802
1629013300.962058544 4.497516500852889 -1.9171624458683376 0.0 0.0 0.0 0.6832793926967978 0.7301570183980258
1629013300.962058544 4.497706708220868 -1.9172407827454236 0.0 0.0 0.0 0.6832794080497747 0.7301570040307424
1629013301.362841129 4.496875109558678 -1.9177652331155337 0.0 0.0 0.0 0.6832794226277605 0.7301569903886932
1629013301.362841129 4.4973932910416154 -1.9174052443509864 0.0 0.0 0.0 0.6836358614248513 0.7298232724255246
1629013301.362841129 4.4977389244058665 -1.9177780797073116 0.0 0.0 0.0 0.6832794081083787 0.7301570039759008
1629013301.362841129 4.498172952583525 -1.9179011655553215 0.0 0.0 0.0 0.6832794137093844 0.7301569987344914
1629013301.362841129 4.498175664566304 -1.917033408931488 0.0 0.0 0.0 0.6836359131213254 0.7298232240006971
1629013301.362841129 4.498293950784094 -1.9170427431463437 0.0 0.0 0.0 0.6836358873466157 0.7298232481442375
1629013301.863822460 4.498150583294762 -1.9164325329719032 0.0 0.0 0.0 0.6836359123033798 0.7298232247668784
1629013301.863822460 4.498227824915982 -1.9167094224926882 0.0 0.0 0.0 0.6836359148139375 0.7298232224152029
1629013301.863822460 4.498292960690846 -1.916304395014416 0.0 0.0 0.0 0.6836358865876698 0.729823248855153
1629013301.863822460 4.499007417893396 -1.9163503309827947 0.0 0.0 0.0 0.6836358997759987 0.7298232365014563
1629013301.863822460 4.499674978241472 -1.9161051276783219 0.0 0.0 0.0 0.6836358742237173 0.7298232604366441
1629013302.164443970 4.499204072592807 -1.9163020260640113 0.0 0.0 0.0 0.6836359046026567 0.7298232319802566
1629013302.164443970 4.499571318728539 -1.9166142778975488 0.0 0.0 0.0 0.683635906800412 0.7298232299215875
1629013302.164443970 4.499783665987227 -1.9157147815538058 0.0 0.0 0.0 0.6836359195437738 0.7298232179846972
1629013302.164443970 4.499950496863961 -1.9159010606526756 0.0 0.0 0.0 0.6836358748234702 0.729823259874847
1629013302.164443970 4.500535327409964 -1.9168674999790225 0.0 0.0 0.0 0.6836359109582203 0.7298232260269087
1629013302.164443970 4.500864849701835 -1.9167607850832638 0.0 0.0 0.0 0.6836358813374694 0.7298232537730909
1629013302.665424824 4.500103972755849 -1.917631608021187 0.0 0.0 0.0 0.6845438749239987 0.7289716615232974
1629013302.665424824 4.500410988186426 -1.9172316646195913 0.0 0.0 0.0 0.6836358770683879 0.7298232577720006
1629013302.865775824 4.498781850371922 -1.920373357206882 0.0 0.0 0.0 0.6847217580123477 0.7288045788169007
1629013302.865775824 4.499003528596027 -1.9192250186163424 0.0 0.0 0.0 0.6847218024044445 0.7288045371099228
1629013302.865775824 4.49936368086997 -1.9196749530533723 0.0 0.0 0.0 0.684721749746043 0.7288045865832056
1629013302.865775824 4.500093059700876 -1.9192355228898836 0.0 0.0 0.0 0.6847217392004953 0.72880459649089
1629013302.865775824 4.50009964455938 -1.918770432566962 0.0 0.0 0.0 0.6845438291556107 0.72897170450229
1629013302.865775824 4.500667708287756 -1.917968625628874 0.0 0.0 0.0 0.6845438703439338 0.7289716658242263
1629013303.867745638 4.498168439469933 -1.9188047319279251 0.0 0.0 0.0 0.6848996134620776 0.7286374403497919
1629013303.867745638 4.499616030947335 -1.9187151617069234 0.0 0.0 0.0 0.6847216836821406 0.7288046486511283
1629013303.867745638 4.49969834126884 -1.920271864638029 0.0 0.0 0.0 0.6847217179587453 0.7288046164477998
1629013304.068133831 4.497997612557474 -1.9191220314068476 0.0 0.0 0.0 0.6848996459550667 0.7286374098072541
1629013304.068133831 4.498308795276775 -1.9185659084249131 0.0 0.0 0.0 0.6848996252258035 0.7286374292922055
1629013304.068133831 4.498625792064446 -1.9196908181797858 0.0 0.0 0.0 0.6847217546405607 0.7288045819847401
1629013304.168321133 4.497290077178359 -1.9215164880409283 0.0 0.0 0.0 0.6847217596440762 0.7288045772838697
1629013304.168321133 4.49807977136595 -1.9212574969933518 0.0 0.0 0.0 0.684721813516201 0.728804526670276
1629013304.168321133 4.498185604538801 -1.920749598330922 0.0 0.0 0.0 0.684721782305326 0.7288045559933182
1629013304.168321133 4.498677865079943 -1.9198297397380137 0.0 0.0 0.0 0.6847217966528377 0.7288045425136358
1629013304.370109081 4.497004441423972 -1.922101605994338 0.0 0.0 0.0 0.6843658881311167 0.7291387598821694
1629013304.370109081 4.4974283327465985 -1.92287825672997 0.0 0.0 0.0 0.6843659176939975 0.7291387321346006
1629013304.370109081 4.4974883707242315 -1.9220493763671225 0.0 0.0 0.0 0.684365874230624 0.7291387729291
1629013304.370109081 4.497585758253487 -1.9217738078206683 0.0 0.0 0.0 0.6843658784717362 0.7291387689484141
1629013304.769490957 4.497173641931854 -1.9234004618219431 0.0 0.0 0.0 0.6838782509215282 0.7295961471365588
1629013304.769490957 4.4973451355776985 -1.9225969492347403 0.0 0.0 0.0 0.6838782457157793 0.7295961520161056
1629013304.769490957 4.497390011875576 -1.921270625838218 0.0 0.0 0.0 0.6838782317299761 0.7295961651255309
1629013304.769490957 4.497553361691055 -1.9216795502120825 0.0 0.0 0.0 0.6843658863544418 0.7291387615497472
1629013304.769490957 4.49775985119547 -1.9219125044770307 0.0 0.0 0.0 0.6838782203354724 0.7295961758060325
1629013304.769490957 4.497870460331426 -1.921245595153265 0.0 0.0 0.0 0.6843658803753195 0.7291387671617207
1629013305.271343708 4.498277264918948 -1.923699411573411 0.0 0.0 0.0 0.6838782277244475 0.7295961688800652
1629013305.271343708 4.499421070126767 -1.924437124049276 0.0 0.0 0.0 0.6833147558682314 0.7301239240106704
1629013305.470873833 4.500702718981134 -1.9238961472494498 0.0 0.0 0.0 0.6833147805702626 0.7301239008923169
1629013305.470873833 4.50162772060838 -1.9244852086859852 0.0 0.0 0.0 0.6834407670716753 0.7300059711430311
1629013305.571066380 4.502059654455183 -1.9258316553452475 0.0 0.0 0.0 0.683659088475127 0.7298015146225434
1629013305.571066380 4.502111308133968 -1.924237931956172 0.0 0.0 0.0 0.6833147826729734 0.7301238989244134
1629013305.571066380 4.502656595465271 -1.924319639092303 0.0 0.0 0.0 0.6834408308647892 0.7300059114191106
1629013305.571066380 4.502778076647793 -1.9250929034110336 0.0 0.0 0.0 0.6834408193274791 0.7300059222204872
1629013305.571066380 4.503548652554896 -1.9252423117270514 0.0 0.0 0.0 0.6836590481166462 0.7298015524293171
1629013305.571066380 4.503639659859269 -1.9248375518311367 0.0 0.0 0.0 0.6836590551697369 0.7298015458221657
1629013306.072058678 4.502603495074043 -1.9263094714471902 0.0 0.0 0.0 0.6836590710742565 0.7298015309232262
1629013306.072058678 4.504023849362783 -1.925692901989333 0.0 0.0 0.0 0.6836590982432862 0.7298015054719857
1629013306.072058678 4.504113239424319 -1.9252434213885168 0.0 0.0 0.0 0.683154990220227 0.7302734140972144
1629013306.172584057 4.504994906607127 -1.9261992119963902 0.0 0.0 0.0 0.6836590990192936 0.7298015047450421
1629013306.172584057 4.506122580257442 -1.9274177837709583 0.0 0.0 0.0 0.6828730285899784 0.7305370810741577
1629013306.272438526 4.505024471231793 -1.9265577344435578 0.0 0.0 0.0 0.6831549875521011 0.7302734165931885
1629013306.272438526 4.506474800217548 -1.9279436540910857 0.0 0.0 0.0 0.6828730447905915 0.7305370659305568
1629013306.272438526 4.5068302920018635 -1.9286743164326736 0.0 0.0 0.0 0.6825393017168624 0.7308488910929932
1629013306.272438526 4.507973592651395 -1.9288318872965566 0.0 0.0 0.0 0.6825392780391107 0.7308489132056293
1629013306.575726032 4.506808044782446 -1.9302341045030467 0.0 0.0 0.0 0.6820189412457555 0.7313345088138661
1629013306.575726032 4.50753642706004 -1.929211683520642 0.0 0.0 0.0 0.6825392415286301 0.7308489473027394
1629013306.575726032 4.507773708884342 -1.9293086114809241 0.0 0.0 0.0 0.6825392567799493 0.7308489330595443
1629013306.575726032 4.508043009931474 -1.9304265161713963 0.0 0.0 0.0 0.6820189301666645 0.7313345191458683
1629013306.575726032 4.508045425451597 -1.93066743189686 0.0 0.0 0.0 0.6820188477768953 0.7313345959798949
1629013306.575726032 4.5083482955356535 -1.9296552743946949 0.0 0.0 0.0 0.6820189015671241 0.7313345458168741
1629013307.374596596 4.503300490372558 -1.9314302401024115 0.0 0.0 0.0 0.6820189482552429 0.7313345022770444
1629013307.374596596 4.503548579723815 -1.9337003776274597 0.0 0.0 0.0 0.6821974245421932 0.7311680203263806
1629013307.374596596 4.503601005918453 -1.9326815885718744 0.0 0.0 0.0 0.682197446282043 0.7311680000425751
1629013307.374596596 4.503965325053981 -1.9316780935876108 0.0 0.0 0.0 0.6821974517541461 0.7311679949369703
1629013307.374596596 4.505114681174203 -1.9314258780539124 0.0 0.0 0.0 0.6820189156765444 0.7313345326588857
1629013307.374596596 4.506120409297361 -1.9312675942490505 0.0 0.0 0.0 0.6820189170313445 0.7313345313954429
1629013307.975763083 4.502777561738878 -1.934455136124833 0.0 0.0 0.0 0.682197443621204 0.7311680025252022
1629013307.975763083 4.504627035361459 -1.934101354085385 0.0 0.0 0.0 0.6827328056074097 0.7306681299656055
1629013308.075963020 4.503111335454178 -1.934409409231613 0.0 0.0 0.0 0.6821974707507027 0.7311679772127224
1629013308.075963020 4.505754720487601 -1.9329080868348576 0.0 0.0 0.0 0.6827327758182538 0.7306681578004491
1629013308.075963020 4.507520322838698 -1.9334543266182391 0.0 0.0 0.0 0.6829512354763614 0.730463968968567
1629013308.075963020 4.507553791046138 -1.9331594449998766 0.0 0.0 0.0 0.68295127195128 0.7304639348661429
1629013308.476742268 4.507004965476525 -1.9321621876960158 0.0 0.0 0.0 0.6829512633673793 0.730463942891708
1629013308.476742268 4.5076923015807955 -1.932188663371395 0.0 0.0 0.0 0.6830773569631408 0.7303460305938891
1629013308.577086210 4.507662551567211 -1.9324000633710112 0.0 0.0 0.0 0.6829512617422879 0.7304639444110962
1629013308.577086210 4.507772410418099 -1.9321077337557333 0.0 0.0 0.0 0.6830773505509105 0.7303460365911139
1629013308.577086210 4.507945470356058 -1.9330169819745906 0.0 0.0 0.0 0.6833592292116373 0.7300822993685555
1629013308.777350664 4.508432559374894 -1.933193092677615 0.0 0.0 0.0 0.6833592587353723 0.7300822717342494
1629013308.777350664 4.508697172430571 -1.933017358497417 0.0 0.0 0.0 0.6833592425566284 0.7300822868776033
1629013308.777350664 4.508745742017703 -1.9328839115741567 0.0 0.0 0.0 0.6830256930665665 0.7303943473295345
1629013308.777350664 4.509293763996638 -1.931232465879886 0.0 0.0 0.0 0.6830256691119732 0.7303943697305869
1629013308.777350664 4.509478024629351 -1.9313083120313728 0.0 0.0 0.0 0.6830256425456664 0.7303943945739723
1629013308.777350664 4.509574962663075 -1.9314860927081983 0.0 0.0 0.0 0.6830255916718746 0.7303944421484091
