1629013127.723922968 0.0002789789909624335 -0.0013091320436167452 0.0 0.0 0.0 -1.2272961931426633e-08 0.9999999999999999
1629013127.723922968 0.0011906965533183343 -0.0007031244730335332 0.0 0.0 0.0 -5.6699068937646254e-08 0.9999999999999984
1629013127.723922968 0.001427436927516888 -0.0002796865468333825 0.0 0.0 0.0 -5.737494198724566e-08 0.9999999999999983
1629013127.723922968 0.0007780064213515308 -0.00048746338854199615 0.0 0.0 0.0 -3.297196083936589e-08 0.9999999999999994
1629013127.723922968 -0.0016548375382029984 0.0012930698040151353 0.0 0.0 0.0 6.681100284571341e-08 0.9999999999999978
1629013128.224887848 -0.003194331519954758 0.0017480823495139846 0.0 0.0 0.0 7.741556744360962e-08 0.999999999999997
1629013128.325093031 -0.0027131407528697845 0.0022831331262217667 0.0 0.0 0.0 7.880229344343003e-08 0.9999999999999969
1629013128.425327301 -0.0025478720214275183 0.0024334263696954963 0.0 0.0 0.0 7.146245841323196e-08 0.9999999999999974
1629013128.525490284 0.0021080923095155015 -8.65406568541355e-05 0.0 0.0 0.0 7.634065559726044e-08 0.9999999999999971
1629013128.625700474 0.00308267860064246 0.0008684854601898321 0.0 0.0 0.0 9.119216641818426e-08 0.9999999999999959
1629013128.625700474 0.0033808710674771 0.0007172169739303784 0.0 0.0 0.0 6.716081536577005e-08 0.9999999999999978
1629013128.625700474 0.003295824117073417 0.00112081585922327 0.0 0.0 0.0 6.310819024372837e-08 0.999999999999998
1629013128.926275730 0.003920290385755758 0.0006614089257969114 0.0 0.0 0.0 1.1100788014911063e-07 0.9999999999999939
1629013128.926275730 0.0030663199389783227 0.0005886291386716706 0.0 0.0 0.0 9.780013941796203e-08 0.9999999999999952
1629013128.926275730 0.0027562732828643457 0.001037287423253254 0.0 0.0 0.0 8.424227477859399e-08 0.9999999999999964
1629013128.926275730 0.003861244640990339 0.0016067888267977098 0.0 0.0 0.0 1.0180998743797881e-07 0.9999999999999948
1629013128.926275730 0.004410086339156789 0.0013955581029473987 0.0 0.0 0.0 4.5895853526084586e-08 0.999999999999999
1629013130.128615141 0.004473321204607735 0.0015242792840817897 0.0 0.0 0.0 3.177888693445886e-08 0.9999999999999994
1629013130.128615141 0.0041461288616881625 0.001288504666511331 0.0 0.0 0.0 2.258329225210087e-08 0.9999999999999998
1629013130.128615141 0.0040641344729724724 0.00040968592123943664 0.0 0.0 0.0 3.111264508720734e-08 0.9999999999999996
1629013148.163911819 0.005291515579118756 0.0003283624374929796 0.0 0.0 0.0 6.775285901256707e-08 0.9999999999999977
1629013148.163911819 0.005258277818102225 0.0009413189827301104 0.0 0.0 0.0 8.36406124178882e-08 0.9999999999999964
1629013148.163911819 0.0054242056967888225 0.001536952981468617 0.0 0.0 0.0 5.284040939006849e-08 0.9999999999999986
1629013148.464430809 0.006310450668552764 0.0002392561511885367 0.0 0.0 0.0 2.4570689147010127e-08 0.9999999999999997
1629013148.564584255 0.006415665739707048 0.0003378580322863379 0.0 0.0 0.0 1.1242780320251626e-08 0.9999999999999999
1629013148.564584255 0.00577933016037721 0.00031853607807811246 0.0 0.0 0.0 -2.138478397304605e-08 0.9999999999999998
1629013148.564584255 0.004745594231781051 0.0005233533738187445 0.0 0.0 0.0 -3.8312671607212196e-08 0.9999999999999992
1629013148.967636585 0.004861827258281564 -0.0008939536409949894 0.0 0.0 0.0 -4.965598822629721e-08 0.9999999999999988
1629013148.967636585 0.004827086120221453 -0.0013308365766741587 0.0 0.0 0.0 -4.416983052443732e-08 0.999999999999999
1629013151.570468903 0.004814115065075214 -0.0010297211934599463 0.0 0.0 0.0 -5.2296161371484374e-08 0.9999999999999987
1629013151.570468903 0.0063341476305317675 -0.00014310454314872165 0.0 0.0 0.0 -7.71179092347132e-09 1.0
1629013151.570468903 0.006981273796466111 -0.0006712618186845429 0.0 0.0 0.0 3.2246617850664784e-08 0.9999999999999994
1629013151.770849705 0.00694757856551468 -0.0014218546289434006 0.0 0.0 0.0 3.1464840677947303e-08 0.9999999999999996
1629013151.971232891 0.007545055110569387 -0.0014584603792247596 0.0 0.0 0.0 4.675888221632655e-08 0.9999999999999989
1629013152.171621323 0.00814715419824695 -0.0023554340786049047 0.0 0.0 0.0 -7.910613266754349e-10 1.0
1629013152.171621323 0.007598070936390103 -0.0038446506811782664 0.0 0.0 0.0 -3.850794771090254e-08 0.9999999999999992
1629013152.171621323 0.007994391850676748 -0.004347976121642788 0.0 0.0 0.0 -1.0460592545333048e-07 0.9999999999999946
1629013152.171621323 0.008299127202420363 -0.004395133366177876 0.0 0.0 0.0 -8.069761481671816e-08 0.9999999999999968
1629013152.171621323 0.008929068877624579 -0.00458552283815443 0.0 0.0 0.0 -4.2065112158887e-08 0.9999999999999991
1629013153.574472904 0.009665311916788258 -0.004703563386909058 0.0 0.0 0.0 -6.434719172907999e-08 0.9999999999999979
1629013157.982985973 0.010547933064797161 -0.00451832999832705 0.0 0.0 0.0 -8.286871792430185e-08 0.9999999999999966
1629013157.982985973 0.010949283520569987 -0.004801561594202295 0.0 0.0 0.0 -6.83996278438192e-08 0.9999999999999977
1629013157.982985973 0.010556107202908727 -0.005689817691790141 0.0 0.0 0.0 -5.4424481463066833e-08 0.9999999999999986
1629013157.982985973 0.010620417220151526 -0.005308076272001847 0.0 0.0 0.0 -4.0962922089421006e-08 0.9999999999999991
1629013158.684444427 0.010172144952877755 -0.004628603785567437 0.0 0.0 0.0 -5.4146965890684096e-09 1.0
1629013158.784572601 0.010800694874296314 -0.004553021260666496 0.0 0.0 0.0 -1.5445763177493986e-08 0.9999999999999999
1629013159.686296701 0.01027333415955898 -0.0035183381340645557 0.0 0.0 0.0 -1.3120088097240808e-08 0.9999999999999999
1629013128.224887848 0.00011623122870727314 0.0016496362810813074 0.0 0.0 0.0 1.3718642488972249e-08 0.9999999999999999
1629013128.325093031 -0.00012468758332358074 0.0011558645231613666 0.0 0.0 0.0 0.000517913261686944 0.9999998658829177
1629013128.425327301 -0.001056470319999964 0.005672810633511502 0.0 0.0 0.0 -0.0003956143399364415 0.9999999217446439
1629013128.525490284 -0.0016408633625331322 0.005592439422332535 0.0 0.0 0.0 0.00012227771482267814 0.9999999925240802
1629013128.625700474 -0.0016966386188910654 0.003356547671656623 0.0 0.0 0.0 0.0008128724462721111 0.9999996696191384
1629013128.926275730 -0.002381351604762847 0.003139420476258302 0.0 0.0 0.0 0.0002949795305629902 0.9999999564935373
1629013129.327075481 -0.0016929412036977517 0.0027335672657399384 0.0 0.0 0.0 0.0007178458152223718 0.9999997423486596
1629013129.727863789 -0.0011739603186251863 0.003114038249431062 0.0 0.0 0.0 0.0007178861946790527 0.9999997423196726
1629013129.928267002 -0.0013542585185562551 0.002170494627002862 0.0 0.0 0.0 0.0007179042559684892 0.9999997423067064
1629013130.128615141 -0.00016536535756103265 0.0027176914878153328 0.0 0.0 0.0 0.0007179569028813061 0.9999997422689096
1629013130.729794502 -0.00015574778389892995 0.0006763491660157218 0.0 0.0 0.0 0.0014297332692329535 0.9999989779308671
1629013159.686296701 0.0007652519157904513 0.0022600472963658557 0.0 0.0 0.0 0.0014297261610274146 0.99999897794103
1629013159.886710405 0.0006333154375676788 0.0027179206270844425 0.0 0.0 0.0 0.0014296977127883823 0.9999989779817028
1629013159.886710405 3.9419089503685365 2.3461026440491164 0.0 0.0 0.0 0.9054086984503432 0.4245410330821457
1629013159.886710405 3.9423742486828814 2.346254180923509 0.0 0.0 0.0 0.9054086982881007 0.4245410334281566
1629013159.886710405 3.941339115353637 2.3471278845888435 0.0 0.0 0.0 0.9054086930887738 0.4245410445166386
1629013160.187287807 3.939810565206013 2.346941554804746 0.0 0.0 0.0 0.9054086869988704 0.42454105750443205
1629013160.287604094 3.939844161514371 2.3472760409766154 0.0 0.0 0.0 0.90540867909508 0.42454107436065863
1629013160.287604094 3.9401518318834348 2.3469383449596224 0.0 0.0 0.0 0.9054086890731015 0.4245410530807684
1629013160.187287807 3.942107054060881 2.3258453401188306 0.0 0.0 0.0 0.907034240337137 0.42105686890969124
1629013160.287604094 3.942341119940901 2.3145975769699083 0.0 0.0 0.0 0.9080971423871702 0.4187595730108813
1629013160.287604094 3.9424310917701693 2.3155047875570545 0.0 0.0 0.0 0.9080971537229592 0.41875954842876145
1629013160.490854502 3.946096629061707 2.2837686253586984 0.0 0.0 0.0 0.9119934597951038 0.41020474069780855
1629013160.490854502 3.9445622894941366 2.283551964576433 0.0 0.0 0.0 0.9119934534537549 0.41020475479630125
1629013160.588062286 3.94478014835059 2.2841481507582477 0.0 0.0 0.0 0.9119934816978408 0.41020469200223714
1629013160.588062286 3.9480501405975956 2.2598007482456257 0.0 0.0 0.0 0.914716655059986 0.4040958314012539
1629013160.788452625 3.948077273578714 2.259825501460119 0.0 0.0 0.0 0.9147166500227633 0.4040958428035775
1629013160.788452625 3.9486733524833557 2.260200962209271 0.0 0.0 0.0 0.9147166404547269 0.40409586446190937
1629013160.788452625 3.9590978367616225 2.1808346741279347 0.0 0.0 0.0 0.9227308861395815 0.38544482324200785
1629013160.788452625 3.9594356382709965 2.179818013127295 0.0 0.0 0.0 0.9227308835750818 0.3854448293812603
1629013161.089177847 3.9588504969844687 2.179734757780065 0.0 0.0 0.0 0.9227308840086085 0.38544482834342436
1629013161.089177847 3.959040244843088 2.1785441586821603 0.0 0.0 0.0 0.9227308825443583 0.3854448318487479
1629013161.089177847 3.9588424584759268 2.1779957928442966 0.0 0.0 0.0 0.9227308959535483 0.3854447997479821
1629013161.089177847 3.9587105305787484 2.1786754879651182 0.0 0.0 0.0 0.9227308978417392 0.3854447952277704
1629013161.089177847 3.9590074979174186 2.1784771227275153 0.0 0.0 0.0 0.9227309046126457 0.3854447790186404
1629013161.590049744 3.95862469909505 2.1779857115560337 0.0 0.0 0.0 0.9227309231608892 0.3854447346152924
1629013161.590049744 3.959639144630796 2.178293720633679 0.0 0.0 0.0 0.9227309405188467 0.3854446930614098
1629013161.089177847 3.9885018829578036 2.0393615243129553 0.0 0.0 0.0 0.938109367522464 0.3463391611796198
1629013161.590049744 4.06099326712141 1.8127482300448747 0.0 0.0 0.0 0.9644923481586231 0.26411079179667274
1629013161.790414810 4.060065267847851 1.8121488090011697 0.0 0.0 0.0 0.9644923601889658 0.2641107478636913
1629013161.790414810 4.059995945897911 1.8118397614886665 0.0 0.0 0.0 0.964492359537699 0.26411075024201885
1629013161.790414810 4.059088699223619 1.8108218409957977 0.0 0.0 0.0 0.9644923495797744 0.26411078660684467
1629013161.990804672 4.060626287001861 1.811342292956293 0.0 0.0 0.0 0.9644923457856797 0.26411080046230007
1629013161.990804672 4.058952501212583 1.811866253355714 0.0 0.0 0.0 0.9644923329087599 0.26411084748684177
1629013161.990804672 4.057139361062037 1.8108203283811795 0.0 0.0 0.0 0.9644923311455215 0.26411085392591827
1629013162.391571283 4.055987685213145 1.8104034074461264 0.0 0.0 0.0 0.9644923443182949 0.26411080582096524
1629013162.391571283 4.05574530942196 1.810705967442591 0.0 0.0 0.0 0.9644923443487865 0.26411080570961454
1629013162.391571283 4.055159388391217 1.810553468154664 0.0 0.0 0.0 0.9644923419692891 0.26411081439917555
1629013162.391571283 4.054684628690548 1.8095668701096674 0.0 0.0 0.0 0.9644923418414234 0.26411081486612176
1629013162.391571283 4.0539800028916115 1.8090422821854046 0.0 0.0 0.0 0.9644923458581551 0.2641108001976307
1629013162.792377234 4.053760836271376 1.8078158071478494 0.0 0.0 0.0 0.9644923401294394 0.2641108211180256
1629013162.992767334 4.053252421679501 1.8076914774420079 0.0 0.0 0.0 0.964492326648627 0.26411087034788633
1629013162.992767334 4.05215548670373 1.8070890567276754 0.0 0.0 0.0 0.9644923163404345 0.26411090799181935
1629013162.992767334 4.051396713950483 1.8063362858558711 0.0 0.0 0.0 0.9644923034891711 0.26411095492264713
1629013162.992767334 4.051580953172433 1.8062609910711827 0.0 0.0 0.0 0.9644923017868235 0.2641109611393567
1629013162.992767334 4.052557823789644 1.806354360203038 0.0 0.0 0.0 0.9644923047688675 0.26411095024939435
1629013163.794341564 4.053525239947316 1.8048982439475785 0.0 0.0 0.0 0.9644923082625977 0.26411093749083203
1629013163.994716644 4.053806487433332 1.806039941021979 0.0 0.0 0.0 0.9644922899144082 0.26411100449557406
1629013163.994716644 4.053545786184949 1.8067375072837588 0.0 0.0 0.0 0.9644922877498008 0.2641110124003836
1629013163.994716644 4.054346575212027 1.8069598948590055 0.0 0.0 0.0 0.9644922972528522 0.26411097769671704
1629013161.790414810 4.094085169134294 1.7156853918937804 0.0 0.0 0.0 0.9700726920925372 0.24281468665700068
1629013161.990804672 4.154354918405492 1.6355309357414811 0.0 0.0 0.0 0.9690131535045002 0.24700912601615316
1629013162.391571283 4.272094388382384 1.5340890447851665 0.0 0.0 0.0 0.9609603099260564 0.2766862532667961
1629013162.792377234 4.299002910068722 1.5159055282615879 0.0 0.0 0.0 0.9591550061357018 0.28288102482284266
1629013162.992767334 4.295019524073592 1.5303460638421151 0.0 0.0 0.0 0.9608858705418929 0.2769446583578542
1629013163.794341564 4.253746627815174 1.6481347163507087 0.0 0.0 0.0 0.9762692717994528 0.21656017394748778
1629013163.994716644 4.204999478585149 1.6819086362345081 0.0 0.0 0.0 0.9808705601709188 0.1946611008650369
1629013164.297129869 4.204367237631381 1.6806291037160817 0.0 0.0 0.0 0.9808705628194143 0.19466108751963104
1629013164.395480871 4.205372260573113 1.6803475138956157 0.0 0.0 0.0 0.9808705557454077 0.19466112316457812
1629013164.395480871 4.204958043253439 1.6802707503133636 0.0 0.0 0.0 0.9808705528624239 0.19466113769153534
1629013164.395480871 4.205052175592029 1.6789954029197498 0.0 0.0 0.0 0.9808705506090806 0.19466114904582033
1629013164.395480871 4.204639809323489 1.6790569990483366 0.0 0.0 0.0 0.9808705487442917 0.19466115844223275
1629013164.796288013 4.204787397629398 1.68042766675798 0.0 0.0 0.0 0.9808705497712488 0.19466115326753883
1629013164.796288013 4.204766580603058 1.6794949365938834 0.0 0.0 0.0 0.9808705547799381 0.19466112802944624
1629013164.796288013 4.205988769031444 1.6797606163696186 0.0 0.0 0.0 0.9808705493318772 0.19466115548147117
1629013165.197075605 4.206134187996165 1.6805530542074982 0.0 0.0 0.0 0.9808705379805923 0.19466121267901154
1629013165.197075605 4.206390117485545 1.6799871454989521 0.0 0.0 0.0 0.9808705409491169 0.1946611977210323
1629013165.197075605 4.205871457560086 1.6802208124145832 0.0 0.0 0.0 0.9808705352964875 0.19466122620383894
1629013165.197075605 4.20648921621525 1.6819311213014525 0.0 0.0 0.0 0.9808705274523114 0.19466126572953438
1629013165.597881317 4.205921538278284 1.6814006595647302 0.0 0.0 0.0 0.9808705255682517 0.19466127522304397
1629013165.597881317 4.207537500208816 1.6804406924274082 0.0 0.0 0.0 0.9808705409933663 0.19466119749806568
1629013165.597881317 4.208056551470711 1.6802649569789134 0.0 0.0 0.0 0.9808705392160519 0.1946612064537041
1629013165.898430824 4.208453193882206 1.680638711697208 0.0 0.0 0.0 0.9808705375217631 0.1946612149909878
1629013165.998615742 4.20874134252127 1.6796422577807713 0.0 0.0 0.0 0.9808705457304575 0.19466117362852414
1629013165.998615742 4.209651079077449 1.6796352274456392 0.0 0.0 0.0 0.9808705495598377 0.19466115433280995
1629013164.297129869 4.183102060606502 1.731972435354249 0.0 0.0 0.0 0.9869199502353394 0.1612110784886547
1629013164.395480871 4.180232473377767 1.750060216148309 0.0 0.0 0.0 0.9887015039705168 0.14989775197259694
1629013164.796288013 4.1250282250509995 1.800448799118586 0.0 0.0 0.0 0.9940737751568206 0.1087075413458827
1629013165.197075605 4.013476777412189 1.8269283266903904 0.0 0.0 0.0 0.9972888423520035 0.07358644522057498
1629013165.597881317 3.9141518347914985 1.8408195822539792 0.0 0.0 0.0 0.9990835656958459 0.04280220504219941
1629013165.898430824 3.842758323278737 1.8432021873524507 0.0 0.0 0.0 0.9997559024928959 0.02209378714967506
1629013165.998615742 3.8094030158180305 1.8414792485843454 0.0 0.0 0.0 0.9998904543015755 0.014801330905997424
1629013166.299229145 3.808655251856481 1.8417292802780014 0.0 0.0 0.0 0.9998904544373033 0.014801321737030061
1629013166.299229145 3.809378840716768 1.842519478810794 0.0 0.0 0.0 0.9998904550275446 0.014801281863737963
1629013166.299229145 3.8087021751555077 1.8420578686832132 0.0 0.0 0.0 0.9998904551424675 0.01480127410019494
1629013166.299229145 3.809011367585595 1.8414942033743926 0.0 0.0 0.0 0.9998904558089224 0.01480122907819721
1629013166.299229145 3.808416856584382 1.8413628540845421 0.0 0.0 0.0 0.9998904553781051 0.014801258181847436
1629013167.200989485 3.8079534053114843 1.8418524514469123 0.0 0.0 0.0 0.9998904552558227 0.014801266442562473
1629013167.200989485 3.807133945558856 1.8419543385611121 0.0 0.0 0.0 0.9998904555439755 0.014801246976564883
1629013167.200989485 3.8062866359379814 1.8432120375897474 0.0 0.0 0.0 0.9998904550778873 0.014801278462868153
1629013166.299229145 3.7519738003889906 1.8527639453169438 0.0 0.0 0.0 -0.999957981005675 0.009167127306522214
1629013167.200989485 3.6637512577737543 1.8488968382943711 0.0 0.0 0.0 -0.9957716778709281 0.09186275387836228
1629013167.200989485 3.6630103403782766 1.8492961953993048 0.0 0.0 0.0 -0.9957716754412513 0.09186278021551109
1629013167.200989485 3.663971916952779 1.8490100643684582 0.0 0.0 0.0 -0.9957716762390636 0.09186277156740627
1629013167.902340412 3.664863926847486 1.8493380036172364 0.0 0.0 0.0 -0.9957716759308747 0.09186277490810489
1629013167.902340412 3.4490892655761702 1.78697852865272 0.0 0.0 0.0 -0.9824605746330782 0.18647042471030562
1629013168.102773190 3.450144223463568 1.7872032720388502 0.0 0.0 0.0 -0.9824605876372536 0.1864703561949253
1629013168.206339836 3.450641363163408 1.788657752238842 0.0 0.0 0.0 -0.9824605840110024 0.18647037530063584
1629013168.206339836 3.450231808146519 1.7887356575882702 0.0 0.0 0.0 -0.9824605874702687 0.186470357074723
1629013168.403431416 3.4504452364754137 1.7885804939570904 0.0 0.0 0.0 -0.9824605814594188 0.18647038874422042
1629013168.403431416 3.4507372728060335 1.7884074778091505 0.0 0.0 0.0 -0.9824605789930353 0.18647040173890816
1629013168.603710651 3.451261589517043 1.7871974594425566 0.0 0.0 0.0 -0.9824605714904411 0.1864704412679821
1629013168.603710651 3.4511971765489897 1.7880047590107544 0.0 0.0 0.0 -0.9824605741821754 0.18647042708598652
1629013168.804109335 3.452737201633212 1.7878541341066008 0.0 0.0 0.0 -0.9824605789547632 0.186470401940553
1629013168.804109335 3.4538603076001584 1.7876935315466396 0.0 0.0 0.0 -0.9824605893129532 0.18647034736612852
1629013169.004486561 3.454507486781307 1.7882675139342865 0.0 0.0 0.0 -0.9824605842440277 0.18647037407289027
1629013169.004486561 3.454980776406088 1.788891544622369 0.0 0.0 0.0 -0.9824605806336124 0.1864703930951647
1629013169.004486561 3.4548374886096225 1.7887821688525922 0.0 0.0 0.0 -0.9824605801363182 0.18647039571526922
1629013170.507467270 3.4559366965671723 1.788875383614504 0.0 0.0 0.0 -0.9824605860900407 0.1864703643467607
1629013170.707806826 3.456558070988749 1.7887713554017846 0.0 0.0 0.0 -0.982460597155711 0.18647030604480638
1629013168.102773190 3.3722151298775267 1.7561002067166551 0.0 0.0 0.0 -0.9770164549808855 0.21316389632530025
1629013168.206339836 3.3695112353622516 1.7414943753346483 0.0 0.0 0.0 -0.9741952080712237 0.2257071035015625
1629013168.403431416 3.3579841625784748 1.7111544258626454 0.0 0.0 0.0 -0.9682881800447294 0.24983594694452127
1629013168.603710651 3.3521452734418213 1.6780631047413612 0.0 0.0 0.0 -0.9617206305720568 0.27403180241002223
1629013168.804109335 3.334750666489333 1.6394054916756418 0.0 0.0 0.0 -0.9545766269235867 0.29796554050961593
1629013169.004486561 3.328758814819316 1.601093615267333 0.0 0.0 0.0 -0.9470348107913386 0.32113091901810625
1629013169.305072069 3.302815447574687 1.5353679227986454 0.0 0.0 0.0 -0.9345076594049145 0.3559430214424049
1629013169.605694056 3.2764004558183144 1.4633578665947637 0.0 0.0 0.0 -0.9216545798174502 0.3880113857885091
1629013169.705881596 3.2726452339310272 1.440158804817539 0.0 0.0 0.0 -0.9180024838869817 0.3965746330482219
1629013169.806046009 3.271300313518868 1.41483903176182 0.0 0.0 0.0 -0.9154676336688052 0.40239161485403524
1629013170.010056734 3.266466468946347 1.3612538807803458 0.0 0.0 0.0 -0.9108396750391902 0.41276032558193193
1629013170.707806826 3.266582392646139 1.3599745912318524 0.0 0.0 0.0 -0.9108396898948707 0.41276029279984733
1629013170.707806826 3.267273953986756 1.3597260027582403 0.0 0.0 0.0 -0.9108396902940812 0.4127602919189082
1629013171.009956837 3.2675782413424828 1.358789068872448 0.0 0.0 0.0 -0.9108396819057819 0.41276031042939926
1629013171.108597279 3.2675375162256857 1.358470946412448 0.0 0.0 0.0 -0.9108396671938164 0.41276034289434566
1629013171.108597279 3.267747784573139 1.3590237240692797 0.0 0.0 0.0 -0.910839669812833 0.4127603371149526
1629013171.309024096 3.2668665854976875 1.3583151201501134 0.0 0.0 0.0 -0.9108396741014835 0.4127603276511727
1629013171.309024096 3.2668324651365412 1.3588119980352964 0.0 0.0 0.0 -0.9108397076513018 0.41276025361666174
1629013171.309024096 3.2653283822271377 1.3593403922675322 0.0 0.0 0.0 -0.9108396930210665 0.41276028590125946
1629013171.509395123 3.2644446168005388 1.3587680070248103 0.0 0.0 0.0 -0.9108396694567096 0.41276033790081157
1629013171.709802628 3.2629116530858786 1.3585343143182225 0.0 0.0 0.0 -0.9108396835025654 0.4127603069057713
1629013171.709802628 3.261283396544996 1.360117826297192 0.0 0.0 0.0 -0.9108396784301201 0.4127603180991546
1629013171.709802628 3.259977228120279 1.3596313069411614 0.0 0.0 0.0 -0.9108396741468965 0.4127603275509595
1629013171.709802628 3.25950172782253 1.359153637355714 0.0 0.0 0.0 -0.9108396801657566 0.4127603142691195
1629013171.709802628 3.2596410836573586 1.3589861046760174 0.0 0.0 0.0 -0.9108396872934473 0.4127602985404182
1629013173.112493277 3.2603754376142033 1.3592748469153282 0.0 0.0 0.0 -0.9108396829642138 0.41276030809375364
1629013173.312892914 3.261112043837642 1.3590311463182303 0.0 0.0 0.0 -0.9108396793430882 0.41276031608450475
1629013173.413134813 3.260800628015995 1.3593757352183247 0.0 0.0 0.0 -0.9108396773310828 0.4127603205244042
1629013173.413134813 3.260127805129179 1.3593327102557198 0.0 0.0 0.0 -0.9108396602391723 0.4127603582411824
1629013173.413134813 3.2596647619790198 1.359501472479503 0.0 0.0 0.0 -0.9108396669896315 0.4127603433449211
1629013173.413134813 3.259328287548337 1.3591600006332292 0.0 0.0 0.0 -0.9108396615469544 0.41276035535529526
1629013173.413134813 3.2587368754062975 1.3593380762136562 0.0 0.0 0.0 -0.9108396784550022 0.4127603180442472
1629013174.916043282 3.2580286773504765 1.3593402009670739 0.0 0.0 0.0 -0.9108396657213458 0.41276034614365154
1629013174.916043282 3.258531770445208 1.358840440727514 0.0 0.0 0.0 -0.9108396748664225 0.4127603259631791
1629013175.116446972 3.2578627255328674 1.3583665732362415 0.0 0.0 0.0 -0.9108396748759765 0.41276032594209605
1629013181.629146099 3.258894561094807 1.358221097790791 0.0 0.0 0.0 -0.9108396818881696 0.4127603104682645
1629013181.832266808 3.2573137929869107 1.357021981769549 0.0 0.0 0.0 -0.910839696889892 0.4127602773639073
1629013181.832266808 3.257521630932947 1.356637829135121 0.0 0.0 0.0 -0.9108397251479279 0.4127602150067849
1629013181.832266808 3.2571618259793005 1.3569817807406934 0.0 0.0 0.0 -0.910839742210105 0.4127601773556038
1629013182.330725193 3.258216890809049 1.3561928725950982 0.0 0.0 0.0 -0.9108397312296888 0.4127602015861368
1629013182.531440973 3.2579901177871373 1.3570509924005398 0.0 0.0 0.0 -0.9108397184759477 0.4127602297298715
1629013182.531440973 3.2568603457685477 1.3559870942552419 0.0 0.0 0.0 -0.9108397256211546 0.4127602139625134
1629013182.734062195 3.2575790065412193 1.3549368630000325 0.0 0.0 0.0 -0.9108397153399 0.4127602366502009
1629013182.831467628 3.2570777764749845 1.3541460237506049 0.0 0.0 0.0 -0.9108397068785122 0.4127602553219797
1629013182.831467628 3.256045757348761 1.35514494815925 0.0 0.0 0.0 -0.9108397232957085 0.4127602190940852
1629013182.831467628 3.2550946440076554 1.355350614106008 0.0 0.0 0.0 -0.9108397408228505 0.4127601804168645
1629013183.132084608 3.254905925312644 1.3551821788155105 0.0 0.0 0.0 -0.9108397412517274 0.41276017947045995
1629013171.009956837 3.2205226407262857 1.0659467063550077 0.0 0.0 0.0 -0.9137755924229201 0.40621935785009244
1629013171.108597279 3.215509844072129 1.034216092976475 0.0 0.0 0.0 -0.9159252411033163 0.40134891641791165
1629013171.309024096 3.205253691103167 0.9646279603726714 0.0 0.0 0.0 -0.9212409176653317 0.3889925084357506
1629013171.509395123 3.194254991471987 0.8984188233484657 0.0 0.0 0.0 -0.9265681721340094 0.3761268700694496
1629013171.709802628 3.182970911511666 0.8344561156172382 0.0 0.0 0.0 -0.9319000134000844 0.3627152671516907
1629013172.310935020 3.1200686126708246 0.6444594669176255 0.0 0.0 0.0 -0.9473874460828546 0.3200890922924524
1629013172.411147356 3.096703853162402 0.606089721760815 0.0 0.0 0.0 -0.9501551507008925 0.3117774680706805
1629013172.611762047 3.0490199681587344 0.5432297249060419 0.0 0.0 0.0 -0.9549166157427421 0.2968741433308537
1629013172.811977863 2.9935490784612204 0.4828083138470484 0.0 0.0 0.0 -0.9596638759452465 0.28114986253908536
1629013173.112493277 2.878894770462522 0.3862014361383582 0.0 0.0 0.0 -0.9665850336288434 0.2563461970943348
1629013173.212690830 2.850379374738782 0.36179386557930543 0.0 0.0 0.0 -0.9688049327784992 0.24782453918861155
1629013183.634452820 2.8488155846400662 0.36110040421896755 0.0 0.0 0.0 -0.9688049331527144 0.24782453772571555
1629013183.634452820 2.8490655864448557 0.3622370952685237 0.0 0.0 0.0 -0.9688049347854961 0.2478245313427843
1629013183.634452820 2.848727590833093 0.36045599970333486 0.0 0.0 0.0 -0.9688049399158873 0.24782451128686594
1629013183.634452820 2.8478099553496774 0.36144149612103615 0.0 0.0 0.0 -0.9688049414317723 0.2478245053609111
1629013183.634452820 2.8486385680039574 0.3607941124849423 0.0 0.0 0.0 -0.9688049474066617 0.24782448200364604
1629013183.634452820 2.8496299262541083 0.36057257430682843 0.0 0.0 0.0 -0.9688049448014535 0.24782449218802516
1629013184.033816814 2.848818695357167 0.3613210164652545 0.0 0.0 0.0 -0.9688049433520376 0.24782449785413693
1629013184.033816814 2.8497519199002515 0.36157512026493976 0.0 0.0 0.0 -0.9688049392651981 0.2478245138305651
1629013184.033816814 2.8498540205329825 0.36223427979199513 0.0 0.0 0.0 -0.9688049467969831 0.24782448438702492
1629013184.033816814 2.8491130807578835 0.3618495439638412 0.0 0.0 0.0 -0.9688049513363037 0.24782446664173863
1629013184.033816814 2.8492514801157096 0.36156177979055076 0.0 0.0 0.0 -0.9688049478576873 0.2478244802404794
1629013184.033816814 2.8503520752699383 0.3610265392614815 0.0 0.0 0.0 -0.9688049658158615 0.24782441003768677
1629013183.634452820 -1.1093119954308919 -1.0067837183455184 0.0 0.0 0.0 -0.913193475985428 0.4075262880080885
1629013184.033816814 -1.2687182967578143 -1.2145074345167817 0.0 0.0 0.0 -0.9341936789114382 0.35676626841941295
1629013184.635001659 -1.2693225374288073 -1.2147127759469243 0.0 0.0 0.0 -0.934193683799378 0.356766255620326
1629013184.635001659 -1.2699573456254074 -1.2143951816219212 0.0 0.0 0.0 -0.9341936772503188 0.3567662727690598
1629013184.835386753 -1.2695500779219362 -1.213438539466775 0.0 0.0 0.0 -0.9341936660570576 0.35676630207865045
1629013184.635001659 -1.567953484131171 -1.5050406212123337 0.0 0.0 0.0 -0.95510978988365 0.29625207048797125
1629013184.835386753 -1.5687870534826471 -1.50487659542738 0.0 0.0 0.0 -0.9551097920921497 0.29625206336781934
1629013185.035778046 -1.5688098791577376 -1.505029474830425 0.0 0.0 0.0 -0.9551097914627857 0.29625206539687426
1629013184.835386753 -1.688284227770238 -1.5997948137574332 0.0 0.0 0.0 -0.9532480480132868 0.30218894579196387
1629013185.035778046 -1.6890888686603114 -1.5989954639929003 0.0 0.0 0.0 -0.9532480525763216 0.3021889313979756
1629013185.035778046 -1.6897302913133976 -1.597780230701023 0.0 0.0 0.0 -0.9532480569479262 0.3021889176078488
1629013185.035778046 -1.7617419304738346 -1.6689588217519453 0.0 0.0 0.0 -0.9474038827755793 0.32004043947875765
1629013185.035778046 -1.7615557132255055 -1.6695517775495283 0.0 0.0 0.0 -0.947403891771325 0.32004041284898305
1629013185.035778046 -1.7607324207687018 -1.6691609382415662 0.0 0.0 0.0 -0.947403878596005 0.32004045185139707
1629013185.737141132 -1.7605939699684718 -1.668558321430691 0.0 0.0 0.0 -0.9474038523376237 0.3200405295830985
1629013185.737141132 -1.7604821934419619 -1.668138637752137 0.0 0.0 0.0 -0.9474038612065637 0.3200405033287101
1629013185.737141132 -1.7666500621381171 -1.6985756388414361 0.0 0.0 0.0 -0.9412581812945293 0.33768777908907954
1629013185.737141132 -1.7667918816297306 -1.6984258525404776 0.0 0.0 0.0 -0.9412582037091148 0.3376877166115025
1629013185.737141132 -1.7669106878245102 -1.6983824426291447 0.0 0.0 0.0 -0.9412582003992842 0.33768772583720136
1629013185.737141132 -1.7673547590448355 -1.6988337618404648 0.0 0.0 0.0 -0.941258195184898 0.33768774037158744
1629013186.238120079 -1.7680025779565764 -1.6979107090739411 0.0 0.0 0.0 -0.9412581942330781 0.3376877430246544
1629013186.238120079 -1.7671298835475084 -1.6971702584341364 0.0 0.0 0.0 -0.941258199594859 0.33768772807942626
1629013186.238120079 -1.7684815000065215 -1.6777082184796668 0.0 0.0 0.0 -0.9565759637691074 0.29148314795062075
1629013186.238120079 -1.766848955802695 -1.6778059615682281 0.0 0.0 0.0 -0.9565759763261276 0.29148310674156713
1629013186.538707733 -1.7677792829303682 -1.6782278085599414 0.0 0.0 0.0 -0.9565759797304095 0.29148309556954954
1629013186.638895512 -1.766792813837835 -1.6780598446269461 0.0 0.0 0.0 -0.9565759799108454 0.29148309497740316
1629013186.638895512 -1.76555594880484 -1.6797298749602683 0.0 0.0 0.0 -0.9565759616971146 0.2914831547503909
1629013186.538707733 -1.7423512850355458 -1.5867161226694795 0.0 0.0 0.0 -0.9751374037215258 0.22160109174650314
1629013186.638895512 -1.7417494335990304 -1.5860234133520448 0.0 0.0 0.0 -0.9751374108990247 0.22160106016250597
1629013187.039713860 -1.7414756410549843 -1.5852539779321297 0.0 0.0 0.0 -0.9751374104802913 0.22160106200510835
1629013187.039713860 -1.7416436659797083 -1.5842916755166894 0.0 0.0 0.0 -0.9751374053411861 0.22160108461932077
1629013186.638895512 -1.735684575591374 -1.5553371914596597 0.0 0.0 0.0 -0.9809512527312425 0.19425405984175975
1629013187.039713860 -1.7363174943239474 -1.5554840062326718 0.0 0.0 0.0 -0.9809512460778055 0.19425409344052644
1629013187.039713860 -1.570135459208992 -1.4537940017429511 0.0 0.0 0.0 -0.9939585364679859 0.10975621978921923
1629013187.039713860 -1.5687695270954576 -1.4550335950545303 0.0 0.0 0.0 -0.9939585326104325 0.10975625472343556
1629013187.039713860 -1.5687625767908795 -1.45504973215813 0.0 0.0 0.0 -0.993958531565971 0.10975626418213452
1629013187.039713860 -1.5694042973867257 -1.4544347578557675 0.0 0.0 0.0 -0.9939585304457492 0.1097562743269227
1629013188.142455101 -1.569800154776669 -1.454513103844754 0.0 0.0 0.0 -0.9939585292105205 0.10975628551321664
1629013188.142455101 -1.5692896052660426 -1.4543676051543302 0.0 0.0 0.0 -0.9939585320727239 0.10975625959295371
1629013188.142455101 -1.2573415266315922 -1.3762436460703467 0.0 0.0 0.0 -0.9965174149209266 0.08338490126703818
1629013188.142455101 -1.2568513874235259 -1.3757027881593835 0.0 0.0 0.0 -0.9965174117684741 0.08338493894140282
1629013188.542624950 -1.2575785955906154 -1.3759259045573604 0.0 0.0 0.0 -0.9965174124310862 0.08338493102265276
1629013188.642812967 -1.2575340792341667 -1.37696266435634 0.0 0.0 0.0 -0.9965174150590904 0.08338489961586824
1629013188.542624950 -1.34716900147845 -1.3898541145347658 0.0 0.0 0.0 -0.9993076263278337 0.037205751746615855
1629013188.642812967 -1.3475711743020078 -1.390220072027295 0.0 0.0 0.0 -0.9993076252380215 0.03720578101782065
1629013188.642812967 -1.4276130567577323 -1.4050651391724185 0.0 0.0 0.0 -0.9997451146884765 0.022576661766631836
1629013188.642812967 -1.4275902821747997 -1.4044448696643945 0.0 0.0 0.0 -0.9997451164820897 0.02257658234128429
1629013188.642812967 -1.426153414110124 -1.4044779258390712 0.0 0.0 0.0 -0.9997451158372431 0.022576610896617083
1629013188.642812967 -1.4274137930013333 -1.4036604575471665 0.0 0.0 0.0 -0.9997451164804875 0.02257658241223521
1629013189.150118589 -1.42744364413331 -1.4038581496124807 0.0 0.0 0.0 -0.999745116867162 0.02257656528935637
1629013189.243979216 -1.4270155474948212 -1.4035395453230133 0.0 0.0 0.0 -0.9997451162064979 0.022576594545148362
1629013189.150118589 -1.6214828053957548 -1.4058755481292144 0.0 0.0 0.0 0.998432341944405 0.05597194439547928
1629013189.346075773 -1.6206978457261747 -1.4041289713396843 0.0 0.0 0.0 0.9984323435363421 0.055971915998361356
1629013189.346075773 -1.7696236190139918 -1.4003012714646463 0.0 0.0 0.0 0.9962391323492461 0.08664635696912702
1629013189.346075773 -1.7692561525262371 -1.400238843184424 0.0 0.0 0.0 0.996239136585032 0.08664630826705731
1629013189.346075773 -1.7684127238412886 -1.3995128409219029 0.0 0.0 0.0 0.9962391365499974 0.08664630866987766
1629013189.945374012 -1.7675723699238899 -1.3986987906356707 0.0 0.0 0.0 0.996239134249457 0.08664633512095266
1629013189.945374012 -1.766586311038741 -1.3992532818144938 0.0 0.0 0.0 0.9962391336808827 0.08664634165828541
1629013189.945374012 -1.9978017258842975 -1.3348588221460516 0.0 0.0 0.0 0.9857713820171303 0.1680915893078441
1629013189.945374012 -1.996330804449045 -1.3351170034115214 0.0 0.0 0.0 0.9857713826926428 0.16809158534630841
1629013190.145747185 -1.9957517104067473 -1.3351010284634381 0.0 0.0 0.0 0.9857713855251624 0.1680915687350252
1629013190.145747185 -1.995038527855427 -1.3342005993428818 0.0 0.0 0.0 0.9857713826907873 0.1680915853571894
1629013190.145747185 -1.9947564239182227 -1.3348756660953316 0.0 0.0 0.0 0.9857713754208589 0.16809162799160457
1629013190.145747185 -2.085764503320079 -1.3072781024089333 0.0 0.0 0.0 0.9808145178492488 0.1949432778429295
1629013190.145747185 -2.0848315640335553 -1.3064696485746468 0.0 0.0 0.0 0.9808145125355875 0.1949433045774535
1629013190.145747185 -2.0848738640492592 -1.3064363194851638 0.0 0.0 0.0 0.9808145113659517 0.19494331046222
1629013190.446377039 -2.085081978389339 -1.3060318082593925 0.0 0.0 0.0 0.9808145038574192 0.19494334823975043
1629013190.446377039 -2.0833194333549447 -1.3057757727135308 0.0 0.0 0.0 0.9808144921676777 0.19494340705410002
1629013190.446377039 -2.146741404970892 -1.2521706215561135 0.0 0.0 0.0 0.971698633184392 0.23622397479422894
1629013190.446377039 -2.146988195240286 -1.2528012460936877 0.0 0.0 0.0 0.9716986319437827 0.23622397989742935
1629013190.446377039 -2.14580134258965 -1.2518338883438966 0.0 0.0 0.0 0.9716986295919489 0.2362239895716111
1629013190.446377039 -2.14575918326447 -1.2510271459199143 0.0 0.0 0.0 0.9716986294283901 0.23622399024440394
1629013190.446377039 -2.1447712594437767 -1.2509006720955094 0.0 0.0 0.0 0.971698618056686 0.23622403702148242
1629013191.448290825 -2.1446374035923665 -1.249830238267874 0.0 0.0 0.0 0.9716986242182929 0.23622401167594473
1629013191.548486233 -2.1443106967379477 -1.2498263056180534 0.0 0.0 0.0 0.9716986195946814 0.23622403069499637
1629013191.448290825 -2.2456381965357695 -1.132362348852726 0.0 0.0 0.0 0.9399521431843466 0.34130626792245355
1629013191.548486233 -2.244805342506383 -1.1313331035841552 0.0 0.0 0.0 0.9399521539852006 0.3413062381770684
1629013191.548486233 -2.266820080925692 -1.0768036233969231 0.0 0.0 0.0 0.9307277130280812 0.3657128985987748
1629013191.548486233 -2.2667385724340083 -1.0769248972216192 0.0 0.0 0.0 0.930727704912182 0.3657129192534796
1629013191.548486233 -2.26614907198052 -1.0763288119680792 0.0 0.0 0.0 0.9307276929966046 0.3657129495782424
1629013191.548486233 -2.2654643393084632 -1.0768712881335658 0.0 0.0 0.0 0.9307276872091842 0.3657129643070409
1629013191.949263096 -2.264634543307069 -1.0765163165610885 0.0 0.0 0.0 0.9307276739655173 0.365712998011744
1629013192.049455166 -2.264141976854853 -1.0777216239563814 0.0 0.0 0.0 0.9307277066201551 0.3657129149067428
1629013191.949263096 -2.3377804877839816 -0.9076372017300629 0.0 0.0 0.0 0.9025783944401975 0.43052554150683703
1629013192.249902725 -2.338599046997548 -0.9091749102033908 0.0 0.0 0.0 0.9025783820371641 0.43052556750926535
1629013192.249902725 -2.3367779401046014 -0.9092929463328894 0.0 0.0 0.0 0.9025783783016083 0.43052557534069785
1629013192.049455166 -2.359719156185206 -0.8572167040566532 0.0 0.0 0.0 0.8946151217616508 0.44683753637691037
1629013192.249902725 -2.359873591655845 -0.8567192540957101 0.0 0.0 0.0 0.8946151233043251 0.4468375332883162
1629013192.249902725 -2.4089630076348993 -0.7570073411608778 0.0 0.0 0.0 0.877768812480887 0.47908445167412134
1629013192.249902725 -2.408728475803156 -0.75666602925185 0.0 0.0 0.0 0.8777687931654494 0.4790844870634725
1629013192.249902725 -2.408753177972369 -0.7568132506611925 0.0 0.0 0.0 0.8777687910876952 0.4790844908702911
1629013192.249902725 -2.4085784806264487 -0.7580948042373412 0.0 0.0 0.0 0.8777687814483744 0.47908450853125684
1629013192.851044893 -2.4091523388913343 -0.7576242342478834 0.0 0.0 0.0 0.8777687788342589 0.47908451332078555
1629013193.051414251 -2.408406063861156 -0.7579329997574895 0.0 0.0 0.0 0.8777687774478282 0.4790845158609753
1629013193.051414251 -2.4096887332186645 -0.7577806256805604 0.0 0.0 0.0 0.877768802777108 0.4790844694531877
1629013193.051414251 -2.4101818768765666 -0.7565993464154179 0.0 0.0 0.0 0.877768800788394 0.47908447309686897
1629013193.051414251 -2.41192388147292 -0.7570854938476776 0.0 0.0 0.0 0.877768788551965 0.479084495516204
1629013193.151612282 -2.4117658410242067 -0.7569869213514705 0.0 0.0 0.0 0.8777688062948636 0.4790844630080275
1629013193.251803398 -2.412417473913871 -0.7573781617229591 0.0 0.0 0.0 0.8777688110651227 0.4790844542680559
1629013193.251803398 -2.413022350752514 -0.7578821812179157 0.0 0.0 0.0 0.8777688074212616 0.47908446094426416
1629013192.851044893 -2.503605169225799 -0.49098245921649597 0.0 0.0 0.0 0.8216499420348095 0.569992432190283
1629013193.051414251 -2.560899498903113 -0.34165518376536697 0.0 0.0 0.0 0.7972672453058061 0.6036264901099782
1629013193.151612282 -2.581269873493902 -0.27526712373061113 0.0 0.0 0.0 0.7856413790558576 0.6186821667990845
1629013193.251803398 -2.5986304811793497 -0.21534905406883642 0.0 0.0 0.0 0.7731958079228587 0.6341673616723883
1629013193.354059696 -2.5983798187908103 -0.21504432102746743 0.0 0.0 0.0 0.773195836443874 0.6341673268987121
1629013193.354059696 -2.598645829985556 -0.215205255959195 0.0 0.0 0.0 0.7731958434729905 0.6341673183286023
1629013193.354059696 -2.5997713386400436 -0.21573015786892694 0.0 0.0 0.0 0.7731958182731198 0.6341673490530404
1629013193.354059696 -2.613411337279672 -0.1515722434067599 0.0 0.0 0.0 0.7610678593988429 0.6486722696324109
1629013193.452210426 -2.613051214299381 -0.15231534680689715 0.0 0.0 0.0 0.7610678464267067 0.6486722848522317
1629013193.452210426 -2.6245542029396174 -0.09345771402160757 0.0 0.0 0.0 0.7480957581161194 0.6635907900872862
1629013193.552470684 -2.624808361958528 -0.09359592134961077 0.0 0.0 0.0 0.7480957818910137 0.663590763284777
1629013193.552470684 -2.6240479058146744 -0.09352792992553174 0.0 0.0 0.0 0.7480957779358194 0.6635907677436457
1629013193.552470684 -2.634178967114896 -0.030306622706495284 0.0 0.0 0.0 0.7350889185193288 0.6779707087109912
1629013193.552470684 -2.634145447014292 -0.03050902578416051 0.0 0.0 0.0 0.7350889138593437 0.6779707137635742
1629013193.552470684 -2.633737704718796 -0.030034804895408215 0.0 0.0 0.0 0.7350888851848472 0.6779707448538606
1629013193.552470684 -2.63303725017006 -0.0285563671533171 0.0 0.0 0.0 0.7350889138577594 0.677970713765292
1629013194.253760338 -2.6336617210032918 -0.0281577744283251 0.0 0.0 0.0 0.7350889173724089 0.6779707099545377
1629013194.253760338 -2.6335159452570753 -0.027791258612024226 0.0 0.0 0.0 0.7350889028674435 0.6779707256815283
1629013194.253760338 -2.6339771378148114 -0.02786902904179557 0.0 0.0 0.0 0.735088878859212 0.677970751712422
1629013194.554497957 -2.6333657378251254 -0.027496732845254904 0.0 0.0 0.0 0.7350888820286793 0.6779707482759315
1629013194.554497957 -2.633448156082401 -0.027962085026632246 0.0 0.0 0.0 0.735088898854547 0.6779707300325063
1629013194.554497957 -2.6339323972084365 -0.02742107944380991 0.0 0.0 0.0 0.7350888996416794 0.677970729179059
1629013194.554497957 -2.6339630863935732 -0.0275176377586768 0.0 0.0 0.0 0.7350889173169493 0.6779707100146698
1629013194.554497957 -2.6342667556890866 -0.02777581634179953 0.0 0.0 0.0 0.7350889295223615 0.6779706967809661
1629013194.854950905 -2.6338611778490715 -0.027513626132429508 0.0 0.0 0.0 0.7350889075912177 0.6779707205597821
1629013194.854950905 -2.634214548140652 -0.027534283371631278 0.0 0.0 0.0 0.7350889141354673 0.6779707134641877
1629013197.259631634 -2.632960108080243 -0.027097296574725992 0.0 0.0 0.0 0.7350889379568945 0.6779706876358336
1629013197.259631634 -2.6336786115044917 -0.02901778496386402 0.0 0.0 0.0 0.7350889303304659 0.6779706959047799
1629013197.259631634 -2.6336369547160614 -0.029585233385976895 0.0 0.0 0.0 0.7350889339185623 0.6779706920143904
1629013197.359828949 -2.6336759209697003 -0.02950664406798558 0.0 0.0 0.0 0.7350889389016975 0.6779706866114319
1629013194.253760338 -2.6634997877668907 0.07256727578145877 0.0 0.0 0.0 0.6827103347243272 0.7306891260040737
1629013194.554497957 -2.678961669579865 0.2559224772966658 0.0 0.0 0.0 0.6365160682214032 0.7712634406582267
1629013194.854950905 -2.6455639605132864 0.4458987095141299 0.0 0.0 0.0 0.5870599877609923 0.8095434335290871
1629013195.957142353 -2.497774786918455 0.7055601202097433 0.0 0.0 0.0 0.5005268342627107 0.865721022144518
1629013196.458153248 -2.3499351982011945 0.9786940598551641 0.0 0.0 0.0 0.4035581429638624 0.9149540017113204
1629013197.259631634 -2.1541383643067626 1.246788009397408 0.0 0.0 0.0 0.2513076982625722 0.9679072480325622
1629013197.359828949 -1.8938220260346121 1.4479426188378561 0.0 0.0 0.0 0.14316210441302535 0.9896992532380905
1629013197.359828949 -1.8935874547745442 1.4473088988879708 0.0 0.0 0.0 0.14316208425682167 0.9896992561537281
1629013197.359828949 -1.894377682936854 1.4487432584697142 0.0 0.0 0.0 0.1431621075332679 0.9896992527867408
1629013197.359828949 -1.8949308399772977 1.4481187545258787 0.0 0.0 0.0 0.1431620909884301 0.9896992551799867
1629013197.359828949 -1.8946870500407307 1.4486464902816136 0.0 0.0 0.0 0.14316212583076693 0.9896992501399684
1629013197.760605812 -1.8952249383018727 1.4487525835758945 0.0 0.0 0.0 0.14316213945055128 0.9896992481698371
1629013197.760605812 -1.894605492460981 1.4485480739787842 0.0 0.0 0.0 0.14316215999926934 0.9896992451974204
1629013197.760605812 -1.8940509103092418 1.4490919461674105 0.0 0.0 0.0 0.14316216541239468 0.9896992444143999
1629013197.760605812 -1.894091207253004 1.4487645746575948 0.0 0.0 0.0 0.14316217334275355 0.9896992432672561
1629013198.161396980 -1.8948521755156194 1.450457255152644 0.0 0.0 0.0 0.14316221951842853 0.989699236587842
1629013198.161396980 -1.8943946737796395 1.4504315251997848 0.0 0.0 0.0 0.14316228091898595 0.9896992277061114
1629013198.161396980 -1.8933965846350997 1.4515710959443935 0.0 0.0 0.0 0.14316224335783675 0.9896992331394178
1629013198.161396980 -1.8936960604206063 1.4509428242381257 0.0 0.0 0.0 0.14316226287401432 0.9896992303163581
1629013198.161396980 -1.893965383182293 1.4514336118506628 0.0 0.0 0.0 0.14316226395471207 0.9896992301600327
1629013198.562168837 -1.8939034635046983 1.4509677232479665 0.0 0.0 0.0 0.14316222251233138 0.9896992361547672
1629013206.377456665 -1.8938378644417795 1.450989589727154 0.0 0.0 0.0 0.14316225271957406 0.9896992317852211
1629013206.477707386 -1.8942915396089774 1.450937029730171 0.0 0.0 0.0 0.14316225251376485 0.9896992318149919
1629013206.477707386 -1.8948658460415104 1.4515542487901862 0.0 0.0 0.0 0.14316223410804624 0.9896992344774209
1629013207.078907251 -1.8953855557727781 1.4519166248370932 0.0 0.0 0.0 0.1431622432316178 0.9896992331576756
1629013207.379912376 -1.8947951929557951 1.4520894355063332 0.0 0.0 0.0 0.14316226008346591 0.9896992307200173
1629013207.379912376 -1.8951730703442695 1.4524827252387766 0.0 0.0 0.0 0.1431622485414128 0.9896992323896017
1629013207.580000401 -1.895673573051559 1.4534423142337067 0.0 0.0 0.0 0.14316220724759632 0.9896992383628453
1629013207.580000401 -1.8967806666293447 1.4539940256663701 0.0 0.0 0.0 0.14316221907938162 0.9896992366513512
1629013197.760605812 -1.6287730571349763 1.5490809840273327 0.0 0.0 0.0 0.05819756075831201 0.9983050855934685
1629013198.161396980 -1.3585610366222773 1.5754699090317006 0.0 0.0 0.0 -0.02900695293448938 0.9995792098085355
1629013198.562168837 -1.0642790354530338 1.5699560615941153 0.0 0.0 0.0 -0.11458316709377818 0.9934136589652668
1629013199.163362503 -0.6855855758232151 1.4166542789241177 0.0 0.0 0.0 -0.21525229216721084 0.976558472758678
1629013199.263733149 -0.45144086782718007 1.4349207873057555 0.0 0.0 0.0 -0.2568263775776918 0.9664575581888327
1629013199.363727808 -0.37621417877396224 1.4130269783899287 0.0 0.0 0.0 -0.2563258313307044 0.966590434565035
1629013199.865200996 -0.05299277924981779 1.2544219314722838 0.0 0.0 0.0 -0.2166773224163201 0.9762432780564966
1629013200.065204859 0.08205631086474877 1.2040188248725565 0.0 0.0 0.0 -0.18721545194229489 0.9823188762077426
1629013200.767469406 0.437297550088814 1.061528751687674 0.0 0.0 0.0 -0.09527334828136622 0.9954511485287751
1629013201.067073822 0.6166029683335237 1.039784543893209 0.0 0.0 0.0 -0.057629964391735504 0.9983380125008801
1629013201.267458916 0.7128394870366379 1.0264307836747146 0.0 0.0 0.0 -0.03617352167013034 0.9993455239955701
1629013207.580000401 0.7127578095197531 1.0262978176597068 0.0 0.0 0.0 -0.03617354184366211 0.9993455232653443
1629013207.580000401 0.7130320267575774 1.0258235718003406 0.0 0.0 0.0 -0.03617353459650585 0.9993455235276713
1629013208.080886364 0.7133059216755944 1.0258207073366061 0.0 0.0 0.0 -0.03617348320580869 0.9993455253878706
1629013208.080886364 0.7134228690869727 1.0250283770842885 0.0 0.0 0.0 -0.036173443424491004 0.9993455268278411
1629013208.080886364 0.7128353315452998 1.023679150936005 0.0 0.0 0.0 -0.036173510220291596 0.9993455244100223
1629013208.080886364 3.0257130087027737 0.5212099615259604 0.0 0.0 0.0 0.009144640838168117 0.9999581868978027
1629013208.481552601 3.025399969213355 0.5220585071979151 0.0 0.0 0.0 0.009144650481732608 0.999958186809612
1629013208.481552601 3.0257243643386493 0.5208129455072732 0.0 0.0 0.0 0.009144676558580525 0.9999581865711381
1629013208.481552601 3.1937923286630334 0.5340502059064343 0.0 0.0 0.0 0.06695353028340909 0.9977560948361021
1629013208.481552601 3.1941743618461786 0.5347490043221403 0.0 0.0 0.0 0.06695352306465178 0.9977560953205102
1629013208.481552601 3.1928973161011114 0.5344386761064814 0.0 0.0 0.0 0.0669534991714959 0.9977560969238386
1629013208.481552601 3.194630062140815 0.535318695080131 0.0 0.0 0.0 0.0669535048376062 0.9977560965436195
1629013209.383306265 3.192946575429819 0.5360499768063088 0.0 0.0 0.0 0.06695349176410156 0.997756097420905
1629013209.483502388 3.192256043480273 0.535755734491514 0.0 0.0 0.0 0.06695347143231682 0.9977560987852502
1629013209.383306265 3.3619244177902345 0.5456253262992797 0.0 0.0 0.0 0.17757463281986838 0.9841073365130903
1629013209.784077168 3.3603680071278546 0.5444779274907943 0.0 0.0 0.0 0.17757465051025506 0.9841073333209954
1629013209.483502388 3.4770606244955373 0.5008323720917276 0.0 0.0 0.0 0.2509350966442551 0.9680039138723243
1629013209.784077168 3.475948282082809 0.5013480138262253 0.0 0.0 0.0 0.250935125106265 0.9680039064941335
1629013209.986763000 3.475661384373904 0.5022689313892814 0.0 0.0 0.0 0.2509350764192338 0.9680039191152447
1629013209.784077168 3.541412944469436 0.5369565359389603 0.0 0.0 0.0 0.2955546060656111 0.9553258474643097
1629013209.986763000 3.5406127959902682 0.5357792188838969 0.0 0.0 0.0 0.29555462148972206 0.9553258426924643
1629013209.986763000 3.5965176249176563 0.5871354155165552 0.0 0.0 0.0 0.32455042203709106 0.945868396530694
1629013209.986763000 3.5961367008874245 0.5882399046288542 0.0 0.0 0.0 0.32455037154847416 0.9458684138545632
1629013210.385328293 3.595364871636022 0.5876366350427384 0.0 0.0 0.0 0.3245503576584951 0.9458684186205515
1629013210.385328293 3.5950650539281357 0.5890618272546324 0.0 0.0 0.0 0.3245503738545673 0.9458684130632868
1629013210.385328293 3.6882622326301555 0.6858579707131771 0.0 0.0 0.0 0.3806254509248619 0.9247292934195637
1629013210.385328293 3.687498044440684 0.6864760348760862 0.0 0.0 0.0 0.38062546629395244 0.9247292870935316
1629013210.786072731 3.687492436803876 0.686649964815827 0.0 0.0 0.0 0.3806254490357537 0.9247292941971347
1629013210.786072731 3.7757031118094657 0.8083832873008607 0.0 0.0 0.0 0.4416356234566887 0.8971945029334619
1629013210.786072731 3.774686843160259 0.8078697279382189 0.0 0.0 0.0 0.4416355499092329 0.8971945391365072
1629013210.786072731 3.7749684331759776 0.8070676287533799 0.0 0.0 0.0 0.44163557061314096 0.8971945289452034
1629013210.786072731 3.7749717861855 0.8077726693033753 0.0 0.0 0.0 0.4416355806170287 0.8971945240208836
1629013211.487395525 3.7749060351768877 0.8073544621303954 0.0 0.0 0.0 0.4416355880314218 0.8971945203712183
1629013211.687815666 3.7757673704997488 0.8070307220870329 0.0 0.0 0.0 0.4416355668783044 0.8971945307836415
1629013211.487395525 3.944941584001924 1.08783630524121 0.0 0.0 0.0 0.5439226921328276 0.8391353317451109
1629013211.687815666 3.9454515417149425 1.0884133424328648 0.0 0.0 0.0 0.5439226813677651 0.8391353387229623
1629013211.687815666 4.059899174352022 1.3122414544257728 0.0 0.0 0.0 0.6002889008968947 0.7997832427976959
1629013211.687815666 4.060868003913284 1.3120402265187134 0.0 0.0 0.0 0.6002889472282037 0.7997832080230585
1629013212.089605808 4.060092648609869 1.3121106017108723 0.0 0.0 0.0 0.6002889508007665 0.7997832053416194
1629013212.389182568 4.059251861144338 1.3120203077960186 0.0 0.0 0.0 0.6002889743899932 0.7997831876363807
1629013212.089605808 4.09922201038149 1.515297104843643 0.0 0.0 0.0 0.6548001756324117 0.7558020441833714
1629013212.489371300 4.098953526968606 1.5172290102227743 0.0 0.0 0.0 0.6548001621795196 0.7558020558384813
1629013212.489371300 4.117358223021322 1.7556027387874835 0.0 0.0 0.0 0.6786362246163101 0.7344745568353753
1629013212.790127516 4.1190105509740995 1.7550862540259955 0.0 0.0 0.0 0.6786362570400685 0.7344745268766277
1629013212.790127516 4.118679195438803 1.7542945413755155 0.0 0.0 0.0 0.6786362723135975 0.7344745127642651
1629013212.790127516 4.1246843678649565 1.9392758152403033 0.0 0.0 0.0 0.668739220199828 0.7434970446252802
1629013212.790127516 4.125604438310667 1.9391667112972621 0.0 0.0 0.0 0.6687392434078004 0.7434970237508437
1629013213.491334200 4.125204349059863 1.938886454661334 0.0 0.0 0.0 0.668739220154204 0.7434970446663168
1629013213.491334200 4.125920051234763 1.9387189631096384 0.0 0.0 0.0 0.6687392264464966 0.7434970390067073
1629013213.491334200 4.107061196854682 2.2001042362396537 0.0 0.0 0.0 0.6215972688593069 0.7833369870921777
1629013213.691732168 4.1081057624927935 2.1996663978185538 0.0 0.0 0.0 0.621597296301928 0.7833369653157786
1629013213.892106056 4.1082388722911105 2.1997322452050163 0.0 0.0 0.0 0.6215972637807786 0.7833369911221154
1629013213.691732168 4.1131088417285016 2.298266785162272 0.0 0.0 0.0 0.5958627691371209 0.8030862720506696
1629013213.992370605 4.113167592879215 2.298531520659748 0.0 0.0 0.0 0.5958627696578036 0.8030862716643408
1629013214.192687035 4.113485207541742 2.299119184397845 0.0 0.0 0.0 0.5958627684726954 0.8030862725436508
1629013213.992370605 4.171691631122747 2.4674434490556405 0.0 0.0 0.0 0.5556447302230803 0.8314198300349351
1629013214.394271851 4.172521707388321 2.4675231768060253 0.0 0.0 0.0 0.5556446928337577 0.8314198550225266
1629013214.192687035 4.172937039050424 2.542327832237794 0.0 0.0 0.0 0.5282887098703615 0.8490648026054954
1629013214.793873310 4.172360610496925 2.542081281658342 0.0 0.0 0.0 0.5282887155569606 0.8490647990672896
1629013214.394271851 4.184055785456812 2.6086299383042273 0.0 0.0 0.0 0.5006042798215994 0.8656762414576814
1629013214.793873310 4.18263999925664 2.60828483032304 0.0 0.0 0.0 0.5006043006402502 0.8656762294186471
1629013214.793873310 4.156935924481586 2.6943104658591492 0.0 0.0 0.0 0.4474185399752357 0.8943246894089576
1629013215.094453812 4.157035584670316 2.694314666489901 0.0 0.0 0.0 0.4474185368650334 0.8943246909649497
1629013215.094453812 4.1583836738284985 2.6944728791523787 0.0 0.0 0.0 0.44741846917573963 0.8943247248289838
1629013215.094453812 4.146910625861107 2.7503902029506087 0.0 0.0 0.0 0.4040413108347315 0.9147407387554967
1629013215.094453812 4.14708083737521 2.7512613181561676 0.0 0.0 0.0 0.40404130650462394 0.9147407406681067
1629013215.595432520 4.148068132283261 2.750241855243654 0.0 0.0 0.0 0.40404130335488864 0.914740742059346
1629013215.695641518 4.147336450180415 2.7510466594028538 0.0 0.0 0.0 0.40404127359960024 0.9147407552022666
1629013215.595432520 4.131987057100462 2.8005114602986207 0.0 0.0 0.0 0.3309211688870175 0.9436584021680992
1629013215.795802355 4.131946767233891 2.800313181497057 0.0 0.0 0.0 0.3309211512024942 0.9436584083696896
1629013215.695641518 4.128837824954682 2.804206440234384 0.0 0.0 0.0 0.3145271481766349 0.9492484780392714
1629013215.795802355 4.1293332056263905 2.8047107864936702 0.0 0.0 0.0 0.3145271602069323 0.9492484740531126
1629013215.795802355 4.128597177450585 2.803848107517838 0.0 0.0 0.0 0.31452719343386026 0.9492484630435907
1629013215.795802355 4.131419492333215 2.799318345514676 0.0 0.0 0.0 0.2988763459912669 0.9542918472914397
1629013215.996199131 4.131714781849193 2.799520591621766 0.0 0.0 0.0 0.29887634261021406 0.9542918483503576
1629013215.996199131 4.174646416538361 2.840494080548455 0.0 0.0 0.0 0.2662102876898962 0.9639149769186403
1629013216.196589470 4.174433087400309 2.8408951212998432 0.0 0.0 0.0 0.2662102805303831 0.9639149788959267
1629013216.497184753 4.174665147451656 2.839926843161929 0.0 0.0 0.0 0.2662102789336474 0.9639149793369068
1629013216.196589470 4.264589848747755 2.896162963205133 0.0 0.0 0.0 0.233354101204769 0.9723918260921954
1629013216.597385406 4.264478066174382 2.8962650884579832 0.0 0.0 0.0 0.23335407876264022 0.9723918314778459
1629013216.597385406 4.265398183278077 2.8965488203836087 0.0 0.0 0.0 0.23335415567795295 0.9723918130197465
1629013216.497184753 4.394196589789282 2.9574954077770776 0.0 0.0 0.0 0.1825548459802285 0.9831956713742871
1629013216.597385406 4.3950013049809264 2.9582145096459684 0.0 0.0 0.0 0.1825548315948042 0.9831956740453004
1629013216.597385406 4.440046323101805 2.9791532975903436 0.0 0.0 0.0 0.16548132125988324 0.9862129244306643
1629013216.597385406 4.440812564773307 2.9793674455954435 0.0 0.0 0.0 0.1654813444540295 0.9862129205388088
1629013216.597385406 4.440480407223987 2.9790181546995704 0.0 0.0 0.0 0.16548138719891042 0.9862129133664416
1629013217.098364115 4.440173072977014 2.979616604158893 0.0 0.0 0.0 0.16548140007545392 0.9862129112058245
1629013217.098364115 4.439097952257855 2.9791741893660535 0.0 0.0 0.0 0.16548139364913014 0.9862129122841282
1629013217.098364115 4.596614331429729 3.005557291130142 0.0 0.0 0.0 0.08648276144531697 0.9962533472831057
1629013217.499140263 4.596277625249301 3.00469836796569 0.0 0.0 0.0 0.08648272210025454 0.9962533506985711
1629013217.599331856 4.5968068395850485 3.0040578378211755 0.0 0.0 0.0 0.08648269224370943 0.9962533532903565
1629013217.599331856 4.596498437415159 3.003862213087782 0.0 0.0 0.0 0.08648269987832523 0.9962533526276113
1629013217.599331856 4.596408408858035 3.003924267755305 0.0 0.0 0.0 0.0864827556713684 0.9962533477843306
1629013217.499140263 4.812331333863736 3.0415763070651867 0.0 0.0 0.0 0.01594613274190948 0.9998728523420253
1629013217.799716949 4.812290912382458 3.0412373243091664 0.0 0.0 0.0 0.01594610354081928 0.9998728528077285
1629013217.799716949 4.81272000691226 3.041902243523089 0.0 0.0 0.0 0.015946141390685543 0.9998728522040932
1629013217.599331856 4.883617842003862 3.0415742493172613 0.0 0.0 0.0 -0.002708264444334892 0.999996332645125
1629013217.799716949 4.883419115286812 3.04199917058782 0.0 0.0 0.0 -0.0027082557683731673 0.9999963326686219
1629013217.799716949 4.882338605963347 3.0419875564835936 0.0 0.0 0.0 -0.0027082271782913558 0.999996332746051
1629013217.799716949 4.998302727709743 3.0415137670016423 0.0 0.0 0.0 -0.0408245209615163 0.9991663317427498
1629013218.100379467 4.9988531036827695 3.041389250647411 0.0 0.0 0.0 -0.040824545776161715 0.9991663307288582
1629013218.100379467 4.999438713192042 3.0419505120350627 0.0 0.0 0.0 -0.040824552895020134 0.9991663304379915
1629013218.200509548 4.999232746847978 3.0415397981835994 0.0 0.0 0.0 -0.04082452540161587 0.9991663315613336
1629013218.100379467 5.204000899432415 3.037599142609177 0.0 0.0 0.0 -0.09873122178768345 0.9951141370939874
1629013218.200509548 5.204153703635727 3.0373106942817802 0.0 0.0 0.0 -0.09873120971023452 0.9951141382922633
1629013218.200509548 5.291758559080178 3.0549216651864683 0.0 0.0 0.0 -0.11833074635078575 0.9929742365580619
1629013218.200509548 5.291017538825416 3.054486344030223 0.0 0.0 0.0 -0.11833080023043203 0.9929742301373312
1629013218.200509548 5.290897904640941 3.055122103319766 0.0 0.0 0.0 -0.11833077570943339 0.9929742330594504
1629013218.200509548 5.290875796766103 3.054845390732996 0.0 0.0 0.0 -0.11833075407724415 0.9929742356373154
1629013219.406359673 5.291817268851894 3.0551957640923955 0.0 0.0 0.0 -0.11833076436005018 0.9929742344119339
1629013219.406359673 5.501463354231533 3.0194689182529344 0.0 0.0 0.0 -0.1600342114165545 0.987111468465584
1629013219.503051281 5.503042612970006 3.019879288403996 0.0 0.0 0.0 -0.16003418834803884 0.9871114722055379
1629013219.503051281 5.503606954844838 3.020121419582981 0.0 0.0 0.0 -0.16003417943662418 0.9871114736502896
1629013219.503051281 5.568746791561773 2.999754065375567 0.0 0.0 0.0 -0.1800537013694138 0.9836567819230313
1629013219.503051281 5.567279331784074 2.9995997542846395 0.0 0.0 0.0 -0.18005367893892657 0.9836567860288252
1629013219.804655790 5.567295578795969 2.99998176078198 0.0 0.0 0.0 -0.18005362433584654 0.9836567960236567
1629013219.804655790 5.749335368231822 2.9338799864664167 0.0 0.0 0.0 -0.238132415914437 0.9712326973958164
1629013219.804655790 5.749976048376471 2.934636195748252 0.0 0.0 0.0 -0.23813245005161982 0.9712326890258651
1629013219.804655790 5.7494402122433375 2.9348571645325063 0.0 0.0 0.0 -0.23813250193126972 0.9712326763057109
1629013220.204417229 5.749710414339804 2.933557453012005 0.0 0.0 0.0 -0.2381324640224891 0.9712326856004064
1629013220.204417229 5.973435826801486 2.8233510263771597 0.0 0.0 0.0 -0.3011863557830394 0.9535652988076551
1629013220.204417229 5.973862055645232 2.821954840721218 0.0 0.0 0.0 -0.3011863751062711 0.9535652927043562
1629013220.204417229 5.973552589609149 2.82186184352182 0.0 0.0 0.0 -0.3011863910101994 0.953565287681054
1629013220.204417229 5.973184233904565 2.8207311884425224 0.0 0.0 0.0 -0.30118634822693907 0.9535653011942711
1629013220.204417229 5.9724624760215255 2.8193774799772715 0.0 0.0 0.0 -0.30118635914031816 0.9535652977472489
1629013220.806005239 5.972455091446265 2.819343245074198 0.0 0.0 0.0 -0.30118634735589755 0.9535653014693921
1629013220.806005239 5.972739992513379 2.819852540924135 0.0 0.0 0.0 -0.3011863542790259 0.9535652992827021
1629013220.806005239 6.2625303333529985 2.7312522319808363 0.0 0.0 0.0 -0.2873455592299307 0.9578269831189965
1629013220.806005239 6.262297721607483 2.731818688474412 0.0 0.0 0.0 -0.2873455799867725 0.9578269768919987
1629013220.806005239 6.262413012595055 2.732003657348527 0.0 0.0 0.0 -0.28734558748591904 0.9578269746422744
1629013221.106210232 6.263195274570337 2.7313846536110993 0.0 0.0 0.0 -0.2873455511969731 0.9578269855288625
1629013221.106210232 6.316542403833316 2.706538238553971 0.0 0.0 0.0 -0.27694169181247724 0.960886725548877
1629013221.106210232 6.317203166166382 2.7074510419318836 0.0 0.0 0.0 -0.27694165365584433 0.9608867365461792
1629013221.106210232 6.316492998893885 2.707110204241077 0.0 0.0 0.0 -0.27694161921033994 0.9608867464738782
1629013221.406772852 6.315891697943681 2.7079027503814252 0.0 0.0 0.0 -0.2769415987126882 0.960886752381601
1629013221.406772852 6.3149919819260045 2.70871825104858 0.0 0.0 0.0 -0.27694158672092206 0.9608867558378031
1629013221.406772852 6.313853698618405 2.7072532212788167 0.0 0.0 0.0 -0.2769415851518373 0.9608867562900363
1629013221.406772852 6.274711012920211 2.7271654659084312 0.0 0.0 0.0 -0.2903069313414407 0.9569335847461494
1629013221.607167244 6.27555456007993 2.727889928295155 0.0 0.0 0.0 -0.29030697441003145 0.9569335716803405
1629013221.607167244 6.200013565800128 2.7625626169461577 0.0 0.0 0.0 -0.3125348197066457 0.9499063040484227
1629013221.707352638 6.198485966411504 2.7636291471136913 0.0 0.0 0.0 -0.3125348468983445 0.9499062951019055
1629013221.707352638 6.1572642270973414 2.7893659346517548 0.0 0.0 0.0 -0.3256054802773534 0.9455057224646258
1629013221.807577133 6.1587009903507415 2.788683776583908 0.0 0.0 0.0 -0.32560544016071163 0.9455057362796638
1629013221.807577133 6.1052811979409425 2.818492275999382 0.0 0.0 0.0 -0.34168936736373684 0.9398129474691064
1629013221.907737732 6.105688585956989 2.8177842187768833 0.0 0.0 0.0 -0.34168938216793693 0.9398129420867184
1629013221.907737732 6.052150408090601 2.8387047045050435 0.0 0.0 0.0 -0.3580979980631344 0.9336840063871584
1629013221.907737732 6.051707183867754 2.8389036604988203 0.0 0.0 0.0 -0.35809797494133266 0.9336840152551166
1629013221.907737732 6.051946915846864 2.8397318826569786 0.0 0.0 0.0 -0.35809797728594384 0.9336840143558824
1629013221.907737732 6.052668987540768 2.8400492726338076 0.0 0.0 0.0 -0.35809793961016617 0.9336840288057592
1629013221.907737732 6.0516452732851915 2.8398003850048315 0.0 0.0 0.0 -0.3580979638029395 0.9336840195270499
1629013223.711259842 6.051671203536847 2.8381736235828643 0.0 0.0 0.0 -0.3580979536452285 0.9336840234228599
1629013223.911646843 6.051648324610214 2.838035442180959 0.0 0.0 0.0 -0.35809797858127734 0.9336840138590802
1629013223.911646843 6.051383139266627 2.838470852192382 0.0 0.0 0.0 -0.35809799492723066 0.9336840075898789
1629013224.012077093 6.0507898400658435 2.838071098604637 0.0 0.0 0.0 -0.3580979882585108 0.9336840101475485
1629013224.212237358 6.050602839877492 2.837803747539079 0.0 0.0 0.0 -0.35809799540399506 0.9336840074070244
1629013224.212237358 6.051129994771944 2.838010548793967 0.0 0.0 0.0 -0.35809799736127945 0.9336840066563425
1629013224.212237358 6.0507464627026355 2.8376974378702866 0.0 0.0 0.0 -0.3580979686656514 0.9336840176620429
1629013224.212237358 6.051827339601297 2.837504190502158 0.0 0.0 0.0 -0.35809794592379024 0.9336840263842807
1629013224.212237358 6.051232792851693 2.8372054803995415 0.0 0.0 0.0 -0.3580979587339155 0.9336840214711843
1629013224.813429356 6.050242255670635 2.836495988437275 0.0 0.0 0.0 -0.35809795940407196 0.9336840212141577
1629013224.813429356 6.050382654438725 2.835995456169764 0.0 0.0 0.0 -0.35809797225864404 0.9336840162840143
1629013224.813429356 6.0508952218062495 2.8364550933183965 0.0 0.0 0.0 -0.35809791877993147 0.9336840367948258
1629013224.813429356 6.049163211083415 2.835982035517425 0.0 0.0 0.0 -0.35809792893258485 0.9336840329009559
1629013225.014685154 6.048904346651599 2.837200522657764 0.0 0.0 0.0 -0.35809786515352476 0.9336840573622792
1629013225.114006281 6.04926037680633 2.8379389659495553 0.0 0.0 0.0 -0.35809785247679804 0.9336840622242115
1629013226.618190289 6.04890025919729 2.8365959714614797 0.0 0.0 0.0 -0.35809784774992454 0.9336840640371195
1629013226.817325592 6.04878180265083 2.837088694780423 0.0 0.0 0.0 -0.3580978122090858 0.9336840776681726
1629013226.917517185 6.04908521554175 2.836395002431935 0.0 0.0 0.0 -0.3580978133001848 0.9336840772497011
1629013226.917517185 6.04896344990755 2.835898284765589 0.0 0.0 0.0 -0.35809779753558624 0.9336840832959306
1629013226.917517185 6.0489564958724165 2.8350575778810114 0.0 0.0 0.0 -0.35809779154772936 0.9336840855924657
1629013227.318311214 6.049404375304666 2.834651611400474 0.0 0.0 0.0 -0.3580977865750905 0.9336840874996323
1629013227.418504953 6.047980385381519 2.8343075280802728 0.0 0.0 0.0 -0.3580977850609878 0.9336840880803392
1629013227.418504953 6.0481912751685085 2.8336486666562837 0.0 0.0 0.0 -0.3580978103936273 0.9336840783644593
1629013227.618903399 6.047417364697235 2.8347079548910936 0.0 0.0 0.0 -0.35809784985039295 0.9336840632315223
1629013227.618903399 6.046586558057987 2.834111525108395 0.0 0.0 0.0 -0.35809780963874005 0.9336840786539827
1629013227.819284201 6.046326149752826 2.834252656436094 0.0 0.0 0.0 -0.3580977941484729 0.9336840845949972
1629013227.819284201 6.045605665517492 2.8340621132393027 0.0 0.0 0.0 -0.35809787058972414 0.9336840552773219
1629013235.534484386 6.045272191504018 2.8335737384651236 0.0 0.0 0.0 -0.35809787957975 0.9336840518293578
1629013235.534484386 6.044359601870222 2.833564890332063 0.0 0.0 0.0 -0.3580978196252102 0.9336840748238509
1629013235.534484386 6.043177926384579 2.833838159009007 0.0 0.0 0.0 -0.35809784909402614 0.9336840635216134
1629013236.035361052 6.042792023848642 2.833909119358698 0.0 0.0 0.0 -0.3580978763962925 0.9336840530503162
1629013236.035361052 6.0425224913329245 2.8331167559340127 0.0 0.0 0.0 -0.3580978742922888 0.9336840538572693
1629013236.035361052 6.043527526213633 2.8317647000323802 0.0 0.0 0.0 -0.35809792709091104 0.9336840336072972
1629013239.542208195 6.042832161813822 2.8316769202549446 0.0 0.0 0.0 -0.35809790514970236 0.9336840420224578
1629013223.711259842 5.876130525571278 2.8630387140979243 0.0 0.0 0.0 -0.3990804106004443 0.9169159317380088
1629013223.911646843 5.760638654261502 2.929238390718939 0.0 0.0 0.0 -0.43670182957644443 0.8996063094735308
1629013224.012077093 5.72326560201271 2.9879797179191074 0.0 0.0 0.0 -0.4563522892969649 0.889799184115955
1629013224.212237358 5.658068081462869 3.0518038726263286 0.0 0.0 0.0 -0.49171443424504324 0.8707565188702735
1629013224.813429356 5.468940702524077 3.237257541095946 0.0 0.0 0.0 -0.49575949689789794 0.8684598558572199
1629013225.014685154 5.382938339392637 3.3691261813367492 0.0 0.0 0.0 -0.4750455980964797 0.8799611808080842
1629013225.114006281 5.338379852833238 3.4331796502516956 0.0 0.0 0.0 -0.463045084243632 0.8863347279430089
1629013225.314388275 5.255402831966811 3.532335140089056 0.0 0.0 0.0 -0.4359292080735905 0.8999809584365284
1629013225.514781952 5.15691080051291 3.6486657045307735 0.0 0.0 0.0 -0.40699212309820637 0.9134316677978788
1629013225.614995480 5.110486098568406 3.7006775077862097 0.0 0.0 0.0 -0.391607302030606 0.920132447529327
1629013225.715173721 5.0655395006887955 3.737894292553302 0.0 0.0 0.0 -0.3741402301008343 0.9273721411710052
1629013239.942944527 5.066348663687431 3.738574828259533 0.0 0.0 0.0 -0.37414025510461457 0.927372131083447
1629013240.043147087 5.066326782696689 3.737903354637926 0.0 0.0 0.0 -0.3741402299277851 0.9273721412408203
1629013239.942944527 3.8235140484831445 0.16664839922791475 0.0 0.0 0.0 0.8553415345523413 0.5180645319548964
1629013240.143421173 3.8227119341405738 0.16629021656239137 0.0 0.0 0.0 0.8553415239101563 0.5180645495254926
1629013240.043147087 3.864968960064267 -0.011512059205422922 0.0 0.0 0.0 0.8702447580575184 0.49261959063095656
1629013240.143421173 3.8640664140242227 -0.010820384791504788 0.0 0.0 0.0 0.8702447381985176 0.4926196257131801
1629013240.143421173 3.9027775119481554 -0.07075877857650847 0.0 0.0 0.0 0.8812811275069662 0.4725923976325163
1629013240.143421173 3.902986711687862 -0.06990569309343492 0.0 0.0 0.0 0.8812811208457649 0.47259241005419494
1629013240.443916321 3.901406911725474 -0.07189406331231178 0.0 0.0 0.0 0.8812811347260125 0.4725923841705786
1629013240.544137478 3.902387173421187 -0.07334301765698466 0.0 0.0 0.0 0.8812811482247974 0.4725923589983049
1629013240.443916321 4.021516994036973 -0.20685500702478682 0.0 0.0 0.0 0.9046913686204353 0.42606751524105146
1629013240.644346952 4.021647322863891 -0.2069609415668038 0.0 0.0 0.0 0.9046913861227615 0.42606747807744794
1629013240.544137478 4.070479472863616 -0.2728823856535044 0.0 0.0 0.0 0.908114016365969 0.41872297916363344
1629013240.644346952 4.070918579246348 -0.272359649561225 0.0 0.0 0.0 0.9081140175764097 0.41872297653846524
1629013240.644346952 4.121165974121337 -0.30975408606669746 0.0 0.0 0.0 0.910101695555529 0.41438497046460454
1629013240.644346952 4.12139855841706 -0.3089888856147134 0.0 0.0 0.0 0.9101016911967658 0.4143849800376297
1629013240.644346952 4.121302142960181 -0.30935254576572724 0.0 0.0 0.0 0.9101017171944833 0.41438492293959345
1629013241.045111418 4.121599103987969 -0.3099695265037086 0.0 0.0 0.0 0.9101017088233816 0.4143849413248033
1629013241.045111418 4.122092095508529 -0.30910796830472853 0.0 0.0 0.0 0.9101017149683245 0.4143849278288421
1629013241.045111418 4.306755313157181 -0.4305792094357642 0.0 0.0 0.0 0.904903247876504 0.42561733045372385
1629013241.245482445 4.306077534505948 -0.4310091072944181 0.0 0.0 0.0 0.9049032589020076 0.42561730701244543
1629013241.245482445 4.305628204448863 -0.4302415231018322 0.0 0.0 0.0 0.9049032701832994 0.42561728302733504
1629013241.245482445 4.39556187326633 -0.5194383818612438 0.0 0.0 0.0 0.8933637929638423 0.4493340999982721
1629013241.245482445 4.394351719191711 -0.5175214768127112 0.0 0.0 0.0 0.8933638092230225 0.44933406767185036
1629013241.245482445 4.396040741181188 -0.5166951340233057 0.0 0.0 0.0 0.8933638059858592 0.44933407410796283
1629013241.646275520 4.395463300790131 -0.5168991061969277 0.0 0.0 0.0 0.8933638068787816 0.4493340723326588
1629013241.646275520 4.56793733807235 -0.6940781130555495 0.0 0.0 0.0 0.864494119963375 0.5026429314620369
1629013241.746649981 4.567696200203738 -0.6946192986161323 0.0 0.0 0.0 0.8644941132329897 0.5026429430376067
1629013241.846660614 4.567172479893316 -0.6936724734926855 0.0 0.0 0.0 0.8644941428944032 0.5026428920230258
1629013241.746649981 4.601413753165204 -0.7726372067520543 0.0 0.0 0.0 0.8563608986649685 0.5163777795739546
1629013241.846660614 4.60045289323018 -0.7722433245467059 0.0 0.0 0.0 0.8563609054150336 0.5163777683796464
1629013241.846660614 4.629701378856868 -0.7969693583117269 0.0 0.0 0.0 0.8474142589265495 0.5309322685314642
1629013241.846660614 4.630080573907766 -0.7975448352664621 0.0 0.0 0.0 0.8474142978756893 0.5309322063652312
1629013241.846660614 4.628855509385647 -0.7966465896560744 0.0 0.0 0.0 0.8474143037672922 0.5309321969617169
1629013242.247446537 4.62971430630058 -0.7967151948313147 0.0 0.0 0.0 0.8474142968379762 0.5309322080215123
1629013242.247446537 4.7211097863432965 -0.896303566498855 0.0 0.0 0.0 0.8087886456433773 0.5880994190426918
1629013242.347635746 4.720354678019139 -0.8962137584571103 0.0 0.0 0.0 0.8087886685489609 0.588099387541595
1629013242.347635746 4.720617112007938 -0.8970209549852647 0.0 0.0 0.0 0.8087886514467554 0.5880994110615473
1629013242.347635746 4.721638220144821 -0.8975074239024411 0.0 0.0 0.0 0.8087886752022723 0.5880993783915719
1629013242.347635746 4.720176591789379 -0.8982622493657925 0.0 0.0 0.0 0.8087886762698976 0.588099376923311
1629013242.748418331 4.720173782542343 -0.8983345537352583 0.0 0.0 0.0 0.8087886863803726 0.5880993630187941
1629013242.748418331 4.7219638638117125 -0.8983937587578256 0.0 0.0 0.0 0.8087886623210703 0.5880993961065543
1629013242.948856115 4.7220088665846065 -0.8985217866556913 0.0 0.0 0.0 0.8087886605983213 0.5880993984757793
1629013243.049047709 4.7218885701576765 -0.8985261567657418 0.0 0.0 0.0 0.8087886347985324 0.5880994339571551
1629013243.049047709 4.7220182230091305 -0.8982329276872284 0.0 0.0 0.0 0.8087886317309869 0.5880994381758224
1629013243.049047709 4.722188411529545 -0.8964551050141899 0.0 0.0 0.0 0.808788606363268 0.5880994730629867
1629013243.049047709 4.721491328860977 -0.8966737226445549 0.0 0.0 0.0 0.8087885765521211 0.588099514061008
1629013243.049047709 4.720776134633379 -0.8977200122957738 0.0 0.0 0.0 0.8087885576358205 0.5880995400758013
1629013245.052947521 4.7200280369234076 -0.8971672013953389 0.0 0.0 0.0 0.8087885615545032 0.5880995346866018
1629013245.052947521 4.719709610555896 -0.8964149823045352 0.0 0.0 0.0 0.8087885721192205 0.5880995201573901
1629013245.253318071 4.7208354161717265 -0.8969563530095477 0.0 0.0 0.0 0.8087885366462324 0.5880995689418977
1629013245.253318071 4.720689303340403 -0.8962059832281358 0.0 0.0 0.0 0.8087885267099023 0.5880995826069133
1629013245.253318071 4.720430894319291 -0.896636419269751 0.0 0.0 0.0 0.8087885353263279 0.5880995707571067
1629013242.347635746 4.7440855652298515 -0.9431319735633471 0.0 0.0 0.0 0.7982825307016211 0.6022831569756997
1629013242.748418331 4.788200921994484 -1.0109018910047212 0.0 0.0 0.0 0.769335704118903 0.6388447185098048
1629013242.948856115 4.811018793183626 -1.034029746987105 0.0 0.0 0.0 0.7740274615262757 0.6331520266122426
1629013243.049047709 4.8123204391707715 -1.0375874950509785 0.0 0.0 0.0 0.7780705041560619 0.6281769580001575
1629013243.550235271 4.848822813304679 -1.0430430720858141 0.0 0.0 0.0 0.8107011547200517 0.5854601931263772
1629013243.750394821 4.884529464432609 -1.0626963432659386 0.0 0.0 0.0 0.8257159488042554 0.5640861387149025
1629013243.850748301 4.904115901998366 -1.0719235141477765 0.0 0.0 0.0 0.8330098643386982 0.5532581367810361
1629013244.051008224 4.9411804078208865 -1.0793338387030518 0.0 0.0 0.0 0.8463960417844755 0.5325539789087792
1629013244.351556540 5.014261961847235 -1.1281568431802853 0.0 0.0 0.0 0.8632398093194743 0.5047940487031098
1629013244.551958561 5.075611747400597 -1.1975311763128718 0.0 0.0 0.0 0.8702340058879581 0.49263858455890097
1629013244.752338409 5.148450579796845 -1.2834786981351824 0.0 0.0 0.0 0.875337854101505 0.48351177977064047
1629013245.253318071 5.1485194827335015 -1.2851413041000281 0.0 0.0 0.0 0.8753378549875573 0.483511778166553
1629013245.654092550 5.149762793949313 -1.2845493839126794 0.0 0.0 0.0 0.8753378693032139 0.48351175224983894
1629013245.654092550 5.149916580007285 -1.2835529271785453 0.0 0.0 0.0 0.8753378657653249 0.48351175865474666
1629013245.654092550 5.45074309948403 -1.5924462141348594 0.0 0.0 0.0 0.8837250333201273 0.46800648017237945
1629013245.654092550 5.449812570377425 -1.59228356661588 0.0 0.0 0.0 0.8837250319606441 0.468006482739458
1629013245.858057976 5.450234799290342 -1.5924979663425154 0.0 0.0 0.0 0.8837250370917217 0.4680064730505713
1629013245.858057976 5.516505839823902 -1.661162700662941 0.0 0.0 0.0 0.8821618313572769 0.4709463911066475
1629013245.954675913 5.516967405444598 -1.6620643609778352 0.0 0.0 0.0 0.8821618133085497 0.47094642491494876
1629013245.954675913 5.54224770892369 -1.6651702484812354 0.0 0.0 0.0 0.8813353401083782 0.47249128910070837
1629013245.954675913 5.541564036408419 -1.6663936863942137 0.0 0.0 0.0 0.881335337686978 0.4724912936173326
1629013245.954675913 5.541565887408588 -1.665139174512414 0.0 0.0 0.0 0.881335365290355 0.472491242128906
1629013246.255266666 5.542095078575987 -1.6646352092902226 0.0 0.0 0.0 0.8813353746816676 0.4724912246113409
1629013246.255266666 5.626296227405153 -1.7124005580736998 0.0 0.0 0.0 0.8789946196779084 0.47683168789132413
1629013246.255266666 5.626958733708763 -1.7127680390277602 0.0 0.0 0.0 0.8789946411306203 0.47683164834525404
1629013246.255266666 5.627723249015208 -1.7129746694399175 0.0 0.0 0.0 0.878994660539853 0.4768316125661433
1629013246.555862904 5.6269155431620534 -1.7130463003530163 0.0 0.0 0.0 0.8789946486929314 0.47683163440483894
1629013246.555862904 5.708957317196995 -1.7929259668444317 0.0 0.0 0.0 0.8737188303235924 0.48643129580442646
1629013246.555862904 5.70855494669993 -1.7931362141951548 0.0 0.0 0.0 0.8737188211723175 0.48643131224177577
1629013246.555862904 5.708930619442929 -1.7933125724511396 0.0 0.0 0.0 0.8737188243404035 0.4864313065513189
1629013246.956682920 5.709940623592639 -1.7941939054207767 0.0 0.0 0.0 0.8737188224849581 0.48643130988403516
1629013247.057110310 5.709868821634149 -1.793987479894642 0.0 0.0 0.0 0.8737188216673167 0.48643131135266726
1629013246.956682920 5.810229982288767 -1.914470643454218 0.0 0.0 0.0 0.8543221441231086 0.5197438542791001
1629013247.157055855 5.810064471424073 -1.9138414039667029 0.0 0.0 0.0 0.854322131779204 0.5197438745692308
1629013247.057110310 5.831203797992342 -1.9319053985636268 0.0 0.0 0.0 0.8492057749559833 0.5280620719019762
1629013247.358104467 5.83178838594299 -1.9311394435875455 0.0 0.0 0.0 0.8492057609380128 0.5280620944450478
1629013247.157055855 5.848208539716331 -1.9551764740668376 0.0 0.0 0.0 0.8435728120234354 0.5370148143346455
1629013247.358104467 5.848520905941774 -1.9559744391712313 0.0 0.0 0.0 0.843572806267487 0.53701482337641
1629013247.358104467 5.883972234019907 -1.9788419791537033 0.0 0.0 0.0 0.8321946021879979 0.5544836734198401
1629013247.557822704 5.884107964950189 -1.9786709671977056 0.0 0.0 0.0 0.8321945890549421 0.5544836931305338
1629013247.557822704 5.884161276223575 -1.9796952541155364 0.0 0.0 0.0 0.8321946006669829 0.5544836757026493
1629013247.557822704 5.90672445523324 -1.984685519502281 0.0 0.0 0.0 0.8248996390562818 0.5652792102004247
1629013247.557822704 5.906367228076377 -1.9839040409470758 0.0 0.0 0.0 0.824899653990913 0.5652791884066422
1629013247.557822704 5.90587877085215 -1.9842924139927216 0.0 0.0 0.0 0.8248996540768184 0.5652791882812822
1629013247.958601952 5.905732076508629 -1.9840953098673497 0.0 0.0 0.0 0.824899633669571 0.5652792180611345
1629013247.958601952 5.906020613377386 -1.9837114916848906 0.0 0.0 0.0 0.8248996287972093 0.5652792251712654
1629013247.958601952 5.906073581808116 -1.9832518936530001 0.0 0.0 0.0 0.8248996183722584 0.5652792403841682
1629013247.958601952 5.947980278612894 -1.9980960718543221 0.0 0.0 0.0 0.8333239281058058 0.5527849770447002
1629013247.958601952 5.947769314735296 -1.9980796448767224 0.0 0.0 0.0 0.833323924582033 0.5527849823567914
1629013248.259931803 5.9479702927658735 -1.9979627831907165 0.0 0.0 0.0 0.8333239326618117 0.5527849701765165
1629013248.259931803 5.990165028633937 -2.0231372833104606 0.0 0.0 0.0 0.8472582016513873 0.5311812682450852
1629013248.359395504 5.989406869716441 -2.02194965602187 0.0 0.0 0.0 0.8472582358678704 0.5311812136682397
1629013248.359395504 6.000335782800682 -2.0261312429795764 0.0 0.0 0.0 0.8531535743679605 0.5216598302947745
1629013248.459567547 6.001539022699152 -2.026134388052902 0.0 0.0 0.0 0.8531535841189953 0.5216598143473506
1629013248.559775829 6.00148817951667 -2.0266028631785304 0.0 0.0 0.0 0.853153563455216 0.5216598481421268
1629013248.559775829 6.000354766220584 -2.0270553723485385 0.0 0.0 0.0 0.8531535687934639 0.5216598394116382
1629013248.459567547 6.010328155276135 -2.0252771497653375 0.0 0.0 0.0 0.8585171224546078 0.512784896864426
1629013248.559775829 6.011958492274981 -2.0245467903885426 0.0 0.0 0.0 0.8585170893828185 0.5127849522340273
1629013248.559775829 6.029275366885159 -2.02335853780286 0.0 0.0 0.0 0.8643842933667313 0.502831774434449
1629013248.559775829 6.029503218822923 -2.0236551598134493 0.0 0.0 0.0 0.8643842861674432 0.5028317868102608
1629013248.960558414 6.030631033112928 -2.0241986062316326 0.0 0.0 0.0 0.8643842953406252 0.5028317710412608
1629013248.960558414 6.096390260263998 -2.0318524578004773 0.0 0.0 0.0 0.8866231778622473 0.4624925301855693
1629013248.960558414 6.096050863408675 -2.0332705141279126 0.0 0.0 0.0 0.8866231746556849 0.46249253633272286
1629013248.960558414 6.0964793633393 -2.03248602394613 0.0 0.0 0.0 0.8866231496344291 0.4624925842998185
1629013249.261137486 6.097165987232873 -2.032449184636249 0.0 0.0 0.0 0.8866231396829355 0.46249260337736625
1629013249.261137486 6.150270167860845 -2.037712068076244 0.0 0.0 0.0 0.9037518486846242 0.4280567672623856
1629013249.461553097 6.150315219771626 -2.0373698491292624 0.0 0.0 0.0 0.9037518279886443 0.4280568109575924
1629013249.461553097 6.151012223742921 -2.0366592651419486 0.0 0.0 0.0 0.9037518074628239 0.4280568542935375
1629013249.461553097 6.197315849102193 -2.0379344354215956 0.0 0.0 0.0 0.9143352566892032 0.4049580698974758
1629013249.661929369 6.1977500864401724 -2.0379543613471496 0.0 0.0 0.0 0.9143352401395352 0.4049581072641695
1629013249.661929369 6.19812443413072 -2.038624160753315 0.0 0.0 0.0 0.9143352270340072 0.40495813685450327
1629013249.661929369 6.197602384178943 -2.0384717163343185 0.0 0.0 0.0 0.9143352283763844 0.4049581338236151
1629013249.661929369 6.256586227111785 -2.094142929163822 0.0 0.0 0.0 0.9237895848757515 0.3829005130253639
1629013249.661929369 6.256624681786896 -2.0942395942078407 0.0 0.0 0.0 0.9237895728809178 0.3829005419642175
1629013249.661929369 6.254689495078311 -2.09499509227855 0.0 0.0 0.0 0.9237895873132499 0.38290050714463075
1629013250.263106346 6.255261276539901 -2.0947021957661405 0.0 0.0 0.0 0.923789566644337 0.3829005570106527
1629013250.363283634 6.255460189201769 -2.095555130852653 0.0 0.0 0.0 0.9237895695597401 0.3829005499769229
1629013250.263106346 6.436844537216524 -2.2791939740596776 0.0 0.0 0.0 0.9216686078851095 0.3879780628323259
1629013250.463474512 6.436734276824798 -2.2795124869799444 0.0 0.0 0.0 0.9216686080858242 0.3879780623555144
1629013250.363283634 6.473610082819472 -2.3285296790052445 0.0 0.0 0.0 0.9188459583539941 0.3946164021129003
1629013250.666935921 6.475285753212887 -2.3287203991945504 0.0 0.0 0.0 0.9188459361431386 0.39461645382984123
1629013250.463474512 6.500883861980355 -2.329556589112303 0.0 0.0 0.0 0.9164105390576909 0.4002395831298955
1629013250.666935921 6.501235903256792 -2.3295349079006837 0.0 0.0 0.0 0.9164105327603537 0.40023959754862426
1629013250.666935921 6.550709259694661 -2.3450935478374224 0.0 0.0 0.0 0.9112656766977187 0.41181897293914066
1629013250.864261150 6.550603459923355 -2.345260128154745 0.0 0.0 0.0 0.9112656877334911 0.41181894851937956
1629013250.864261150 6.5493962229958225 -2.3453855494401696 0.0 0.0 0.0 0.9112656687065533 0.4118189906218486
1629013250.864261150 6.611275111414219 -2.3725589154712137 0.0 0.0 0.0 0.9077046590530582 0.41960964232649783
1629013250.864261150 6.6106189852249875 -2.3719337379491914 0.0 0.0 0.0 0.9077046613472659 0.4196096373636397
1629013250.864261150 6.609755875526461 -2.3727774312647725 0.0 0.0 0.0 0.9077046564658495 0.41960964792317895
1629013250.864261150 6.610731921557885 -2.373323026150758 0.0 0.0 0.0 0.9077046450800855 0.41960967255300013
1629013251.365235329 6.6108590546354025 -2.374433149548174 0.0 0.0 0.0 0.9077046212608584 0.41960972407903224
1629013251.465437651 6.610560609156831 -2.3738505007595894 0.0 0.0 0.0 0.9077046483303518 0.4196096655219852
1629013251.365235329 6.754219755381852 -2.496644310856681 0.0 0.0 0.0 0.9003375453235071 0.43519226151304874
1629013251.565629005 6.755264212133296 -2.4958018497869197 0.0 0.0 0.0 0.9003375367774017 0.43519227919346265
1629013251.465437651 6.778280832745282 -2.5163961878895864 0.0 0.0 0.0 0.899175309751284 0.4375885765575725
1629013251.565629005 6.778685617041429 -2.517269381188315 0.0 0.0 0.0 0.8991753025712528 0.43758859131140065
1629013251.565629005 6.803975901527216 -2.5239711891196803 0.0 0.0 0.0 0.8979373382410154 0.44012331975554336
1629013251.565629005 6.8051325292706215 -2.52396430492659 0.0 0.0 0.0 0.8979373239985067 0.4401233488130355
1629013251.565629005 6.804964829317848 -2.5242558318123063 0.0 0.0 0.0 0.897937303959411 0.44012338969669
1629013251.565629005 6.8042801735531295 -2.524685393207432 0.0 0.0 0.0 0.8979372828274815 0.4401234328099327
1629013251.565629005 6.803562706226058 -2.5243633444501463 0.0 0.0 0.0 0.8979372954329441 0.4401234070923401
1629013252.166831970 6.8029130723952695 -2.5255347648325612 0.0 0.0 0.0 0.897937315715554 0.4401233657118711
1629013252.166831970 6.802116990426164 -2.5242034737680554 0.0 0.0 0.0 0.8979373029711971 0.4401233917128384
1629013252.166831970 6.959866899800933 -2.648337983363228 0.0 0.0 0.0 0.8906581750255543 0.4546735260163593
1629013252.367221832 6.960311488472683 -2.6483826135889186 0.0 0.0 0.0 0.8906581752300158 0.45467352561584073
1629013252.467393875 6.961229019788013 -2.6483278292170227 0.0 0.0 0.0 0.8906581759968772 0.4546735241136387
1629013252.367221832 7.023048052783913 -2.7057067923745604 0.0 0.0 0.0 0.8879300958254988 0.45997841789297095
1629013252.567692995 7.023104251924435 -2.705400891244319 0.0 0.0 0.0 0.8879301061858569 0.45997839789361067
1629013252.467393875 7.041445482282809 -2.7071943050718814 0.0 0.0 0.0 0.886553039282182 0.46262696477780657
1629013252.667804718 7.041214460315925 -2.7075412188616994 0.0 0.0 0.0 0.8865530337336107 0.46262697541078535
1629013252.567692995 7.057839423142139 -2.708881558662482 0.0 0.0 0.0 0.8851727400353144 0.46526252836261567
1629013252.667804718 7.057676422251428 -2.7091043000356785 0.0 0.0 0.0 0.8851727408792073 0.46526252675708996
1629013252.667804718 7.077206465909852 -2.7110684880462195 0.0 0.0 0.0 0.8840601598171208 0.4673731205622836
1629013252.868175983 7.076693761366871 -2.710929963265829 0.0 0.0 0.0 0.8840601727691805 0.46737309606279953
1629013252.868175983 7.077544746386931 -2.7116616590040996 0.0 0.0 0.0 0.8840601561157154 0.467373127563681
1629013252.868175983 7.1241412183009585 -2.750313121062136 0.0 0.0 0.0 0.8815860441407697 0.4720233540580688
1629013253.068570137 7.124307060565463 -2.7503188052372765 0.0 0.0 0.0 0.8815860586012498 0.47202332705059585
1629013253.168779850 7.123932894475468 -2.7508283429054963 0.0 0.0 0.0 0.881586057501726 0.4720233291041485
1629013253.068570137 7.160198100391477 -2.7524460904576973 0.0 0.0 0.0 0.8791351031499469 0.47657262868269323
1629013253.168779850 7.160957528820965 -2.7529378158050113 0.0 0.0 0.0 0.879135120368164 0.4765725969201899
1629013253.168779850 7.177935033294067 -2.7629106914619554 0.0 0.0 0.0 0.8775957858744459 0.47940133147021374
1629013253.168779850 7.178021516946935 -2.7638696355508325 0.0 0.0 0.0 0.8775957769059997 0.47940134788792044
1629013253.168779850 7.177356704564847 -2.764145097634752 0.0 0.0 0.0 0.8775957682964628 0.47940136364860414
1629013253.168779850 7.177855016545535 -2.7633818739146614 0.0 0.0 0.0 0.8775957300964031 0.47940143357791615
1629013253.769940376 7.17861170876453 -2.763139686562841 0.0 0.0 0.0 0.8775957332414701 0.4794014278205338
1629013253.769940376 7.179472857443658 -2.7622735148929385 0.0 0.0 0.0 0.877595729927099 0.47940143388784545
1629013253.970323563 7.178709335247104 -2.7624592791397236 0.0 0.0 0.0 0.8775957247109272 0.4794014434366073
1629013254.070553541 7.178341688074747 -2.762230181736322 0.0 0.0 0.0 0.8775957327257425 0.4794014287646284
1629013254.170717239 7.178336142051473 -2.7621882266079085 0.0 0.0 0.0 0.8775957290077343 0.4794014355708412
1629013254.170717239 7.178129324556668 -2.761456577764776 0.0 0.0 0.0 0.877595731672395 0.479401430692894
1629013254.170717239 7.177819817422604 -2.7614524119518586 0.0 0.0 0.0 0.8775957449074392 0.4794014064647255
1629013254.170717239 7.178807093702925 -2.760602462340031 0.0 0.0 0.0 0.8775957473870154 0.479401401925595
1629013254.170717239 7.178929314413539 -2.7607928321787467 0.0 0.0 0.0 0.8775957054658614 0.479401478666761
1629013254.170717239 7.179357768017763 -2.760663321698262 0.0 0.0 0.0 0.8775957018031174 0.47940148537180594
1629013254.972341061 7.179931301943131 -2.7608168921265395 0.0 0.0 0.0 0.8775957030009024 0.4794014831791322
1629013254.972341061 7.180237297455536 -2.761846172670258 0.0 0.0 0.0 0.877595716893583 0.47940145774709336
1629013253.769940376 7.296354786500469 -2.821466464061302 0.0 0.0 0.0 0.8699132663553625 0.49320473337037646
1629013253.970323563 7.335518687543205 -2.8451971163883796 0.0 0.0 0.0 0.8677206908119623 0.49705211269726124
1629013254.070553541 7.34520452497806 -2.8491828558888805 0.0 0.0 0.0 0.8665292280517094 0.4991263336391986
1629013254.170717239 7.358807029546078 -2.847759046178186 0.0 0.0 0.0 0.8653612253613694 0.5011486302895273
1629013254.771917343 7.467863005533635 -2.9039682381728986 0.0 0.0 0.0 0.8584024506389325 0.5129768345033477
1629013254.972341061 7.502648035858475 -2.944810206967254 0.0 0.0 0.0 0.8565756679042086 0.5160214386577935
1629013254.972341061 7.50303445125235 -2.944111853872151 0.0 0.0 0.0 0.8565756467810267 0.5160214737214583
1629013254.972341061 7.504044387016361 -2.9445647193778237 0.0 0.0 0.0 0.8565756682413762 0.5160214380981083
1629013255.573482752 7.503326552615086 -2.943666696279215 0.0 0.0 0.0 0.8565756543601749 0.5160214611403658
1629013255.573482752 7.502932591277244 -2.9442425695908834 0.0 0.0 0.0 0.8565756153692639 0.5160215258637637
1629013255.573482752 7.503778388214798 -2.9438249757539987 0.0 0.0 0.0 0.8565755979647103 0.516021554754643
1629013255.573482752 7.503949219595178 -2.943814105865152 0.0 0.0 0.0 0.8565755690592034 0.5160216027366509
1629013255.974318027 7.503588017379107 -2.9439961667617482 0.0 0.0 0.0 0.8565755596226935 0.5160216184008858
1629013256.074461937 7.502190717426525 -2.945387940615569 0.0 0.0 0.0 0.856575533567396 0.5160216616516508
1629013256.074461937 7.502610793403016 -2.9471113127711632 0.0 0.0 0.0 0.8565755288258263 0.5160216695224689
1629013256.174642801 7.502546685286501 -2.9475807572408983 0.0 0.0 0.0 0.856575513446271 0.5160216950519204
1629013256.174642801 7.502917620697727 -2.9480173212652474 0.0 0.0 0.0 0.8565755479998787 0.5160216376943002
1629013256.174642801 7.502602239037248 -2.9481382771136317 0.0 0.0 0.0 0.8565755090266967 0.5160217023882382
1629013258.078352928 7.501764453852243 -2.9478618132107166 0.0 0.0 0.0 0.8565754867721562 0.5160217393298887
1629013255.573482752 7.568442527937248 -3.0188189393486797 0.0 0.0 0.0 0.8573511167603601 0.5147320298852242
1629013255.974318027 7.580633156117732 -3.024665417598665 0.0 0.0 0.0 0.8585410111174258 0.5127448997595863
1629013256.074461937 7.580188157164378 -3.025088418941104 0.0 0.0 0.0 0.8587577497196694 0.512381817882338
1629013256.174642801 7.5790103035014615 -3.024883811028614 0.0 0.0 0.0 0.8584386545949156 0.5129162468642137
1629013256.876011133 7.573512476249859 -3.0256017738758927 0.0 0.0 0.0 0.8576211954248373 0.5142819121435958
1629013257.076419830 7.569704943003722 -3.0250405174355217 0.0 0.0 0.0 0.8571769365480106 0.5150220378296134
1629013257.276793480 7.564326289266401 -3.024955593038502 0.0 0.0 0.0 0.8558765992930417 0.5171800912473122
1629013258.078352928 7.488302528112745 -3.02856187641796 0.0 0.0 0.0 0.8349492578256735 0.550326936335445
1629013258.078352928 7.488253649500799 -3.0273206476861843 0.0 0.0 0.0 0.8349492848058936 0.5503268954013849
1629013258.078352928 7.487441269979499 -3.0261677760584824 0.0 0.0 0.0 0.8349493182962073 0.5503268445902841
1629013258.078352928 7.489409200886543 -3.0263637831050745 0.0 0.0 0.0 0.8349493269395657 0.5503268314766836
1629013258.078352928 7.489059362499603 -3.0271635328785895 0.0 0.0 0.0 0.8349493247062216 0.5503268348650867
1629013258.579374075 7.488297744527985 -3.027426121410301 0.0 0.0 0.0 0.8349493114495399 0.5503268549779661
1629013258.779723406 7.488019586543292 -3.0277989289930725 0.0 0.0 0.0 0.83494929995934 0.5503268724107593
1629013258.779723406 7.488037056489574 -3.02648337434839 0.0 0.0 0.0 0.8349492868742546 0.5503268922632927
1629013258.779723406 7.489761302665327 -3.0263193119964384 0.0 0.0 0.0 0.8349492830770152 0.5503268980244181
1629013258.980110645 7.4895554573209395 -3.0261809381331766 0.0 0.0 0.0 0.8349493028158685 0.5503268680768685
1629013258.980110645 7.490748281542528 -3.02578645516108 0.0 0.0 0.0 0.8349493196553415 0.550326842528222
1629013258.980110645 7.491422272412898 -3.0258333676939126 0.0 0.0 0.0 0.8349493127200186 0.5503268530504108
1629013258.980110645 7.490855725598767 -3.0260114332489927 0.0 0.0 0.0 0.8349492988836024 0.5503268740428555
1629013258.980110645 7.489754851968688 -3.0267706951508826 0.0 0.0 0.0 0.8349493118066083 0.5503268544362262
1629013259.581286430 7.48968004347346 -3.0266427608018303 0.0 0.0 0.0 0.8349493383576239 0.5503268141533412
1629013260.683427811 7.489218486828345 -3.0275523545631993 0.0 0.0 0.0 0.8349493388742684 0.5503268133694943
1629013260.783623695 7.48884261685384 -3.0297453979046343 0.0 0.0 0.0 0.834949337983838 0.5503268147204446
1629013260.783623695 7.489035481820689 -3.0301889045740533 0.0 0.0 0.0 0.8349493204379184 0.5503268413409056
1629013258.579374075 7.424262341592991 -2.9727537215742337 0.0 0.0 0.0 0.8078920866337115 0.5893304475034593
1629013258.779723406 7.38759261192492 -2.9301480910447393 0.0 0.0 0.0 0.7963054259013352 0.6048947583506515
1629013258.980110645 7.381583060814264 -2.9153075877649655 0.0 0.0 0.0 0.7847307034769646 0.6198368519381113
1629013259.581286430 7.372167404474977 -2.9085371027002274 0.0 0.0 0.0 0.748348273503947 0.6633060089759942
1629013260.082254410 7.375014824507236 -2.8981249225138543 0.0 0.0 0.0 0.7092621643717874 0.7049448079038867
1629013260.182537079 7.384535599524775 -2.8933576699282737 0.0 0.0 0.0 0.7008846679892736 0.7132746190476468
1629013260.382846355 7.391404195112652 -2.8895158356448283 0.0 0.0 0.0 0.6836570662697156 0.7298034089667476
1629013260.683427811 7.4164566093969055 -2.8760679513927925 0.0 0.0 0.0 0.6560769811548475 0.7546939742695326
1629013260.783623695 7.426294150843804 -2.8651960444026825 0.0 0.0 0.0 0.6464376690656829 0.76296680138321
1629013260.783623695 7.427100073576255 -2.8644055108167867 0.0 0.0 0.0 0.6464376879819557 0.7629667853560492
1629013260.984056950 7.427463410833723 -2.8647872592985966 0.0 0.0 0.0 0.6464377354841652 0.7629667451089232
1629013260.984056950 7.448885850712511 -2.805690940912175 0.0 0.0 0.0 0.6269782387836288 0.7790367694093643
1629013261.184803009 7.449405920803782 -2.805507875322309 0.0 0.0 0.0 0.6269782376606908 0.7790367703131184
1629013261.184803009 7.4869210890917675 -2.6890928419749867 0.0 0.0 0.0 0.6059724788174213 0.7954856094964068
1629013261.385650158 7.48650668314978 -2.6911488547612454 0.0 0.0 0.0 0.6059724524606275 0.7954856295740688
1629013261.385650158 7.4857254115327345 -2.6919664824818152 0.0 0.0 0.0 0.6059724453687673 0.7954856349763938
1629013261.385650158 7.506660290518804 -2.652024724396306 0.0 0.0 0.0 0.5849342590013478 0.8110807066171307
1629013261.485024929 7.506563530639989 -2.651944661637759 0.0 0.0 0.0 0.5849342414557025 0.811080719270679
1629013261.485024929 7.527798786190263 -2.6393234248677744 0.0 0.0 0.0 0.5746644093570559 0.8183891596412468
1629013261.485024929 7.5280313097937865 -2.6384999539499727 0.0 0.0 0.0 0.5746643950751382 0.8183891696698616
1629013261.485024929 7.528100965674525 -2.638917457516085 0.0 0.0 0.0 0.5746644009133559 0.8183891655703256
1629013261.485024929 7.529454995840101 -2.6385576091263805 0.0 0.0 0.0 0.5746643906811739 0.8183891727552578
1629013261.485024929 7.529592177718934 -2.638344291910034 0.0 0.0 0.0 0.574664376262299 0.818389182880042
1629013262.086208582 7.5300163365979556 -2.6373647832384957 0.0 0.0 0.0 0.5746643686826376 0.8183891882024014
1629013262.086208582 7.530573307750866 -2.6375144129024304 0.0 0.0 0.0 0.5746643380700274 0.8183892096982568
1629013262.086208582 7.653452103947033 -2.366760316783305 0.0 0.0 0.0 0.5056502467161468 0.8627385629470262
1629013262.186375856 7.653291492094922 -2.365774696733591 0.0 0.0 0.0 0.5056502455325163 0.8627385636407509
1629013262.186375856 7.679055413671443 -2.274942477237396 0.0 0.0 0.0 0.4887480838148451 0.8724249598488785
1629013262.286608219 7.678871747526019 -2.2748171630217016 0.0 0.0 0.0 0.4887481058689305 0.8724249474937845
1629013262.286608219 7.710104317997417 -2.2092291020733783 0.0 0.0 0.0 0.4752554887518535 0.8798478393513488
1629013262.286608219 7.709750883487414 -2.208801071525673 0.0 0.0 0.0 0.47525553253179326 0.8798478157033304
1629013262.286608219 7.7106830910419415 -2.208121767938365 0.0 0.0 0.0 0.4752555356864145 0.8798478139993411
1629013262.687365055 7.709418517958941 -2.2086214935802433 0.0 0.0 0.0 0.4752554939557657 0.879847836540422
1629013262.687365055 7.707742424525513 -2.2094936728095425 0.0 0.0 0.0 0.4752555095593651 0.8798478281120368
1629013262.687365055 7.855257014529061 -1.9930588828439941 0.0 0.0 0.0 0.4198757173542837 0.9075816117442143
1629013262.787581205 7.8540545235725165 -1.992698977859688 0.0 0.0 0.0 0.4198757491701216 0.9075815970252091
1629013262.887779713 7.854674768605799 -1.991537984776891 0.0 0.0 0.0 0.4198757113020306 0.9075816145441763
1629013262.787581205 7.88489445254588 -1.900333625977779 0.0 0.0 0.0 0.4045791102615469 0.9145030035707784
1629013263.088128090 7.883580855291829 -1.9006295300090734 0.0 0.0 0.0 0.4045791351747055 0.9145029925491154
1629013262.887779713 7.9218885917762165 -1.8343141441142343 0.0 0.0 0.0 0.38966035168950286 0.9209586365962442
1629013263.088128090 7.920614205153156 -1.8337832523727688 0.0 0.0 0.0 0.3896603628203127 0.9209586318867652
1629013263.088128090 8.01039462524436 -1.7367341317539748 0.0 0.0 0.0 0.3598451203796424 0.9330120520866602
1629013263.088128090 8.009582975662164 -1.736884997514674 0.0 0.0 0.0 0.3598451332946618 0.9330120471055812
1629013263.388790369 8.009684462334146 -1.7371118378872015 0.0 0.0 0.0 0.35984519820393196 0.9330120220712984
1629013263.388790369 8.008962040495945 -1.7368566289835041 0.0 0.0 0.0 0.35984521876607656 0.9330120141408654
1629013263.388790369 8.176913183678078 -1.623807679227999 0.0 0.0 0.0 0.3354322050273835 0.9420643480306785
1629013263.589112759 8.176902250465067 -1.623108360031342 0.0 0.0 0.0 0.33543224821499773 0.9420643326532601
1629013263.689300060 8.176989562031096 -1.6229769776647873 0.0 0.0 0.0 0.3354322465828454 0.9420643332344056
1629013263.589112759 8.288484289298854 -1.5397052621907494 0.0 0.0 0.0 0.3403363622770596 0.9403037597032238
1629013263.689300060 8.287330081248836 -1.5382303744496237 0.0 0.0 0.0 0.3403363886301851 0.9403037501648941
1629013263.689300060 8.339297240818782 -1.5046911713368862 0.0 0.0 0.0 0.3497371081393394 0.9368478826310769
1629013263.689300060 8.339593077233774 -1.5037533540044554 0.0 0.0 0.0 0.34973714452790305 0.9368478690467672
1629013263.689300060 8.340518136664096 -1.5025431995117406 0.0 0.0 0.0 0.3497370914779327 0.9368478888509896
1629013263.689300060 8.339316640046974 -1.502474511302113 0.0 0.0 0.0 0.3497371180703881 0.9368478789236914
1629013263.689300060 8.339279365899895 -1.502264563286606 0.0 0.0 0.0 0.3497371346120005 0.9368478727484988
1629013264.691281557 8.339003967134651 -1.5023393548253199 0.0 0.0 0.0 0.3497371448307025 0.9368478689337283
1629013264.691281557 8.339129362066407 -1.5026097772282847 0.0 0.0 0.0 0.34973709164468725 0.936847888788738
1629013264.691281557 8.374432029309041 -1.4655152422936797 0.0 0.0 0.0 0.38503050274354006 0.9229038476228478
1629013264.691281557 8.37434673332687 -1.4652081761698805 0.0 0.0 0.0 0.3850304958983283 0.9229038504786332
1629013264.691281557 8.374295055530942 -1.4660873617348185 0.0 0.0 0.0 0.3850304847253438 0.9229038551399419
1629013264.691281557 8.374338791706256 -1.4656041385488563 0.0 0.0 0.0 0.38503045334382163 0.9229038682321421
1629013265.292447567 8.375356430814582 -1.4663588418127915 0.0 0.0 0.0 0.3850304710729432 0.9229038608356492
1629013265.292447567 8.375224230348238 -1.4671421046002373 0.0 0.0 0.0 0.3850305083980517 0.9229038452638161
1629013265.292447567 8.484628965137045 -1.350389158965139 0.0 0.0 0.0 0.46240465199217634 0.8866690125497757
1629013265.292447567 8.483672243720143 -1.3491875518862146 0.0 0.0 0.0 0.46240461763852714 0.8866690304654649
1629013265.292447567 8.483624606507824 -1.3492078368689917 0.0 0.0 0.0 0.4624046269551771 0.8866690256067613
1629013265.292447567 8.48324861772876 -1.349930658653218 0.0 0.0 0.0 0.46240464031121226 0.8866690186414875
1629013265.292447567 8.484363482822314 -1.3506155912240696 0.0 0.0 0.0 0.4624046351957802 0.8866690213092242
1629013265.893932343 8.485074899572073 -1.351886674833351 0.0 0.0 0.0 0.46240466377874373 0.8866690064029908
1629013265.893932343 8.63500102932199 -1.1803021531291054 0.0 0.0 0.0 0.579561363442675 0.8149286017832897
1629013265.893932343 8.634989383002278 -1.1803481075371787 0.0 0.0 0.0 0.5795613752374875 0.8149285933950484
1629013265.893932343 8.63340481747425 -1.181274076959128 0.0 0.0 0.0 0.5795613449667939 0.8149286149229765
1629013265.893932343 8.633573449530171 -1.180809254565959 0.0 0.0 0.0 0.579561362819199 0.8149286022266936
1629013265.893932343 8.633362880000972 -1.1808067152056638 0.0 0.0 0.0 0.5795613524082471 0.81492860963076
1629013266.795362473 8.633419881074966 -1.1811698563089865 0.0 0.0 0.0 0.5795613686082957 0.8149285981096008
1629013266.795362473 8.63453659662381 -1.1817006559410992 0.0 0.0 0.0 0.579561348766895 0.8149286122204187
1629013266.795362473 8.698724939994312 -0.8723881818483818 0.0 0.0 0.0 0.7373427558338701 0.6755188083386826
1629013266.795362473 8.698279839738571 -0.8722973150208382 0.0 0.0 0.0 0.7373427432177969 0.6755188221093872
1629013266.996018648 8.697437404562052 -0.8712784870352114 0.0 0.0 0.0 0.7373427448800985 0.6755188202949507
1629013266.996018648 8.696828893538822 -0.8708751531046307 0.0 0.0 0.0 0.7373426939921635 0.6755188758401788
1629013266.996018648 8.730957452273213 -0.5488867370039352 0.0 0.0 0.0 0.8284535898339429 0.5600577197854282
1629013267.296465397 8.732453043368453 -0.5492949669786731 0.0 0.0 0.0 0.8284535921238595 0.5600577163981172
1629013267.396602631 8.732573418325092 -0.5503037453836255 0.0 0.0 0.0 0.8284535921844538 0.5600577163084843
1629013267.296465397 8.656695633209132 -0.34553535439130467 0.0 0.0 0.0 0.8722802287727794 0.4890063419753445
1629013267.396602631 8.657907653041164 -0.3459359853798635 0.0 0.0 0.0 0.8722802263761643 0.489006346250381
1629013267.396602631 8.624948901851592 -0.27009016234918254 0.0 0.0 0.0 0.883527891431431 0.4683785488925913
1629013267.396602631 8.623145687690446 -0.2699219081714391 0.0 0.0 0.0 0.8835278930579621 0.4683785458243774
1629013267.596940279 8.623403367015175 -0.26975772131747994 0.0 0.0 0.0 0.8835278915098798 0.46837854874460916
1629013267.596940279 8.62280709881403 -0.26900363385028464 0.0 0.0 0.0 0.8835278694750308 0.4683785903101388
1629013267.596940279 8.553878088335944 -0.16863396228186364 0.0 0.0 0.0 0.9048496845529437 0.425731192613882
1629013267.596940279 8.552196660828221 -0.16890815864070885 0.0 0.0 0.0 0.9048496687764118 0.4257312261453438
1629013267.596940279 8.55231792609654 -0.16864893708848047 0.0 0.0 0.0 0.9048496576362253 0.425731249822709
1629013267.596940279 8.553743439329264 -0.1700142173261596 0.0 0.0 0.0 0.9048496716993513 0.4257312199329246
1629013268.498708248 8.553500879982936 -0.17086553686037684 0.0 0.0 0.0 0.9048496502967507 0.42573126542203604
1629013268.498708248 8.552780762926897 -0.17120742935294178 0.0 0.0 0.0 0.9048496641613171 0.4257312359542716
1629013268.498708248 8.33634743589008 -0.05430866010069094 0.0 0.0 0.0 0.9400995069023254 0.3409001571164273
1629013268.498708248 8.336717873859488 -0.05374272773232852 0.0 0.0 0.0 0.9400995010857023 0.34090017315691357
1629013268.498708248 8.336074480437105 -0.054822916027617484 0.0 0.0 0.0 0.9400994862428439 0.340900214089022
1629013268.498708248 8.336556124263408 -0.05495739338601848 0.0 0.0 0.0 0.940099459448444 0.3409002879798482
1629013268.498708248 8.336456269489611 -0.056123665816579266 0.0 0.0 0.0 0.940099447040997 0.3409003221958167
1629013269.099856377 8.335695592543598 -0.055383265342979306 0.0 0.0 0.0 0.9400994281329459 0.34090037433846865
1629013269.099856377 8.335938372000822 -0.05562195419075663 0.0 0.0 0.0 0.940099429204097 0.3409003713845602
1629013269.099856377 8.117980437000853 0.08809088218550247 0.0 0.0 0.0 0.9765324454202848 0.2153703392797586
1629013269.200072765 8.117763231465105 0.08757080212038236 0.0 0.0 0.0 0.9765324484497632 0.2153703255434942
1629013269.200072765 7.918228299781329 0.16649711582350216 0.0 0.0 0.0 0.9927273782371291 0.12038418707802158
1629013269.400448322 7.916333186754975 0.1670975581861338 0.0 0.0 0.0 0.9927273835913516 0.12038414292534347
1629013269.500660896 7.918245244483892 0.16709661943562312 0.0 0.0 0.0 0.9927273834551841 0.12038414404822523
1629013269.400448322 7.7844435558735245 0.19477332305435957 0.0 0.0 0.0 0.9974615481309422 0.07120716256265239
1629013269.600833416 7.784886628086435 0.19564798324615668 0.0 0.0 0.0 0.9974615465580347 0.07120718459575323
1629013269.500660896 7.707568496507232 0.21134014730945264 0.0 0.0 0.0 0.9989212751118683 0.046435828073579107
1629013269.702066660 7.707942658526242 0.2111627694666234 0.0 0.0 0.0 0.9989212762084352 0.04643580448437485
1629013269.600833416 7.634380895122309 0.221826382525851 0.0 0.0 0.0 0.999793180120218 0.020337083987172436
1629013269.801248312 7.634888504182463 0.2216139357290019 0.0 0.0 0.0 0.9997931796897723 0.020337105148339182
1629013269.702066660 7.5577510884696535 0.23302763025513393 0.0 0.0 0.0 -0.9999748525288489 0.0070918481305609566
1629013269.801248312 7.557240681455811 0.23147310202889723 0.0 0.0 0.0 -0.9999748526711487 0.007091828065761906
1629013269.801248312 7.502228528229624 0.23845137922972331 0.0 0.0 0.0 -0.9994674085918231 0.03263279275124454
1629013269.901425600 7.5022105660639085 0.23799011997131628 0.0 0.0 0.0 -0.9994674083406739 0.032632800443366146
1629013269.901425600 7.502434433508223 0.2377269611235274 0.0 0.0 0.0 -0.9994674098952111 0.03263275283144345
1629013269.901425600 7.428263187288601 0.24424821272569072 0.0 0.0 0.0 -0.9983545929059943 0.05734201621417323
1629013269.901425600 7.428684143449013 0.2440497006734556 0.0 0.0 0.0 -0.99835459356474 0.057342004745062694
1629013270.202024698 7.428299187597364 0.24289250055483627 0.0 0.0 0.0 -0.9983545930121497 0.05734201436595084
1629013270.202024698 7.211603618921796 0.26527196728360697 0.0 0.0 0.0 -0.9963641532444778 0.08519667909851102
1629013270.302225113 7.211581475137001 0.26502605948685615 0.0 0.0 0.0 -0.9963641513162653 0.08519670164870442
1629013270.302225113 7.1215949758324095 0.2723370805609459 0.0 0.0 0.0 -0.9968195975513199 0.07969121618864049
1629013270.403551102 7.122194753476065 0.27331527913238474 0.0 0.0 0.0 -0.9968195975421612 0.07969121630320215
1629013270.403551102 7.036649252310389 0.2787247732522606 0.0 0.0 0.0 -0.9976772857269909 0.06811779168781185
1629013270.403551102 7.036802373452708 0.2778056555710855 0.0 0.0 0.0 -0.99767728929417 0.06811773944162472
1629013270.602983952 7.037222894192552 0.2786107672922565 0.0 0.0 0.0 -0.9976772926740786 0.06811768993823031
1629013270.602983952 6.878555544450109 0.2826962526400708 0.0 0.0 0.0 -0.9993748340643649 0.035354505212533804
1629013270.702999592 6.878765183285732 0.28147489070837606 0.0 0.0 0.0 -0.999374835408155 0.03535446722725604
1629013270.702999592 6.7984556172928325 0.28420621971534654 0.0 0.0 0.0 -0.9998680899946336 0.01624200143095841
1629013270.903461933 6.797144823283134 0.284315493215509 0.0 0.0 0.0 -0.9998680886377631 0.016242084960570252
1629013270.903461933 6.797642440792631 0.285008416160363 0.0 0.0 0.0 -0.999868089110296 0.016242055871260517
1629013270.903461933 6.638385989038179 0.27714780586998583 0.0 0.0 0.0 0.999761134830914 0.021855737956036125
1629013270.903461933 6.6387997765671845 0.27670238137818726 0.0 0.0 0.0 0.9997611365742011 0.02185565821158764
1629013271.204852819 6.639035468169754 0.27690440806629857 0.0 0.0 0.0 0.9997611372392298 0.02185562779061634
1629013271.204852819 6.64060154709801 0.27748335915687167 0.0 0.0 0.0 0.9997611384923485 0.021855570468034748
1629013271.204852819 6.412018432562517 0.31557250850793483 0.0 0.0 0.0 0.996295581249037 0.08599485323926878
1629013271.404375553 6.411714539904657 0.3162902785068956 0.0 0.0 0.0 0.9962955862124508 0.08599479573549204
1629013271.404375553 6.411336536882194 0.3159592094600464 0.0 0.0 0.0 0.9962955840519966 0.08599482076550291
1629013271.404375553 6.262565735040452 0.35412698611671634 0.0 0.0 0.0 0.9915316095192888 0.12986557405289811
1629013271.404375553 6.262551509928766 0.35370489189672427 0.0 0.0 0.0 0.99153161271077 0.1298655496857408
1629013271.404375553 6.262946965865164 0.35392490273887184 0.0 0.0 0.0 0.9915316159110189 0.12986552525163783
1629013271.805147171 6.263388890833012 0.3537732572428752 0.0 0.0 0.0 0.9915316120506174 0.12986555472604738
1629013271.905340433 6.263577018912336 0.3533697516664518 0.0 0.0 0.0 0.991531610701083 0.12986556502982607
1629013271.805147171 5.982372969992016 0.4091401140731384 0.0 0.0 0.0 0.9764985977899101 0.2155237539445232
1629013271.905340433 5.982584792339395 0.4090030107819166 0.0 0.0 0.0 0.9764986141757914 0.21552367970308714
1629013271.905340433 5.843925355808577 0.47256587350665796 0.0 0.0 0.0 0.964547616505462 0.26390887725431356
1629013271.905340433 5.843910042356531 0.4729452145419173 0.0 0.0 0.0 0.9645476183203023 0.2639088706213422
1629013272.206001997 5.843658198931435 0.47276523582019137 0.0 0.0 0.0 0.9645476309230444 0.26390882456019266
1629013272.206001997 5.8430800024157055 0.4731404145844943 0.0 0.0 0.0 0.9645476398895562 0.26390879178891924
1629013272.206001997 5.84301457123554 0.4722290525964154 0.0 0.0 0.0 0.964547646118156 0.26390876902430604
1629013272.206001997 5.64627562104655 0.5415149890464288 0.0 0.0 0.0 0.9457170314609977 0.3249912251193841
1629013272.206001997 5.646717404980847 0.5425290372566561 0.0 0.0 0.0 0.9457170269863657 0.32499123814046055
1629013272.206001997 5.646796635884798 0.5432423051818397 0.0 0.0 0.0 0.9457170370547181 0.3249912088417854
1629013272.707123518 5.6468174595091325 0.5427089484235073 0.0 0.0 0.0 0.9457170189973251 0.32499126138838424
1629013272.707123518 5.647104358976884 0.5428890323040385 0.0 0.0 0.0 0.9457170272648947 0.3249912373299479
1629013272.707123518 5.364087511753471 0.7254377586339331 0.0 0.0 0.0 0.9057894057528838 0.4237281586416432
1629013272.707123518 5.364576492469607 0.7258996781240171 0.0 0.0 0.0 0.9057894235513514 0.42372812059445675
1629013272.707123518 5.364781695954203 0.7261500092979044 0.0 0.0 0.0 0.9057894361661643 0.42372809362819247
1629013272.707123518 5.365513602262616 0.726734771152596 0.0 0.0 0.0 0.9057894331521068 0.4237281000712426
1629013273.207884312 5.36572402458625 0.7273177884410713 0.0 0.0 0.0 0.9057894231972893 0.42372812135132354
1629013273.207884312 5.365163057991714 0.7266784266828898 0.0 0.0 0.0 0.9057894471232131 0.42372807020567327
1629013273.207884312 5.048418537028521 0.9733490259609396 0.0 0.0 0.0 0.875070412639894 0.4839956331644383
1629013273.207884312 5.048755164379183 0.9733706203720353 0.0 0.0 0.0 0.8750704112277589 0.48399563571759713
1629013273.408269882 5.048317842100919 0.9735768468779283 0.0 0.0 0.0 0.875070413317232 0.48399563193980244
1629013273.408269882 5.0473034102152825 0.9729185403507719 0.0 0.0 0.0 0.8750704153565184 0.4839956282527461
1629013273.408269882 4.875605030551307 1.184107779543626 0.0 0.0 0.0 0.8632091457006646 0.5048464823871992
1629013273.408269882 4.874903314232836 1.1845650591512582 0.0 0.0 0.0 0.8632091633047441 0.504846452286954
1629013273.809125662 4.874720651519478 1.1855848204209132 0.0 0.0 0.0 0.8632091614052466 0.5048464555348002
1629013273.809125662 4.875472643342878 1.1865543326419898 0.0 0.0 0.0 0.8632091510279508 0.5048464732783664
1629013273.809125662 4.87555122106016 1.1863898616489754 0.0 0.0 0.0 0.8632091708862377 0.5048464393237749
1629013273.809125662 4.866731340375781 1.2640439790063707 0.0 0.0 0.0 0.8719238346414218 0.48964152865560595
1629013274.009464025 4.867476233315481 1.2646959325941574 0.0 0.0 0.0 0.871923858176014 0.4896414867466341
1629013274.009464025 4.897179790966929 1.2617397966418638 0.0 0.0 0.0 0.8663362810201364 0.499461157837323
1629013274.009464025 4.896602825728619 1.26184986603074 0.0 0.0 0.0 0.8663362861097113 0.4994611490092422
1629013274.009464025 4.895976112439652 1.26267153147982 0.0 0.0 0.0 0.8663362526534755 0.4994612070404802
1629013274.009464025 4.896878417240763 1.2622517151561559 0.0 0.0 0.0 0.8663362264061322 0.499461252567587
1629013274.009464025 4.895384504740655 1.2625093126936262 0.0 0.0 0.0 0.8663362413611819 0.499461226627433
1629013274.009464025 4.895416357965743 1.2629924862124038 0.0 0.0 0.0 0.8663362170250368 0.49946126883948494
1629013275.311985254 4.895819307966025 1.262326247785932 0.0 0.0 0.0 0.8663362113524833 0.4994612786787635
1629013275.311985254 4.89430039865332 1.2618765811912223 0.0 0.0 0.0 0.8663362105012263 0.4994612801553038
1629013275.311985254 4.895723876517167 1.2022816514174164 0.0 0.0 0.0 0.8468172681258288 0.5318839294469312
1629013275.311985254 4.8943084846641245 1.2024992349582584 0.0 0.0 0.0 0.8468172662518617 0.5318839324304914
1629013275.311985254 4.892957711299993 1.2023752656768496 0.0 0.0 0.0 0.846817259325495 0.531883943458023
1629013275.311985254 4.891481858006494 1.2027099337661236 0.0 0.0 0.0 0.8468172447092802 0.5318839667286305
1629013275.812977314 4.890907505138439 1.2035367961117287 0.0 0.0 0.0 0.8468172553507799 0.531883949786203
1629013275.913190365 4.8917317902279684 1.203274105649115 0.0 0.0 0.0 0.846817278284011 0.5318839132739961
1629013276.013378859 4.892671579729329 1.2032735365503522 0.0 0.0 0.0 0.84681729922526 0.5318838799332394
1629013275.812977314 4.980138096409125 1.069661902978712 0.0 0.0 0.0 0.790220491796835 0.6128226287796235
1629013276.013378859 4.979192294927384 1.0690745019528365 0.0 0.0 0.0 0.7902205035922576 0.6128226135697008
1629013276.013378859 4.979559998849601 1.0693321860818752 0.0 0.0 0.0 0.7902204887113837 0.6128226327582409
1629013275.913190365 5.00042294346043 0.9926455788382416 0.0 0.0 0.0 0.7738260687089675 0.6333981491814009
1629013276.313955784 5.001375574864757 0.9921412711062205 0.0 0.0 0.0 0.7738260930833465 0.6333981194030844
1629013276.013378859 5.015347185600495 0.934991773261776 0.0 0.0 0.0 0.7583122042646847 0.6518915560606957
1629013276.313955784 5.016064061578282 0.9340259270289042 0.0 0.0 0.0 0.7583121759709889 0.6518915889733077
1629013276.514402390 5.014268217682416 0.9332280314589592 0.0 0.0 0.0 0.7583121703190465 0.6518915955479234
1629013276.313955784 5.045942781283788 0.869952285491534 0.0 0.0 0.0 0.7110632937608244 0.7031280056049591
1629013276.614527225 5.045951340746151 0.8700024268858176 0.0 0.0 0.0 0.7110632790749335 0.7031280204565903
1629013276.614527225 5.046425917751527 0.8695162868826654 0.0 0.0 0.0 0.711063317149818 0.7031279819520038
1629013276.614527225 5.046667342552675 0.8688527808416225 0.0 0.0 0.0 0.7110632977301681 0.7031280015908188
1629013276.614527225 5.046507168575964 0.8692417935669734 0.0 0.0 0.0 0.7110632800224855 0.7031280194983446
1629013276.514402390 5.051470067639143 0.8360175072691969 0.0 0.0 0.0 0.6788153110034095 0.7343090449853824
1629013277.015316010 5.051485197129725 0.835651269616081 0.0 0.0 0.0 0.6788153292760016 0.7343090280936994
1629013276.614527225 5.052054281072054 0.8232490929767847 0.0 0.0 0.0 0.6621120826765177 0.7494048238260576
1629013277.015316010 5.052863002587977 0.8227146763355437 0.0 0.0 0.0 0.6621120560337753 0.7494048473653788
1629013277.015316010 5.053390157926946 0.8221891008495933 0.0 0.0 0.0 0.6621120615507281 0.7494048424910563
1629013277.015316010 5.031014673522422 0.8033235346434731 0.0 0.0 0.0 0.5948051129054561 0.8038699382745492
1629013277.215725422 5.031511554075991 0.8024029554199112 0.0 0.0 0.0 0.5948051133931891 0.8038699379136625
1629013277.215725422 5.002495912431504 0.7935462901203331 0.0 0.0 0.0 0.5591762133786066 0.8290488299199047
1629013277.416112423 5.002273893547453 0.7932124279946768 0.0 0.0 0.0 0.5591761941219373 0.8290488429081277
1629013277.416112423 5.001552279180882 0.7922660375636322 0.0 0.0 0.0 0.5591761833607671 0.829048850166313
1629013277.416112423 5.000629683546144 0.793187433618261 0.0 0.0 0.0 0.5591761725791136 0.8290488574383137
1629013277.416112423 4.962271626955089 0.7742116787041232 0.0 0.0 0.0 0.5203758508016821 0.8539373360513203
1629013277.616681337 4.961595646761749 0.774354382847502 0.0 0.0 0.0 0.5203758270024683 0.8539373505541827
1629013277.616681337 4.909144919792347 0.7164242028615669 0.0 0.0 0.0 0.48192689745720807 0.8762114274005274
1629013277.616681337 4.908452360497646 0.7158042678820105 0.0 0.0 0.0 0.4819269140690862 0.876211418263793
1629013277.616681337 4.908696758033677 0.7151777908776026 0.0 0.0 0.0 0.48192689874554606 0.8762114266919259
1629013277.616681337 4.909075384252602 0.7147187929273067 0.0 0.0 0.0 0.48192689786760545 0.8762114271748038
1629013278.117462635 4.908924734493748 0.7152922380300312 0.0 0.0 0.0 0.4819269130856828 0.8762114188046768
1629013278.117462635 4.908981414394718 0.715482930398135 0.0 0.0 0.0 0.48192691803989196 0.8762114160798017
1629013278.117462635 4.734022817587324 0.5573946003360655 0.0 0.0 0.0 0.41780824476894085 0.9085352335507395
1629013278.317893028 4.734904798820416 0.5569024007163417 0.0 0.0 0.0 0.4178082425734994 0.9085352345603576
1629013278.317893028 4.634503920341672 0.44295399214266656 0.0 0.0 0.0 0.4164314314974491 0.9091671259240434
1629013278.418324947 4.634842754424563 0.44320454739603143 0.0 0.0 0.0 0.41643143398475724 0.9091671247847662
1629013278.518271446 4.63496687359028 0.4438501728513087 0.0 0.0 0.0 0.41643142118172294 0.9091671306490191
1629013278.418324947 4.590051647798444 0.41577298592176215 0.0 0.0 0.0 0.42661188400232414 0.9044347961174357
1629013278.518271446 4.589893043978192 0.4160926184489772 0.0 0.0 0.0 0.42661191997821396 0.9044347791480057
1629013278.518271446 4.544060294449665 0.3983995011988491 0.0 0.0 0.0 0.43851377966323135 0.8987244655874608
1629013278.718654156 4.545058959638534 0.40006587329720983 0.0 0.0 0.0 0.43851377798715513 0.898724466405267
1629013278.718654156 4.545749495617889 0.4001817796427378 0.0 0.0 0.0 0.4385138076855303 0.8987244519145664
1629013278.718654156 4.4592665813519 0.32136189817181937 0.0 0.0 0.0 0.4706509521580969 0.8823194893193037
1629013278.919036388 4.45987121113737 0.32200601437352966 0.0 0.0 0.0 0.4706509170826346 0.8823195080294185
1629013279.019241810 4.459793952118016 0.3212590082556251 0.0 0.0 0.0 0.4706508950917262 0.8823195197599093
1629013278.919036388 4.37573012535833 0.22799251392127587 0.0 0.0 0.0 0.5081770037285102 0.8612526533378656
1629013279.019241810 4.375438634904011 0.22773631168993816 0.0 0.0 0.0 0.5081770071182989 0.8612526513377409
1629013279.019241810 4.338848478188084 0.15141313268368237 0.0 0.0 0.0 0.5290325014102761 0.8486015628382888
1629013279.019241810 4.339752638979928 0.1510763494664144 0.0 0.0 0.0 0.5290324742195631 0.8486015797894365
1629013279.019241810 4.3400323454838325 0.151061671720219 0.0 0.0 0.0 0.529032512124412 0.848601556158916
1629013279.019241810 4.340818132916673 0.15004009494146123 0.0 0.0 0.0 0.5290325174627467 0.8486015528309081
1629013279.822077751 4.341028355237677 0.1491082475802587 0.0 0.0 0.0 0.5290325413760804 0.8486015379229322
1629013279.822077751 4.341023405742894 0.1478500813099751 0.0 0.0 0.0 0.5290325783724168 0.8486015148587898
1629013280.021559715 4.340752624380963 0.1481654004549022 0.0 0.0 0.0 0.5290325651339444 0.8486015231118779
1629013279.822077751 4.248330421406727 0.0563323822833154 0.0 0.0 0.0 0.5802799548841058 0.8144170761714787
1629013280.021559715 4.248742999244671 0.05532848767601882 0.0 0.0 0.0 0.5802799384902361 0.8144170878522674
1629013280.021559715 4.22103050989252 -0.0389113538341001 0.0 0.0 0.0 0.6227300137145572 0.7824367897913974
1629013280.021559715 4.220392512523162 -0.03896675843302812 0.0 0.0 0.0 0.6227300167301673 0.7824367873913174
1629013280.021559715 4.2216468563469185 -0.038932438552920876 0.0 0.0 0.0 0.6227299852228331 0.7824368124675437
1629013280.021559715 4.220703476491856 -0.04079980615102121 0.0 0.0 0.0 0.6227299696963092 0.7824368248248761
1629013280.021559715 4.219566198917153 -0.04137349524696016 0.0 0.0 0.0 0.6227299671421096 0.782436826857726
1629013280.822953224 4.172461591402763 -0.15986442216160612 0.0 0.0 0.0 0.6945052545972907 0.7194876311214478
1629013280.822953224 4.173063260281949 -0.16002989757468217 0.0 0.0 0.0 0.6945052394582364 0.7194876457348366
1629013281.023141384 4.172738850535045 -0.160364359066829 0.0 0.0 0.0 0.6945052388147184 0.71948764635601
1629013281.023141384 4.171846106688051 -0.1607332537150279 0.0 0.0 0.0 0.694505223277489 0.7194876613537478
1629013281.023141384 4.168992477017378 -0.344576775739713 0.0 0.0 0.0 0.7345094113985084 0.6785985002687647
1629013281.023141384 4.169278304998582 -0.3449973038289435 0.0 0.0 0.0 0.7345094166554991 0.6785984945786415
1629013281.323719501 4.16994287417062 -0.34532689385772697 0.0 0.0 0.0 0.734509377632363 0.6785985368169598
1629013281.323719501 4.170305895190239 -0.34592466029910607 0.0 0.0 0.0 0.734509391403604 0.6785985219110835
1629013281.323719501 4.201782076726729 -0.6030578135183833 0.0 0.0 0.0 0.7874225499981957 0.6164136012081004
1629013281.524127960 4.201024041300037 -0.6030788965393195 0.0 0.0 0.0 0.7874225384804516 0.6164136159211618
1629013281.524127960 4.252307001805847 -0.7660259540713098 0.0 0.0 0.0 0.8046715147775776 0.5937202651969686
1629013281.524127960 4.25164525390636 -0.7667244443753376 0.0 0.0 0.0 0.804671541686957 0.5937202287265745
1629013281.724548578 4.25215681092449 -0.7675940652354745 0.0 0.0 0.0 0.8046715590967335 0.5937202051310299
1629013281.824714661 4.250303926752697 -0.7675942323754988 0.0 0.0 0.0 0.8046715490913681 0.5937202186913445
1629013281.724548578 4.297605229350858 -0.9604978339115545 0.0 0.0 0.0 0.7990587086559815 0.601253008409135
1629013281.824714661 4.296986044550717 -0.9598194532590401 0.0 0.0 0.0 0.7990587153828542 0.6012529994691941
1629013281.824714661 4.3373603971652095 -1.0345130264934332 0.0 0.0 0.0 0.7900066743213099 0.6130982421502966
1629013281.824714661 4.337580785661853 -1.034484956962357 0.0 0.0 0.0 0.7900066802289515 0.6130982345380153
1629013282.125304222 4.338128033880082 -1.0339883290268623 0.0 0.0 0.0 0.7900066823615686 0.6130982317900352
1629013282.225491524 4.338196197485044 -1.033792444276744 0.0 0.0 0.0 0.7900066717337463 0.6130982454844973
1629013282.125304222 4.447208938498412 -1.2592872356920417 0.0 0.0 0.0 0.7546961735390532 0.6560744512976492
1629013282.225491524 4.446980118144199 -1.2601374345335419 0.0 0.0 0.0 0.7546961603338238 0.6560744664879005
1629013282.225491524 4.480273756537836 -1.355494315888655 0.0 0.0 0.0 0.7394891728833832 0.6731684508265742
1629013282.225491524 4.479282191510683 -1.3552554703654458 0.0 0.0 0.0 0.739489178552185 0.6731684445992806
1629013282.526069880 4.479109247792138 -1.3567976483163173 0.0 0.0 0.0 0.7394891673478495 0.67316845690747
1629013282.526069880 4.478896490213681 -1.3577363258613604 0.0 0.0 0.0 0.7394891219694959 0.673168506756506
1629013282.526069880 4.523614240943296 -1.629701666059558 0.0 0.0 0.0 0.6859844416735765 0.7276162077508935
1629013282.526069880 4.522786461159426 -1.6302803174648934 0.0 0.0 0.0 0.6859844438997283 0.7276162056521147
1629013282.526069880 4.522489229861604 -1.6305006853066013 0.0 0.0 0.0 0.6859844703593831 0.7276161807063918
1629013282.526069880 4.522646921226223 -1.6305729626237935 0.0 0.0 0.0 0.6859844377294344 0.7276162114693651
1629013283.027065277 4.523299026347891 -1.629550683563973 0.0 0.0 0.0 0.6859844212393986 0.7276162270158956
1629013283.127244234 4.524924060945202 -1.628830315334403 0.0 0.0 0.0 0.685984424403802 0.727616224032549
1629013283.027065277 4.505342767603726 -2.0381133369544786 0.0 0.0 0.0 0.5781244721613406 0.8159485858117357
1629013283.227453947 4.503667182597112 -2.0391100473474544 0.0 0.0 0.0 0.5781244798550631 0.8159485803604983
1629013283.127244234 4.497009701956877 -2.281029280528502 0.0 0.0 0.0 0.5229747544732026 0.8523481719248851
1629013283.227453947 4.496405701755705 -2.281333910349643 0.0 0.0 0.0 0.5229747633845446 0.8523481664571583
1629013283.227453947 4.469413143564197 -2.3618678831985886 0.0 0.0 0.0 0.4983075114598098 0.8670003598746263
1629013283.227453947 4.470381985540728 -2.360837377945908 0.0 0.0 0.0 0.4983075294173799 0.8670003495535322
1629013283.227453947 4.4700814825274175 -2.360475321184252 0.0 0.0 0.0 0.49830755203713745 0.8670003365528502
1629013283.227453947 4.469769066627145 -2.36022756596871 0.0 0.0 0.0 0.4983074986178324 0.8670003672555386
1629013283.728429317 4.469882794286688 -2.3588228989003803 0.0 0.0 0.0 0.49830746448150703 0.8670003868753529
1629013283.728429317 4.44620172029713 -2.4479614254874056 0.0 0.0 0.0 0.4248190130871873 0.9052783031309367
1629013283.728429317 4.446710737494124 -2.447130723065126 0.0 0.0 0.0 0.42481902868736837 0.9052782958102558
1629013283.928811550 4.447346180504293 -2.44795305782495 0.0 0.0 0.0 0.4248189899437136 0.9052783139914503
1629013284.029018402 4.447362206374092 -2.4482373104234 0.0 0.0 0.0 0.42481897258649637 0.9052783221366529
1629013283.928811550 4.367684010814596 -2.5454010260161497 0.0 0.0 0.0 0.37985751895612996 0.9250450071712691
1629013284.129204512 4.367819921884156 -2.5447432412979984 0.0 0.0 0.0 0.379857547328239 0.9250449955206367
1629013284.029018402 4.325002129411862 -2.576977401130264 0.0 0.0 0.0 0.35798949859671786 0.933725612208678
1629013284.129204512 4.325525465420704 -2.577513848363402 0.0 0.0 0.0 0.35798949116270323 0.933725615058872
1629013284.129204512 4.287497584524043 -2.5987928674675467 0.0 0.0 0.0 0.33524141543996705 0.94213225896039
1629013284.129204512 4.286868793648566 -2.5981086994492784 0.0 0.0 0.0 0.3352414208882074 0.9421322570217282
1629013284.129204512 4.28727653745312 -2.597670203804542 0.0 0.0 0.0 0.3352414246942772 0.9421322556674043
1629013284.129204512 4.286101881398264 -2.598296298988538 0.0 0.0 0.0 0.3352414410929021 0.9421322498322379
1629013285.031048775 4.286441483804255 -2.596967557389465 0.0 0.0 0.0 0.33524142025982556 0.942132257245327
1629013285.131157875 4.286116478431035 -2.596590148986568 0.0 0.0 0.0 0.33524140849914386 0.9421322614301615
1629013285.031048775 4.182618722783616 -2.5746168917909453 0.0 0.0 0.0 0.35577586721765597 0.9345713093742632
1629013285.131157875 4.182421385862735 -2.574839624533363 0.0 0.0 0.0 0.35577588814194727 0.9345713014087308
1629013285.131157875 4.14887447194431 -2.5820046874614446 0.0 0.0 0.0 0.3775049148033275 0.9260075805841615
1629013285.331543922 4.148000819930199 -2.580859314597164 0.0 0.0 0.0 0.3775049060761745 0.9260075841419544
1629013285.331543922 4.1471592432878674 -2.5801241334944907 0.0 0.0 0.0 0.3775048738992224 0.9260075972595108
1629013285.331543922 4.1036427412919965 -2.5836396571855578 0.0 0.0 0.0 0.41942097750286045 0.9077918503878216
1629013285.331543922 4.104253136395155 -2.584372209083021 0.0 0.0 0.0 0.41942095884790764 0.907791859006844
1629013285.632148743 4.104907230119466 -2.5846899544804547 0.0 0.0 0.0 0.4194209741167706 0.907791851952274
1629013285.732345343 4.105558545114111 -2.5841406481118327 0.0 0.0 0.0 0.4194209507533008 0.9077918627467406
1629013285.632148743 4.0624307899578405 -2.6292841506352893 0.0 0.0 0.0 0.4834068315155388 0.8753958163277383
1629013285.732345343 4.063075177457325 -2.6293337796797838 0.0 0.0 0.0 0.48340683828545866 0.875395812589286
1629013285.732345343 4.0383883111109675 -2.660519544923952 0.0 0.0 0.0 0.5055395520048449 0.8628034314713524
1629013285.932733774 4.0377072244145005 -2.6610928152728617 0.0 0.0 0.0 0.5055395526328588 0.8628034311033823
1629013285.932733774 4.037674287620717 -2.6612200025717883 0.0 0.0 0.0 0.5055395448515552 0.8628034356626557
1629013285.932733774 4.004559341090817 -2.7414757342875897 0.0 0.0 0.0 0.548172734918676 0.8363651431592417
1629013285.932733774 4.004548110737869 -2.740383476080585 0.0 0.0 0.0 0.5481727773913566 0.8363651153216795
1629013286.233335018 4.005498413067955 -2.7402798569255697 0.0 0.0 0.0 0.5481728065318805 0.8363650962223146
1629013286.233335018 4.005293126419199 -2.7403838721666536 0.0 0.0 0.0 0.5481727899501166 0.8363651070903815
1629013286.233335018 3.9429948967229347 -2.935327617218274 0.0 0.0 0.0 0.609886075941309 0.7924891004757806
1629013286.233335018 3.943320743704124 -2.9332562992929807 0.0 0.0 0.0 0.6098860659863552 0.792489108136943
1629013286.233335018 3.9435988389673557 -2.933295357013273 0.0 0.0 0.0 0.6098860975731644 0.7924890838282737
1629013286.233335018 3.9436739993541123 -2.933965421587957 0.0 0.0 0.0 0.6098860925606818 0.7924890876857948
1629013287.335497141 3.943111428274897 -2.93292227548661 0.0 0.0 0.0 0.6098861133876456 0.7924890716577181
1629013287.335497141 3.943285645030607 -2.93236912083953 0.0 0.0 0.0 0.6098861148881207 0.792489070502978
1629013287.335497141 3.9430336972155735 -2.9326806771640097 0.0 0.0 0.0 0.6098861117521105 0.7924890729163981
1629013287.335497141 3.943896619809032 -2.933165350582466 0.0 0.0 0.0 0.6098861011059142 0.7924890811095296
1629013287.335497141 3.94440047422178 -2.933778710751959 0.0 0.0 0.0 0.6098861030750721 0.7924890795940992
1629013288.238262653 3.943669847983316 -2.935184868873601 0.0 0.0 0.0 0.609886130145561 0.7924890587611111
1629013288.238262653 3.9429526590983417 -2.9352453179718943 0.0 0.0 0.0 0.6098861353360621 0.7924890547665896
1629013288.238262653 3.9416819617084164 -2.9361426018109897 0.0 0.0 0.0 0.6098861580326521 0.7924890372996782
1629013287.335497141 3.802228813918401 -3.242401068271181 0.0 0.0 0.0 0.7130528182055529 0.7011103183159686
1629013288.238262653 3.6972070345491947 -3.653229297292597 0.0 0.0 0.0 0.7813021206791011 0.6241530230819516
1629013288.238262653 3.6977538766297045 -3.65327197195179 0.0 0.0 0.0 0.7813021377945023 0.6241530016572383
1629013288.238262653 3.698439547288907 -3.654206502213431 0.0 0.0 0.0 0.781302131557792 0.6241530094642264
1629013289.139037371 3.6984258295477117 -3.653601315990829 0.0 0.0 0.0 0.7813021393723762 0.6241529996820876
1629013289.239264727 3.698076197159441 -3.654940227953832 0.0 0.0 0.0 0.7813021587670594 0.6241529754042134
1629013289.339389801 3.6984584131357985 -3.6547182223622983 0.0 0.0 0.0 0.7813021314773503 0.6241530095649217
1629013289.539778709 3.698066566752308 -3.654045495049064 0.0 0.0 0.0 0.7813021544394307 0.6241529808214521
1629013289.539778709 3.697760294682552 -3.654395170406527 0.0 0.0 0.0 0.7813021566914641 0.624152978002402
1629013289.740151167 3.698263399172916 -3.6524069996780253 0.0 0.0 0.0 0.7813021429348939 0.6241529952225997
1629013289.740151167 3.69903021140969 -3.6524824916505945 0.0 0.0 0.0 0.7813021615386679 0.6241529719347696
1629013289.740151167 3.6986205455410386 -3.653427839293037 0.0 0.0 0.0 0.7813021521562038 0.6241529836795496
1629013289.940553188 3.698593325085769 -3.6540221817009795 0.0 0.0 0.0 0.7813021323225018 0.6241530085069782
1629013289.940553188 3.6989063572132657 -3.65527475531632 0.0 0.0 0.0 0.781302152690316 0.6241529830109587
1629013293.047432423 3.6997031279429398 -3.655476865460519 0.0 0.0 0.0 0.7813021401109166 0.6241529987575977
1629013289.139037371 3.6998054794690485 -3.957207153240803 0.0 0.0 0.0 0.7909766559013311 0.6118463285982414
1629013289.239264727 3.6869827898720438 -3.947003175477248 0.0 0.0 0.0 0.7864640940095873 0.6176360002733641
1629013289.339389801 3.6747253210225725 -3.936245426904003 0.0 0.0 0.0 0.7810520772017252 0.6244658939436728
1629013289.539778709 3.6479428384111574 -3.864874031181211 0.0 0.0 0.0 0.7635812663392515 0.6457117388554626
1629013289.740151167 3.62521913015827 -3.774115818909611 0.0 0.0 0.0 0.7415071447908028 0.6709449710849552
1629013289.940553188 3.6018589964150416 -3.669540211436069 0.0 0.0 0.0 0.7155689161369696 0.6985421435092964
1629013290.241132259 3.5839414348413237 -3.488659924847997 0.0 0.0 0.0 0.6708073653685735 0.7416316326635973
1629013290.642004013 3.611803544221882 -3.229870849573068 0.0 0.0 0.0 0.605151438085237 0.796110379899276
1629013290.942499161 3.6663968442781183 -3.0238788412677753 0.0 0.0 0.0 0.5519330063190193 0.8338884556915567
1629013291.042703152 3.690316129356006 -2.950253427632205 0.0 0.0 0.0 0.5333022651415512 0.8459247566981892
1629013291.643872261 3.789301346597152 -2.83051516069813 0.0 0.0 0.0 0.4655134591305786 0.8850408009624658
1629013293.247035027 3.789066012309475 -2.830321855187429 0.0 0.0 0.0 0.4655134855483539 0.8850407870672529
1629013293.247035027 3.789120832727213 -2.8303911218374793 0.0 0.0 0.0 0.46551348948318066 0.885040784997614
1629013293.247035027 4.374860970702433 -2.24587737973265 0.0 0.0 0.0 0.4755583907134772 0.8796841575372423
1629013293.247035027 4.374465455746292 -2.244720903552686 0.0 0.0 0.0 0.4755584334800822 0.8796841344175591
1629013293.247035027 4.374179566152009 -2.24442850234636 0.0 0.0 0.0 0.4755584291201953 0.8796841367745198
1629013293.247035027 4.373596997946852 -2.243932978298369 0.0 0.0 0.0 0.47555847450832617 0.8796841122376337
1629013293.848223686 4.373910382563047 -2.2434312520707307 0.0 0.0 0.0 0.47555846367230004 0.8796841180956047
1629013293.848223686 4.374463631113445 -2.24360944281165 0.0 0.0 0.0 0.47555842766334294 0.8796841375620962
1629013293.848223686 4.374788711411481 -2.2428192401414657 0.0 0.0 0.0 0.47555847042802946 0.8796841144434479
1629013293.848223686 4.498320820372194 -2.097796011693759 0.0 0.0 0.0 0.5737433727387579 0.8190351288182667
1629013293.848223686 4.498768797977732 -2.097445676951334 0.0 0.0 0.0 0.5737433477968344 0.8190351462903657
1629013294.248976707 4.498012036309565 -2.0969151518762223 0.0 0.0 0.0 0.5737433232347068 0.8190351634964123
1629013294.248976707 4.4982621644786045 -2.0966659237949736 0.0 0.0 0.0 0.5737433305874308 0.8190351583457466
1629013294.248976707 4.547151528193213 -1.9666988529876348 0.0 0.0 0.0 0.6112978568994735 0.79140061293261
1629013294.248976707 4.547663092070147 -1.9669607495568169 0.0 0.0 0.0 0.6112978676130435 0.7914006046571773
1629013294.449362993 4.547887555707447 -1.9674255080191139 0.0 0.0 0.0 0.6112978840446935 0.7914005919649545
1629013294.549557686 4.548644227190001 -1.967643757508788 0.0 0.0 0.0 0.6112979021011388 0.791400578017698
1629013294.449362993 4.563725184298184 -1.9232752724569455 0.0 0.0 0.0 0.6191714210898032 0.7852558508573073
1629013294.549557686 4.5630797832087024 -1.9239709300271883 0.0 0.0 0.0 0.6191714554015358 0.7852558238026279
1629013294.549557686 4.560527123675457 -1.9180923588876846 0.0 0.0 0.0 0.6221769105207277 0.7828766773987347
1629013294.549557686 4.560911470737953 -1.917660920537736 0.0 0.0 0.0 0.6221769300600959 0.7828766618701789
1629013294.549557686 4.561303716389043 -1.9178020697256748 0.0 0.0 0.0 0.6221769177005892 0.7828766716926711
1629013294.549557686 4.5617551062461 -1.9179629661063997 0.0 0.0 0.0 0.6221768860523044 0.7828766968445656
1629013294.549557686 4.56156489552953 -1.9190817616260833 0.0 0.0 0.0 0.6221768942383951 0.7828766903388202
1629013295.150742054 4.562386375243133 -1.9196152568284737 0.0 0.0 0.0 0.622176915909168 0.7828766731163702
1629013295.250942469 4.563433073763101 -1.9204568009718836 0.0 0.0 0.0 0.6221769595823483 0.7828766384079071
1629013295.150742054 4.567610830447112 -1.9083651309397516 0.0 0.0 0.0 0.6319264023437681 0.7750284007833921
1629013295.351131916 4.567589444160989 -1.9088562666921052 0.0 0.0 0.0 0.6319264148837234 0.7750283905588261
1629013295.250942469 4.5685896963607595 -1.9088877599402057 0.0 0.0 0.0 0.6330371659795209 0.7741214029392396
1629013295.351131916 4.5686049270117 -1.9089777921873234 0.0 0.0 0.0 0.6330371644684996 0.7741214041748761
1629013295.351131916 4.568205530811567 -1.9091125318615574 0.0 0.0 0.0 0.6340095429549272 0.7733252222978921
1629013295.351131916 4.568044677979867 -1.908748780829879 0.0 0.0 0.0 0.6340095219026275 0.7733252395575886
1629013295.651784420 4.568968776441061 -1.9093699637786081 0.0 0.0 0.0 0.6340095098211704 0.7733252494625527
1629013295.651784420 4.567264689505357 -1.9091690505159673 0.0 0.0 0.0 0.6361011261021817 0.7716057007121813
1629013295.651784420 4.566251256774426 -1.9097283733682642 0.0 0.0 0.0 0.6361011249282039 0.7716057016799924
1629013295.651784420 4.565640989490299 -1.9089650195600087 0.0 0.0 0.0 0.636101099212873 0.7716057228793568
1629013295.651784420 4.56527969861394 -1.9088397339553211 0.0 0.0 0.0 0.6361011081282539 0.7716057155296399
1629013295.651784420 4.564877870689606 -1.9092154358290259 0.0 0.0 0.0 0.6361011082602664 0.7716057154208105
1629013296.152692318 4.563910027030757 -1.9093950944946472 0.0 0.0 0.0 0.6361011079802629 0.7716057156516416
1629013296.152692318 4.5595816829922295 -1.9092235968564462 0.0 0.0 0.0 0.6388107437269721 0.7693639149966631
1629013296.252875090 4.5592031787987635 -1.9097218944205165 0.0 0.0 0.0 0.6388106908599384 0.7693639588927
1629013296.252875090 4.562531805673577 -1.9102054430247035 0.0 0.0 0.0 0.6401246030650357 0.7682711061538307
1629013296.453254938 4.561536675299682 -1.9098916958667222 0.0 0.0 0.0 0.6401246292286807 0.7682710843542429
1629013296.453254938 4.561640694626192 -1.9104228637725578 0.0 0.0 0.0 0.6401246104096495 0.7682711000342877
1629013296.453254938 4.5608810212074635 -1.910972355870795 0.0 0.0 0.0 0.6422067181792407 0.7665314938901397
1629013296.453254938 4.5595416057036084 -1.9101132018855786 0.0 0.0 0.0 0.6422066981044193 0.7665315107089984
1629013296.753854752 4.560793827703193 -1.9096857993374257 0.0 0.0 0.0 0.6422067066544533 0.7665315035457062
1629013296.753854752 4.5613649063373405 -1.9106814675760033 0.0 0.0 0.0 0.6422066542952065 0.7665315474127319
1629013296.753854752 4.558560527243588 -1.9095351117058832 0.0 0.0 0.0 0.6455194236680728 0.7637438534399077
1629013296.753854752 4.558316547806873 -1.9087194817085034 0.0 0.0 0.0 0.6455194575753779 0.7637438247813136
1629013297.054462671 4.558500512871509 -1.9097643195724245 0.0 0.0 0.0 0.6455194693798917 0.7637438148040894
1629013297.154661655 4.558792965723744 -1.9102081953831298 0.0 0.0 0.0 0.6455194248052895 0.7637438524787274
1629013297.054462671 4.5572015473301555 -1.910038153354484 0.0 0.0 0.0 0.648900296256342 0.7608734490823237
1629013297.254834890 4.556943218444253 -1.9099930305797224 0.0 0.0 0.0 0.6489003023827887 0.7608734438574691
1629013297.154661655 4.555951704871322 -1.910013422374689 0.0 0.0 0.0 0.650453136939927 0.759546388738047
1629013297.254834890 4.5565827721385945 -1.910456027203042 0.0 0.0 0.0 0.6504531171444901 0.7595464056902753
1629013297.254834890 4.554740154921419 -1.911609353606157 0.0 0.0 0.0 0.6520306165317303 0.7581926372006336
1629013297.254834890 4.554660649956855 -1.9104577337999347 0.0 0.0 0.0 0.6520306160801824 0.7581926375889558
1629013297.555447102 4.553934919228119 -1.9084389365993226 0.0 0.0 0.0 0.6520306293049315 0.758192626215934
1629013297.555447102 4.553457791724633 -1.9083567412445166 0.0 0.0 0.0 0.6520306311372845 0.7581926246401467
1629013297.555447102 4.546330674939765 -1.90592475426632 0.0 0.0 0.0 0.6553434339577876 0.7553310423704397
1629013297.755830765 4.546242644547421 -1.906279366358339 0.0 0.0 0.0 0.6553434748654963 0.7553310068779228
1629013297.856037855 4.546286197615526 -1.9061381747325405 0.0 0.0 0.0 0.6553434529552591 0.7553310258877747
1629013297.755830765 4.541582865039416 -1.906072180585867 0.0 0.0 0.0 0.6575611931918367 0.753401139638193
1629013297.956216335 4.542108976626696 -1.907127508103951 0.0 0.0 0.0 0.6575612151294248 0.7534011204912787
1629013297.856037855 4.544269233824062 -1.9075825172413032 0.0 0.0 0.0 0.6591367096416063 0.7520231366140518
1629013298.056957483 4.543683370775857 -1.9080918445649155 0.0 0.0 0.0 0.6591366955153463 0.7520231489955012
1629013297.956216335 4.543245770333235 -1.9080752449314005 0.0 0.0 0.0 0.6607514614557655 0.750604760299367
1629013298.156583786 4.544073478181678 -1.9081528794463036 0.0 0.0 0.0 0.6607514357662299 0.7506047829136621
1629013298.156583786 4.54445053010001 -1.9081405454498503 0.0 0.0 0.0 0.6607515009081011 0.7506047255697846
1629013298.056957483 4.542475785810439 -1.907562314798427 0.0 0.0 0.0 0.66219901575245 0.7493280079754703
1629013298.356981039 4.54295713210744 -1.9073496782470936 0.0 0.0 0.0 0.662199003495353 0.7493280188073588
1629013298.156583786 4.543139693873849 -1.9071608021320232 0.0 0.0 0.0 0.6633766866577097 0.7482856216706553
1629013298.356981039 4.542065563425612 -1.9072006765217826 0.0 0.0 0.0 0.6633767207356138 0.7482855914596134
1629013298.356981039 4.541124951206417 -1.906805323235671 0.0 0.0 0.0 0.6656371274330926 0.7462755620966165
1629013298.557417154 4.541553096197834 -1.9074070301017159 0.0 0.0 0.0 0.6656371419666521 0.7462755491334733
1629013298.557417154 4.540775800901153 -1.9075593259782913 0.0 0.0 0.0 0.665637128093996 0.7462755615071266
1629013298.557417154 4.537094565925802 -1.906728490042572 0.0 0.0 0.0 0.6676181066925487 0.7445039043660259
1629013298.557417154 4.536338620820201 -1.9068422375743164 0.0 0.0 0.0 0.6676181023212784 0.74450390828587
1629013298.557417154 4.536270942991166 -1.9060692471960914 0.0 0.0 0.0 0.6676180700628409 0.7445039372129388
1629013298.958150387 4.536956668975687 -1.906709790888766 0.0 0.0 0.0 0.6676180623284015 0.7445039441486329
1629013298.958150387 4.535858306127222 -1.9068889113147225 0.0 0.0 0.0 0.6676180684214208 0.7445039386848474
1629013298.958150387 4.530090357314765 -1.9063891517206746 0.0 0.0 0.0 0.6706268143318986 0.7417949015051594
1629013299.158659935 4.530043059221137 -1.9066402805652471 0.0 0.0 0.0 0.6706268038783115 0.7417949109558252
1629013299.158659935 4.5299507180219205 -1.9064415956622505 0.0 0.0 0.0 0.6706268160505579 0.741794899951389
1629013299.358932257 4.529569001759474 -1.9064694636891168 0.0 0.0 0.0 0.6706268511395556 0.7417948682288416
1629013299.158659935 4.528972476037666 -1.9067308974742998 0.0 0.0 0.0 0.6724583266338794 0.7401349869724865
1629013299.358932257 4.529460503010151 -1.9060634057526253 0.0 0.0 0.0 0.6724583692673447 0.7401349482373492
1629013299.358932257 4.529505284343031 -1.9059626189876087 0.0 0.0 0.0 0.6744720525663799 0.7383003794573687
1629013299.358932257 4.529491951955644 -1.9049017546487579 0.0 0.0 0.0 0.6744720798704172 0.7383003545138479
1629013299.358932257 4.529306506143252 -1.905698561023268 0.0 0.0 0.0 0.6744720656492075 0.7383003675055912
1629013299.759720087 4.528586537678646 -1.905404772575036 0.0 0.0 0.0 0.674472053349805 0.7383003787416731
1629013299.759720087 4.528960309823934 -1.90642947118961 0.0 0.0 0.0 0.6744720555590208 0.7383003767234507
1629013299.759720087 4.52643586918602 -1.9059088377444173 0.0 0.0 0.0 0.6782269825502847 0.7348524750864869
1629013299.759720087 4.526571973928331 -1.9059108539750074 0.0 0.0 0.0 0.67822698976001 0.734852468432321
1629013300.060306549 4.52642910577555 -1.9048905038128419 0.0 0.0 0.0 0.678227020812065 0.7348524397730409
1629013300.060306549 4.5215637697174405 -1.902975631177887 0.0 0.0 0.0 0.6809579232380154 0.7323225428589298
1629013300.160758972 4.5223006348467445 -1.9022806497168414 0.0 0.0 0.0 0.6809579347308847 0.7323225321721626
1629013300.160758972 4.519656863946796 -1.9025132968343443 0.0 0.0 0.0 0.6823300624137816 0.731044243480793
1629013300.160758972 4.519634983686228 -1.9037932955973704 0.0 0.0 0.0 0.6823300706531937 0.7310442357904258
1629013300.361333370 4.519598024718598 -1.9030038723186806 0.0 0.0 0.0 0.6823301115844063 0.7310441975867202
1629013300.361333370 4.5197460152142925 -1.9036092305642105 0.0 0.0 0.0 0.6840631805388818 0.7294227615251866
1629013300.461078167 4.5194260700802635 -1.9030183884977758 0.0 0.0 0.0 0.6840631999327438 0.7294227433373428
1629013300.461078167 4.519832765149931 -1.9034159326267572 0.0 0.0 0.0 0.6840631559314247 0.7294227846024137
1629013300.461078167 4.519626638659891 -1.9029586694252925 0.0 0.0 0.0 0.6844192699212811 0.729088652332774
1629013300.461078167 4.521164624702545 -1.9014093958768874 0.0 0.0 0.0 0.6844192833321573 0.7290886397435473
1629013300.461078167 4.521420747864843 -1.9018714272561166 0.0 0.0 0.0 0.6844192822352752 0.7290886407732264
1629013300.461078167 4.520821301027466 -1.9019358697391429 0.0 0.0 0.0 0.684419310099256 0.7290886146163978
1629013300.962058544 4.521240028234599 -1.9020843963085077 0.0 0.0 0.0 0.6844192892492229 0.7290886341890049
1629013300.962058544 4.520558217459585 -1.9032543472128673 0.0 0.0 0.0 0.683278707023412 0.7301576600491255
1629013300.962058544 4.520650313895826 -1.9025799990891261 0.0 0.0 0.0 0.6832786671064249 0.7301576974032852
1629013300.962058544 4.520916693956066 -1.9026858992150564 0.0 0.0 0.0 0.6832786234736546 0.7301577382346555
1629013300.962058544 4.520217261500737 -1.9032166467293663 0.0 0.0 0.0 0.6832786223840784 0.7301577392542764
1629013301.362841129 4.520487696532116 -1.9030535039414842 0.0 0.0 0.0 0.6832786213078379 0.7301577402614179
1629013301.362841129 4.520080288680624 -1.902642449213905 0.0 0.0 0.0 0.683278603843898 0.7301577566041009
1629013301.362841129 4.520640979611594 -1.903480163971399 0.0 0.0 0.0 0.6836350334411787 0.7298240480087501
1629013301.362841129 4.520421498928092 -1.904334734298135 0.0 0.0 0.0 0.6836350166316459 0.729824063754443
1629013301.362841129 4.520084877629922 -1.9039932690003483 0.0 0.0 0.0 0.683635029819233 0.7298240514014707
1629013301.362841129 4.519035915608691 -1.9042750361189005 0.0 0.0 0.0 0.6836350295088368 0.7298240516922224
1629013301.863822460 4.517714124146644 -1.9047787635156304 0.0 0.0 0.0 0.6836350077916661 0.7298240720349587
1629013301.863822460 4.518027315947814 -1.9034074445248077 0.0 0.0 0.0 0.6836349995840819 0.7298240797231017
1629013301.863822460 4.518025752845724 -1.903982613510425 0.0 0.0 0.0 0.6836349826700645 0.729824095566665
1629013301.863822460 4.519330668414194 -1.9039708600546768 0.0 0.0 0.0 0.6836349634930965 0.7298241135299605
1629013302.164443970 4.521226383491775 -1.9041456711061344 0.0 0.0 0.0 0.6836349307683878 0.7298241441835845
1629013302.164443970 4.522046613145859 -1.902940926718183 0.0 0.0 0.0 0.6836349448335713 0.72982413100856
1629013302.164443970 4.520320785155721 -1.9021631281688796 0.0 0.0 0.0 0.6836349292606309 0.7298241455959183
1629013302.164443970 4.520348411454012 -1.9024442862595639 0.0 0.0 0.0 0.683634922446224 0.7298241519790539
1629013302.164443970 4.520674722911693 -1.901590089034922 0.0 0.0 0.0 0.6836348965265787 0.7298241762582917
1629013302.164443970 4.521149025798578 -1.9003998254310466 0.0 0.0 0.0 0.6836348357937571 0.7298242331474358
1629013302.665424824 4.521203594763543 -1.9005400473334502 0.0 0.0 0.0 0.6836348333239928 0.7298242354608928
1629013302.665424824 4.521816695418905 -1.8994200247811122 0.0 0.0 0.0 0.6836348374914174 0.7298242315572177
1629013302.665424824 4.522080205088256 -1.9005786512693341 0.0 0.0 0.0 0.6845428249713862 0.7289726474842483
1629013302.865775824 4.522270573344503 -1.9020553800359399 0.0 0.0 0.0 0.684542795675971 0.7289726749941494
1629013302.865775824 4.522861629974545 -1.9026482949823442 0.0 0.0 0.0 0.684720774839692 0.7288055025196585
1629013302.865775824 4.52376833459248 -1.9036203970466856 0.0 0.0 0.0 0.6847207523144159 0.7288055236824021
1629013302.865775824 4.524585856069503 -1.9039952514182763 0.0 0.0 0.0 0.6847207370448776 0.7288055380283
1629013302.865775824 4.52366724670753 -1.904593774226003 0.0 0.0 0.0 0.684720780901203 0.7288054968248021
1629013302.865775824 4.5232938710149995 -1.9051652336028628 0.0 0.0 0.0 0.6847207891093783 0.7288054891131311
1629013303.867745638 4.522835654345305 -1.904676138064764 0.0 0.0 0.0 0.6847208309077331 0.7288054498431139
1629013303.867745638 4.522263648448416 -1.9041210636554242 0.0 0.0 0.0 0.6847208179282418 0.7288054620374902
1629013303.867745638 4.52192501720655 -1.9032044437261733 0.0 0.0 0.0 0.6848987418251922 0.728638259664059
1629013304.068133831 4.520990368972321 -1.9021794716282892 0.0 0.0 0.0 0.6848987349405455 0.7286382661354264
1629013304.168321133 4.521806873235735 -1.8991856694296745 0.0 0.0 0.0 0.6848987158711156 0.7286382840601342
1629013304.068133831 4.52115130624862 -1.89913316795129 0.0 0.0 0.0 0.6847207789767626 0.7288054986328351
1629013304.168321133 4.520568418654894 -1.899756600884978 0.0 0.0 0.0 0.6847207745453983 0.7288055027961506
1629013304.168321133 4.521553614488278 -1.8995988605454828 0.0 0.0 0.0 0.6847207861370649 0.7288054919056524
1629013304.168321133 4.521377520572775 -1.8992178637708461 0.0 0.0 0.0 0.6847207694805474 0.7288055075546336
1629013304.370109081 4.520677762229181 -1.9002950776580683 0.0 0.0 0.0 0.684720760008561 0.7288055164536686
1629013304.370109081 4.519799860968126 -1.8998340732300036 0.0 0.0 0.0 0.6843647776026712 0.7291398022168631
1629013304.370109081 4.519886702404979 -1.900640429953495 0.0 0.0 0.0 0.6843647767466343 0.7291398030203325
1629013304.370109081 4.520001967388094 -1.9008710218258213 0.0 0.0 0.0 0.6843647791705313 0.7291398007452823
1629013304.370109081 4.5203816143724955 -1.9021085818429928 0.0 0.0 0.0 0.684364779827472 0.729139800128683
1629013304.769490957 4.520173659007931 -1.9023826401262351 0.0 0.0 0.0 0.684364772530829 0.7291398069772537
1629013304.769490957 4.519362018301617 -1.902647151241301 0.0 0.0 0.0 0.6843647861767402 0.7291397941693106
1629013304.769490957 4.519870606068698 -1.9011663560913359 0.0 0.0 0.0 0.6838771308648426 0.7295971970067258
1629013304.769490957 4.519793043903152 -1.8998395126905334 0.0 0.0 0.0 0.6838771106149 0.7295972159877091
1629013304.769490957 4.520202726065812 -1.899584171748587 0.0 0.0 0.0 0.6838770897203379 0.7295972355729159
1629013304.769490957 4.520389440282659 -1.9003484599155822 0.0 0.0 0.0 0.6838770544764536 0.7295972686082437
1629013305.271343708 4.520921812746705 -1.901045861519525 0.0 0.0 0.0 0.6838770712828525 0.7295972528550175
1629013305.271343708 4.5217227989266116 -1.9008154494176752 0.0 0.0 0.0 0.6833136046198017 0.7301250014494047
1629013305.470873833 4.52095911744625 -1.900858386116308 0.0 0.0 0.0 0.683313649878852 0.7301249590921006
1629013305.571066380 4.520347476303733 -1.898960071903216 0.0 0.0 0.0 0.6833136542870937 0.7301249549664894
1629013305.470873833 4.518920965866444 -1.899543705917814 0.0 0.0 0.0 0.683439689359902 0.7300069801088485
1629013305.571066380 4.517684179855132 -1.8992479108887457 0.0 0.0 0.0 0.6834397098017579 0.7300069609709819
1629013305.571066380 4.517684597336607 -1.9002827394228117 0.0 0.0 0.0 0.6834396867888161 0.7300069825159243
1629013305.571066380 4.518266390405741 -1.901052855021371 0.0 0.0 0.0 0.6836579113370982 0.729802617333068
1629013305.571066380 4.517877684437896 -1.9012282522820785 0.0 0.0 0.0 0.6836578761532668 0.7298026502922585
1629013305.571066380 4.517643198561582 -1.9011876981461888 0.0 0.0 0.0 0.683657887327345 0.7298026398247072
1629013306.072058678 4.517838518618567 -1.900869203479582 0.0 0.0 0.0 0.6836579079942902 0.7298026204645135
1629013306.172584057 4.5172742578850515 -1.9005253965283828 0.0 0.0 0.0 0.6836579241945161 0.7298026052886117
1629013306.272438526 4.51776379818371 -1.9003082160359626 0.0 0.0 0.0 0.6836579454051741 0.7298025854190817
1629013306.072058678 4.517770260750805 -1.897918438343499 0.0 0.0 0.0 0.6831537999921743 0.7302745275280059
1629013306.272438526 4.519439117758412 -1.8970191445583557 0.0 0.0 0.0 0.6831538184369836 0.7302745102733414
1629013306.172584057 4.52023954587127 -1.8971031212284268 0.0 0.0 0.0 0.6828718604857025 0.7305381729634635
1629013306.272438526 4.520418642327891 -1.8968010757225868 0.0 0.0 0.0 0.6828718570769089 0.7305381761498393
1629013306.272438526 4.520422905146748 -1.896735061086401 0.0 0.0 0.0 0.6825380749186015 0.7308500367971595
1629013306.575726032 4.518727256619343 -1.8967739850859635 0.0 0.0 0.0 0.6825380504546923 0.7308500596439108
1629013306.575726032 4.517632808501745 -1.8968754375815147 0.0 0.0 0.0 0.6825380484214704 0.7308500615427288
1629013306.575726032 4.517450407028412 -1.8963339452418713 0.0 0.0 0.0 0.6825380571649338 0.7308500533772422
1629013306.575726032 4.5181086896831415 -1.895775081451299 0.0 0.0 0.0 0.6820176863488205 0.7313356790882022
1629013306.575726032 4.517935036931715 -1.8954838394727127 0.0 0.0 0.0 0.682017690872084 0.7313356748699673
1629013306.575726032 4.517933426502067 -1.8953395098568986 0.0 0.0 0.0 0.6820176639739319 0.7313356999542282
1629013306.575726032 4.517861303555267 -1.8954695684492924 0.0 0.0 0.0 0.682017649078473 0.7313357138452031
1629013307.374596596 4.5179213729239756 -1.8950039843364317 0.0 0.0 0.0 0.6820176426202251 0.7313357198679351
1629013307.374596596 4.517334203319619 -1.8945921237015027 0.0 0.0 0.0 0.6820176243785888 0.731335736879435
1629013307.374596596 4.517710726197251 -1.8948081078480816 0.0 0.0 0.0 0.6820175926310393 0.731335766486066
1629013307.374596596 4.519280250764188 -1.895179339395595 0.0 0.0 0.0 0.6821961242015455 0.7311692335734522
1629013307.374596596 4.51922484940477 -1.894524904891689 0.0 0.0 0.0 0.682196143156869 0.7311692158877401
1629013307.374596596 4.519710878629428 -1.8946590506250571 0.0 0.0 0.0 0.6821961819688975 0.7311691796753054
1629013307.975763083 4.519386987799723 -1.8947447764624021 0.0 0.0 0.0 0.6821961928073464 0.7311691695628049
1629013308.075963020 4.521069609088419 -1.8949895106684511 0.0 0.0 0.0 0.6821962188494379 0.7311691452649857
1629013307.975763083 4.5215338067811235 -1.895208680973354 0.0 0.0 0.0 0.682731558860076 0.7306692949183582
1629013308.075963020 4.5225447659102285 -1.8948721333025853 0.0 0.0 0.0 0.6827315736245368 0.7306692811225635
1629013308.075963020 4.521991386695689 -1.8953463851335945 0.0 0.0 0.0 0.6829500140441331 0.7304651109513159
1629013308.075963020 4.522205170103827 -1.8960307599859245 0.0 0.0 0.0 0.6829500094120079 0.730465115282132
1629013308.476742268 4.521472799136311 -1.8952215582927245 0.0 0.0 0.0 0.6829499911697346 0.7304651323377861
1629013308.577086210 4.521994321982367 -1.8945450404484423 0.0 0.0 0.0 0.6829500165839382 0.7304651085767195
1629013308.476742268 4.52160217823389 -1.8933343440119579 0.0 0.0 0.0 0.6830761259217842 0.7303471819591603
1629013308.577086210 4.521939465715062 -1.892114793104459 0.0 0.0 0.0 0.6830761064736566 0.730347200148525
1629013308.577086210 4.520274070712681 -1.8928321927705698 0.0 0.0 0.0 0.6833579718942601 0.7300834762193729
1629013308.777350664 4.521622334982964 -1.8915830325335272 0.0 0.0 0.0 0.6833579544336044 0.7300834925625425
1629013308.777350664 4.521559750371514 -1.8917243591255202 0.0 0.0 0.0 0.6830244079949548 0.7303955490575922
1629013308.777350664 4.521575716648347 -1.8909570688062811 0.0 0.0 0.0 0.6830244438357969 0.7303955155412719
1629013308.777350664 4.521736298543408 -1.8913822254307793 0.0 0.0 0.0 0.6830244268252326 0.730395531448586
1629013308.777350664 4.521980016492665 -1.8915970630902994 0.0 0.0 0.0 0.6830244411132059 0.7303955180872844
1629013308.777350664 4.521880175596122 -1.8911179961107882 0.0 0.0 0.0 0.6830244697328841 0.7303954913237845
