1629013127.723922968 -0.00020115017768294012 0.00011291496484868983 0.0 0.0 0.0 2.0811619232064957e-08 0.9999999999999998
1629013127.723922968 -0.0002572195642772431 0.001008464480543201 0.0 0.0 0.0 7.155754300414462e-08 0.9999999999999974
1629013127.723922968 -0.0008642103888028892 0.005943651256625008 0.0 0.0 0.0 -1.732826087028247e-08 0.9999999999999999
1629013127.723922968 -0.0011032512959971857 0.0010735803984361742 0.0 0.0 0.0 8.110237322829653e-08 0.9999999999999967
1629013127.723922968 -0.0020521199719563954 0.0011645899362234752 0.0 0.0 0.0 6.898935671839911e-08 0.9999999999999977
1629013128.224887848 0.0005437645890181285 -8.098878804165085e-05 0.0 0.0 0.0 1.4900527746398439e-08 0.9999999999999999
1629013128.224887848 0.005643450459848208 0.0039048582799663446 0.0 0.0 0.0 -3.600019418992095e-08 0.9999999999999993
1629013128.325093031 -0.0005388438516054929 -0.0023947238201380465 0.0 0.0 0.0 0.0005178757897310029 0.9999998659023243
1629013128.325093031 -0.0012486461822337816 -0.006571087635204504 0.0 0.0 0.0 8.553580945255029e-08 0.9999999999999963
1629013128.425327301 -0.0007699990736807583 0.0009553366265511627 0.0 0.0 0.0 -0.0003956012437258861 0.9999999217498249
1629013128.425327301 0.0066701802812698914 -0.002839740542941243 0.0 0.0 0.0 5.6315912571752346e-08 0.9999999999999984
1629013128.525490284 -0.00020118936740475262 0.0008139830384355724 0.0 0.0 0.0 0.00012224050397605717 0.9999999925286296
1629013128.525490284 0.002588552426344093 -0.007808645394216945 0.0 0.0 0.0 2.5691032711448253e-08 0.9999999999999997
1629013128.625700474 0.0009780362989355222 -0.0074067616589713605 0.0 0.0 0.0 0.0008129366093127406 0.99999966956698
1629013128.625700474 0.002823236355663287 -0.006665726425005973 0.0 0.0 0.0 0.0008128656897018789 0.9999996696246307
1629013128.625700474 -0.005129291236267376 -0.00021187883424910662 0.0 0.0 0.0 0.0008128572269725981 0.9999996696315097
1629013128.625700474 -0.005353885333588789 0.00013256290367507506 0.0 0.0 0.0 0.00012235356228377522 0.9999999925148029
1629013128.926275730 0.00616389757871368 0.004978226429515695 0.0 0.0 0.0 0.0002949682668070146 0.9999999564968598
1629013128.926275730 0.006168983088945655 0.0051489952209667145 0.0 0.0 0.0 0.0002949883349321751 0.9999999564909402
1629013128.926275730 0.007139063785497782 0.004204900384765755 0.0 0.0 0.0 0.0008128336895676905 0.999999669650642
1629013128.926275730 0.0073064883308935355 0.0056788360175416925 0.0 0.0 0.0 0.0002949437786166728 0.9999999565040828
1629013129.327075481 0.00658636302148263 -0.008364903502280452 0.0 0.0 0.0 0.00029483400724850215 0.9999999565364531
1629013129.327075481 0.0070159248024100375 -0.007857414867288984 0.0 0.0 0.0 0.0002948508424413763 0.9999999565314894
1629013129.327075481 0.007049371443163457 0.00535060438984954 0.0 0.0 0.0 0.00029496198009541796 0.9999999564987142
1629013129.327075481 -0.007458760863662401 -0.013474555793107763 0.0 0.0 0.0 0.0007179454512602781 0.9999997422771313
1629013129.327075481 0.0079250223983957 -0.00796464824170822 0.0 0.0 0.0 0.0002948469934267271 0.9999999565326243
1629013129.727863789 -0.008691098906687384 -0.013756057364372819 0.0 0.0 0.0 0.0007179490979649657 0.9999997422745132
1629013129.727863789 -0.011708333331237615 0.002758417358394169 0.0 0.0 0.0 0.0002949996432597558 0.9999999564876043
1629013129.727863789 -0.012912569114292593 0.0023255888229082103 0.0 0.0 0.0 0.00029503403382176365 0.9999999564774585
1629013129.928267002 -0.00845600193370019 -0.014609818295960175 0.0 0.0 0.0 0.0007179241925358346 0.9999997422923936
1629013129.928267002 0.010903094736881815 -0.005829927740410856 0.0 0.0 0.0 0.0002951937029391051 0.9999999564303379
1629013129.928267002 0.011231889343905675 -0.008043961605378144 0.0 0.0 0.0 0.00029520300545862044 0.9999999564275919
1629013129.928267002 0.011416586433767806 -0.007309295054907839 0.0 0.0 0.0 0.0002952265115829428 0.9999999564206524
1629013130.128615141 -0.008123640421199597 -0.012700065383568833 0.0 0.0 0.0 0.0002950816983204047 0.9999999564633947
1629013130.128615141 -0.008555897422042769 -0.012239003743169477 0.0 0.0 0.0 0.0002950853135839128 0.9999999564623279
1629013130.128615141 -0.009369382155289395 -0.01691902138176012 0.0 0.0 0.0 0.0007179434686724707 0.9999997422785547
1629013130.128615141 -0.009384834907315176 -0.014967947754781535 0.0 0.0 0.0 0.000717984696785566 0.9999997422489544
1629013130.128615141 -0.009593573271303644 -0.01552361421780113 0.0 0.0 0.0 0.0007179972625849523 0.9999997422399323
1629013130.128615141 -0.009757022494371648 -0.016223853134552407 0.0 0.0 0.0 0.0007179815841656471 0.9999997422511891
1629013130.729794502 -0.008990737545313541 -0.019155073385619635 0.0 0.0 0.0 0.0014297040606473666 0.9999989779726273
1629013130.729794502 -0.009484720014622462 -0.016649103751154956 0.0 0.0 0.0 0.0007179401398544311 0.9999997422809446
1629013130.830001831 0.00213716446538496 0.01495399162206662 0.0 0.0 0.0 0.0014294168166975503 0.9999989783832602
1629013130.830001831 0.002282593853243813 0.015346451034427767 0.0 0.0 0.0 0.0014294379826657795 0.999998978353005
1629013130.830001831 0.0031569610102426013 0.013582488959074204 0.0 0.0 0.0 0.0026002701146943096 0.9999966192919507
1629013130.830001831 0.004189619960303155 0.01264287150015113 0.0 0.0 0.0 0.002600296652624408 0.9999966192229444
1629013130.830001831 -0.011991821547244593 -0.019693164545438995 0.0 0.0 0.0 0.0026006166480469946 0.9999966183908073
1629013131.230769873 -0.01211138403076403 -0.019185067831665625 0.0 0.0 0.0 0.0026005539762180463 0.9999966185537913
1629013131.230769873 0.03405178426387488 -0.026146186468306642 0.0 0.0 0.0 0.0071418137257673936 0.9999744969231498
1629013131.230769873 0.03546286037380017 -0.030421829577241266 0.0 0.0 0.0 0.007141904359680881 0.9999744962758386
1629013131.230769873 0.05573608034618044 0.005918818814877282 0.0 0.0 0.0 0.007141742996171434 0.9999744974282977
1629013131.230769873 0.05675340228444634 0.00650554231151721 0.0 0.0 0.0 0.007141742584859433 0.9999744974312353
1629013131.230769873 0.06472791860830922 -0.01921372917676921 0.0 0.0 0.0 0.007141967163136508 0.9999744958272889
1629013131.631546736 0.06709632605321589 -0.013845721603013297 0.0 0.0 0.0 0.007141715483320454 0.9999744976247921
1629013131.631546736 0.1353101464005385 -0.014435938385827693 0.0 0.0 0.0 0.014620524479980456 0.9998931144197015
1629013131.731744289 0.06694780210492517 -0.01171508357015033 0.0 0.0 0.0 0.007141672897723419 0.9999744979289331
1629013131.731744289 0.13979373633354092 -0.020103832976550516 0.0 0.0 0.0 0.01627617515513965 0.9998675342875771
1629013131.831948757 0.10393813802438231 -0.024300866059703562 0.0 0.0 0.0 0.01627583837926203 0.9998675397696698
1629013131.831948757 0.10538243052466906 -0.02683129412016595 0.0 0.0 0.0 0.01800188986735514 0.9998379528509626
1629013131.831948757 0.10945136844611157 -0.0056058272827142295 0.0 0.0 0.0 0.01627589065495385 0.9998675389187249
1629013131.831948757 0.10979040822942886 -0.00932463731617505 0.0 0.0 0.0 0.01800191202978736 0.999837952451932
1629013131.831948757 0.10982376378443114 -0.008648575271809417 0.0 0.0 0.0 0.018001914525057824 0.999837952407005
1629013131.831948757 0.1111363199780191 -0.004860702837293444 0.0 0.0 0.0 0.018002338097268828 0.9998379447805688
1629013132.533311367 0.1101296997433548 -0.009308107055954194 0.0 0.0 0.0 0.01800190645070125 0.9998379525523825
1629013132.533311367 0.11128118051307673 -0.008171548577628137 0.0 0.0 0.0 0.01800188315042104 0.9998379529718996
1629013132.533311367 0.129707641264204 -0.02031043438352887 0.0 0.0 0.0 0.023245552418847917 0.9997297856384707
1629013132.533311367 0.13056590756965505 -0.021299391316551976 0.0 0.0 0.0 0.023245557860148543 0.9997297855119505
1629013132.533311367 0.13058858720399372 -0.020859537193545226 0.0 0.0 0.0 0.023245554390714636 0.9997297855926212
1629013132.533311367 0.1313738949834871 -0.021735382932090794 0.0 0.0 0.0 0.02324556128218743 0.9997297854323818
1629013132.533311367 0.13220922410927122 -0.022012196959116923 0.0 0.0 0.0 0.023245537317737222 0.9997297859895992
1629013132.934135914 0.146175765809752 -0.020347105188055326 0.0 0.0 0.0 0.024679238517321376 0.9996954212089826
1629013132.934135914 0.146491264166613 -0.02061124169834535 0.0 0.0 0.0 0.024679196841113877 0.9996954222378321
1629013133.134488583 0.14619379826664355 -0.01920666577720122 0.0 0.0 0.0 0.024679292937107546 0.999695419865533
1629013133.134488583 0.14686866820050368 -0.019791355849994054 0.0 0.0 0.0 0.024334134415656617 0.9997038811079213
1629013133.134488583 0.14700070958446107 -0.020559852996612272 0.0 0.0 0.0 0.02433417386511625 0.9997038801476676
1629013133.134488583 0.14701749450340576 -0.01956066326501591 0.0 0.0 0.0 0.024334138437705932 0.9997038810100192
1629013133.134488583 0.14708469508016028 -0.019548460077113746 0.0 0.0 0.0 0.024334134122926728 0.9997038811150467
1629013133.134488583 0.14784617143593923 -0.020091749673182016 0.0 0.0 0.0 0.024334139979939128 0.9997038809724791
1629013133.635461807 0.14594158087152576 -0.024148624620376438 0.0 0.0 0.0 0.018607235220005385 0.9998268704118065
1629013133.635461807 0.14607817998908615 -0.020863564814231263 0.0 0.0 0.0 0.024334216756933928 0.9997038791036207
1629013133.635461807 0.14631062137307405 -0.022992154733597427 0.0 0.0 0.0 0.01860724761004072 0.9998268701812223
1629013133.635461807 0.14641800128395704 -0.024031655029269346 0.0 0.0 0.0 0.01860724455592347 0.9998268702380608
1629013133.635461807 0.14646034909154115 -0.022301703323135098 0.0 0.0 0.0 0.01860718394742234 0.9998268713660114
1629013133.635461807 0.1471201026670972 -0.021892109730338078 0.0 0.0 0.0 0.018607184465514105 0.9998268713563695
1629013135.038238049 0.15171157370528374 -0.04039556446495224 0.0 0.0 0.0 -0.027559198779807892 0.9996201731470884
1629013135.038238049 0.15484944571288525 -0.05687421931437811 0.0 0.0 0.0 -0.03705712557648542 0.9993131488397461
1629013135.243909359 0.15477180100092186 -0.0563071129095137 0.0 0.0 0.0 -0.037057055633619024 0.9993131514334067
1629013135.243909359 0.15586895065406353 -0.0567901005123529 0.0 0.0 0.0 -0.03705715832540537 0.9993131476253306
1629013135.243909359 0.1567442791557816 -0.05779215115125437 0.0 0.0 0.0 -0.037057200572137405 0.9993131460587099
1629013135.243909359 0.1571163853378732 -0.05911711732924745 0.0 0.0 0.0 -0.03705719664863438 0.9993131462042039
1629013135.639563084 0.16638389128742456 -0.08210158015035594 0.0 0.0 0.0 -0.053734921646298034 0.9985552354254952
1629013135.739579201 0.1571814916237102 -0.05884964774384234 0.0 0.0 0.0 -0.03705705994053709 0.9993131512736954
1629013135.739579201 0.15718857229489255 -0.05793269117389475 0.0 0.0 0.0 -0.037057067732330855 0.9993131509847558
1629013135.739579201 0.15727048144731914 -0.05873552571310707 0.0 0.0 0.0 -0.03705711413686899 0.9993131492639568
1629013135.739579201 0.157506476484844 -0.05869854802695258 0.0 0.0 0.0 -0.03705709164945881 0.9993131500978477
1629013135.739579201 0.1579940950031615 -0.05790448451346198 0.0 0.0 0.0 -0.03705714241474387 0.9993131482153397
1629013135.739579201 0.16905372620687414 -0.08618368913199277 0.0 0.0 0.0 -0.05823291798821872 0.9983030237671212
1629013136.140389442 0.15769676079632153 -0.059586924124928574 0.0 0.0 0.0 -0.037057079627994975 0.9993131505436343
1629013136.140389442 0.17895585338245562 -0.11595114539239133 0.0 0.0 0.0 -0.07539273334375679 0.9971539177874984
1629013136.240868092 0.15803271410829667 -0.06034933686065028 0.0 0.0 0.0 -0.03705711299240708 0.9993131493063964
1629013136.240868092 0.18174426941096483 -0.12492188108678985 0.0 0.0 0.0 -0.07963661350685305 0.9968239612836161
1629013136.340748310 0.15799350421359828 -0.058528495423287266 0.0 0.0 0.0 -0.03705707309128542 0.9993131507860322
1629013136.340748310 0.1819736924574332 -0.12986422142676873 0.0 0.0 0.0 -0.08446639057043318 0.9964263288693264
1629013136.541119576 0.18864232030572947 -0.15840443401812354 0.0 0.0 0.0 -0.09637672800799865 0.9953449283029839
1629013137.242624760 0.22216827166258746 -0.22687516820922068 0.0 0.0 0.0 -0.13922317589980326 0.9902610298766545
1629013137.342700481 0.2301437579164522 -0.24429351878082536 0.0 0.0 0.0 -0.146566318178671 0.989200846327756
1629013137.552075386 0.27547437605618197 -0.2802264872360385 0.0 0.0 0.0 -0.16305846000160468 0.9866164090576971
1629013138.044185638 0.5236820800185813 -0.36493778110187824 0.0 0.0 0.0 -0.20136551034285197 0.9795161720177787
1629013138.545035839 0.7517390894655335 -0.4740728723567765 0.0 0.0 0.0 -0.22709286621169883 0.9738731078101271
1629013164.395480871 0.1581527815060585 -0.05857828705630029 0.0 0.0 0.0 -0.03705705432207463 0.9993131514820421
1629013178.523101568 0.1575624865812267 -0.05877046145984907 0.0 0.0 0.0 -0.03705702877287657 0.9993131524294705
1629013178.723504305 0.15785352628114208 -0.05861038463944891 0.0 0.0 0.0 -0.03705700791970613 0.9993131532027579
1629013178.723504305 0.15808637782572624 -0.05950617368028003 0.0 0.0 0.0 -0.03705696171491107 0.9993131549161453
1629013181.629146099 0.15789706758744282 -0.05814963729988333 0.0 0.0 0.0 -0.037056940942952574 0.9993131556864198
1629013181.629146099 -1.012999310861158 0.11390399274958421 0.0 0.0 0.0 -0.9208772770614558 0.3898525882841855
1629013181.629146099 -1.0133230733247132 0.11426333346498622 0.0 0.0 0.0 -0.9208772774877253 0.38985258727728744
1629013181.629146099 -1.0137557137253799 0.11408708237262724 0.0 0.0 0.0 -0.9208772784825837 0.38985258492731584
1629013181.832266808 -1.013870205626445 0.11329760777627039 0.0 0.0 0.0 -0.9208772764943703 0.3898525896237075
1629013181.832266808 -1.0404988688617904 0.015703616409765937 0.0 0.0 0.0 -0.9029598808838046 0.4297248579199315
1629013181.832266808 -1.041013569100752 0.016295992112424357 0.0 0.0 0.0 -0.9029598561069273 0.4297249099823713
1629013181.832266808 -1.041018648415768 0.01697411955358408 0.0 0.0 0.0 -0.90295990661444 0.42972480385339834
1629013181.832266808 -1.0410375611233937 0.016639891767431934 0.0 0.0 0.0 -0.9029598853997234 0.4297248484308517
1629013181.832266808 -1.0411361030845079 0.016356284012841817 0.0 0.0 0.0 -0.9029598869282358 0.42972484521906285
1629013182.330725193 -1.0407161434266385 0.015741062345191573 0.0 0.0 0.0 -0.9029598522534101 0.42972491807957763
1629013182.330725193 -1.0601911429574673 -0.216667635759958 0.0 0.0 0.0 -0.8592590431477521 0.5115407088089954
1629013182.531440973 -1.0405659919723984 0.01610248147948646 0.0 0.0 0.0 -0.9029598762745429 0.4297248676051482
1629013182.531440973 -1.0413456913405372 0.01593986864934268 0.0 0.0 0.0 -0.9029598767328256 0.4297248666421812
1629013182.531440973 -1.0664847799022847 -0.3342401668283289 0.0 0.0 0.0 -0.8518155940051738 0.5238417640944762
1629013182.734062195 -1.0412849454398818 0.014979758385139775 0.0 0.0 0.0 -0.9029598736479373 0.42972487312430624
1629013182.734062195 -1.0645137974668812 -0.46496587884044427 0.0 0.0 0.0 -0.8611308554201843 0.5083833689680473
1629013182.831467628 -1.0412561366938067 0.0158150535744107 0.0 0.0 0.0 -0.9029598615348695 0.42972489857690266
1629013182.831467628 -1.0420952493669664 0.015900629607124676 0.0 0.0 0.0 -0.9029598662135675 0.42972488874578374
1629013182.831467628 -1.0428358382318612 0.015358595632882823 0.0 0.0 0.0 -0.902959888358685 0.4297248422133298
1629013182.831467628 -1.0712578064906229 -0.5303301351355443 0.0 0.0 0.0 -0.8661735253766861 0.4997433580714439
1629013183.132084608 -1.043463122121589 0.012935300849533704 0.0 0.0 0.0 -0.9029599035926856 0.42972481020286446
1629013183.132084608 -1.0444051881411258 0.014789893029201556 0.0 0.0 0.0 -0.9029598872803797 0.42972484447912007
1629013183.132084608 -1.044814711539769 0.013899210937089224 0.0 0.0 0.0 -0.9029598884412945 0.42972484203974637
1629013183.132084608 -1.082952822514708 -0.7096834863984537 0.0 0.0 0.0 -0.884289624048725 0.46693881911848417
1629013183.634452820 -1.116373887105219 -0.9995685773569604 0.0 0.0 0.0 -0.9131934154827115 0.4075264235838209
1629013184.033816814 -1.2758126020397436 -1.2069259037194762 0.0 0.0 0.0 -0.9341936093318546 0.35676645061373463
1629013184.635001659 -1.5749551406631466 -1.4976482534214395 0.0 0.0 0.0 -0.9551097542223582 0.2962521854591228
1629013184.835386753 -1.6937393514541819 -1.5917737999315587 0.0 0.0 0.0 -0.9532479799964788 0.3021891603493295
1629013185.035778046 -1.765683308586584 -1.6627641594671567 0.0 0.0 0.0 -0.9474037988636209 0.3200406878801189
1629013185.737141132 -1.7702939513616798 -1.6950150516706617 0.0 0.0 0.0 -0.9412581207448245 0.3376879478629958
1629013188.142455101 -1.0434977679583226 0.013470147553215354 0.0 0.0 0.0 -0.9029599085545088 0.4297247997768259
1629013188.542624950 -1.0437619035333656 0.014021951486986844 0.0 0.0 0.0 -0.9029599137848473 0.42972478878656883
1629013188.642812967 -1.040665357804073 0.013902181733029257 0.0 0.0 0.0 -0.9029599192489411 0.4297247773051324
1629013188.642812967 -1.04085927588248 0.014143403949293067 0.0 0.0 0.0 -0.9029599079000401 0.4297248011520292
1629013188.642812967 -1.0416588981032593 0.014420707722377434 0.0 0.0 0.0 -0.9029598950536725 0.42972482814547813
1629013188.642812967 -1.0427603224299018 0.014328768292458811 0.0 0.0 0.0 -0.9029599122519928 0.4297247920074818
1629013189.150118589 -1.0408002723992402 0.01431664487647143 0.0 0.0 0.0 -0.9029599280231718 0.4297247588682647
1629013189.243979216 -1.0404063695438153 0.0135410160994827 0.0 0.0 0.0 -0.9029599407431979 0.42972473214028595
1629013189.346075773 -1.0368362332280332 0.014291334190807277 0.0 0.0 0.0 -0.9029599560790412 0.4297246999158135
1629013189.346075773 -1.0377219782512157 0.013519657245892007 0.0 0.0 0.0 -0.9029599606783933 0.4297246902514148
1629013189.346075773 -1.0384525285697825 0.014400348938048556 0.0 0.0 0.0 -0.902959963111617 0.4297246851385981
1629013189.346075773 -1.0384538243485009 0.014358575330824437 0.0 0.0 0.0 -0.9029599563224332 0.4297246994043856
1629013190.145747185 -1.037966155417722 0.013110685930285701 0.0 0.0 0.0 -0.9029599696774991 0.4297246713420233
1629013190.145747185 -1.0391350942840585 0.013185706469681428 0.0 0.0 0.0 -0.9029599742985531 0.4297246616320225
1629013190.145747185 -1.039216487059 0.011410107788878594 0.0 0.0 0.0 -0.9029599424863562 0.42972472847747106
1629013190.446377039 -1.0401167842485868 0.012369976620212003 0.0 0.0 0.0 -0.902959910998933 0.4297247946404757
1629013190.446377039 -1.0402437429584348 0.01273309214500347 0.0 0.0 0.0 -0.9029598881235105 0.42972484270749045
1629013190.446377039 -1.0414398129022464 0.01277063368115286 0.0 0.0 0.0 -0.9029598891652159 0.4297248405186057
1629013192.851044893 -1.0397455613157423 0.013053293156652058 0.0 0.0 0.0 -0.9029598946898696 0.4297248289099195
1629013192.851044893 -1.7689877262733988 -1.694650500913509 0.0 0.0 0.0 -0.9412581367239145 0.33768790332350473
1629013192.851044893 -2.5208613609018657 -0.49196919411412704 0.0 0.0 0.0 0.8216502909354307 0.5699919292461271
1629013193.051414251 -1.7683295062562616 -1.6944261739941762 0.0 0.0 0.0 -0.9412581155158297 0.33768796243809013
1629013193.051414251 -2.5212327749142185 -0.49211540662537867 0.0 0.0 0.0 0.8216502906187548 0.5699919297026192
1629013193.051414251 -2.5215314126906554 -0.49213204361822044 0.0 0.0 0.0 0.8216502900989218 0.5699919304519651
1629013193.051414251 -2.5216972937882005 -0.4913094407199774 0.0 0.0 0.0 0.8216502813137002 0.5699919431159683
1629013193.051414251 -2.5755701678112115 -0.34281794103507385 0.0 0.0 0.0 0.7972675521084224 0.6036260848862018
1629013193.151612282 -2.5214772777678025 -0.49182523878499484 0.0 0.0 0.0 0.8216502694984203 0.5699919601478369
1629013193.151612282 -2.59664058236865 -0.27653628331259617 0.0 0.0 0.0 0.7856417238763684 0.6186817289241441
1629013193.251803398 -2.521138532950712 -0.49211307134368804 0.0 0.0 0.0 0.8216502303652671 0.5699920165587441
1629013193.251803398 -2.6139068368284053 -0.2153190999464035 0.0 0.0 0.0 0.7731961937823619 0.6341668912206535
1629013193.354059696 -2.5218932040486375 -0.49184492109509026 0.0 0.0 0.0 0.8216501958066986 0.5699920663753257
1629013193.354059696 -2.522147355027893 -0.4921079170300647 0.0 0.0 0.0 0.8216502003941278 0.5699920597624931
1629013193.354059696 -2.5222100031981545 -0.4912398441656634 0.0 0.0 0.0 0.8216501884989997 0.5699920769094586
1629013193.354059696 -2.6277404377381717 -0.15186100219501839 0.0 0.0 0.0 0.7610682368994001 0.6486718267219863
1629013193.452210426 -2.520726495891282 -0.49128748216847595 0.0 0.0 0.0 0.8216501799826107 0.5699920891859319
1629013193.452210426 -2.6398903979336956 -0.09144892633569368 0.0 0.0 0.0 0.7480961948930432 0.6635902976886792
1629013193.552470684 -2.5208437537935136 -0.49068755036078043 0.0 0.0 0.0 0.8216501654277316 0.5699921101669577
1629013193.552470684 -2.520932144973909 -0.49060088099600796 0.0 0.0 0.0 0.8216501714155722 0.5699921015354168
1629013193.552470684 -2.5209552898174956 -0.4909956624137506 0.0 0.0 0.0 0.8216501785286524 0.5699920912818296
1629013193.552470684 -2.649649035158438 -0.029021176532600217 0.0 0.0 0.0 0.7350893456088609 0.6779702456393915
1629013194.253760338 -2.678803806056844 0.07291895562173445 0.0 0.0 0.0 0.6827107577486257 0.7306887307563306
1629013194.554497957 -2.693453466897514 0.25700075101084113 0.0 0.0 0.0 0.6365164972934808 0.7712630865490959
1629013194.854950905 -2.6616652117419877 0.4464423703399078 0.0 0.0 0.0 0.587060413829157 0.8095431245552882
1629013195.957142353 -2.5134061967059433 0.7052811158756117 0.0 0.0 0.0 0.5005273096233863 0.8657207473089545
1629013196.458153248 -2.3664947968391092 0.9794973303520156 0.0 0.0 0.0 0.4035585819134037 0.9149538081040172
1629013197.760605812 -2.520149006832616 -0.49071575394742223 0.0 0.0 0.0 0.8216502044209707 0.5699920539577522
1629013197.760605812 -2.520160376121184 -0.4903220672104799 0.0 0.0 0.0 0.821650185388234 0.5699920813936636
1629013208.080886364 -2.519931330777585 -0.49073754734877323 0.0 0.0 0.0 0.8216502071832342 0.569992049975917
1629013208.080886364 -2.5200362766407705 -0.489732276048703 0.0 0.0 0.0 0.8216501896564282 0.569992075241012
1629013208.481552601 -2.5178502915694527 -0.4933274328971454 0.0 0.0 0.0 0.8216502111643457 0.5699920442370981
1629013208.481552601 -2.517885821043606 -0.4923968607988612 0.0 0.0 0.0 0.8216502005951063 0.5699920594727803
1629013208.481552601 -2.5179305141215313 -0.4918455953077035 0.0 0.0 0.0 0.8216501969790876 0.5699920646853134
1629013208.481552601 -2.5199327494989525 -0.4919057255759335 0.0 0.0 0.0 0.8216502158128445 0.5699920375362327
1629013208.481552601 -2.520256881048237 -0.49128315544581347 0.0 0.0 0.0 0.8216502087811848 0.5699920476724526
1629013209.383306265 -2.365599147245849 0.9793336811929562 0.0 0.0 0.0 0.40355856656994954 0.9149538148715527
1629013209.383306265 3.3573837653233616 0.5366459773774676 0.0 0.0 0.0 0.1775750427121953 0.9841072625510707
1629013209.483502388 -2.364986047385949 0.9774467407637515 0.0 0.0 0.0 0.4035585680446944 0.9149538142210872
1629013209.483502388 -2.3656622274336114 0.9788840908538182 0.0 0.0 0.0 0.403558586173028 0.914953806225225
1629013209.483502388 -2.366063494717318 0.9780097459205181 0.0 0.0 0.0 0.4035586019305663 0.914953799275049
1629013209.483502388 3.4725539323034726 0.49299689396058904 0.0 0.0 0.0 0.25093549491801903 0.9680038106279587
1629013209.784077168 -2.3647656572012243 0.9768585377573914 0.0 0.0 0.0 0.4035585680677864 0.914953814210902
1629013209.784077168 3.5369738006339952 0.5289402050817499 0.0 0.0 0.0 0.2955550044201662 0.955325724222998
1629013209.986763000 -2.363377316684911 0.9753500908737809 0.0 0.0 0.0 0.40355858930005256 0.9149538048459886
1629013209.986763000 -2.364268186705564 0.9749283054751334 0.0 0.0 0.0 0.40355855080941166 0.9149538218230511
1629013209.986763000 -2.364475253287501 0.9750155221337995 0.0 0.0 0.0 0.4035585507589742 0.9149538218452975
1629013209.986763000 3.5936175680315614 0.5805514433125735 0.0 0.0 0.0 0.3245507845288449 0.9458682721508906
1629013210.385328293 -2.3599867746717327 0.9736266181382737 0.0 0.0 0.0 0.4035586392742038 0.9149537828038928
1629013210.385328293 -2.361522703313821 0.9748694372877356 0.0 0.0 0.0 0.4035586279672894 0.9149537877910331
1629013210.385328293 3.687052969601671 0.6763060573195977 0.0 0.0 0.0 0.3806258312074986 0.9247291368923123
1629013210.786072731 -2.358921225611552 0.973507579145076 0.0 0.0 0.0 0.4035586482390331 0.9149537788497758
1629013210.786072731 -2.3592225114891234 0.973190673636159 0.0 0.0 0.0 0.4035586569713254 0.9149537749982237
1629013210.786072731 3.774372342349567 0.7973070745818782 0.0 0.0 0.0 0.4416359805692679 0.8971943271480384
1629013211.487395525 3.9448488035484677 1.0777716099660521 0.0 0.0 0.0 0.5439231257153592 0.8391350506992504
1629013211.687815666 -2.3591174109362103 0.9735271814787039 0.0 0.0 0.0 0.4035586593121713 0.9149537739657468
1629013211.687815666 4.059655978038866 1.3010958586472356 0.0 0.0 0.0 0.6002893040132457 0.7997829402327191
1629013211.687815666 4.0596624825400225 1.3009819784203398 0.0 0.0 0.0 0.6002893395724489 0.7997829135432146
1629013212.089605808 4.058600653460257 1.3017821171572013 0.0 0.0 0.0 0.6002893603247155 0.7997828979672821
1629013212.089605808 4.098948775289506 1.503372925037092 0.0 0.0 0.0 0.6548005659620504 0.755801706015393
1629013212.389182568 4.099669139444244 1.503166471347886 0.0 0.0 0.0 0.6548005470898441 0.755801722365622
1629013212.489371300 4.1187645598358325 1.740819700583209 0.0 0.0 0.0 0.6786365878684396 0.7344742211992751
1629013212.489371300 4.119391697305062 1.741618013148871 0.0 0.0 0.0 0.6786365747739121 0.7344742332983045
1629013212.790127516 4.120405448007178 1.7410173856165398 0.0 0.0 0.0 0.6786365496164829 0.734474256543165
1629013212.790127516 4.126855717963218 1.9263955445055616 0.0 0.0 0.0 0.6687394731145326 0.7434968171407981
1629013212.790127516 4.127496049715018 1.9270937034569635 0.0 0.0 0.0 0.6687394432902674 0.743496843966283
1629013212.790127516 4.127791605200499 1.9256819716786961 0.0 0.0 0.0 0.6687394401500832 0.7434968467907267
1629013213.491334200 4.109630640069758 2.188493038600615 0.0 0.0 0.0 0.6215973953600177 0.783336886710719
1629013213.491334200 4.129292130204574 1.92666882625722 0.0 0.0 0.0 0.6687394180755817 0.7434968666456722
1629013213.691732168 4.114625574041786 2.2882076552493573 0.0 0.0 0.0 0.5958627498871572 0.8030862863334893
1629013213.691732168 4.129539613152575 1.9266474472177113 0.0 0.0 0.0 0.6687394081210956 0.7434968755992502
1629013213.892106056 4.109058753172958 2.187192577544095 0.0 0.0 0.0 0.62159734273767 0.7833369284678642
1629013213.992370605 4.109283546394963 2.1893620521379624 0.0 0.0 0.0 0.621597314051843 0.7833369512307806
1629013213.992370605 4.173335183752059 2.4582129281043072 0.0 0.0 0.0 0.5556446843950501 0.8314198606621839
1629013214.192687035 4.114975588706943 2.287906736029783 0.0 0.0 0.0 0.5958627295830299 0.8030863013984618
1629013214.192687035 4.174868995747781 2.5342651922684185 0.0 0.0 0.0 0.5282887552552885 0.8490647743669607
1629013214.394271851 4.173959213178426 2.459090573775997 0.0 0.0 0.0 0.5556447238279247 0.8314198343088702
1629013214.394271851 4.17437662274398 2.5339856507357634 0.0 0.0 0.0 0.5282887575472828 0.8490647729408801
1629013214.394271851 4.188210681677846 2.600962876597143 0.0 0.0 0.0 0.5006042969804999 0.8656762315350118
1629013214.793873310 4.162151164256471 2.6856847901001144 0.0 0.0 0.0 0.44741847047102473 0.8943247241809704
1629013214.793873310 4.175427724359003 2.533416805833068 0.0 0.0 0.0 0.5282887960371059 0.8490647489924812
1629013215.094453812 4.152531650286976 2.740728217632773 0.0 0.0 0.0 0.40404127679318563 0.914740753791659
1629013215.094453812 4.161460180188171 2.6861229931230994 0.0 0.0 0.0 0.44741846941901375 0.8943247247072772
1629013215.094453812 4.163106804551487 2.684002536206557 0.0 0.0 0.0 0.44741847299611454 0.8943247229177024
1629013215.094453812 4.187759197945877 2.6014991642143546 0.0 0.0 0.0 0.5006042893317219 0.8656762359581565
1629013215.595432520 4.135486202808581 2.788925144075462 0.0 0.0 0.0 0.33092110291767024 0.9436584253021603
1629013215.595432520 4.1519522399574305 2.741532775630255 0.0 0.0 0.0 0.4040412756690388 0.9147407542881949
1629013215.695641518 4.1339924636160825 2.7938040288944226 0.0 0.0 0.0 0.3145270811442531 0.9492485002500012
1629013215.695641518 4.151412411059774 2.74101870587748 0.0 0.0 0.0 0.40404123268601244 0.9147407732738099
1629013215.795802355 4.13338889029653 2.794105795247873 0.0 0.0 0.0 0.31452711173910947 0.9492484901126015
1629013215.795802355 4.135497744006134 2.7882225276854182 0.0 0.0 0.0 0.3309211079280074 0.9436584235451406
1629013215.795802355 4.136817873099205 2.7905373968750977 0.0 0.0 0.0 0.29887624555847236 0.954291878746158
1629013215.795802355 4.150984224324748 2.740372216477282 0.0 0.0 0.0 0.4040411834769978 0.9147407950094425
1629013215.996199131 4.136714820512297 2.789535620112722 0.0 0.0 0.0 0.2988762085957862 0.9542918903225617
1629013215.996199131 4.180765711996488 2.8281544133144383 0.0 0.0 0.0 0.2662100961159434 0.9639150298267686
1629013216.196589470 4.137289168238286 2.790394669762532 0.0 0.0 0.0 0.2988761669508555 0.9542919033654034
1629013216.196589470 4.137341480194692 2.790025045206411 0.0 0.0 0.0 0.2988761937159668 0.9542918949827961
1629013216.196589470 4.27140571391301 2.8849641562005566 0.0 0.0 0.0 0.23335389271110893 0.9723918761263755
1629013216.497184753 4.139061476354992 2.789951684802994 0.0 0.0 0.0 0.2988761482503174 0.9542919092222538
1629013216.497184753 4.399338154987203 2.9478798861956164 0.0 0.0 0.0 0.18255463210567718 0.983195711085418
1629013216.597385406 4.136926669918732 2.7894846292755284 0.0 0.0 0.0 0.2988761858838714 0.9542918974357424
1629013216.597385406 4.137529992199927 2.79043718833679 0.0 0.0 0.0 0.29887624410191255 0.9542918792023403
1629013216.597385406 4.138271988162102 2.7907386861854344 0.0 0.0 0.0 0.2988762422517693 0.9542918797817896
1629013216.597385406 4.138970515660704 2.7914356827084674 0.0 0.0 0.0 0.29887621020161964 0.9542918898196281
1629013216.597385406 4.13988296300686 2.790766106959241 0.0 0.0 0.0 0.29887614626246034 0.9542919098448338
1629013216.597385406 4.4454629937169985 2.967375288837504 0.0 0.0 0.0 0.165481100564931 0.9862129614620866
1629013217.098364115 4.137186590369783 2.7878862059826854 0.0 0.0 0.0 0.29887616650081905 0.954291903506351
1629013217.098364115 4.1372316837815815 2.7896611685443 0.0 0.0 0.0 0.29887617700285446 0.9542919002172021
1629013217.098364115 4.604215859964748 2.995433296973236 0.0 0.0 0.0 0.08648246860718373 0.9962533727037552
1629013217.499140263 4.137694559564593 2.787072802925746 0.0 0.0 0.0 0.29887619047781916 0.9542918959969566
1629013217.499140263 4.820140775097726 3.0366105755234387 0.0 0.0 0.0 0.01594585127195611 0.9998728568309136
1629013217.599331856 4.889384376080858 3.0362027383775994 0.0 0.0 0.0 -0.002708526921451253 0.9999963319342305
1629013217.799716949 5.006169588689318 3.036235103331106 0.0 0.0 0.0 -0.04082484980529116 0.9991663183066047
1629013218.100379467 5.2110742554071985 3.033595573071215 0.0 0.0 0.0 -0.0987315446674036 0.9951141050591076
1629013218.200509548 5.298295287335516 3.052693507761787 0.0 0.0 0.0 -0.11833106504128589 0.992974198580303
1629013219.406359673 5.297737316235132 3.0522061043024267 0.0 0.0 0.0 -0.11833105815698797 0.9929741994006932
1629013219.406359673 5.506733090287943 3.015351036001575 0.0 0.0 0.0 -0.1600344735635213 0.9871114259652993
1629013219.503051281 5.506651835063039 3.0157144963927656 0.0 0.0 0.0 -0.16003439023438606 0.9871114394749502
1629013219.503051281 5.506803297334602 3.015001155711842 0.0 0.0 0.0 -0.16003448186590333 0.9871114246192837
1629013219.503051281 5.507103761059325 3.015581920937468 0.0 0.0 0.0 -0.160034460056555 0.9871114281551029
1629013219.503051281 5.572358364290196 2.9967740659348787 0.0 0.0 0.0 -0.18005390539424532 0.9836567445772332
1629013219.804655790 5.57049749347901 2.996455944128781 0.0 0.0 0.0 -0.18005388232923142 0.9836567487991791
1629013219.804655790 5.571085995502685 2.9960758212045926 0.0 0.0 0.0 -0.18005391644641242 0.983656742554184
1629013219.804655790 5.7525896793515106 2.928985397683722 0.0 0.0 0.0 -0.23813266008515924 0.9712326375286027
1629013219.804655790 5.7535866021957105 2.92881505187094 0.0 0.0 0.0 -0.23813268604960108 0.9712326311624843
1629013220.204417229 5.752965282445444 2.927792859713498 0.0 0.0 0.0 -0.23813268681657682 0.9712326309744325
1629013220.204417229 5.753119051286868 2.928493801891691 0.0 0.0 0.0 -0.23813266247622136 0.9712326369423476
1629013220.204417229 5.974164134004725 2.819345521326366 0.0 0.0 0.0 -0.3011866736929855 0.9535651983948213
1629013220.204417229 5.975021258478042 2.8175239069669025 0.0 0.0 0.0 -0.3011866084313551 0.9535652190079175
1629013220.204417229 5.975391777026991 2.818323925749909 0.0 0.0 0.0 -0.3011865970022309 0.9535652226178426
1629013220.204417229 5.976048440448179 2.8185731503558507 0.0 0.0 0.0 -0.30118658784338986 0.9535652255106916
1629013220.806005239 5.974483537003606 2.820297314446157 0.0 0.0 0.0 -0.3011866708475131 0.9535651992935731
1629013220.806005239 5.9751002571475205 2.820323471221589 0.0 0.0 0.0 -0.30118663546537966 0.9535652104691343
1629013220.806005239 6.265877293513815 2.731683578622057 0.0 0.0 0.0 -0.2873458198745104 0.957826904926274
1629013220.806005239 6.266810064438645 2.7328343121088725 0.0 0.0 0.0 -0.28734576682555435 0.9578269208408344
1629013220.806005239 6.267881723047414 2.7323575299089193 0.0 0.0 0.0 -0.28734580867171106 0.9578269082870874
1629013221.106210232 6.2663284649366116 2.732054683633383 0.0 0.0 0.0 -0.2873457525926584 0.9578269251106688
1629013221.106210232 6.320212319657403 2.7063438777032354 0.0 0.0 0.0 -0.27694186496362583 0.9608866756441515
1629013221.106210232 6.320938772558461 2.7059922005203787 0.0 0.0 0.0 -0.2769418560501751 0.9608866782131409
1629013221.106210232 6.3212819445866595 2.706133361757797 0.0 0.0 0.0 -0.27694186300351425 0.9608866762090849
1629013221.406772852 6.282866942859638 2.72672985193854 0.0 0.0 0.0 -0.2903072825591006 0.9569334781964474
1629013221.406772852 6.3207954931792685 2.7048353449544735 0.0 0.0 0.0 -0.276941858198011 0.9608866775941025
1629013221.406772852 6.32135218022676 2.7064346201680682 0.0 0.0 0.0 -0.2769418934170735 0.9608866674434432
1629013221.406772852 6.321441929814889 2.704799937436548 0.0 0.0 0.0 -0.2769418683797311 0.960886674659579
1629013221.607167244 6.207897676193933 2.761912635365596 0.0 0.0 0.0 -0.3125351133818243 0.9499062074244016
1629013221.607167244 6.282316745457106 2.7261475417670855 0.0 0.0 0.0 -0.29030729516058534 0.9569334743735035
1629013221.707352638 6.167675737444796 2.7898467795414157 0.0 0.0 0.0 -0.325605765914069 0.9455056240993559
1629013221.707352638 6.2088184588109945 2.7623964197987267 0.0 0.0 0.0 -0.31253513252862763 0.9499062011247812
1629013221.807577133 6.114560832334573 2.81798378391462 0.0 0.0 0.0 -0.34168969692326834 0.9398128276505301
1629013221.807577133 6.167079712477712 2.7886761287949278 0.0 0.0 0.0 -0.325605761139561 0.9455056257435632
1629013221.907737732 6.060046509791169 2.841286555767086 0.0 0.0 0.0 -0.35809845021010034 0.9336838329740557
1629013221.907737732 6.060368357285283 2.8414744615769587 0.0 0.0 0.0 -0.3580984860975229 0.9336838192100484
1629013221.907737732 6.06057091099111 2.8404102114059793 0.0 0.0 0.0 -0.358098422306125 0.9336838436761472
1629013221.907737732 6.06112485262224 2.839604625701793 0.0 0.0 0.0 -0.3580985493156649 0.9336837949638069
1629013221.907737732 6.061986926354804 2.840137528441638 0.0 0.0 0.0 -0.35809854647609496 0.9336837960528758
1629013221.907737732 6.114789019792742 2.8189998998895534 0.0 0.0 0.0 -0.3416897267663459 0.9398128168004201
1629013223.711259842 5.894806752192995 2.870284659934809 0.0 0.0 0.0 -0.39908097763481193 0.9169156849405744
1629013223.711259842 6.062760920557332 2.840162488370641 0.0 0.0 0.0 -0.3580985236789373 0.9336838047963376
1629013223.911646843 5.776597002038476 2.9342308899500518 0.0 0.0 0.0 -0.43670226655419475 0.8996060973484056
1629013223.911646843 6.062228695662032 2.8399199114973688 0.0 0.0 0.0 -0.35809853886361215 0.9336837989725141
1629013224.012077093 5.738611329427104 2.9915635900494824 0.0 0.0 0.0 -0.4563527243931676 0.8897989609675512
1629013224.012077093 5.895255270523593 2.871252849679885 0.0 0.0 0.0 -0.39908095468507615 0.916915694929282
1629013224.012077093 5.8953061415518 2.8712221636874884 0.0 0.0 0.0 -0.39908094180557724 0.916915700534991
1629013224.212237358 5.672937824916598 3.056918954641914 0.0 0.0 0.0 -0.49171489914516664 0.8707562563419562
1629013224.212237358 5.8954821401884185 2.8707357959509703 0.0 0.0 0.0 -0.39908097580802415 0.9169156857356707
1629013224.212237358 5.895580145617527 2.8695582505422954 0.0 0.0 0.0 -0.39908096790904074 0.9169156891736465
1629013224.212237358 5.895827146416927 2.8702037802916007 0.0 0.0 0.0 -0.3990809445447371 0.9169156993427916
1629013224.212237358 5.896358844214461 2.870143539420199 0.0 0.0 0.0 -0.399080991372494 0.9169156789613467
1629013224.212237358 5.896385236693745 2.8699067491984396 0.0 0.0 0.0 -0.39908098170794076 0.9169156831677743
1629013224.813429356 5.4835266297936744 3.2414106456382745 0.0 0.0 0.0 -0.49575993503938226 0.8684596057444166
1629013224.813429356 5.895923165931037 2.8699258178766653 0.0 0.0 0.0 -0.39908099451319007 0.9169156775943812
1629013224.813429356 5.89607104240063 2.8708670190717482 0.0 0.0 0.0 -0.39908098808969916 0.9169156803901597
1629013224.813429356 5.896110720465511 2.87025893909743 0.0 0.0 0.0 -0.3990809834423349 0.9169156824128917
1629013225.014685154 5.39777955168092 3.372825451560152 0.0 0.0 0.0 -0.475046043560107 0.8799609403251311
1629013225.014685154 5.896694421988476 2.869491021184665 0.0 0.0 0.0 -0.3990809746864907 0.9169156862238101
1629013225.114006281 5.354867183679105 3.4364978204176513 0.0 0.0 0.0 -0.4630455705900313 0.8863344738624084
1629013225.114006281 5.896580121589785 2.86964168673044 0.0 0.0 0.0 -0.399080925085964 0.916915707812082
1629013225.314388275 5.272172286145914 3.5361335870188935 0.0 0.0 0.0 -0.43592968542644545 0.899980727218089
1629013225.514781952 5.174255030913162 3.6538452179560736 0.0 0.0 0.0 -0.4069926354382627 0.9134314395175028
1629013225.614995480 5.126523167579835 3.7055362077188905 0.0 0.0 0.0 -0.391607853446913 0.9201322128469914
1629013225.715173721 5.079890651773746 3.7434904947856964 0.0 0.0 0.0 -0.37414077884427194 0.9273719197850459
1629013225.816148996 5.028864462132079 3.7788542006704304 0.0 0.0 0.0 -0.3581142019948256 0.9336777914942656
1629013225.915573120 5.896629263656944 2.8699956516625402 0.0 0.0 0.0 -0.3990809179845488 0.9169157109029215
1629013226.817325592 5.896374613218593 2.8691847403708497 0.0 0.0 0.0 -0.3990808958614628 0.916915720531834
1629013226.917517185 5.895471465095319 2.8684639315293152 0.0 0.0 0.0 -0.39908096247583574 0.91691569153841
1629013226.917517185 5.89594547422194 2.8705229455089296 0.0 0.0 0.0 -0.39908093595817323 0.9169157030800315
1629013227.318311214 5.895270614432642 2.8679508998080183 0.0 0.0 0.0 -0.39908091277674534 0.9169157131695802
1629013227.418504953 5.894794961234212 2.8686855825475353 0.0 0.0 0.0 -0.39908088087687205 0.9169157270537679
1629013227.418504953 5.89550841420509 2.8682418957101636 0.0 0.0 0.0 -0.39908089431737637 0.9169157212038864
1629013235.133549213 5.8920476001209074 2.867291169892749 0.0 0.0 0.0 -0.399080846379904 0.9169157420683208
1629013235.133549213 5.89349529404271 2.867994656495195 0.0 0.0 0.0 -0.39908088130762454 0.9169157268662861
1629013235.133549213 5.894677228845728 2.86893606724138 0.0 0.0 0.0 -0.39908084891471096 0.9169157409650647
1629013240.143421173 5.893017598684384 2.8679313273342273 0.0 0.0 0.0 -0.39908087069287296 0.9169157314862791
1629013240.443916321 5.8943976691774616 2.8672429326113518 0.0 0.0 0.0 -0.3990808866916289 0.9169157245229375
1629013240.544137478 5.893345245508987 2.867608277105106 0.0 0.0 0.0 -0.3990808621446945 0.9169157352068114
1629013240.544137478 5.893374018611208 2.8671965649374926 0.0 0.0 0.0 -0.3990808332935323 0.9169157477640679
1629013240.644346952 5.891900618347625 2.8661649332316235 0.0 0.0 0.0 -0.399080747405267 0.9169157851462988
1629013240.644346952 5.892083313407937 2.8664165179359062 0.0 0.0 0.0 -0.3990807950706866 0.9169157644002793
1629013240.644346952 5.892277857647571 2.8671597448201114 0.0 0.0 0.0 -0.3990807583866923 0.9169157803667153
1629013247.557822704 5.028594434108284 3.778665383563514 0.0 0.0 0.0 -0.3581141734437321 0.9336778024451008
1629013247.557822704 5.892421695553654 2.8666239447510584 0.0 0.0 0.0 -0.39908079005299507 0.9169157665841924
1629013247.958601952 5.027196169977975 3.779221431773124 0.0 0.0 0.0 -0.3581142408993512 0.933677776572347
1629013247.958601952 5.027407241197909 3.7782670282568738 0.0 0.0 0.0 -0.358114223462995 0.933677783260101
1629013247.958601952 5.955938985122948 -1.9861510453930602 0.0 0.0 0.0 0.833323569427754 0.5527855177518557
1629013247.958601952 5.956895558486387 -1.9857621183324363 0.0 0.0 0.0 0.8333235726533158 0.5527855128893248
1629013248.259931803 5.956926938553737 -1.9859830088762407 0.0 0.0 0.0 0.8333235538563014 0.5527855412258029
1629013248.259931803 5.997269901564631 -2.0089936494438345 0.0 0.0 0.0 0.8472578534660047 0.5311818236161494
1629013248.359395504 5.9567413001043095 -1.986362680625927 0.0 0.0 0.0 0.8333235594185266 0.5527855328407548
1629013248.359395504 6.009201528578583 -2.01264840099756 0.0 0.0 0.0 0.8531532021890559 0.521660438977847
1629013248.459567547 5.998104379859338 -2.0092303214140315 0.0 0.0 0.0 0.847257866826084 0.5311818023062478
1629013248.459567547 6.020491768542945 -2.0144370287872846 0.0 0.0 0.0 0.8585166421204364 0.5127857010508878
1629013248.559775829 6.008445916552941 -2.0131024795105015 0.0 0.0 0.0 0.8531531523009108 0.5216605205677528
1629013248.559775829 6.009212040335244 -2.0128381810566287 0.0 0.0 0.0 0.8531531666598533 0.5216604970843246
1629013248.559775829 6.019295572622655 -2.016246654823211 0.0 0.0 0.0 0.8585166656177501 0.5127856617111874
1629013248.559775829 6.035934624375463 -2.0154829579267366 0.0 0.0 0.0 0.8643838431354826 0.5028325483959182
1629013248.559775829 6.036757080533338 -2.014839650966276 0.0 0.0 0.0 0.8643838473628099 0.5028325411290189
1629013248.960558414 6.0356268465928675 -2.015356385479869 0.0 0.0 0.0 0.8643838404724155 0.5028325529738084
1629013248.960558414 6.0362691112323015 -2.0148810161453845 0.0 0.0 0.0 0.8643838327610351 0.502832566229896
1629013248.960558414 6.100859994768045 -2.0226828403276786 0.0 0.0 0.0 0.8866228176301211 0.46249322076936983
1629013248.960558414 6.101081431102323 -2.023248204848778 0.0 0.0 0.0 0.8866228079732306 0.46249323928211516
1629013249.261137486 6.099584352938344 -2.0221621766501747 0.0 0.0 0.0 0.8866228218230716 0.4624932127312722
1629013249.261137486 6.100431375128346 -2.0228176137233826 0.0 0.0 0.0 0.8866228161633246 0.4624932235812927
1629013249.261137486 6.157530703989359 -2.0301643463217878 0.0 0.0 0.0 0.9037515341963956 0.4280574312375164
1629013249.461553097 6.099489687535361 -2.0217793939913125 0.0 0.0 0.0 0.8866228366289992 0.462493184347561
1629013249.461553097 6.099518130044902 -2.021303413982223 0.0 0.0 0.0 0.8866228191960149 0.4624932177674723
1629013249.461553097 6.203694002091859 -2.031098392567051 0.0 0.0 0.0 0.9143349767832406 0.40495870188303257
1629013249.661929369 6.098986756910044 -2.0217367672044673 0.0 0.0 0.0 0.8866228324539083 0.4624931923514215
1629013249.661929369 6.0992468770369275 -2.021204166743669 0.0 0.0 0.0 0.8866228466413708 0.4624931651533374
1629013249.661929369 6.099745464529313 -2.021286501282206 0.0 0.0 0.0 0.8866228446241027 0.4624931690205426
1629013249.661929369 6.100589451293403 -2.021934783409487 0.0 0.0 0.0 0.8866228565099892 0.4624931462346951
1629013249.661929369 6.101396583854986 -2.0219064937797837 0.0 0.0 0.0 0.8866228473509997 0.46249316379294275
1629013249.661929369 6.262417078668898 -2.086658883529905 0.0 0.0 0.0 0.923789343061176 0.38290109642909204
1629013250.263106346 6.102714549347758 -2.0226112670282914 0.0 0.0 0.0 0.8866228366311253 0.4624931843434852
1629013250.263106346 6.443605710909156 -2.2699248711223596 0.0 0.0 0.0 0.9216683936831586 0.38797857168341954
1629013250.363283634 6.102641304286282 -2.0229184170630137 0.0 0.0 0.0 0.8866228391266783 0.4624931795593836
1629013250.363283634 6.480515549798301 -2.3190245687820785 0.0 0.0 0.0 0.9188457269211897 0.394616940992997
1629013250.463474512 6.102632376522217 -2.02310490700312 0.0 0.0 0.0 0.8866228356105975 0.46249318629988845
1629013250.463474512 6.50498673314179 -2.319547651942164 0.0 0.0 0.0 0.9164103135320838 0.40024009950531936
1629013250.666935921 6.103233298986267 -2.0237459128485638 0.0 0.0 0.0 0.8866228438015864 0.462493170597348
1629013250.666935921 6.103406128693271 -2.0244545612481852 0.0 0.0 0.0 0.8866228448422083 0.46249316860242323
1629013250.666935921 6.555890959234122 -2.3358846202709866 0.0 0.0 0.0 0.9112654651893384 0.4118194409607915
1629013250.864261150 6.1037373295338275 -2.024803021033752 0.0 0.0 0.0 0.886622841829176 0.4624931743785589
1629013250.864261150 6.618826383413188 -2.361267910288764 0.0 0.0 0.0 0.9077044576576595 0.41961007798718825
1629013251.365235329 6.103108613876977 -2.0245784101609354 0.0 0.0 0.0 0.8866228342790965 0.4624931888524432
1629013251.365235329 6.762625213070998 -2.4837984915788205 0.0 0.0 0.0 0.9003373381956531 0.4351926900245064
1629013251.465437651 6.619091321014112 -2.360346347093859 0.0 0.0 0.0 0.9077044597788071 0.41961007339870193
1629013251.465437651 6.78451604859762 -2.503367276088276 0.0 0.0 0.0 0.8991751196150689 0.4375889672572043
1629013251.565629005 6.7617957186843745 -2.4836684602613057 0.0 0.0 0.0 0.90033734825692 0.43519266920950933
1629013251.565629005 6.784912874813627 -2.5041173104097183 0.0 0.0 0.0 0.899175129688211 0.4375889465585128
1629013251.565629005 6.808966308066237 -2.512213178359549 0.0 0.0 0.0 0.8979372051311594 0.4401235913254846
1629013251.565629005 6.809005342901922 -2.512472841879475 0.0 0.0 0.0 0.8979371768557437 0.44012364901279366
1629013251.565629005 6.8092935420970635 -2.5123494873174397 0.0 0.0 0.0 0.897937187593625 0.4401236271054432
1629013251.565629005 6.8097099651832345 -2.511655260735329 0.0 0.0 0.0 0.8979371589965219 0.4401236854490507
1629013252.166831970 6.808729124991261 -2.5118736194205793 0.0 0.0 0.0 0.8979371890518346 0.44012362413041395
1629013252.166831970 6.808963744440588 -2.5117536850502478 0.0 0.0 0.0 0.8979371836101161 0.44012363523257036
1629013252.166831970 6.972345874816335 -2.6349284931231174 0.0 0.0 0.0 0.8906581027791421 0.45467366753954325
1629013252.367221832 6.810060971311403 -2.511934007931076 0.0 0.0 0.0 0.8979371984871242 0.4401236048806004
1629013252.367221832 7.031830936056066 -2.6934732641348598 0.0 0.0 0.0 0.8879300377697881 0.45997852996215244
1629013252.467393875 6.810616837007012 -2.511943294573799 0.0 0.0 0.0 0.8979371884961191 0.44012362526418075
1629013252.467393875 7.050477885143197 -2.695601099715411 0.0 0.0 0.0 0.8865530241597975 0.46262699375751676
1629013252.567692995 6.810457606262635 -2.5121293164636795 0.0 0.0 0.0 0.8979371839527126 0.4401236345336073
1629013252.567692995 7.068302600840529 -2.697357566455149 0.0 0.0 0.0 0.8851727311645624 0.46526254523942645
1629013252.667804718 6.811910881884419 -2.5124565734750575 0.0 0.0 0.0 0.8979371858582433 0.44012363064595666
1629013252.667804718 6.811938146936716 -2.5126701347394977 0.0 0.0 0.0 0.8979372019055186 0.4401235979064152
1629013252.667804718 7.08760662628156 -2.699079554032679 0.0 0.0 0.0 0.8840601403900139 0.46737315730964796
1629013252.868175983 6.812981374309201 -2.5127088886241786 0.0 0.0 0.0 0.8979371895350816 0.44012362314449677
1629013252.868175983 6.813943976556366 -2.512149307804583 0.0 0.0 0.0 0.8979371941606762 0.4401236137073902
1629013252.868175983 7.135282429685431 -2.738580397979169 0.0 0.0 0.0 0.8815860175172114 0.4720234037822098
1629013253.068570137 6.813651982081128 -2.5129645285131104 0.0 0.0 0.0 0.8979371934367545 0.44012361518433035
1629013253.068570137 7.171224805429217 -2.7416207599680504 0.0 0.0 0.0 0.8791350906044669 0.476572651825381
1629013253.168779850 6.814818406355436 -2.513611463347886 0.0 0.0 0.0 0.8979371877473677 0.4401236267917781
1629013253.168779850 6.816595666048536 -2.5138149600576085 0.0 0.0 0.0 0.8979372098836068 0.44012358162957294
1629013253.168779850 7.188536310006484 -2.751772604099527 0.0 0.0 0.0 0.8775957671567083 0.4794013657350473
1629013253.769940376 7.3049635107495385 -2.8120823918988345 0.0 0.0 0.0 0.8699132963474727 0.4932046804703642
1629013253.970323563 7.342994481665154 -2.8347350283069708 0.0 0.0 0.0 0.8677207147029531 0.49705207098994797
1629013254.070553541 7.3532473104039155 -2.8397636715714456 0.0 0.0 0.0 0.8665292311467204 0.4991263282659748
1629013260.182537079 6.8151271368664235 -2.5130350224158087 0.0 0.0 0.0 0.8979372033162151 0.4401235950283218
1629013260.382846355 6.814101447169765 -2.5125708837774674 0.0 0.0 0.0 0.8979372193716724 0.4401235622720841
1629013260.382846355 6.814281810674238 -2.511227258520476 0.0 0.0 0.0 0.8979372117112464 0.44012357790083495
1629013260.382846355 6.814897922774803 -2.5119460466288186 0.0 0.0 0.0 0.8979372147117773 0.4401235717791714
1629013260.683427811 6.813989195182163 -2.5119901611163047 0.0 0.0 0.0 0.8979372235533963 0.44012355374055806
1629013262.787581205 7.901229957075714 -1.8872541334714343 0.0 0.0 0.0 0.4045796125640345 0.9145027813503553
1629013262.887779713 7.90200107006907 -1.8865671566000768 0.0 0.0 0.0 0.4045796278196454 0.9145027746012131
1629013262.887779713 7.94229270013771 -1.8197963830414396 0.0 0.0 0.0 0.3896608965942637 0.9209584060452212
1629013263.088128090 7.902055817151105 -1.885900927798884 0.0 0.0 0.0 0.40457966453455646 0.914502758358391
1629013263.088128090 7.9421960771723565 -1.818517380614977 0.0 0.0 0.0 0.3896609054106018 0.920958402314996
1629013263.088128090 8.033258537777817 -1.7200159510162314 0.0 0.0 0.0 0.35984574149304854 0.9330118125347171
1629013263.088128090 8.03334273850013 -1.7197691329460703 0.0 0.0 0.0 0.3598457328456199 0.9330118158698735
1629013263.388790369 8.033815500254372 -1.719370800649242 0.0 0.0 0.0 0.3598457251422964 0.9330118188409057
1629013263.388790369 8.033915985543656 -1.720283991241976 0.0 0.0 0.0 0.35984576265379503 0.9330118043734005
1629013263.388790369 8.201722400166885 -1.6067320774960074 0.0 0.0 0.0 0.3354327564329038 0.9420641516965945
1629013263.589112759 8.201227862920737 -1.6063345298497793 0.0 0.0 0.0 0.33543271527020024 0.9420641663530467
1629013263.589112759 8.310876574481117 -1.5230005548316468 0.0 0.0 0.0 0.34033684486764215 0.9403035850328012
1629013263.689300060 8.201524074851346 -1.6064259096844387 0.0 0.0 0.0 0.33543273226144155 0.9420641603031208
1629013263.689300060 8.309412910989435 -1.5233298276807687 0.0 0.0 0.0 0.3403368735834124 0.9403035746393121
1629013263.689300060 8.35972688536002 -1.4900753602651848 0.0 0.0 0.0 0.34973763986415324 0.9368476841313383
1629013263.689300060 8.360155668671307 -1.489901479533465 0.0 0.0 0.0 0.3497376622626127 0.9368476757696966
1629013263.689300060 8.360459540433164 -1.4900782382484747 0.0 0.0 0.0 0.3497375877712524 0.936847703578306
1629013263.689300060 8.361787295361587 -1.4901298869674933 0.0 0.0 0.0 0.3497376301832644 0.9368476877453422
1629013264.691281557 8.361131344616126 -1.4906057938285668 0.0 0.0 0.0 0.34973757537828754 0.9368477082047629
1629013264.691281557 8.362447883540801 -1.4900940067844437 0.0 0.0 0.0 0.3497375961065085 0.9368477004666451
1629013264.691281557 8.394944939106875 -1.4526291855469926 0.0 0.0 0.0 0.38503094783785025 0.9229036619317785
1629013264.691281557 8.395068249758575 -1.4527950122204243 0.0 0.0 0.0 0.38503095741311805 0.9229036579370231
1629013264.691281557 8.395133282165423 -1.452959418511071 0.0 0.0 0.0 0.3850309533735423 0.9229036596223146
1629013264.691281557 8.395901416789965 -1.4527929093042211 0.0 0.0 0.0 0.3850309943840338 0.9229036425129343
1629013264.691281557 8.396437257954556 -1.4524197674735109 0.0 0.0 0.0 0.3850309294234918 0.9229036696141597
1629013265.292447567 8.395912598117242 -1.4514588629730087 0.0 0.0 0.0 0.3850309369165619 0.9229036664880872
1629013265.292447567 8.395917250844912 -1.4503998731682988 0.0 0.0 0.0 0.3850309945771291 0.9229036424323759
1629013265.292447567 8.503240678888487 -1.335270481422652 0.0 0.0 0.0 0.4624050629975001 0.8866687982072438
1629013265.292447567 8.503345818454402 -1.3351545246287384 0.0 0.0 0.0 0.462405073447257 0.8866687927576096
1629013265.292447567 8.503562070936917 -1.3345777548194349 0.0 0.0 0.0 0.46240509584624606 0.886668781076352
1629013265.292447567 8.50364551574336 -1.3347194126950441 0.0 0.0 0.0 0.46240504957533973 0.8866688052070105
1629013265.292447567 8.50427159694788 -1.3343075544181147 0.0 0.0 0.0 0.4624050961331702 0.8866687809267187
1629013265.893932343 8.501837433041324 -1.3335333716227238 0.0 0.0 0.0 0.46240509558304344 0.8866687812136145
1629013265.893932343 8.502331046217154 -1.3347692217193703 0.0 0.0 0.0 0.46240506948750226 0.8866687948226543
1629013265.893932343 8.650247252191363 -1.1602101928424837 0.0 0.0 0.0 0.5795617895744709 0.814928298726481
1629013265.893932343 8.650276892244221 -1.1609758726800414 0.0 0.0 0.0 0.579561764721987 0.814928316401103
1629013265.893932343 8.650901884127794 -1.1608322265197133 0.0 0.0 0.0 0.5795618169083495 0.8149282792871363
1629013265.893932343 8.651388585838932 -1.1611899605230496 0.0 0.0 0.0 0.5795618381985493 0.8149282641459422
1629013265.893932343 8.65167693811006 -1.1609873628261282 0.0 0.0 0.0 0.5795617384723174 0.814928335069376
1629013266.795362473 8.651322475549787 -1.159825871204259 0.0 0.0 0.0 0.5795618577222527 0.8149282502610469
1629013266.795362473 8.651774652663354 -1.160610899697892 0.0 0.0 0.0 0.579561864572397 0.8149282453893512
1629013266.795362473 8.715456722765522 -0.8490794441386229 0.0 0.0 0.0 0.7373432275066221 0.675518293497754
1629013266.795362473 8.715766324964662 -0.850086700500924 0.0 0.0 0.0 0.737343237414195 0.6755182826834177
1629013266.996018648 8.714963357194897 -0.8503619422295018 0.0 0.0 0.0 0.7373432110440958 0.6755183114669668
1629013266.996018648 8.714965993228246 -0.8498262058025313 0.0 0.0 0.0 0.7373432133117394 0.6755183089917836
1629013266.996018648 8.75188435356543 -0.524924903124995 0.0 0.0 0.0 0.8284540496958108 0.5600570395438406
1629013267.296465397 8.674954099121768 -0.3206154895940088 0.0 0.0 0.0 0.8722806311372456 0.4890056242445565
1629013267.296465397 8.716278887632862 -0.849817166025605 0.0 0.0 0.0 0.7373432355339162 0.6755182847357839
1629013267.396602631 8.639090357411854 -0.24501737245453487 0.0 0.0 0.0 0.8835282863965219 0.4683778038477331
1629013267.396602631 8.71619451317144 -0.849429728908757 0.0 0.0 0.0 0.7373432305519235 0.6755182901737399
1629013267.396602631 8.716512654705873 -0.8491607687726727 0.0 0.0 0.0 0.7373432118646894 0.6755183105712707
1629013267.396602631 8.717269768909777 -0.8486301354351135 0.0 0.0 0.0 0.7373432259053815 0.6755182952455437
1629013267.596940279 8.569265080433203 -0.14600121739408808 0.0 0.0 0.0 0.9048500811435313 0.4257303496986618
1629013267.596940279 8.717392774849992 -0.8480040794086126 0.0 0.0 0.0 0.7373432522657061 0.6755182664726627
1629013267.596940279 8.717593776789865 -0.847922834953192 0.0 0.0 0.0 0.7373432069184749 0.6755183159701734
1629013267.596940279 8.718142195071884 -0.8470110058633729 0.0 0.0 0.0 0.737343257265107 0.6755182610157051
1629013267.596940279 8.718478227453478 -0.8473161713338355 0.0 0.0 0.0 0.7373432413130699 0.6755182784277091
1629013267.596940279 8.718520541530161 -0.8469043640560924 0.0 0.0 0.0 0.7373432478217685 0.6755182713233197
1629013268.498708248 8.352637982010087 -0.030736765792955235 0.0 0.0 0.0 0.9400998450676332 0.34089922455736404
1629013268.498708248 8.352783383922318 -0.02848643264617182 0.0 0.0 0.0 0.9400998665473459 0.34089916532262515
1629013268.498708248 8.35292904441528 -0.03012150868145538 0.0 0.0 0.0 0.9400998525952047 0.34089920379853406
1629013268.498708248 8.352942022095906 -0.028241257169123006 0.0 0.0 0.0 0.9400998759941274 0.3408991392711726
1629013268.498708248 8.352950539817456 -0.030114742628031918 0.0 0.0 0.0 0.940099833695189 0.34089925591922005
1629013268.498708248 8.353096229296774 -0.030138117341779198 0.0 0.0 0.0 0.9400998455355379 0.3408992232670203
1629013268.498708248 8.716556807089658 -0.8467750810849868 0.0 0.0 0.0 0.7373432515171593 0.6755182672897182
1629013269.099856377 8.133490819696872 0.11377359039117517 0.0 0.0 0.0 0.9765327162457608 0.21536911129889638
1629013269.099856377 8.353314420838045 -0.02725762553232731 0.0 0.0 0.0 0.940099873087702 0.3408991472862413
1629013269.099856377 8.353383885657676 -0.02705583502506977 0.0 0.0 0.0 0.9400998713013393 0.340899152212506
1629013269.200072765 7.93342151488462 0.19366448013933626 0.0 0.0 0.0 0.9927275353526768 0.12038289144475596
1629013269.200072765 8.352088891361118 -0.027147984228869618 0.0 0.0 0.0 0.9400998838993373 0.3408991174709207
1629013269.400448322 7.799169187105406 0.21986922737783327 0.0 0.0 0.0 0.9974616331712123 0.07120597131854876
1629013269.400448322 8.35315575272921 -0.026542427226549883 0.0 0.0 0.0 0.9400998930706129 0.3408990921792284
1629013269.500660896 7.722820713642723 0.23338566531047703 0.0 0.0 0.0 0.9989213312576847 0.04643462025660345
1629013269.500660896 8.352572822665785 -0.02753046071323182 0.0 0.0 0.0 0.9400998953940899 0.3408990857717591
1629013269.600833416 7.648375892105036 0.24542910790959105 0.0 0.0 0.0 0.999793203730064 0.02033592326831515
1629013269.600833416 8.351553489975265 -0.02851634042531925 0.0 0.0 0.0 0.9400998974149627 0.34089908019878357
1629013269.702066660 7.5717309921620615 0.2581838900195018 0.0 0.0 0.0 -0.9999748439226984 0.007093061523418539
1629013269.702066660 8.351796054053944 -0.029376973551325156 0.0 0.0 0.0 0.9400998883161651 0.3408991052906033
1629013269.801248312 7.5157932558167095 0.26425031061386534 0.0 0.0 0.0 -0.9994673695496727 0.03263398850060845
1629013269.801248312 8.352315877318684 -0.030235468639002748 0.0 0.0 0.0 0.9400998652758027 0.3408991688291681
1629013269.801248312 8.352404416528849 -0.029782953347724718 0.0 0.0 0.0 0.9400998758601068 0.3408991396407622
1629013269.901425600 7.442576738353811 0.2706346748428133 0.0 0.0 0.0 -0.9983545245985157 0.05734320547084574
1629013269.901425600 8.35169782942267 -0.03016009604962551 0.0 0.0 0.0 0.9400998565698372 0.3408991928376652
1629013270.202024698 7.225375586512021 0.2930005124898462 0.0 0.0 0.0 -0.9963640548343187 0.08519782998477674
1629013270.302225113 7.135637901939908 0.301330014729775 0.0 0.0 0.0 -0.9968195077229062 0.07969233980165792
1629013270.403551102 7.052213997333511 0.3059160083968012 0.0 0.0 0.0 -0.997677212258412 0.06811886772608271
1629013271.905340433 8.352468024353374 -0.031005111557009964 0.0 0.0 0.0 0.9400998636083402 0.3408991734275404
1629013272.707123518 8.353298901250103 -0.030345101868867498 0.0 0.0 0.0 0.9400998700356293 0.3408991557029627
1629013273.207884312 8.35244133177413 -0.031202303966923813 0.0 0.0 0.0 0.940099861391805 0.34089917954009374
1629013273.207884312 8.352969131352978 -0.03259144934405608 0.0 0.0 0.0 0.9400998721310069 0.34089914992452613
1629013273.207884312 8.353343323243132 -0.0315090272954538 0.0 0.0 0.0 0.9400998686307601 0.34089915957718
1629013273.408269882 4.887090328484994 1.2070877907216497 0.0 0.0 0.0 0.8632095090052695 0.5048458611921877
1629013273.408269882 4.888349854665052 1.2074595973257451 0.0 0.0 0.0 0.8632095160675355 0.5048458491167885
1629013273.408269882 7.051317705199237 0.3062142919960561 0.0 0.0 0.0 -0.9976772147033728 0.06811883191688035
1629013273.408269882 7.051333258743537 0.3049896051421726 0.0 0.0 0.0 -0.99767721314656 0.0681188547181574
1629013273.809125662 4.88165432014627 1.2848946195949997 0.0 0.0 0.0 0.8719241927860704 0.48964089089286617
1629013273.809125662 4.888361213265703 1.2070087619421754 0.0 0.0 0.0 0.8632094955579596 0.5048458841850381
1629013273.809125662 4.889537343147219 1.2068245767721295 0.0 0.0 0.0 0.8632095022750322 0.5048458726998678
1629013274.009464025 4.881569032687176 1.282896136154045 0.0 0.0 0.0 0.8719241911631818 0.4896408937828123
1629013274.009464025 4.882036694895605 1.2837617687754224 0.0 0.0 0.0 0.8719241870311925 0.48964090114081976
1629013274.009464025 4.911744026450427 1.2805277063028044 0.0 0.0 0.0 0.8663365978132623 0.4994606083459852
1629013274.009464025 4.912378570366778 1.2803145906673798 0.0 0.0 0.0 0.8663366247571657 0.4994605616105859
1629013274.009464025 4.912402914961387 1.281685885722636 0.0 0.0 0.0 0.8663366110712142 0.4994605853494787
1629013274.009464025 4.9128247660125215 1.281344807809813 0.0 0.0 0.0 0.8663366327890718 0.49946054767888626
1629013275.311985254 4.911973224913034 1.2181989712413588 0.0 0.0 0.0 0.8468176596775463 0.5318833060533517
1629013275.311985254 4.911976257521011 1.2804798617092492 0.0 0.0 0.0 0.8663365674217554 0.4994606610613997
1629013275.311985254 4.912206713758465 1.2182786587987997 0.0 0.0 0.0 0.846817672140978 0.531883286210175
1629013275.311985254 4.912391880241826 1.218815438673596 0.0 0.0 0.0 0.8468176709069212 0.5318832881749316
1629013275.311985254 4.912451384754473 1.2193500561447856 0.0 0.0 0.0 0.8468176598715681 0.5318833057444472
1629013275.311985254 4.913010273238103 1.2202332817153898 0.0 0.0 0.0 0.8468176742729132 0.5318832828158958
1629013275.812977314 4.912882245327151 1.219199799166118 0.0 0.0 0.0 0.8468176886442788 0.5318832599350738
1629013275.812977314 5.001379877826477 1.0848730354798648 0.0 0.0 0.0 0.7902209523495624 0.6128220349071586
1629013275.913190365 4.912972742433339 1.2190984234800182 0.0 0.0 0.0 0.8468176909297623 0.5318832562963282
1629013275.913190365 5.021667117292803 1.0079962913666383 0.0 0.0 0.0 0.7738265559526688 0.6333975539125734
1629013276.013378859 5.001276187738006 1.0852010471475895 0.0 0.0 0.0 0.7902209605547786 0.612822024326707
1629013276.013378859 5.001955194711215 1.0854162132723677 0.0 0.0 0.0 0.7902209590704371 0.6128220262407338
1629013276.013378859 5.0225337040998275 1.0081803274577592 0.0 0.0 0.0 0.7738265696064178 0.6333975372316849
1629013276.013378859 5.036990807007634 0.9514760524535901 0.0 0.0 0.0 0.7583126795933126 0.6518910031347341
1629013276.313955784 5.037470995678783 0.952312094153994 0.0 0.0 0.0 0.7583126628069223 0.6518910226615143
1629013276.313955784 5.069033968815902 0.8893788641276601 0.0 0.0 0.0 0.7110638350396885 0.7031274582169657
1629013276.514402390 5.036730204268862 0.951305569616927 0.0 0.0 0.0 0.7583127239317304 0.6518909515580341
1629013276.514402390 5.068898419686462 0.8894250035022079 0.0 0.0 0.0 0.7110638380002786 0.7031274552229585
1629013276.514402390 5.0718689460528035 0.8544734936030867 0.0 0.0 0.0 0.6788158873452749 0.7343085121988218
1629013276.614527225 5.066905746094467 0.8886062122879194 0.0 0.0 0.0 0.7110638715262773 0.7031274213185416
1629013276.614527225 5.0672077122499255 0.8889844786738801 0.0 0.0 0.0 0.7110638609735616 0.7031274319903693
1629013276.614527225 5.067879055447877 0.8889403081136014 0.0 0.0 0.0 0.7110638589251609 0.703127434061891
1629013276.614527225 5.070913080117007 0.8410522754691748 0.0 0.0 0.0 0.662112652022055 0.7494043207990737
1629013277.015316010 5.050471405232061 0.8225798579925061 0.0 0.0 0.0 0.5948057811809458 0.8038694437990069
1629013277.015316010 5.0710565093666355 0.8410999104634111 0.0 0.0 0.0 0.662112666288407 0.7494043081944863
1629013277.015316010 5.071354443102627 0.8413982003822252 0.0 0.0 0.0 0.6621126526317481 0.7494043202603986
1629013277.015316010 5.072623543021038 0.8542946577807348 0.0 0.0 0.0 0.6788158722242649 0.7343085261771176
1629013277.215725422 5.020553537804442 0.8147691810963672 0.0 0.0 0.0 0.5591768371642395 0.8290484091891122
1629013277.215725422 5.049777619553246 0.8226057262051845 0.0 0.0 0.0 0.5948057570449239 0.8038694616579329
1629013277.416112423 4.98322803994881 0.7963320677013378 0.0 0.0 0.0 0.5203764616569875 0.8539369638054988
1629013277.416112423 5.021201346780918 0.8144955124624058 0.0 0.0 0.0 0.5591767880670081 0.8290484423042265
1629013277.416112423 5.021334546691529 0.8149791602451734 0.0 0.0 0.0 0.559176830903191 0.829048413412066
1629013277.416112423 5.050228649770705 0.8226335415715312 0.0 0.0 0.0 0.594805759665252 0.8038694597190781
1629013277.616681337 4.930235144399423 0.7377729233740453 0.0 0.0 0.0 0.4819275637291845 0.8762110609425408
1629013277.616681337 4.93157322235228 0.7385183189539292 0.0 0.0 0.0 0.48192750679929286 0.8762110922547246
1629013277.616681337 4.931795262380401 0.7377467145214616 0.0 0.0 0.0 0.48192753599731786 0.8762110761954301
1629013277.616681337 4.932004395990316 0.7384206638193925 0.0 0.0 0.0 0.48192750791331795 0.8762110916419963
1629013277.616681337 4.982127458301393 0.7963112063347527 0.0 0.0 0.0 0.5203764575588737 0.8539369663028282
1629013278.117462635 4.754882466080121 0.5799377968972412 0.0 0.0 0.0 0.4178088111045288 0.9085349731096873
1629013278.117462635 4.931041444045976 0.7384072547169473 0.0 0.0 0.0 0.48192748071658303 0.876211106600554
1629013278.117462635 4.931758086572578 0.7384319137818184 0.0 0.0 0.0 0.4819274763961295 0.8762111089768595
1629013278.317893028 4.653697297583523 0.4655413848068275 0.0 0.0 0.0 0.41643195420198853 0.9091668865062744
1629013278.317893028 4.7544469683133155 0.5811883802582355 0.0 0.0 0.0 0.41780875672718837 0.9085349981162427
1629013278.418324947 4.606993524385048 0.43771210281041356 0.0 0.0 0.0 0.4266124536896305 0.9044345274020187
1629013278.418324947 4.754381870125158 0.5805069323391813 0.0 0.0 0.0 0.41780872348482984 0.9085350134034335
1629013278.518271446 4.562986037107484 0.41789473016238243 0.0 0.0 0.0 0.4385143175792184 0.898724203122422
1629013278.518271446 4.60678379305459 0.436164077372286 0.0 0.0 0.0 0.42661247316652906 0.9044345182149659
1629013278.518271446 4.652820692141846 0.46562600127435483 0.0 0.0 0.0 0.41643196539623545 0.9091668813788966
1629013278.718654156 4.474880704872458 0.3416692904344346 0.0 0.0 0.0 0.4706514414770823 0.8823192283043279
1629013278.718654156 4.561129582522398 0.41916137590381924 0.0 0.0 0.0 0.4385142848420459 0.8987242190958631
1629013278.718654156 4.561787105795559 0.41808212865572975 0.0 0.0 0.0 0.4385143152393194 0.8987242042641285
1629013278.919036388 4.39260160222703 0.24883819978292226 0.0 0.0 0.0 0.5081776303077116 0.8612522836282287
1629013278.919036388 4.474700025870288 0.3420530400862418 0.0 0.0 0.0 0.47065142501536467 0.8823192370854251
1629013279.019241810 4.356031337308256 0.17255005296894754 0.0 0.0 0.0 0.5290331266845284 0.8486011730314729
1629013279.019241810 4.3567274710685915 0.17267327460821882 0.0 0.0 0.0 0.5290331154299027 0.8486011800478074
1629013279.019241810 4.356866388937871 0.1734570374154321 0.0 0.0 0.0 0.5290331291232908 0.8486011715111048
1629013279.019241810 4.35702809815752 0.1743412744518157 0.0 0.0 0.0 0.5290331367723932 0.8486011667425177
1629013279.019241810 4.392809808244726 0.24858219529002523 0.0 0.0 0.0 0.5081776017977377 0.8612523004503964
1629013279.019241810 4.475574210155281 0.3423171570761581 0.0 0.0 0.0 0.4706514217844458 0.882319238808879
1629013279.822077751 4.264489024874399 0.08135721368028333 0.0 0.0 0.0 0.5802804362077792 0.8144167332235441
1629013279.822077751 4.357043398977293 0.1745881758956332 0.0 0.0 0.0 0.5290330890712225 0.8486011964802783
1629013279.822077751 4.357771673165983 0.17435888651904516 0.0 0.0 0.0 0.5290331317360253 0.8486011698822794
1629013280.021559715 4.23550964813608 -0.011354258012282233 0.0 0.0 0.0 0.6227304480514164 0.7824364441088376
1629013280.021559715 4.235673163048815 -0.011893829147109396 0.0 0.0 0.0 0.6227304738686654 0.782436423561242
1629013280.021559715 4.236056314156076 -0.01149113691922337 0.0 0.0 0.0 0.6227304738559479 0.7824364235713638
1629013280.021559715 4.236464370811986 -0.012502916875236391 0.0 0.0 0.0 0.6227304682263138 0.7824364280519127
1629013280.021559715 4.2367914041519965 -0.011524390931628195 0.0 0.0 0.0 0.6227304688291203 0.7824364275721472
1629013280.021559715 4.263830342796549 0.08180518676052653 0.0 0.0 0.0 0.5802804062692395 0.8144167545550658
1629013280.021559715 4.356598156654267 0.17411227723961523 0.0 0.0 0.0 0.5290330606885044 0.8486012141745692
1629013280.822953224 4.188453354511281 -0.130273032849091 0.0 0.0 0.0 0.694505715718772 0.7194871860109506
1629013280.822953224 4.18891668120023 -0.13050824233891556 0.0 0.0 0.0 0.6945057227071032 0.7194871792652627
1629013281.023141384 4.185695009049393 -0.31114821524289066 0.0 0.0 0.0 0.7345098447482583 0.6785980312142745
1629013281.023141384 4.186367949943089 -0.3120570271482587 0.0 0.0 0.0 0.7345098401913546 0.6785980361466357
1629013281.023141384 4.187540679277429 -0.12908258888936047 0.0 0.0 0.0 0.6945056885136028 0.7194872122715222
1629013281.023141384 4.188246672420303 -0.12970077710970643 0.0 0.0 0.0 0.6945057283477275 0.7194871738204877
1629013281.323719501 4.184591828121788 -0.31188229273861445 0.0 0.0 0.0 0.7345098507136115 0.6785980247574172
1629013281.323719501 4.184706775080751 -0.3119942356437076 0.0 0.0 0.0 0.7345098832759809 0.67859798951213
1629013281.323719501 4.2150275339961984 -0.5698659643646228 0.0 0.0 0.0 0.787423025253659 0.6164129941040953
1629013281.524127960 4.214989116137834 -0.5703712885929537 0.0 0.0 0.0 0.7874230101134942 0.6164130134445606
1629013281.524127960 4.264578043980249 -0.7335033325999447 0.0 0.0 0.0 0.8046720042576012 0.5937196018021091
1629013281.524127960 4.265308833109204 -0.7329583637910974 0.0 0.0 0.0 0.8046719936948012 0.5937196161179397
1629013281.724548578 4.263309946346926 -0.7323366756931733 0.0 0.0 0.0 0.8046719916639893 0.5937196188703122
1629013281.724548578 4.309514433061308 -0.9266846736461626 0.0 0.0 0.0 0.7990591761101103 0.6012523871671793
1629013281.824714661 4.262104099904831 -0.7331476604841308 0.0 0.0 0.0 0.8046719883907854 0.5937196233065064
1629013281.824714661 4.309840993265356 -0.9259449825416942 0.0 0.0 0.0 0.7990591493404724 0.601252422743793
1629013281.824714661 4.350419728604229 -0.99963024825491 0.0 0.0 0.0 0.790007113396646 0.6130976763801171
1629013281.824714661 4.350443767186117 -0.9984571917403969 0.0 0.0 0.0 0.7900070629260446 0.6130977414140134
1629013282.125304222 4.349893785113787 -0.9983613396704629 0.0 0.0 0.0 0.7900070896106863 0.6130977070295184
1629013282.125304222 4.457388329946598 -1.2217275863231842 0.0 0.0 0.0 0.7546966083183694 0.6560739511615666
1629013282.225491524 4.3490913153041 -0.9968570272314653 0.0 0.0 0.0 0.7900070877218958 0.6130977094633195
1629013282.225491524 4.458452267927063 -1.2210373964881356 0.0 0.0 0.0 0.7546965954727297 0.6560739659381943
1629013282.225491524 4.49292754204235 -1.3174536950515006 0.0 0.0 0.0 0.7394896308937792 0.6731679476925371
1629013282.225491524 4.494008171914135 -1.3170824240660126 0.0 0.0 0.0 0.7394895999209171 0.673167981716898
1629013282.526069880 4.4932667179974 -1.3165791668316988 0.0 0.0 0.0 0.7394896099436783 0.6731679707066778
1629013282.526069880 4.494367288959962 -1.3164494250827252 0.0 0.0 0.0 0.7394896115247909 0.6731679689697913
1629013282.526069880 4.538825765778074 -1.5880934002598568 0.0 0.0 0.0 0.6859849784431646 0.7276157016930922
1629013282.526069880 4.539494472597081 -1.586844744352239 0.0 0.0 0.0 0.6859849772368847 0.7276157028303545
1629013282.526069880 4.5403799059983525 -1.5869155869354867 0.0 0.0 0.0 0.685985001307746 0.7276156801367132
1629013282.526069880 4.540388718711602 -1.5871933341851396 0.0 0.0 0.0 0.68598498352177 0.7276156969050606
1629013283.027065277 4.5176559475319 -1.9921989514670038 0.0 0.0 0.0 0.578125107596868 0.8159481355859022
1629013283.027065277 4.540638664298854 -1.5871526292570615 0.0 0.0 0.0 0.6859849630349298 0.7276157162197405
1629013283.127244234 4.511408828649176 -2.236097609088402 0.0 0.0 0.0 0.5229753811583091 0.8523477874097647
1629013283.127244234 4.540916974929758 -1.5860985067871074 0.0 0.0 0.0 0.6859849602192033 0.7276157188743644
1629013283.227453947 4.485236154278225 -2.3165481388135105 0.0 0.0 0.0 0.4983081526684905 0.8669999913403208
1629013283.227453947 4.5391483620979765 -1.5850141785990766 0.0 0.0 0.0 0.6859850191488691 0.7276156633163732
1629013283.227453947 4.539194656915471 -1.5852941984607922 0.0 0.0 0.0 0.6859849527617876 0.7276157259051017
1629013283.227453947 4.539334090057034 -1.584733358605348 0.0 0.0 0.0 0.6859850095245091 0.7276156723900737
1629013283.227453947 4.539677286650773 -1.5856538940847922 0.0 0.0 0.0 0.6859849653065891 0.7276157140780549
1629013283.227453947 4.539931185458929 -1.5850165649162384 0.0 0.0 0.0 0.6859850176369634 0.7276156647417749
1629013283.728429317 4.461285451718598 -2.4059439493491377 0.0 0.0 0.0 0.4248197827644935 0.905277941944864
1629013283.728429317 4.538822928795057 -1.5844980030216955 0.0 0.0 0.0 0.6859850154970989 0.7276156667592067
1629013283.728429317 4.539294325599064 -1.5844884818178622 0.0 0.0 0.0 0.6859850324969377 0.7276156507320163
1629013283.928811550 4.381870597607595 -2.501248050304977 0.0 0.0 0.0 0.3798583127732723 0.9250446812003422
1629013283.928811550 4.538611166025542 -1.5846564215356604 0.0 0.0 0.0 0.6859850149524683 0.7276156672726761
1629013284.029018402 4.337466904802527 -2.5334326682702595 0.0 0.0 0.0 0.3579902708198423 0.9337253161387111
1629013284.129204512 4.300198793625082 -2.5545442097674127 0.0 0.0 0.0 0.3352422520928552 0.9421319612515597
1629013285.031048775 4.195764639274543 -2.534145593413552 0.0 0.0 0.0 0.35577666840196276 0.9345710043762324
1629013285.131157875 4.162149664007081 -2.5410385220236313 0.0 0.0 0.0 0.3775056485558183 0.9260072814554166
1629013285.331543922 4.118806021652237 -2.545592711604035 0.0 0.0 0.0 0.4194217198574815 0.9077915074023287
1629013285.632148743 4.0765390759571645 -2.5906436393371215 0.0 0.0 0.0 0.4834075779232449 0.8753954041496802
1629013288.238262653 4.5379699271449825 -1.583450960917449 0.0 0.0 0.0 0.6859850084278204 0.7276156734240152
1629013289.139037371 4.537889028454748 -1.5840977568545267 0.0 0.0 0.0 0.6859850236752225 0.7276156590489957
1629013289.239264727 4.536690279575797 -1.584075760953331 0.0 0.0 0.0 0.6859850204848286 0.7276156620568509
1629013289.339389801 3.6888592677683194 -3.895621603478764 0.0 0.0 0.0 0.7810524625511612 0.6244654119667212
1629013289.339389801 4.076118760281185 -2.5901670196741184 0.0 0.0 0.0 0.48340756235561744 0.875395412746377
1629013289.339389801 4.537408202836098 -1.5848495647654428 0.0 0.0 0.0 0.6859850343232989 0.7276156490101504
1629013289.539778709 3.6619291226866477 -3.8227717618606945 0.0 0.0 0.0 0.7635816734084689 0.6457112574786986
1629013289.539778709 3.6633601174466133 -3.823949967351595 0.0 0.0 0.0 0.7635816882409753 0.6457112399386137
1629013289.539778709 3.6886992328560075 -3.8955318798220575 0.0 0.0 0.0 0.7810524475906431 0.6244654306786451
1629013289.539778709 4.075938927469253 -2.58993135562441 0.0 0.0 0.0 0.48340753317723645 0.8753954288591522
1629013289.740151167 3.639556828000245 -3.7346129665307344 0.0 0.0 0.0 0.7415075747232938 0.6709444959368688
1629013289.740151167 3.6627727740402096 -3.8239464915503607 0.0 0.0 0.0 0.763581693687549 0.6457112334978028
1629013289.940553188 3.613312145050229 -3.6287179888038987 0.0 0.0 0.0 0.7155693394559465 0.6985417098717731
1629013289.940553188 3.6135387557731553 -3.6280902295900157 0.0 0.0 0.0 0.7155693455734249 0.6985417036051752
1629013289.940553188 3.6374085695216163 -3.7342403671015703 0.0 0.0 0.0 0.7415075515143082 0.670944521586737
1629013289.940553188 3.63808714881875 -3.7339749969484046 0.0 0.0 0.0 0.7415075697742535 0.6709445014063984
1629013290.241132259 3.59384457180804 -3.448391083193632 0.0 0.0 0.0 0.6708078680370868 0.7416311779985644
1629013290.241132259 3.5940083429357474 -3.4478302976479687 0.0 0.0 0.0 0.6708078351941179 0.7416312077051378
1629013290.241132259 3.594044432392041 -3.4491578472540945 0.0 0.0 0.0 0.6708078834268155 0.7416311640785033
1629013290.241132259 3.614360478400741 -3.629050071652624 0.0 0.0 0.0 0.7155693456052016 0.6985417035726239
1629013290.642004013 3.591496319992682 -3.4494932082398932 0.0 0.0 0.0 0.6708078969397615 0.741631151855998
1629013290.642004013 3.5926030306804986 -3.449741796154139 0.0 0.0 0.0 0.6708078814992267 0.7416311658220139
1629013290.642004013 3.5927733396888573 -3.4505710989650145 0.0 0.0 0.0 0.6708078913260401 0.7416311569336279
1629013290.642004013 3.621451806176361 -3.190271127596274 0.0 0.0 0.0 0.6051520241501128 0.7961099344104564
1629013290.942499161 3.5935039427551767 -3.4500473982613618 0.0 0.0 0.0 0.6708078970436842 0.7416311517619996
1629013290.942499161 3.6797912611908785 -2.983642305133693 0.0 0.0 0.0 0.5519336160086095 0.8338880521506834
1629013291.042703152 3.622095058139102 -3.1897395136725937 0.0 0.0 0.0 0.6051520224834654 0.7961099356773355
1629013291.042703152 3.6800502262043264 -2.983450746917564 0.0 0.0 0.0 0.5519336292648446 0.8338880433766497
1629013291.042703152 3.703270178776084 -2.909101941801138 0.0 0.0 0.0 0.5333030005723082 0.845924293054983
1629013291.042703152 3.7038867643188795 -2.910588496740529 0.0 0.0 0.0 0.5333029223813296 0.8459243423495588
1629013291.042703152 3.704187190067958 -2.910547286550542 0.0 0.0 0.0 0.5333029529173118 0.8459243230985118
1629013291.042703152 3.704703731221248 -2.910530811016315 0.0 0.0 0.0 0.533302983200749 0.8459243040066775
1629013291.042703152 3.7048202759511732 -2.9093638910426463 0.0 0.0 0.0 0.5333029530148486 0.8459243230370209
1629013291.643872261 3.7035749674483047 -2.909667806246748 0.0 0.0 0.0 0.5333030427080957 0.8459242664909709
1629013291.643872261 3.7037094104694965 -2.910046892212401 0.0 0.0 0.0 0.5333029994774479 0.8459242937452247
1629013291.643872261 3.7037177230483915 -2.909439041772937 0.0 0.0 0.0 0.5333030391488581 0.8459242687348505
1629013291.643872261 3.7995205026798398 -2.7879668308080845 0.0 0.0 0.0 0.465514241076537 0.8850403896743559
1629013291.944457531 3.7019894075593927 -2.9101023334340854 0.0 0.0 0.0 0.5333030038438186 0.8459242909924978
1629013291.944457531 3.703079446061333 -2.910733859986478 0.0 0.0 0.0 0.5333030242780857 0.8459242781099544
1629013291.944457531 3.9154108036889417 -2.637228006869872 0.0 0.0 0.0 0.4116536538535645 0.9113403696034812
1629013292.144999266 3.701427325867831 -2.908718885196368 0.0 0.0 0.0 0.533303047061716 0.8459242637462819
1629013292.144999266 3.702321859465749 -2.9097533609178368 0.0 0.0 0.0 0.5333030227844466 0.8459242790516016
1629013292.144999266 3.9961166400900847 -2.5218206384502495 0.0 0.0 0.0 0.38089408101030003 0.9246186776457195
1629013292.345243454 3.7012493795244485 -2.9096430119460712 0.0 0.0 0.0 0.5333029846888724 0.8459243030685076
1629013292.345243454 3.7013519587375914 -2.9088584319621913 0.0 0.0 0.0 0.5333030303558208 0.8459242742783177
1629013292.345243454 4.090353698373691 -2.431377631577599 0.0 0.0 0.0 0.36572719597476583 0.930722095001744
1629013292.445479393 3.99634457589177 -2.5208185839546653 0.0 0.0 0.0 0.38089404808090827 0.9246186912108898
1629013292.445479393 4.090600040718948 -2.4321235519395024 0.0 0.0 0.0 0.36572719364842116 0.930722095915881
1629013292.445479393 4.090742933605957 -2.4313586024769123 0.0 0.0 0.0 0.36572719856169034 0.9307220939852121
1629013292.445479393 4.140941943602823 -2.382744963120542 0.0 0.0 0.0 0.36572717982497255 0.9307221013478042
1629013292.445479393 4.141075441648242 -2.382252859071041 0.0 0.0 0.0 0.3657271876007717 0.9307220982923045
1629013292.445479393 4.141248130756501 -2.382582640597175 0.0 0.0 0.0 0.3657271974161407 0.9307220944353558
1629013293.047432423 4.14074807352597 -2.3827463460874108 0.0 0.0 0.0 0.3657271481353061 0.9307221138002556
1629013293.047432423 4.300928046581641 -2.3049266408865674 0.0 0.0 0.0 0.4353133160564693 0.9002790216726815
1629013293.247035027 4.299915084317034 -2.305408750004417 0.0 0.0 0.0 0.4353133393923975 0.9002790103890234
1629013293.247035027 4.300025982399623 -2.305647495459219 0.0 0.0 0.0 0.4353133274842829 0.9002790161469729
1629013293.247035027 4.381964736697057 -2.2057766463758295 0.0 0.0 0.0 0.47555903014588563 0.8796838118589568
1629013293.247035027 4.382313616039229 -2.204942180383859 0.0 0.0 0.0 0.47555902165242214 0.8796838164505422
1629013293.247035027 4.383565580628063 -2.2049750086349826 0.0 0.0 0.0 0.4755590198643756 0.8796838174171641
1629013293.247035027 4.3839645738224 -2.20379611575873 0.0 0.0 0.0 0.475559026124727 0.8796838140328042
1629013293.848223686 4.3816286077592395 -2.2057442755806886 0.0 0.0 0.0 0.4755590049755243 0.8796838254661099
1629013293.848223686 4.3821926049622055 -2.205779962116985 0.0 0.0 0.0 0.4755590524878548 0.8796837997808382
1629013293.848223686 4.505422847643906 -2.060071798815826 0.0 0.0 0.0 0.5737438404222863 0.8190348012004655
1629013293.848223686 4.505567790613526 -2.0601479545523285 0.0 0.0 0.0 0.5737438874368147 0.8190347682662146
1629013293.848223686 4.5058124582136 -2.05947023493842 0.0 0.0 0.0 0.5737438437091106 0.8190347988980051
1629013294.248976707 4.5053158740121715 -2.0577040972832816 0.0 0.0 0.0 0.5737438295307421 0.8190348088301246
1629013294.248976707 4.505862097074145 -2.05907945167947 0.0 0.0 0.0 0.5737438137594143 0.819034819878131
1629013294.248976707 4.553209193508334 -1.9293796641465901 0.0 0.0 0.0 0.6112983340969181 0.7914002443330004
1629013294.248976707 4.55360548311475 -1.9288336208118388 0.0 0.0 0.0 0.611298313619918 0.7914002601499726
1629013294.449362993 4.553786142636921 -1.929649934566351 0.0 0.0 0.0 0.6112983065418219 0.7914002656172796
1629013294.449362993 4.568171347738789 -1.8866247476475364 0.0 0.0 0.0 0.6191718636959717 0.785255501863729
1629013294.549557686 4.565288596421095 -1.8799863353401145 0.0 0.0 0.0 0.6221772712115604 0.7828763907461614
1629013294.549557686 4.565845663315671 -1.8788663515283708 0.0 0.0 0.0 0.6221773136175823 0.7828763570447179
1629013294.549557686 4.565990485600626 -1.879247817329655 0.0 0.0 0.0 0.6221772962135134 0.7828763708762975
1629013294.549557686 4.566028462817371 -1.8805841788502602 0.0 0.0 0.0 0.6221772071010315 0.7828764416968748
1629013294.549557686 4.566958031514039 -1.882079290316979 0.0 0.0 0.0 0.6221772409241901 0.7828764148165164
1629013294.549557686 4.569174907398746 -1.8859622623398484 0.0 0.0 0.0 0.6191718267269508 0.7852555310137018
1629013295.150742054 4.564539853977071 -1.8796508598965949 0.0 0.0 0.0 0.6221772435149329 0.7828764127575693
1629013295.150742054 4.566582156537714 -1.86811383855296 0.0 0.0 0.0 0.6319267428389979 0.7750281231574084
1629013295.250942469 4.56374981892672 -1.8788992477017843 0.0 0.0 0.0 0.6221772698243226 0.7828763918486443
1629013295.250942469 4.568068698065643 -1.868393574442529 0.0 0.0 0.0 0.6330375076141307 0.7741211235676814
1629013295.351131916 4.563163752843333 -1.8787219307110474 0.0 0.0 0.0 0.6221772634403574 0.7828763969221885
1629013295.351131916 4.56649579346158 -1.8688854323318205 0.0 0.0 0.0 0.6319267275986428 0.7750281355837804
1629013295.351131916 4.56760905819951 -1.8673617189664804 0.0 0.0 0.0 0.6340099786165806 0.773324865121123
1629013295.351131916 4.568400291341992 -1.8679008279224216 0.0 0.0 0.0 0.6330375608704856 0.774121080017297
1629013295.651784420 4.564381908599392 -1.8670972524620044 0.0 0.0 0.0 0.6361015834307377 0.7716053236965827
1629013295.651784420 4.565330879277371 -1.865344495002305 0.0 0.0 0.0 0.6361015738691375 0.7716053315790439
1629013295.651784420 4.56546983827813 -1.8661666749106736 0.0 0.0 0.0 0.6361015606155492 0.7716053425051325
1629013295.651784420 4.566508350744976 -1.8664655778716994 0.0 0.0 0.0 0.6361015962364899 0.771605313139684
1629013295.651784420 4.5679440594652005 -1.8676333893772827 0.0 0.0 0.0 0.6340099708150508 0.773324871517203
1629013295.651784420 4.56860739508671 -1.8678598699388624 0.0 0.0 0.0 0.6340099857906376 0.773324859239476
1629013296.152692318 4.56085460040982 -1.866546557707637 0.0 0.0 0.0 0.6388112803509357 0.7693634694319702
1629013296.152692318 4.564837637452173 -1.8670914376267784 0.0 0.0 0.0 0.6361016193880505 0.7716052940538314
1629013296.252875090 4.561313586772909 -1.8659620789032676 0.0 0.0 0.0 0.6388112788070579 0.7693634707138696
1629013296.252875090 4.564258274853144 -1.8677078619874183 0.0 0.0 0.0 0.6361016282101853 0.7716052867809753
1629013296.252875090 4.565124081196477 -1.8668525022790476 0.0 0.0 0.0 0.6401252208421859 0.7682705914205897
1629013296.453254938 4.5616832428935 -1.86633639813506 0.0 0.0 0.0 0.6422072614975959 0.7665310386929928
1629013296.453254938 4.562189035233625 -1.8668959605907554 0.0 0.0 0.0 0.6422072802134127 0.7665310230126967
1629013296.453254938 4.5626197649887965 -1.8673793882887473 0.0 0.0 0.0 0.6401251663193145 0.7682706368491965
1629013296.453254938 4.563244614522371 -1.8668678591114123 0.0 0.0 0.0 0.6401252089835502 0.7682706013012383
1629013296.753854752 4.555310834015138 -1.8654234966553658 0.0 0.0 0.0 0.6455199921349197 0.7637433729690446
1629013296.753854752 4.555678820032565 -1.8657678290445945 0.0 0.0 0.0 0.6455199366740533 0.7637434198448627
1629013296.753854752 4.5596124973812975 -1.8667222258439704 0.0 0.0 0.0 0.6422072264674714 0.7665310680415751
1629013296.753854752 4.5604853229374545 -1.8667521154703777 0.0 0.0 0.0 0.6422072305848274 0.7665310645920139
1629013297.054462671 4.555788490368359 -1.8670903423631258 0.0 0.0 0.0 0.6489007671080247 0.7608730475227895
1629013297.054462671 4.556122863350221 -1.866799566156221 0.0 0.0 0.0 0.6455198839589658 0.7637434643999276
1629013297.154661655 4.554222064704167 -1.867131155882944 0.0 0.0 0.0 0.6504535925434065 0.759545998572421
1629013297.154661655 4.557088235141193 -1.8671575027916238 0.0 0.0 0.0 0.6455198928824067 0.7637434568577895
1629013297.254834890 4.552007164326457 -1.8658405946147278 0.0 0.0 0.0 0.6520311400598685 0.7581921869765134
1629013297.254834890 4.552781774943352 -1.865979237047997 0.0 0.0 0.0 0.6520311323646993 0.7581921935942152
1629013297.254834890 4.553454382012969 -1.8665740326139932 0.0 0.0 0.0 0.6504535710886881 0.7595460169456312
1629013297.254834890 4.555246008890082 -1.8664615835616654 0.0 0.0 0.0 0.6489007656208704 0.7608730487910899
1629013297.555447102 4.545570556774807 -1.86278896187128 0.0 0.0 0.0 0.6553439338999093 0.7553306086083043
1629013297.555447102 4.552463781276691 -1.8661839138133038 0.0 0.0 0.0 0.6520311391145747 0.7581921877894484
1629013297.555447102 4.552549745512985 -1.8660261797516398 0.0 0.0 0.0 0.6520311527673397 0.758192176048325
1629013297.755830765 4.541326174095844 -1.8605782049428172 0.0 0.0 0.0 0.6575616713952551 0.7534007222666291
1629013297.755830765 4.5455445756707284 -1.862539174082473 0.0 0.0 0.0 0.655343940108243 0.7553306032217969
1629013297.856037855 4.5435852918441775 -1.8620255807834165 0.0 0.0 0.0 0.6591371624092167 0.7520227397699659
1629013297.856037855 4.545498655749179 -1.8617612106766874 0.0 0.0 0.0 0.6553439399422454 0.7553306033658206
1629013297.956216335 4.541089038476056 -1.8610954738176126 0.0 0.0 0.0 0.6575616685883423 0.7534007247164786
1629013297.956216335 4.543372567180938 -1.8626877074561987 0.0 0.0 0.0 0.6607519163863854 0.7506043598272789
1629013298.056957483 4.541262107979794 -1.8628660869869855 0.0 0.0 0.0 0.6621994411687125 0.7493276320247672
1629013298.056957483 4.542992527302109 -1.862476037717266 0.0 0.0 0.0 0.6591371370524893 0.7520227619947736
1629013298.156583786 4.539944123661162 -1.8626382840543985 0.0 0.0 0.0 0.6621994412651908 0.7493276319395069
1629013298.156583786 4.54039720020498 -1.8635237861886265 0.0 0.0 0.0 0.6633770962162975 0.7482852585850086
1629013298.156583786 4.5435213029853525 -1.8626588678545972 0.0 0.0 0.0 0.6607519364049346 0.7506043422050857
1629013298.356981039 4.538067940413171 -1.862571974431682 0.0 0.0 0.0 0.6656374856029476 0.7462752426284727
1629013298.356981039 4.540258277184558 -1.862167610139573 0.0 0.0 0.0 0.6633771264942541 0.7482852317427002
1629013298.356981039 4.540447997887641 -1.8629343706703434 0.0 0.0 0.0 0.6633771105660872 0.7482852458634938
1629013298.557417154 4.535972735895848 -1.862764398184511 0.0 0.0 0.0 0.6676184851371076 0.7445035650037101
1629013298.557417154 4.535998917384824 -1.8629309831764915 0.0 0.0 0.0 0.6676184518029585 0.7445035948954315
1629013298.557417154 4.536023490918128 -1.8634281426373882 0.0 0.0 0.0 0.6676184736118339 0.7445035753387657
1629013298.557417154 4.53905997649887 -1.8634767653168092 0.0 0.0 0.0 0.6656374840808721 0.7462752439860824
1629013298.557417154 4.539420247485925 -1.8640426019505043 0.0 0.0 0.0 0.6656374714645303 0.7462752552391823
1629013298.958150387 4.532567469832887 -1.8616607031623364 0.0 0.0 0.0 0.6706271613845887 0.7417945877486899
1629013298.958150387 4.536838279313646 -1.863533542185325 0.0 0.0 0.0 0.6676184625982693 0.7445035852149561
1629013298.958150387 4.536867236827131 -1.8636195885053055 0.0 0.0 0.0 0.667618461580798 0.7445035861273528
1629013299.158659935 4.531625368537965 -1.8618007568982011 0.0 0.0 0.0 0.67245862402438 0.7401347167747488
1629013299.158659935 4.531855962945061 -1.8622241183433024 0.0 0.0 0.0 0.6706271702114851 0.7417945797686417
1629013299.158659935 4.532134539575643 -1.8624962037272663 0.0 0.0 0.0 0.6706271780528829 0.7417945726795437
1629013299.358932257 4.528985942157274 -1.8618707570205018 0.0 0.0 0.0 0.6744724014360022 0.7383000607484415
1629013299.358932257 4.529139884328884 -1.861768424177643 0.0 0.0 0.0 0.6744724048150534 0.7383000576615165
1629013299.358932257 4.53022268964621 -1.8623596861452094 0.0 0.0 0.0 0.6744724054082462 0.7383000571196066
1629013299.358932257 4.5307157397495486 -1.8621664577541468 0.0 0.0 0.0 0.6724586373967733 0.7401347046250939
1629013299.358932257 4.531931747486231 -1.8623979520317702 0.0 0.0 0.0 0.672458643946344 0.7401346986743995
1629013299.759720087 4.524917200983374 -1.8612149049809548 0.0 0.0 0.0 0.6782273293368244 0.7348521550221097
1629013299.759720087 4.525972721252315 -1.86185444244162 0.0 0.0 0.0 0.6782273623690119 0.7348521245352516
1629013299.759720087 4.526296271472353 -1.8614844385035514 0.0 0.0 0.0 0.6782273424964975 0.7348521428764692
1629013299.759720087 4.528839744166 -1.862224726258864 0.0 0.0 0.0 0.6744723673989456 0.7383000918429184
1629013300.060306549 4.52007829810244 -1.8606684262255722 0.0 0.0 0.0 0.6809582534419066 0.7323222358151827
1629013300.060306549 4.525682243842114 -1.8625569668073063 0.0 0.0 0.0 0.6782273701983553 0.7348521173092061
1629013300.160758972 4.517812971970047 -1.859488291460391 0.0 0.0 0.0 0.6823304178351415 0.7310439117432832
1629013300.160758972 4.520048860697338 -1.858907324452665 0.0 0.0 0.0 0.6809582981232193 0.7323221942677477
1629013300.361333370 4.515837473115824 -1.8587875265650162 0.0 0.0 0.0 0.6840635429585084 0.7294224216426671
1629013300.361333370 4.51667750567923 -1.860391033290548 0.0 0.0 0.0 0.6823304262478538 0.7310439038911563
1629013300.461078167 4.515699525237643 -1.8576396678889362 0.0 0.0 0.0 0.6840635006730363 0.7294224612986296
1629013300.461078167 4.516028070773383 -1.8591703637861836 0.0 0.0 0.0 0.682330436542427 0.731043894282567
1629013300.461078167 4.517240305207223 -1.8572377186863644 0.0 0.0 0.0 0.6844196277381461 0.7290883164382608
1629013300.461078167 4.517976267334941 -1.8575077219100957 0.0 0.0 0.0 0.6844195844945555 0.7290883570324656
1629013300.461078167 4.518179403896899 -1.8585226201154101 0.0 0.0 0.0 0.6844196113577499 0.7290883318150871
1629013300.461078167 4.51832507418492 -1.8578303391817605 0.0 0.0 0.0 0.6844195583317992 0.7290883815923175
1629013300.962058544 4.5176555984285365 -1.85619286979006 0.0 0.0 0.0 0.683279031261918 0.7301573566278539
1629013300.962058544 4.5186763833780015 -1.8568111293516052 0.0 0.0 0.0 0.6844196138255031 0.7290883294985246
1629013300.962058544 4.518742887625479 -1.857537855660665 0.0 0.0 0.0 0.6844196857754078 0.7290882619567346
1629013300.962058544 4.518914586515963 -1.8574804437634067 0.0 0.0 0.0 0.6844196607739397 0.7290882854264533
1629013300.962058544 4.5193457532573245 -1.8573257080809797 0.0 0.0 0.0 0.6844196421509278 0.7290883029084996
1629013301.362841129 4.516834028262933 -1.855668503598329 0.0 0.0 0.0 0.6836354568474258 0.729823651398755
1629013301.362841129 4.51685981321016 -1.855680908211457 0.0 0.0 0.0 0.683635419909332 0.7298236859991537
1629013301.362841129 4.517551209198736 -1.8566633598480926 0.0 0.0 0.0 0.6836354322975244 0.7298236743949712
1629013301.362841129 4.517559168453543 -1.8571344760790203 0.0 0.0 0.0 0.6844196322287852 0.7290883122227474
1629013301.362841129 4.518115889147089 -1.856804936323032 0.0 0.0 0.0 0.6844196223521705 0.7290883214942565
1629013301.362841129 4.518698469215889 -1.8568742166531247 0.0 0.0 0.0 0.6844196183387274 0.7290883252618099
1629013301.863822460 4.515373801262592 -1.8592864550457422 0.0 0.0 0.0 0.6836354271785794 0.7298236791899543
1629013301.863822460 4.515402490410724 -1.859602599646266 0.0 0.0 0.0 0.6836354442051727 0.7298236632409202
1629013301.863822460 4.515599887083819 -1.8582350307525568 0.0 0.0 0.0 0.6836354197852931 0.7298236861153427
1629013301.863822460 4.515941512261577 -1.8567675338624865 0.0 0.0 0.0 0.6836354628734403 0.7298236457541075
1629013301.863822460 4.516954335608889 -1.8566851816996095 0.0 0.0 0.0 0.6836354677148772 0.7298236412190696
1629013302.164443970 4.514208040233248 -1.8596011692406036 0.0 0.0 0.0 0.6836354140235793 0.7298236915124153
1629013302.164443970 4.514997613220709 -1.8598918023090518 0.0 0.0 0.0 0.6836354405473484 0.7298236666672525
1629013302.164443970 4.515074068455564 -1.8593002607674138 0.0 0.0 0.0 0.683635436466084 0.7298236704902266
1629013302.164443970 4.515094518728368 -1.8597389699047027 0.0 0.0 0.0 0.6836354395324238 0.7298236676179457
1629013302.164443970 4.5152546658356965 -1.8584346117097557 0.0 0.0 0.0 0.6836353940411144 0.7298237102302516
1629013302.164443970 4.515261745023092 -1.8583886216825856 0.0 0.0 0.0 0.6836354139921785 0.7298236915418289
1629013302.665424824 4.515364530265115 -1.8570021125211265 0.0 0.0 0.0 0.6836353751164704 0.7298237279572122
1629013302.665424824 4.516798555389446 -1.8572260649101655 0.0 0.0 0.0 0.6845433717278997 0.7289721340513631
1629013302.865775824 4.516734500055731 -1.8550530025324559 0.0 0.0 0.0 0.6847215014409935 0.7288048198690728
1629013302.865775824 4.516849906180903 -1.8570409319681769 0.0 0.0 0.0 0.6845433954462904 0.7289721117785396
1629013302.865775824 4.516983974710809 -1.8549727695184741 0.0 0.0 0.0 0.6847214208215194 0.728804895612097
1629013302.865775824 4.517135141913973 -1.854519655531771 0.0 0.0 0.0 0.6847214636804081 0.7288048553456266
1629013302.865775824 4.517510988470085 -1.856122985793385 0.0 0.0 0.0 0.6845434336414796 0.7289720759112335
1629013302.865775824 4.5182183234797035 -1.8556315261459146 0.0 0.0 0.0 0.6847213995212029 0.7288049156240134
1629013303.867745638 4.516203315301325 -1.856322076880485 0.0 0.0 0.0 0.6848993234393669 0.7286377129632376
1629013303.867745638 4.5172037488445005 -1.8550122077074687 0.0 0.0 0.0 0.6847214917137114 0.7288048290079792
1629013303.867745638 4.517369735444413 -1.8559580629743748 0.0 0.0 0.0 0.6847214449290215 0.7288048729627931
1629013304.068133831 4.515930023662068 -1.8558673727474126 0.0 0.0 0.0 0.684721375067673 0.7288049385984119
1629013304.068133831 4.517008314004952 -1.8548388460625371 0.0 0.0 0.0 0.6848993124036813 0.7286377233364771
1629013304.168321133 4.5150667499676915 -1.8546197683832717 0.0 0.0 0.0 0.6847213906099485 0.728804923996249
1629013304.168321133 4.515079308388919 -1.8550565718932774 0.0 0.0 0.0 0.6847213726018339 0.7288049409150987
1629013304.168321133 4.51635356971645 -1.855093549320687 0.0 0.0 0.0 0.6847213457322799 0.7288049661593803
1629013304.168321133 4.516663035952067 -1.8551190269397502 0.0 0.0 0.0 0.6848993098859595 0.728637725703066
1629013304.370109081 4.514450949163358 -1.8540636922429126 0.0 0.0 0.0 0.6847213795680678 0.7288049343702347
1629013304.370109081 4.51454669849067 -1.8546638963177746 0.0 0.0 0.0 0.6843654060438289 0.7291392123665174
1629013304.370109081 4.515399635207446 -1.8558565856706735 0.0 0.0 0.0 0.6843653368278607 0.7291392773321766
1629013304.370109081 4.515495556109134 -1.8564087386456132 0.0 0.0 0.0 0.6843653427067924 0.72913927181425
1629013304.370109081 4.516022829073537 -1.8547352785914641 0.0 0.0 0.0 0.6843653532785509 0.7291392618916666
1629013304.769490957 4.514465919324208 -1.8560060883803455 0.0 0.0 0.0 0.6843653214058326 0.7291392918071906
1629013304.769490957 4.514776452370154 -1.8557115567070674 0.0 0.0 0.0 0.683877640798848 0.7295967190273005
1629013304.769490957 4.51525546700534 -1.8570223596320818 0.0 0.0 0.0 0.6838777023820468 0.7295966613031152
1629013304.769490957 4.515484288452622 -1.855077948224199 0.0 0.0 0.0 0.6843653305306736 0.729139283242675
1629013304.769490957 4.515590293103792 -1.8557082316768092 0.0 0.0 0.0 0.683877669665551 0.729596691969485
1629013304.769490957 4.516389158131688 -1.8557551250421795 0.0 0.0 0.0 0.6838776879599462 0.7295966748214786
1629013305.271343708 4.5149948467724546 -1.8561095959039375 0.0 0.0 0.0 0.6838776887418413 0.7295966740885798
1629013305.271343708 4.515705859705235 -1.856600143637925 0.0 0.0 0.0 0.6833142354558466 0.7301244110584113
1629013305.470873833 4.516231969668045 -1.855360355769946 0.0 0.0 0.0 0.6834402701652927 0.7300064363527158
1629013305.470873833 4.516476722890495 -1.8567853040323063 0.0 0.0 0.0 0.6833142259499461 0.7301244199548637
1629013305.571066380 4.514753090179394 -1.85591169813879 0.0 0.0 0.0 0.6836585066306431 0.729802059678896
1629013305.571066380 4.515705905724309 -1.8557378372414763 0.0 0.0 0.0 0.6833141964164409 0.7301244475948971
1629013305.571066380 4.5158516200315 -1.8543837132351109 0.0 0.0 0.0 0.6834402582173951 0.7300064475384723
1629013305.571066380 4.515919371590486 -1.8548199857235326 0.0 0.0 0.0 0.6834402881880199 0.7300064194796346
1629013305.571066380 4.516203659943566 -1.85443454210173 0.0 0.0 0.0 0.6836584970723796 0.7298020686328144
1629013305.571066380 4.516329327219918 -1.8556106068236546 0.0 0.0 0.0 0.683658502405656 0.7298020636367478
1629013306.072058678 4.511247434270291 -1.8560196219549865 0.0 0.0 0.0 0.683154364370692 0.7302739995654205
1629013306.072058678 4.513606749434104 -1.8563605476216087 0.0 0.0 0.0 0.6836585069225403 0.7298020594054548
1629013306.172584057 4.5120104147206295 -1.8574461082815665 0.0 0.0 0.0 0.6828723722232701 0.7305376946155233
1629013306.172584057 4.512209988450449 -1.8557264009913836 0.0 0.0 0.0 0.6836585087298894 0.7298020577123798
1629013306.272438526 4.510468949911276 -1.8556674133465332 0.0 0.0 0.0 0.6831543492862547 0.730274013676561
1629013306.272438526 4.5111311827691205 -1.8551522525380868 0.0 0.0 0.0 0.6836584984691517 0.7298020673243567
1629013306.272438526 4.5125099459573725 -1.8562980300266179 0.0 0.0 0.0 0.682538659169958 0.7308494911665985
1629013306.272438526 4.513683033259111 -1.8565171797790063 0.0 0.0 0.0 0.6828723684197926 0.7305376981708357
1629013306.575726032 4.5111037581844595 -1.8566596120387457 0.0 0.0 0.0 0.682538616457727 0.7308495310554505
1629013306.575726032 4.51114562731651 -1.8557734858434733 0.0 0.0 0.0 0.6825386238337401 0.7308495241670095
1629013306.575726032 4.511745060027557 -1.8593917220882448 0.0 0.0 0.0 0.6820181479527965 0.7313352486124524
1629013306.575726032 4.512004950827608 -1.856511132452325 0.0 0.0 0.0 0.6825386399880375 0.7308495090805495
1629013306.575726032 4.512210355072309 -1.8580676961262717 0.0 0.0 0.0 0.6820181894755258 0.7313352098897781
1629013306.575726032 4.512333685724052 -1.8581951295335848 0.0 0.0 0.0 0.6820181435156701 0.7313352527503639
1629013306.575726032 4.512678287930612 -1.8577718503896659 0.0 0.0 0.0 0.6820182094894423 0.7313351912254841
1629013307.374596596 4.508029481641873 -1.8559494888131733 0.0 0.0 0.0 0.6821966876095084 0.7311687079016819
1629013307.374596596 4.510225552577426 -1.8573295762783482 0.0 0.0 0.0 0.6821967194173822 0.7311686782242258
1629013307.374596596 4.510728807044632 -1.8585783339247626 0.0 0.0 0.0 0.6821967332444282 0.7311686653232826
1629013307.374596596 4.511305073814261 -1.8588044523891691 0.0 0.0 0.0 0.6820181874964103 0.7313352117354335
1629013307.374596596 4.51147345907569 -1.8587631896182748 0.0 0.0 0.0 0.6820181712368693 0.7313352268985246
1629013307.374596596 4.511678900754219 -1.859982408777533 0.0 0.0 0.0 0.682018168930204 0.7313352290496417
1629013307.975763083 4.50775807994618 -1.857801548381039 0.0 0.0 0.0 0.6821966568898593 0.7311687365637973
1629013307.975763083 4.508517550103766 -1.8566093282120006 0.0 0.0 0.0 0.682732039952289 0.7306688453893364
1629013308.075963020 4.507784056600365 -1.8572329052986172 0.0 0.0 0.0 0.6821966884164118 0.731168707148823
1629013308.075963020 4.508355374853279 -1.8560979026254423 0.0 0.0 0.0 0.6829504204799441 0.7304647309530198
1629013308.075963020 4.508573487985808 -1.8561036935554058 0.0 0.0 0.0 0.6829504208775599 0.7304647305812676
1629013308.075963020 4.508835160663462 -1.8568701510740169 0.0 0.0 0.0 0.6827320133967829 0.7306688702026214
1629013308.476742268 4.508473433519253 -1.8562749434877557 0.0 0.0 0.0 0.6829504611814378 0.7304646928990213
1629013308.476742268 4.510494023720794 -1.8581617854151877 0.0 0.0 0.0 0.6830765255424631 0.7303468082033608
1629013308.577086210 4.510152202945334 -1.856828579217236 0.0 0.0 0.0 0.6829504454228531 0.7304647076325635
1629013308.577086210 4.510287591819945 -1.8580050997761361 0.0 0.0 0.0 0.683076542785825 0.7303467920760418
1629013308.577086210 4.510782013557067 -1.8578230688539643 0.0 0.0 0.0 0.6833584582369923 0.7300830210023794
1629013308.777350664 4.510027272406477 -1.856270517951141 0.0 0.0 0.0 0.6830249773478203 0.7303950166307336
1629013308.777350664 4.510358818346171 -1.8556462661158033 0.0 0.0 0.0 0.6830249638623541 0.7303950292415946
1629013308.777350664 4.510380163646127 -1.8560679914223241 0.0 0.0 0.0 0.6833584834628128 0.7300829973909847
1629013308.777350664 4.510837265585473 -1.855411181121951 0.0 0.0 0.0 0.68302498547333 0.7303950090322067
1629013308.777350664 4.51273244955264 -1.8552197048563381 0.0 0.0 0.0 0.683024968172775 0.7303950252107277
1629013308.777350664 4.51326249560066 -1.8552197158653554 0.0 0.0 0.0 0.6830249531806244 0.7303950392305563
