1629013127.723922968 -0.0001861604709620869 -0.0005741970138210378 0.0 0.0 0.0 -4.1872018228752515e-08 0.9999999999999991
1629013127.723922968 -0.0008769273013653826 7.918603079560573e-05 0.0 0.0 0.0 -7.453863671580925e-08 0.9999999999999972
1629013127.723922968 -0.0005555574887954268 0.0004572554568312635 0.0 0.0 0.0 -6.139336420244193e-08 0.9999999999999981
1629013127.723922968 -0.0006433849934113681 -7.843678514807685e-05 0.0 0.0 0.0 -1.1701445743074972e-07 0.9999999999999931
1629013127.723922968 0.0008065677276850081 -0.00010407155328394282 0.0 0.0 0.0 -2.90429414860106e-08 0.9999999999999996
1629013128.224887848 -0.00012152666595484764 -0.0013885489349462687 0.0 0.0 0.0 -7.149888956549009e-08 0.9999999999999974
1629013128.325093031 0.00014020856974701455 -0.0019150842509761245 0.0 0.0 0.0 -3.046088057493215e-08 0.9999999999999996
1629013128.425327301 0.00043159071997430915 -0.0019484447849352413 0.0 0.0 0.0 3.011692528877795e-08 0.9999999999999996
1629013128.525490284 -0.0005640241888085399 -0.002876655339535999 0.0 0.0 0.0 5.9256377347885665e-08 0.9999999999999982
1629013128.625700474 -0.0014597849767148028 -0.0029776737226830116 0.0 0.0 0.0 2.184145359173579e-08 0.9999999999999998
1629013128.625700474 -0.0013899258151591947 -0.003282488672856236 0.0 0.0 0.0 1.554982106899482e-08 0.9999999999999999
1629013128.625700474 -0.0005617057092468 0.002094762239923921 0.0 0.0 0.0 -1.5525980662124293e-07 0.9999999999999879
1629013128.926275730 -0.00037739097526926857 0.002460253839592235 0.0 0.0 0.0 -1.1579988183863678e-07 0.9999999999999933
1629013128.926275730 -0.001077872589731629 0.001773034248523396 0.0 0.0 0.0 -1.434295411449687e-07 0.9999999999999897
1629013128.926275730 -0.0007158468218985898 0.0012969354826942098 0.0 0.0 0.0 -1.7314566811294331e-07 0.999999999999985
1629013128.926275730 -0.001343224151517726 0.002129887091884163 0.0 0.0 0.0 -1.6597197227713812e-07 0.9999999999999862
1629013128.926275730 -0.0007001366947603557 0.002498073088638603 0.0 0.0 0.0 -1.416472554063976e-07 0.99999999999999
1629013129.327075481 -4.68261222762458e-05 0.0026947131435289566 0.0 0.0 0.0 -1.4022526300215538e-07 0.9999999999999901
1629013129.327075481 -0.0004069500915106594 0.003446576488457993 0.0 0.0 0.0 -1.208243507559104e-07 0.9999999999999927
1629013129.327075481 -0.0004019034251764892 0.003667709019052258 0.0 0.0 0.0 -1.204983885291962e-07 0.9999999999999928
1629013129.727863789 -0.001335538115437088 0.0044702943973685344 0.0 0.0 0.0 -1.1878503107846625e-07 0.9999999999999929
1629013129.727863789 -0.0008544369054969663 0.00444759540697504 0.0 0.0 0.0 -1.3251220480230068e-07 0.9999999999999912
1629013129.928267002 -0.0009693854302407815 0.004698859694746057 0.0 0.0 0.0 -1.9975913660544989e-07 0.99999999999998
1629013136.140389442 -0.0016052131968787293 0.004427640851958911 0.0 0.0 0.0 -2.3144268442204034e-07 0.9999999999999732
1629013136.240868092 -0.002173358383792099 0.003799268793159967 0.0 0.0 0.0 -2.4451561317009755e-07 0.9999999999999701
1629013136.340748310 -0.0029253756156720277 0.004695759469910203 0.0 0.0 0.0 -2.8623826483905485e-07 0.999999999999959
1629013136.340748310 -0.0032637343557830475 0.0052960548249866325 0.0 0.0 0.0 -2.427676108272863e-07 0.9999999999999706
1629013136.541119576 -0.003196681232977606 0.005966041849121744 0.0 0.0 0.0 -2.0570802636029057e-07 0.9999999999999788
1629013136.541119576 -0.0033930567571411143 0.006086016133902431 0.0 0.0 0.0 -2.0267318303739127e-07 0.9999999999999795
1629013136.541119576 -0.003032334321185782 0.007527288328105385 0.0 0.0 0.0 -1.7298087493001642e-07 0.999999999999985
1629013136.541119576 -0.003429311199436435 0.007974675970419332 0.0 0.0 0.0 -1.902787084395448e-07 0.9999999999999819
1629013136.541119576 -0.0034833549995715463 0.007809779327715919 0.0 0.0 0.0 -1.488730751684137e-07 0.9999999999999889
1629013136.541119576 -0.0034421191614554237 0.006523524172607547 0.0 0.0 0.0 -1.5992515847168963e-07 0.9999999999999872
1629013137.242624760 -0.004751580343958393 0.006029013922431354 0.0 0.0 0.0 -1.8776556855923303e-07 0.9999999999999823
1629013128.224887848 0.0011103625025111774 0.0004329717571288299 0.0 0.0 0.0 -3.9738507327844944e-08 0.9999999999999992
1629013128.325093031 0.0007841386386200331 -0.0009359501916099545 0.0 0.0 0.0 0.000517840525091795 0.9999998659205863
1629013128.425327301 0.0005292376366048054 0.0020108368056717296 0.0 0.0 0.0 -0.0003956710110503438 0.9999999217222224
1629013128.525490284 0.0009468921755595606 0.0018782092569610807 0.0 0.0 0.0 0.00012221414661181776 0.9999999925318511
1629013128.625700474 0.001668973723184905 0.00100369887300953 0.0 0.0 0.0 0.0008127562745641551 0.9999996697135646
1629013128.926275730 0.0007148232780755631 0.0007648408979506085 0.0 0.0 0.0 0.0002949088389046291 0.9999999565143874
1629013129.327075481 0.0011112991224425108 0.00046012879935906643 0.0 0.0 0.0 0.0007177802649879107 0.9999997423957124
1629013129.727863789 0.0009020692600002049 0.0007954855924974325 0.0 0.0 0.0 0.000717779294691744 0.9999997423964089
1629013129.928267002 0.0018149156849192748 8.668477440502878e-05 0.0 0.0 0.0 0.000717776102832893 0.9999997423986999
1629013130.128615141 0.0017564539252744279 0.00023556243944556862 0.0 0.0 0.0 0.0007177902168728613 0.9999997423885691
1629013130.729794502 0.0026706021782518983 -0.000757893584426282 0.0 0.0 0.0 0.0014296254491317799 0.9999989780850155
1629013137.242624760 0.23768953207245053 -0.23778790899668686 0.0 0.0 0.0 -0.13922303045956552 0.9902610503244359
1629013137.242624760 0.23706138077107583 -0.2382398989979235 0.0 0.0 0.0 -0.13922310316604128 0.9902610401024661
1629013137.342700481 0.23799271132493927 -0.2390460907338484 0.0 0.0 0.0 -0.13922309781347775 0.9902610408549953
1629013137.342700481 0.24652943781373537 -0.2569540949747735 0.0 0.0 0.0 -0.14656626442675993 0.989200854291981
1629013137.552075386 0.24631098442210014 -0.2570336008616632 0.0 0.0 0.0 -0.14656630064636328 0.9892008489254545
1629013137.552075386 0.24640025010029565 -0.2568114755088219 0.0 0.0 0.0 -0.1465663643152353 0.9892008394918667
1629013137.552075386 0.24667954266564535 -0.2562770338227819 0.0 0.0 0.0 -0.14656637290180471 0.9892008382196252
1629013137.552075386 0.24692000938235337 -0.25610911246655216 0.0 0.0 0.0 -0.1465663485642002 0.9892008418256413
1629013137.552075386 0.2927992719363635 -0.29259476047593796 0.0 0.0 0.0 -0.16305850395021906 0.9866164017942923
1629013137.552075386 0.2921807092142917 -0.2939960331013413 0.0 0.0 0.0 -0.16305848781992735 0.9866164044601522
1629013138.044185638 0.29203631003994973 -0.2920183915450676 0.0 0.0 0.0 -0.16305848449850174 0.9866164050090855
1629013138.044185638 0.29132577494598916 -0.2919779914220762 0.0 0.0 0.0 -0.16305846802012122 0.9866164077324738
1629013138.044185638 0.29170326040536426 -0.291761069728104 0.0 0.0 0.0 -0.16305845532725505 0.9866164098302286
1629013138.044185638 0.2915504319249401 -0.2921927487232675 0.0 0.0 0.0 -0.16305845160616722 0.9866164104452141
1629013138.044185638 0.2925376449841013 -0.2933237574117901 0.0 0.0 0.0 -0.16305848554070107 0.9866164048368408
1629013138.545035839 0.2947610413042695 -0.2924005648434185 0.0 0.0 0.0 -0.16305846184662612 0.9866164087527697
1629013138.545035839 0.2949148721197146 -0.29172119619116005 0.0 0.0 0.0 -0.1630584999627832 0.9866164024532975
1629013138.545035839 0.2962341932495841 -0.29141413967768776 0.0 0.0 0.0 -0.16305847851151134 0.9866164059985578
1629013138.545035839 0.29634722837671534 -0.2915688145510543 0.0 0.0 0.0 -0.16305848760009514 0.9866164044964839
1629013138.945878506 0.29497491079569477 -0.290638420390535 0.0 0.0 0.0 -0.1630584755386668 0.9866164064898809
1629013138.945878506 0.29467334734084805 -0.29117653673879323 0.0 0.0 0.0 -0.16305847662010775 0.9866164063111508
1629013138.945878506 0.2936752760421292 -0.2912565079744371 0.0 0.0 0.0 -0.1630584656438364 0.9866164081252033
1629013138.945878506 0.29441584659167386 -0.28919776460210506 0.0 0.0 0.0 -0.16305847490828315 0.9866164065940647
1629013139.446808338 0.2934810512315263 -0.2900085830818478 0.0 0.0 0.0 -0.16305845133340988 0.9866164104902928
1629013139.446808338 0.2928405584571616 -0.29113477993427656 0.0 0.0 0.0 -0.16305844084705642 0.9866164122233763
1629013139.446808338 0.2929597526793806 -0.29220139081599233 0.0 0.0 0.0 -0.16305837333510848 0.9866164233810971
1629013139.446808338 0.293170471996967 -0.2914185376090922 0.0 0.0 0.0 -0.16305841460302453 0.9866164165607362
1629013140.248363495 0.29260018624562734 -0.29133814537650854 0.0 0.0 0.0 -0.1630584344881279 0.9866164132743185
1629013138.044185638 0.5412683137472012 -0.3766472535582129 0.0 0.0 0.0 -0.20136543730409143 0.9795161870328289
1629013138.545035839 0.7698313322932385 -0.4846729850289417 0.0 0.0 0.0 -0.22709277431005462 0.9738731292402325
1629013138.945878506 0.9795665887344396 -0.5572790587167442 0.0 0.0 0.0 -0.23880038553826097 0.9710686772143244
1629013139.446808338 1.1565938961897508 -0.6470094817334704 0.0 0.0 0.0 -0.24916009057582558 0.9684623117417871
1629013139.847644329 1.2516968866356168 -0.7166889562937937 0.0 0.0 0.0 -0.25657526882599874 0.9665242528911866
1629013140.047982454 1.292823508344676 -0.7545653228052415 0.0 0.0 0.0 -0.26048262814582335 0.9654785344243779
1629013140.248363495 1.29296029571038 -0.7553936272308974 0.0 0.0 0.0 -0.2604826122038645 0.9654785387254609
1629013140.248363495 1.366875210158472 -0.7750914936064169 0.0 0.0 0.0 -0.26321524898055176 0.9647371314011429
1629013140.248363495 1.3663900875837924 -0.7750317867687294 0.0 0.0 0.0 -0.26321524898456694 0.9647371314000475
1629013140.248363495 1.3653733885574022 -0.7747857322634076 0.0 0.0 0.0 -0.26321527994445704 0.964737122953067
1629013140.649135590 1.3641034607935625 -0.7753585263656012 0.0 0.0 0.0 -0.2632152630189878 0.9647371275709488
1629013140.649135590 1.364166681704563 -0.774249239878387 0.0 0.0 0.0 -0.2632152872137494 0.9647371209697403
1629013140.649135590 1.481879697845693 -0.8159193041875377 0.0 0.0 0.0 -0.26477725217673986 0.9643096010772345
1629013140.649135590 1.4823285048630497 -0.814779178789776 0.0 0.0 0.0 -0.26477724535119707 0.9643096029513716
1629013140.649135590 1.4813044677564502 -0.814620148283787 0.0 0.0 0.0 -0.2647772044270675 0.9643096141881957
1629013140.649135590 1.4831429336664064 -0.8139978694319467 0.0 0.0 0.0 -0.26477720045938885 0.9643096152776289
1629013140.649135590 1.4826322308882796 -0.814748263648897 0.0 0.0 0.0 -0.2647771432360097 0.9643096309898485
1629013141.250308990 1.6226038071842945 -0.9095249700335192 0.0 0.0 0.0 -0.2602950103587053 0.9655291334715703
1629013141.250308990 1.6227244476440834 -0.9103480705212339 0.0 0.0 0.0 -0.26029502953977646 0.9655291283005847
1629013141.250308990 1.6229372836376008 -0.9101466326568854 0.0 0.0 0.0 -0.26029500010283485 0.9655291362364292
1629013141.250308990 1.6223928529686047 -0.9092485764542014 0.0 0.0 0.0 -0.260294987844079 0.9655291395412418
1629013141.250308990 1.622497998857553 -0.9089956849517878 0.0 0.0 0.0 -0.26029504637801043 0.9655291237611994
1629013141.751293659 1.6226160933780764 -0.9098661057870444 0.0 0.0 0.0 -0.26029503426609724 0.9655291270264255
1629013141.751293659 1.789439736879376 -1.0117630193672724 0.0 0.0 0.0 -0.24895248341111884 0.9685156999261482
1629013141.751293659 1.7888826598523817 -1.0109650464843352 0.0 0.0 0.0 -0.24895249688128177 0.968515696463705
1629013141.751293659 1.7877698375377102 -1.0116697417083318 0.0 0.0 0.0 -0.24895246446583863 0.9685157047959446
1629013141.751293659 1.7877368305053845 -1.0116159981590793 0.0 0.0 0.0 -0.2489524806943538 0.96851570062448
1629013141.751293659 1.7882984670029298 -1.0111877134780978 0.0 0.0 0.0 -0.2489524919991568 0.9685156977186327
1629013142.853490353 1.7868117061265305 -1.0097718104711768 0.0 0.0 0.0 -0.24895248506556442 0.9685156995008806
1629013142.853490353 2.162621387513872 -1.172088609715661 0.0 0.0 0.0 -0.1944531043415882 0.9809118157163361
1629013142.853490353 2.1615222718635247 -1.1721746444366383 0.0 0.0 0.0 -0.1944531604921111 0.9809118045852182
1629013142.853490353 2.1622449051281962 -1.1725274050400796 0.0 0.0 0.0 -0.19445316806382112 0.980911803084224
1629013143.053889513 2.2598200175318555 -1.2035916621365703 0.0 0.0 0.0 -0.17527644155111485 0.9845192578295148
1629013143.053889513 2.2594413745932354 -1.2036004535585496 0.0 0.0 0.0 -0.17527641796667648 0.9845192620283114
1629013143.154386997 2.258768278388495 -1.2029717235688187 0.0 0.0 0.0 -0.17527640424071764 0.984519264471978
1629013143.154386997 2.2836414029364573 -1.2317503342314648 0.0 0.0 0.0 -0.16370822918705574 0.9865088016315102
1629013143.254235268 2.2840345678622547 -1.2314947360238797 0.0 0.0 0.0 -0.16370814936987266 0.9865088148769333
1629013143.254235268 2.2982293627071115 -1.2504136689227532 0.0 0.0 0.0 -0.15134854680650012 0.9884804587747603
1629013143.354449272 2.2998701756162947 -1.2502338611287969 0.0 0.0 0.0 -0.15134851468608965 0.9884804636927907
1629013143.354449272 2.301569798227584 -1.260584555537727 0.0 0.0 0.0 -0.13737075357925096 0.99051969998636
1629013143.454634190 2.301162845589503 -1.259754365034363 0.0 0.0 0.0 -0.1373707630345587 0.9905196986750456
1629013143.454634190 2.306641808681523 -1.2762942177821741 0.0 0.0 0.0 -0.12348440006267807 0.9923465135431073
1629013143.454634190 2.3080453233938347 -1.2772476402950332 0.0 0.0 0.0 -0.12348438046420622 0.9923465159818777
1629013143.454634190 2.3082458669951706 -1.2775655722110062 0.0 0.0 0.0 -0.12348442382483443 0.9923465105862209
1629013143.454634190 2.308377337585971 -1.2770458473932071 0.0 0.0 0.0 -0.12348438231517415 0.9923465157515493
1629013143.454634190 2.30872196244173 -1.2764897347468074 0.0 0.0 0.0 -0.12348441249587863 0.9923465119959598
1629013144.055785656 2.3091127896452615 -1.2762301040472446 0.0 0.0 0.0 -0.1234843706116629 0.9923465172078962
1629013144.055785656 2.3809567089382893 -1.3976943364928192 0.0 0.0 0.0 -0.05057796389304576 0.9987201157323475
1629013144.055785656 2.3808339969085375 -1.397291499057243 0.0 0.0 0.0 -0.05057794036111891 0.9987201169240695
1629013144.256221533 2.3820178093348146 -1.396664050358158 0.0 0.0 0.0 -0.05057788018511612 0.9987201199715464
1629013144.256221533 2.40849683853979 -1.406977875929637 0.0 0.0 0.0 -0.015277514265897359 0.9998832919685453
1629013144.357876301 2.4080923055883656 -1.4070161942904815 0.0 0.0 0.0 -0.015277521162381298 0.9998832918631719
1629013144.357876301 2.411832745807577 -1.4121048550448654 0.0 0.0 0.0 0.00373625621851999 0.9999930201703757
1629013144.357876301 2.4119755518012402 -1.4124333418778474 0.0 0.0 0.0 0.003736248108262423 0.9999930202006779
1629013144.357876301 2.4122387377921775 -1.411977611465517 0.0 0.0 0.0 0.0037362638424779135 0.9999930201418905
1629013144.656959772 2.4122773017232735 -1.4119551389331346 0.0 0.0 0.0 0.0037362574338023194 0.9999930201658351
1629013144.656959772 2.431695882725846 -1.4315680900685606 0.0 0.0 0.0 0.05580456648973142 0.9984417110472164
1629013144.757164955 2.4316519320160603 -1.4318533723080757 0.0 0.0 0.0 0.05580454685625493 0.9984417121445638
1629013144.757164955 2.43401682765873 -1.4343760787109905 0.0 0.0 0.0 0.07321430663313833 0.9973162313450177
1629013144.957559347 2.434538552354065 -1.4350057059263281 0.0 0.0 0.0 0.07321433224666031 0.9973162294646948
1629013144.957559347 2.433557599060009 -1.4347305669545096 0.0 0.0 0.0 0.07321436778182537 0.9973162268560096
1629013144.957559347 2.4492297495122184 -1.4418255457912958 0.0 0.0 0.0 0.10712526417022607 0.9942455319368849
1629013145.057746887 2.4489760500588633 -1.441627354072331 0.0 0.0 0.0 0.10712525779584228 0.9942455326236946
1629013145.057746887 2.4498593849100803 -1.4378819166449135 0.0 0.0 0.0 0.1255857761831428 0.9920827651060559
1629013145.157940865 2.449148254869869 -1.437386464950081 0.0 0.0 0.0 0.1255857569637693 0.9920827675389977
1629013145.157940865 2.448841137250619 -1.4280184725583054 0.0 0.0 0.0 0.1425409643654868 0.9897889034929402
1629013145.258138657 2.4482368970904895 -1.4291491419457203 0.0 0.0 0.0 0.14254098543379762 0.9897889004588615
1629013145.258138657 2.447779668613994 -1.420102665435417 0.0 0.0 0.0 0.15937767299718034 0.9872176848851543
1629013145.258138657 2.447277129909196 -1.42121365756483 0.0 0.0 0.0 0.15937769297276344 0.9872176816602707
1629013145.258138657 2.449359165284523 -1.421375920259444 0.0 0.0 0.0 0.15937770871988238 0.9872176791180354
1629013145.658915520 2.449620697595535 -1.4217607458639065 0.0 0.0 0.0 0.1593776836111033 0.9872176831716291
1629013145.658915520 2.4499829616539346 -1.4213974548471122 0.0 0.0 0.0 0.1593776594359827 0.9872176870744911
1629013145.658915520 2.450962308856085 -1.420603892100509 0.0 0.0 0.0 0.1593776667363833 0.9872176858959053
1629013145.859305143 2.4505614043869217 -1.4196928871367094 0.0 0.0 0.0 0.15937768519849305 0.9872176829153588
1629013145.959497690 2.4500439544551704 -1.4190582400590337 0.0 0.0 0.0 0.15937770906767112 0.987217679061888
1629013145.959497690 2.449663524223223 -1.4199050406817397 0.0 0.0 0.0 0.1593777524727911 0.9872176720545078
1629013145.959497690 2.4506274238858046 -1.419230249435328 0.0 0.0 0.0 0.15937779037335034 0.9872176659357896
1629013146.260293722 2.450496623025626 -1.4190007673466207 0.0 0.0 0.0 0.1593777703420643 0.987217669169668
1629013146.360308409 2.450872723663168 -1.4182659556296564 0.0 0.0 0.0 0.15937772321155155 0.9872176767784814
1629013146.360308409 2.4506636623699043 -1.4177621831733966 0.0 0.0 0.0 0.15937778381558643 0.9872176669944841
1629013146.360308409 2.449953344573527 -1.418264112176338 0.0 0.0 0.0 0.1593777827865428 0.9872176671606143
1629013146.761072397 2.44974718764761 -1.417515560175451 0.0 0.0 0.0 0.15937777200424974 0.9872176689013226
1629013148.163911819 2.449689220862774 -1.4176428712053002 0.0 0.0 0.0 0.1593777206936935 0.9872176771849677
1629013145.658915520 2.5251720245513316 -1.3807392191806227 0.0 0.0 0.0 0.22746380572297975 0.9737865356873746
1629013145.859305143 2.5655765558491836 -1.328606594919618 0.0 0.0 0.0 0.25356973359739593 0.9673171094337915
1629013145.959497690 2.5847400126348754 -1.3091287996001226 0.0 0.0 0.0 0.26149813308612607 0.9652039817533239
1629013146.260293722 2.6519243752748034 -1.244482536350424 0.0 0.0 0.0 0.267682702473317 0.9635071202625238
1629013146.360308409 2.6720260362186465 -1.212282962615213 0.0 0.0 0.0 0.2667565008661628 0.9637639593000149
1629013146.761072397 2.7498772079260845 -1.119815986687363 0.0 0.0 0.0 0.2502714648914244 0.9681757040233454
1629013146.861275196 2.761192096818484 -1.0977517414244597 0.0 0.0 0.0 0.24500352328280522 0.9695221882860711
1629013146.961471319 2.766467272861847 -1.080209371242263 0.0 0.0 0.0 0.23932097455310805 0.9709405085477434
1629013147.363122463 2.8060461933877523 -0.9990085932143131 0.0 0.0 0.0 0.21372808332335125 0.9768931908857419
1629013147.662840843 2.877040815079311 -0.9444059215117907 0.0 0.0 0.0 0.19286715609308042 0.9812248774366492
1629013147.963420868 2.973620706592621 -0.9028809918471183 0.0 0.0 0.0 0.17401772625343426 0.984742520128782
1629013148.163911819 3.0374727782554993 -0.8672294507568274 0.0 0.0 0.0 0.16106379663394008 0.9869439971010822
1629013148.163911819 3.0380386160215007 -0.8679039585906029 0.0 0.0 0.0 0.16106377333321548 0.9869440009036311
1629013148.163911819 3.038696223078753 -0.8690694589817352 0.0 0.0 0.0 0.1610637659217616 0.9869440021131392
1629013148.163911819 3.039016545900187 -0.8689433785892752 0.0 0.0 0.0 0.16106374228742168 0.9869440059701315
1629013148.464430809 3.0388074769730586 -0.8689660816298277 0.0 0.0 0.0 0.16106375590937147 0.9869440037471054
1629013148.464430809 3.091468470899661 -0.8468386897829417 0.0 0.0 0.0 0.14302578179678868 0.9897189630099129
1629013148.564584255 3.0915808902127377 -0.8470195843722815 0.0 0.0 0.0 0.1430258099557453 0.9897189589406192
1629013148.564584255 3.1106874742267765 -0.8252456893285633 0.0 0.0 0.0 0.13715160264664966 0.9905500683415531
1629013148.564584255 3.1106639883223552 -0.8249070758878394 0.0 0.0 0.0 0.13715158128593338 0.9905500712991585
1629013148.564584255 3.1113897734739364 -0.8241487229143482 0.0 0.0 0.0 0.13715156469363063 0.9905500735965289
1629013148.967636585 3.1107120042667713 -0.8246056215749276 0.0 0.0 0.0 0.13715157973975878 0.9905500715132419
1629013148.967636585 3.1098492041938863 -0.8245462040905754 0.0 0.0 0.0 0.13715160565279141 0.9905500679253226
1629013148.967636585 3.151346576272249 -0.7974656848137399 0.0 0.0 0.0 0.1130667034910008 0.9935873995586287
1629013148.967636585 3.1502627111399644 -0.7974064088813025 0.0 0.0 0.0 0.11306663724468893 0.9935874070972206
1629013148.967636585 3.1494579832193805 -0.7973443462785376 0.0 0.0 0.0 0.1130665586420543 0.9935874160419117
1629013148.967636585 3.1490117226189622 -0.7980067477703647 0.0 0.0 0.0 0.11306659009451542 0.9935874124627379
1629013148.967636585 3.1486270756984145 -0.7983666553698243 0.0 0.0 0.0 0.11306661757312726 0.9935874093357726
1629013149.566569805 3.1490981509442584 -0.797901870715712 0.0 0.0 0.0 0.11306659650548856 0.9935874117331928
1629013149.566569805 3.1482378606139325 -0.7981058890860284 0.0 0.0 0.0 0.11306662042442599 0.9935874090113053
1629013149.566569805 3.278104198742813 -0.7503383245865842 0.0 0.0 0.0 0.09195312326228834 0.9957633369040609
1629013149.566569805 3.278681408777102 -0.7500647308907539 0.0 0.0 0.0 0.09195311598301928 0.9957633375762603
1629013149.566569805 3.277291352457274 -0.7503284276533398 0.0 0.0 0.0 0.09195308368555281 0.9957633405587483
1629013149.566569805 3.2779355479902264 -0.7507153731109072 0.0 0.0 0.0 0.09195307309781534 0.9957633415364656
1629013150.267954588 3.278574480292627 -0.7505830785911796 0.0 0.0 0.0 0.09195307217594305 0.9957633416215953
1629013150.368111134 3.278046359128145 -0.7496231188981687 0.0 0.0 0.0 0.0919530991414017 0.9957633391314884
1629013150.267954588 3.5301214897820685 -0.6939837595812317 0.0 0.0 0.0 0.10027605228091174 0.9949596541262142
1629013150.468353271 3.530701260515074 -0.6937529494095943 0.0 0.0 0.0 0.1002760967382098 0.9949596496456272
1629013150.368111134 3.604821137047894 -0.6781259433662835 0.0 0.0 0.0 0.104468435704294 0.9945282026878361
1629013150.571737289 3.605884992061567 -0.6789706870346583 0.0 0.0 0.0 0.10446842928348954 0.9945282033622981
1629013150.468353271 3.6278336576648713 -0.6796464878327161 0.0 0.0 0.0 0.10915661007213934 0.9940245643230146
1629013150.668736935 3.627799882371643 -0.6795454526521334 0.0 0.0 0.0 0.10915660886502956 0.9940245644555706
1629013150.571737289 3.6337657215493904 -0.6830455091262239 0.0 0.0 0.0 0.11586640045270039 0.9932648072121223
1629013150.768898010 3.6355478776703887 -0.6826967066807523 0.0 0.0 0.0 0.1158663938741247 0.9932648079795268
1629013150.668736935 3.6360162409480368 -0.6764085509933933 0.0 0.0 0.0 0.12371305912027006 0.9923180331945523
1629013150.869095564 3.636174953388724 -0.6771623737246951 0.0 0.0 0.0 0.1237130480843913 0.9923180345704038
1629013150.768898010 3.6359397367624946 -0.6772087819816313 0.0 0.0 0.0 0.13310755008386768 0.9911015992877171
1629013150.869095564 3.636329352334978 -0.6763167523636271 0.0 0.0 0.0 0.13310758302251038 0.9911015948639703
1629013150.869095564 3.6379190580604233 -0.6759300131521238 0.0 0.0 0.0 0.14272548896759585 0.9897623122744978
1629013150.869095564 3.638112543461063 -0.6759733641905391 0.0 0.0 0.0 0.14272553776408264 0.9897623052379563
1629013150.869095564 3.6367605187882917 -0.6759880493706277 0.0 0.0 0.0 0.14272552688853363 0.9897623068062303
1629013150.869095564 3.6364880570226155 -0.6765434208743483 0.0 0.0 0.0 0.14272556309654838 0.989762301584968
1629013150.869095564 3.63725176794845 -0.6776893568512109 0.0 0.0 0.0 0.1427255837487788 0.9897622986068778
1629013151.470263958 3.637600910419329 -0.6780840721154362 0.0 0.0 0.0 0.1427255657767032 0.9897623011984847
1629013151.570468903 3.6371186837146423 -0.6783421551227633 0.0 0.0 0.0 0.1427255903563736 0.9897622976540502
1629013151.470263958 3.635717929924005 -0.6328595018006047 0.0 0.0 0.0 0.20886026517594677 0.9779454942023268
1629013151.570468903 3.6346650194737857 -0.6319443947679312 0.0 0.0 0.0 0.208860273275997 0.9779454924723954
1629013151.570468903 3.6342259620333244 -0.6307459542654396 0.0 0.0 0.0 0.21932506968343474 0.9756518404678775
1629013151.570468903 3.6358677331861338 -0.6307295058953226 0.0 0.0 0.0 0.21932505353405737 0.975651844098233
1629013151.770849705 3.635851843642484 -0.6311082307977064 0.0 0.0 0.0 0.21932509473250333 0.975651834836884
1629013151.971232891 3.636277229051703 -0.6318999729663218 0.0 0.0 0.0 0.2193250969191103 0.975651834345338
1629013151.971232891 3.6366209970881904 -0.6325879252688789 0.0 0.0 0.0 0.21932508433996734 0.9756518371731108
1629013152.171621323 3.636044961422224 -0.6327104894138963 0.0 0.0 0.0 0.2193251022757645 0.97565183314117
1629013152.171621323 3.636276675716272 -0.6332856432154385 0.0 0.0 0.0 0.21932508797009864 0.9756518363570627
1629013152.171621323 3.6353458770417353 -0.6333576996729748 0.0 0.0 0.0 0.21932509399309189 0.9756518350031026
1629013152.171621323 3.6348166261033694 -0.6333038365519977 0.0 0.0 0.0 0.21932510897780638 0.9756518316345608
1629013152.171621323 3.6350686824713674 -0.6331807616995682 0.0 0.0 0.0 0.21932511192829932 0.9756518309712943
1629013152.672604084 3.634390402148856 -0.6318013879926839 0.0 0.0 0.0 0.21932515601628177 0.975651821060379
1629013152.772806168 3.6355188381099084 -0.6313516806174231 0.0 0.0 0.0 0.21932518417236233 0.9756518147309312
1629013152.872993946 3.635516666991416 -0.6320483472189551 0.0 0.0 0.0 0.21932519831072 0.9756518115526478
1629013152.872993946 3.634925441628165 -0.6319773618296497 0.0 0.0 0.0 0.2193252019299255 0.9756518107390553
1629013151.770849705 3.6343461745615886 -0.6090919654847764 0.0 0.0 0.0 0.24155046828724594 0.9703882580030594
1629013151.971232891 3.6342186027681844 -0.5759164079653809 0.0 0.0 0.0 0.2640229926014596 0.9645163862671124
1629013152.171621323 3.6350135694237546 -0.5599066367942707 0.0 0.0 0.0 0.28583863396328646 0.9582777652298953
1629013152.672604084 3.6524950677372545 -0.4612426966773896 0.0 0.0 0.0 0.3408374764332968 0.9401222338922646
1629013152.772806168 3.6621476923077627 -0.43254898064068076 0.0 0.0 0.0 0.35124401044026154 0.9362839553948585
1629013152.872993946 3.660613551260795 -0.4116333500761979 0.0 0.0 0.0 0.3624670116217463 0.9319966016493841
1629013153.073383331 3.684342795650093 -0.3641494548863146 0.0 0.0 0.0 0.38438481113281564 0.9231729615680854
1629013153.073383331 3.6841281936258357 -0.3633532542875315 0.0 0.0 0.0 0.3843848318862087 0.923172952926921
1629013153.073383331 3.6848204811437815 -0.36320743579959563 0.0 0.0 0.0 0.3843848209864077 0.9231729574653101
1629013153.073383331 3.683234124348246 -0.36226051385964586 0.0 0.0 0.0 0.3843848758380849 0.9231729346265195
1629013153.574472904 3.6835286133796785 -0.36198829078351696 0.0 0.0 0.0 0.3843848305524427 0.9231729534822659
1629013153.574472904 3.682811106307569 -0.36300863772046976 0.0 0.0 0.0 0.38438481215218534 0.9231729611436468
1629013153.574472904 3.83926195702948 -0.18607764808460261 0.0 0.0 0.0 0.4386575879486518 0.8986542831006097
1629013153.574472904 3.8391044080239 -0.18706510151162042 0.0 0.0 0.0 0.43865752351811577 0.8986543145509032
1629013153.874973774 3.8388370231450475 -0.18709908976604772 0.0 0.0 0.0 0.4386575304001297 0.8986543111916057
1629013153.975163460 3.838840335728761 -0.18637933753226357 0.0 0.0 0.0 0.43865750826342514 0.8986543219971309
1629013153.874973774 3.9154841315817124 -0.07297817591825391 0.0 0.0 0.0 0.47011672687098505 0.8826042505654002
1629013153.975163460 3.9155289215273483 -0.07382764141038303 0.0 0.0 0.0 0.47011676497876637 0.8826042302673942
1629013153.975163460 3.9341767594956045 -0.03844772349306677 0.0 0.0 0.0 0.48057698807404464 0.8769525406392752
1629013153.975163460 3.9336528878311174 -0.03825521442595563 0.0 0.0 0.0 0.4805770332564537 0.8769525158789531
1629013154.278061152 3.9340918774577784 -0.03816447008029909 0.0 0.0 0.0 0.4805770357357162 0.8769525145202972
1629013154.278061152 3.999549691882056 0.0893114976524925 0.0 0.0 0.0 0.5109461963546387 0.8596126944332122
1629013154.375954628 3.9986076359821108 0.08813953304861251 0.0 0.0 0.0 0.5109461978115689 0.8596126935672257
1629013154.375954628 4.004251052562563 0.122343967827556 0.0 0.0 0.0 0.5210279880375874 0.8535395923338903
1629013154.375954628 4.004871318439612 0.12154020182188696 0.0 0.0 0.0 0.5210279969997842 0.8535395868630774
1629013154.576766491 4.00519527972402 0.12194731935323018 0.0 0.0 0.0 0.5210279931180218 0.8535395892326298
1629013154.576766491 4.048877511579972 0.20181615955016793 0.0 0.0 0.0 0.5399648242529181 0.8416875837087744
1629013154.678047657 4.049141705539483 0.20139587367200654 0.0 0.0 0.0 0.5399648184040167 0.8416875874609993
1629013154.678047657 4.066761245595527 0.239450101982984 0.0 0.0 0.0 0.5498347279374701 0.8352734713576915
1629013154.678047657 4.0669225165024105 0.23880195210507293 0.0 0.0 0.0 0.5498347431543102 0.8352734613409154
1629013154.878062725 4.066261235298374 0.23900371757157807 0.0 0.0 0.0 0.5498347377467165 0.8352734649005674
1629013154.878062725 4.073842305372232 0.32446335861360726 0.0 0.0 0.0 0.5688486826029411 0.8224422024074995
1629013154.878062725 4.073691084401212 0.3238108944815518 0.0 0.0 0.0 0.5688487135229173 0.8224421810214514
1629013154.878062725 4.073760703476806 0.32405869274847177 0.0 0.0 0.0 0.5688486977387991 0.8224421919386629
1629013154.878062725 4.073264906311826 0.3240467569480791 0.0 0.0 0.0 0.5688487306248928 0.822442169192733
1629013154.878062725 4.0743385571374935 0.3233224873472893 0.0 0.0 0.0 0.5688487072559417 0.8224421853560552
1629013155.377923250 4.074432841212789 0.3234361231167942 0.0 0.0 0.0 0.5688487061384164 0.8224421861290006
1629013155.377923250 4.093519827787349 0.5194061164865522 0.0 0.0 0.0 0.6153570685728501 0.7882484875706574
1629013155.377923250 4.0938887605917955 0.5185094438304639 0.0 0.0 0.0 0.6153570581581709 0.7882484957010204
1629013155.578306198 4.094140264404237 0.5184648610778413 0.0 0.0 0.0 0.6153570602838679 0.7882484940415656
1629013155.578306198 4.102932127613231 0.6044291633150543 0.0 0.0 0.0 0.6327802795040501 0.7743314005455133
1629013155.578306198 4.1028993321180804 0.6056944338908856 0.0 0.0 0.0 0.6327802631448705 0.774331413914164
1629013155.778695822 4.102832117899107 0.6059572212779721 0.0 0.0 0.0 0.6327802540451359 0.7743314213504274
1629013155.778695822 4.098757365884098 0.6932138031061862 0.0 0.0 0.0 0.6501834055218731 0.7597772957807962
1629013155.878878117 4.0980207500311225 0.6934509388440695 0.0 0.0 0.0 0.65018342901753 0.7597772756742639
1629013155.979108810 4.098056115125396 0.6933922842345672 0.0 0.0 0.0 0.6501834158202252 0.7597772869679272
1629013155.878878117 4.094280222613915 0.7344258731231839 0.0 0.0 0.0 0.6589896598340891 0.7521519980906463
1629013156.079273701 4.095292419563827 0.7334423926031842 0.0 0.0 0.0 0.6589896839025291 0.7521519770033479
1629013155.979108810 4.09227770532232 0.7757783301852902 0.0 0.0 0.0 0.6676529877029872 0.7444726240845091
1629013156.079273701 4.0917148356892525 0.77531420895681 0.0 0.0 0.0 0.66765298911518 0.7444726228180357
1629013156.079273701 4.0880985260300164 0.8150052016634397 0.0 0.0 0.0 0.6755408340094617 0.7373225763434895
1629013156.279649734 4.088933757740699 0.8147594794410556 0.0 0.0 0.0 0.6755408244004926 0.7373225851473038
1629013156.279649734 4.08412042574458 0.9012694930856467 0.0 0.0 0.0 0.6921860960136444 0.7217190647927972
1629013156.379860163 4.083456362273848 0.9008654005071468 0.0 0.0 0.0 0.6921860582894626 0.721719100973292
1629013156.379860163 4.079422579121908 0.9432138154876135 0.0 0.0 0.0 0.6998282842563293 0.7143111174795213
1629013156.480060577 4.079598119263315 0.9435430901352626 0.0 0.0 0.0 0.6998282885185111 0.7143111133037562
1629013156.480060577 4.075284539399732 0.9831242876293259 0.0 0.0 0.0 0.707576968319102 0.7066362811972993
1629013156.581030369 4.074664705058926 0.9826801013821443 0.0 0.0 0.0 0.7075769924023096 0.7066362570820307
1629013156.581030369 4.074504093496868 1.0241177821678449 0.0 0.0 0.0 0.7155832321973932 0.6985274781981964
1629013156.680430412 4.074876315450477 1.024053848132318 0.0 0.0 0.0 0.7155832563246608 0.698527453481819
1629013156.680430412 4.071051665716153 1.0650687194031212 0.0 0.0 0.0 0.7238927582823527 0.6899125122117785
1629013156.780653477 4.071962089799861 1.0658738542736081 0.0 0.0 0.0 0.7238927491216008 0.6899125218237244
1629013156.780653477 4.069295995303896 1.1090279916286176 0.0 0.0 0.0 0.7323762210059745 0.6809001915883178
1629013156.780653477 4.070964519669029 1.1082987216543918 0.0 0.0 0.0 0.7323762243072764 0.6809001880374376
1629013156.780653477 4.071210769928357 1.1079476416142373 0.0 0.0 0.0 0.7323761990203037 0.6809002152361039
1629013156.780653477 4.071059100373028 1.10952802285264 0.0 0.0 0.0 0.7323761861895142 0.6809002290368994
1629013157.181401730 4.0705822158641904 1.10959863963778 0.0 0.0 0.0 0.7323761833064585 0.6809002321379136
1629013157.181401730 4.061845729181279 1.2865317577234452 0.0 0.0 0.0 0.7651971272077749 0.6437960519550957
1629013157.181401730 4.062768998077068 1.2870942678989976 0.0 0.0 0.0 0.7651971185094582 0.6437960622936602
1629013157.181401730 4.062084165279363 1.2887167956678818 0.0 0.0 0.0 0.765197112241612 0.6437960697434382
1629013157.181401730 4.062383916298192 1.287812094429893 0.0 0.0 0.0 0.7651970919269873 0.6437960938888041
1629013157.181401730 4.062499878624777 1.2870318282127795 0.0 0.0 0.0 0.7651970951551442 0.6437960900519116
1629013157.686052322 4.062089962358965 1.288654978939933 0.0 0.0 0.0 0.7651970682322236 0.6437961220517019
1629013157.686052322 4.06280341666181 1.2877267456864874 0.0 0.0 0.0 0.7651970678485082 0.6437961225077747
1629013157.686052322 4.041290009140743 1.5113530920931875 0.0 0.0 0.0 0.8058392708051179 0.5921343341069457
1629013157.686052322 4.04297377030145 1.5099857669982863 0.0 0.0 0.0 0.8058392643923005 0.5921343428341883
1629013157.982985973 4.04306879274349 1.510017300511085 0.0 0.0 0.0 0.8058392648147679 0.5921343422592499
1629013157.982985973 4.0254357608166424 1.6553055821784428 0.0 0.0 0.0 0.8297119538830687 0.5581917892476925
1629013157.982985973 4.0257227416788 1.655363531553312 0.0 0.0 0.0 0.8297119324018467 0.558191821177983
1629013157.982985973 4.025057998716904 1.6557798120110538 0.0 0.0 0.0 0.8297119450421377 0.5581918023891005
1629013157.982985973 4.025441273030185 1.6555406144655458 0.0 0.0 0.0 0.8297119419304971 0.5581918070143304
1629013157.982985973 4.02527023381691 1.6556752574065932 0.0 0.0 0.0 0.8297119173860398 0.5581918434978976
1629013157.982985973 4.027102229602108 1.6546922609719916 0.0 0.0 0.0 0.8297119115459 0.5581918521788442
1629013158.684444427 3.991262781514896 1.9687992484724781 0.0 0.0 0.0 0.8806897461563575 0.473693541242701
1629013158.684444427 3.9913482456584166 1.9690700018191762 0.0 0.0 0.0 0.8806897492927859 0.473693535411462
1629013158.784572601 3.991018671500104 1.9696224515572684 0.0 0.0 0.0 0.8806897344053266 0.4736935630901852
1629013158.784572601 3.9936952883088326 2.055903295215737 0.0 0.0 0.0 0.8932434259414765 0.44957333329762117
1629013158.984942913 3.994379865927259 2.0554195749409865 0.0 0.0 0.0 0.8932434485615113 0.4495732883545672
1629013158.984942913 3.9842497489863553 2.1401380805070573 0.0 0.0 0.0 0.9037922901703909 0.4279713731414288
1629013159.085130692 3.984908856488425 2.1394374499358655 0.0 0.0 0.0 0.9037922994765938 0.42797135348853776
1629013159.085130692 3.9833596526142263 2.168056596717294 0.0 0.0 0.0 0.9066146635430606 0.42195953816533527
1629013159.085130692 3.9834242688723847 2.1671319160339824 0.0 0.0 0.0 0.9066146625580023 0.4219595402818138
1629013159.085130692 3.98395054252403 2.1661858837489634 0.0 0.0 0.0 0.9066146856394153 0.4219594906895023
1629013159.085130692 3.984949787078114 2.1676085041831965 0.0 0.0 0.0 0.9066147088713272 0.4219594407738244
1629013159.485904694 3.984663090063212 2.1679688382253204 0.0 0.0 0.0 0.9066146899043479 0.4219594815259435
1629013159.485904694 3.9631355709326916 2.3013957696112484 0.0 0.0 0.0 0.9075453327685176 0.41995412722115355
1629013159.485904694 3.961767910607289 2.3016989710307976 0.0 0.0 0.0 0.9075453322788657 0.4199541282793197
1629013159.686296701 3.9601835991547394 2.3005907570217325 0.0 0.0 0.0 0.9075453262335745 0.41995414134354564
1629013159.686296701 3.95941455283998 2.30055335734121 0.0 0.0 0.0 0.9075453132664651 0.41995416936622215
1629013159.686296701 3.958405638422019 2.3306728379594785 0.0 0.0 0.0 0.9060754027626986 0.42311625412930376
1629013159.886710405 3.9581041172632228 2.3312564116264305 0.0 0.0 0.0 0.9060753834507183 0.42311629548462654
1629013159.886710405 3.9574038904418964 2.3460597486265935 0.0 0.0 0.0 0.9054087750185138 0.42454086978696676
1629013159.886710405 3.9580681569230576 2.3473013044612765 0.0 0.0 0.0 0.9054087880457318 0.42454084200411063
1629013159.886710405 3.957979651612205 2.3469721652843285 0.0 0.0 0.0 0.9054087737850403 0.4245408724175681
1629013160.187287807 3.956787439523812 2.3468068360816 0.0 0.0 0.0 0.9054087577363378 0.42454090664427335
1629013160.187287807 3.957482372709282 2.325324663433481 0.0 0.0 0.0 0.9070343251952045 0.421056686109697
1629013160.287604094 3.9566906910735735 2.3253236239136434 0.0 0.0 0.0 0.9070343076322513 0.42105672394355903
1629013160.287604094 3.958031209130973 2.314658609520207 0.0 0.0 0.0 0.908097231726676 0.4187593792744799
1629013160.287604094 3.957948668020459 2.3145318325896076 0.0 0.0 0.0 0.9080972470642549 0.41875934601429693
1629013160.287604094 3.9572226032756377 2.3149393518118795 0.0 0.0 0.0 0.9080972263635892 0.4187593909045577
1629013160.490854502 3.95744107163064 2.3145503442209843 0.0 0.0 0.0 0.9080972361219719 0.41875936974309674
1629013160.490854502 3.9609514536975015 2.283066347621527 0.0 0.0 0.0 0.9119935357666457 0.41020457179296765
1629013160.588062286 3.9604456270147743 2.2833253765389094 0.0 0.0 0.0 0.9119935438978207 0.4102045537152089
1629013160.588062286 3.962289695199227 2.2576973699102805 0.0 0.0 0.0 0.9147167317743754 0.4040956577495053
1629013160.788452625 3.9623791518422147 2.256684178032585 0.0 0.0 0.0 0.9147167187727732 0.4040956871801174
1629013160.788452625 3.9606823486569724 2.2577506767233304 0.0 0.0 0.0 0.9147167124558756 0.404095701479136
1629013160.788452625 3.969734926551977 2.178556524670771 0.0 0.0 0.0 0.9227309465580595 0.38544467860390486
1629013160.788452625 3.968825060853314 2.178688097879105 0.0 0.0 0.0 0.9227309376755891 0.38544469986799407
1629013161.089177847 3.9684002700098557 2.1797015241682876 0.0 0.0 0.0 0.9227309223195841 0.3854447366293249
1629013161.089177847 3.966912664185601 2.18000270836757 0.0 0.0 0.0 0.9227309399286732 0.3854446944742494
1629013161.089177847 3.9953151758750134 2.040809026059379 0.0 0.0 0.0 0.9381093339540035 0.3463392521046032
1629013161.089177847 3.995065111461522 2.039871162785343 0.0 0.0 0.0 0.9381093289500558 0.3463392656585101
1629013161.089177847 3.996403989818044 2.0391420107980336 0.0 0.0 0.0 0.9381093206452212 0.3463392881533389
1629013161.089177847 3.9968651050979145 2.0387301347152667 0.0 0.0 0.0 0.9381093158228115 0.34633930121552237
1629013161.590049744 3.9968415261118126 2.039319015941953 0.0 0.0 0.0 0.9381092886902136 0.3463393747080188
1629013161.590049744 4.070383073987302 1.8118854609368396 0.0 0.0 0.0 0.964492310929963 0.2641109277500262
1629013161.590049744 4.069852491564372 1.8120267565088692 0.0 0.0 0.0 0.9644923107004627 0.2641109285881259
1629013161.790414810 4.069810576648205 1.8115860497497311 0.0 0.0 0.0 0.9644922968277388 0.2641109792491651
1629013161.790414810 4.069047902637239 1.812550094543548 0.0 0.0 0.0 0.9644922858184932 0.26411101945321774
1629013161.790414810 4.107952605186315 1.7220609042762787 0.0 0.0 0.0 0.9700726988315911 0.24281465973370134
1629013161.790414810 4.1070990803636445 1.722570772150074 0.0 0.0 0.0 0.9700727096464578 0.24281461652705197
1629013161.990804672 4.108264710012149 1.7221008359583094 0.0 0.0 0.0 0.9700727087954589 0.2428146199268913
1629013161.990804672 4.1687430909950445 1.6413890756182814 0.0 0.0 0.0 0.9690131717294297 0.24700905452001298
1629013161.990804672 4.16899438819743 1.6413512370760628 0.0 0.0 0.0 0.9690131855400953 0.24700900034095294
1629013161.990804672 4.167937358611163 1.6425662052128942 0.0 0.0 0.0 0.9690131886506873 0.24700898813813935
1629013162.391571283 4.167551230723846 1.6438060517494821 0.0 0.0 0.0 0.9690131931258182 0.2470089705822557
1629013162.391571283 4.283763555283723 1.5404698108559813 0.0 0.0 0.0 0.9609603348757989 0.27668616661371515
1629013162.391571283 4.283156392005691 1.5400769832809118 0.0 0.0 0.0 0.9609603448456595 0.2766861319873316
1629013162.391571283 4.283380614065108 1.5401757857793303 0.0 0.0 0.0 0.9609603488549251 0.2766861180627259
1629013162.391571283 4.283491796163973 1.5395863782380819 0.0 0.0 0.0 0.9609603581029212 0.27668608594344857
1629013162.391571283 4.281990261405802 1.5399252219186403 0.0 0.0 0.0 0.9609603635915909 0.27668606688071123
1629013162.792377234 4.281988588728586 1.5400764328225343 0.0 0.0 0.0 0.9609603743082346 0.27668602966065675
1629013162.792377234 4.3100895151317 1.522116536765187 0.0 0.0 0.0 0.9591550737420778 0.28288079559211743
1629013162.992767334 4.310633385211832 1.5221780822140432 0.0 0.0 0.0 0.9591550769183537 0.2828807848224177
1629013162.992767334 4.3111154437543755 1.5229560368567066 0.0 0.0 0.0 0.9591550704691436 0.28288080668955273
1629013162.992767334 4.308279694463019 1.5381464372337021 0.0 0.0 0.0 0.9608859589721569 0.27694435154044644
1629013162.992767334 4.3088160123276165 1.53893462508386 0.0 0.0 0.0 0.9608859604784566 0.2769443463141899
1629013162.992767334 4.309533236780477 1.538464507714403 0.0 0.0 0.0 0.9608859471365025 0.2769443926054227
1629013162.992767334 4.309357117014873 1.5379446812909066 0.0 0.0 0.0 0.9608859425045241 0.27694440867652903
1629013163.794341564 4.310496078516805 1.5371430202846457 0.0 0.0 0.0 0.9608859526511248 0.27694437347189504
1629013163.794341564 4.268874823357367 1.6537317883122415 0.0 0.0 0.0 0.9762693171443076 0.21655996952942916
1629013163.994716644 4.268172449297188 1.6544144674247065 0.0 0.0 0.0 0.9762693079138058 0.21656001114125067
1629013163.994716644 4.267105214951963 1.6552075881605086 0.0 0.0 0.0 0.9762692928980581 0.2165600788333937
1629013163.994716644 4.21975783809798 1.6894410384878604 0.0 0.0 0.0 0.9808705874172795 0.19466096357431548
1629013163.994716644 4.2202204553872855 1.6890734058847987 0.0 0.0 0.0 0.9808705881637813 0.1946609598127932
1629013164.297129869 4.219735851246238 1.688438205208618 0.0 0.0 0.0 0.9808705821715858 0.19466099000666315
1629013164.395480871 4.219751349737069 1.689157533476511 0.0 0.0 0.0 0.980870586377819 0.19466096881201825
1629013164.297129869 4.191721629103345 1.741203728435512 0.0 0.0 0.0 0.9869199841924188 0.16121087060628336
1629013164.395480871 4.191774657923927 1.7405136910359773 0.0 0.0 0.0 0.9869199925885368 0.1612108192059155
1629013164.395480871 4.187948432944122 1.7581615723877735 0.0 0.0 0.0 0.9887015385328698 0.14989752400468856
1629013164.395480871 4.187681945500708 1.75871434821217 0.0 0.0 0.0 0.9887015401449292 0.14989751337178658
1629013164.395480871 4.18797611580243 1.757700833215547 0.0 0.0 0.0 0.9887015422049091 0.14989749978446718
1629013164.796288013 4.1878317344463865 1.7579537127837517 0.0 0.0 0.0 0.9887015444465544 0.1498974849989079
1629013164.796288013 4.187051848431876 1.7581750170569306 0.0 0.0 0.0 0.9887015443377651 0.1498974857164663
1629013164.796288013 4.186844932525499 1.7578613817917703 0.0 0.0 0.0 0.9887015414044323 0.14989750506429234
1629013164.796288013 4.186148085808415 1.7570269927148978 0.0 0.0 0.0 0.9887015527659399 0.14989743012546797
1629013165.197075605 4.185882417905843 1.756597154015851 0.0 0.0 0.0 0.9887015501070584 0.14989744766306043
1629013165.197075605 4.185931228555707 1.7561892349116284 0.0 0.0 0.0 0.9887015451079052 0.14989748063673705
1629013165.197075605 4.186994700937831 1.7564247996999371 0.0 0.0 0.0 0.9887015404776734 0.14989751117705538
1629013165.197075605 4.187507492021288 1.7565051986198674 0.0 0.0 0.0 0.9887015369340236 0.1498975345504372
1629013165.597881317 4.188044894516515 1.7576972240803934 0.0 0.0 0.0 0.988701530979215 0.1498975738274521
1629013165.597881317 4.188153196485702 1.7572416304913787 0.0 0.0 0.0 0.9887015203883358 0.1498976436832584
1629013165.898430824 4.187511672647169 1.7574531594845726 0.0 0.0 0.0 0.9887015219047118 0.14989763368147846
1629013165.998615742 4.1872398414226195 1.7578484342959557 0.0 0.0 0.0 0.9887015141087963 0.14989768510211807
1629013166.299229145 4.187341583446299 1.7578394524517522 0.0 0.0 0.0 0.9887015155241223 0.1498976757668499
1629013166.299229145 4.1866214487299205 1.7586744240531178 0.0 0.0 0.0 0.9887015121877609 0.14989769777296413
1629013164.796288013 4.132691544300316 1.8093127156912001 0.0 0.0 0.0 0.9940737789119923 0.10870750700679074
1629013165.197075605 4.023124390490981 1.8367853871347923 0.0 0.0 0.0 0.9972888428291314 0.07358643875424357
1629013165.597881317 3.9226133496349065 1.8520924171342297 0.0 0.0 0.0 0.9990835657265708 0.04280220432502169
1629013165.898430824 3.848766225028457 1.855432256292983 0.0 0.0 0.0 0.9997559010762359 0.02209385125422103
1629013165.998615742 3.8165478487483893 1.853758087378657 0.0 0.0 0.0 0.9998904534087232 0.01480139122170338
1629013166.299229145 3.7620344445358915 1.8632083453833785 0.0 0.0 0.0 -0.999957981161126 0.009167110349790189
1629013166.299229145 3.762166950166969 1.8631150195817612 0.0 0.0 0.0 -0.9999579810014332 0.009167127769231294
1629013166.299229145 3.761682974919773 1.8636624258153112 0.0 0.0 0.0 -0.9999579812323917 0.009167102576051233
1629013166.299229145 3.761089646255153 1.863624357108686 0.0 0.0 0.0 -0.9999579815877491 0.009167063813176899
1629013167.200989485 3.760941718842944 1.8638896180367586 0.0 0.0 0.0 -0.999957981439605 0.00916707997295994
1629013167.200989485 3.760274345198277 1.8639337014205888 0.0 0.0 0.0 -0.9999579813527628 0.009167089445821841
1629013167.200989485 3.672319919376462 1.8579376775214609 0.0 0.0 0.0 -0.9957716788928982 0.09186274280043527
1629013167.200989485 3.6723208443709487 1.8585973078822375 0.0 0.0 0.0 -0.9957716810233405 0.0918627197069125
1629013167.200989485 3.672643212739237 1.8577179498752177 0.0 0.0 0.0 -0.9957716772768433 0.09186276031810753
1629013167.200989485 3.67140444599489 1.8582485240829747 0.0 0.0 0.0 -0.9957716762234842 0.09186277173628396
1629013167.902340412 3.6702926448643165 1.8572746306662238 0.0 0.0 0.0 -0.9957716718609589 0.09186281902505838
1629013167.902340412 3.6704894252736975 1.8573207211075438 0.0 0.0 0.0 -0.9957716724729996 0.09186281239068042
1629013167.902340412 3.4521790940543875 1.7949806210560961 0.0 0.0 0.0 -0.9824605673432381 0.18647046311843293
1629013168.102773190 3.4514209898468406 1.794885872074386 0.0 0.0 0.0 -0.9824605650577305 0.18647047516013082
1629013168.102773190 3.3659180523908794 1.7621090360400435 0.0 0.0 0.0 -0.977016422082738 0.213164047110776
1629013168.206339836 3.366577913015216 1.7636952521977622 0.0 0.0 0.0 -0.9770164093489535 0.21316410547481537
1629013168.206339836 3.3664413752700653 1.7632014753404557 0.0 0.0 0.0 -0.9770164051272672 0.2131641248244922
1629013168.206339836 3.3659401102488 1.7476736565459114 0.0 0.0 0.0 -0.9741951553005909 0.22570733126962836
1629013168.403431416 3.3665987817954512 1.7468164337223022 0.0 0.0 0.0 -0.9741951524348841 0.22570734363855538
1629013168.403431416 3.3661352433690612 1.7465782012895954 0.0 0.0 0.0 -0.9741951434350398 0.22570738248356478
1629013168.403431416 3.354657282438332 1.716138082656441 0.0 0.0 0.0 -0.9682881135499649 0.24983620465787226
1629013168.603710651 3.3541210174165306 1.7167158254191717 0.0 0.0 0.0 -0.9682881147945507 0.2498361998342413
1629013168.603710651 3.3500245311609804 1.6836935082186644 0.0 0.0 0.0 -0.961720569106187 0.27403201812575095
1629013168.603710651 3.3510098612619887 1.6843784684416228 0.0 0.0 0.0 -0.9617205795131194 0.2740319816024215
1629013168.603710651 3.350117942809945 1.6846792741146879 0.0 0.0 0.0 -0.9617205880509964 0.274031951638574
1629013168.804109335 3.3322576936075596 1.6468373899846898 0.0 0.0 0.0 -0.9545765816858566 0.2979656854353285
1629013168.804109335 3.332970678037292 1.6471675892081477 0.0 0.0 0.0 -0.9545765845102026 0.29796567638712385
1629013169.004486561 3.3337804442925134 1.6471316158664517 0.0 0.0 0.0 -0.9545765727393277 0.29796571409683853
1629013169.004486561 3.3332778660767417 1.647425434836306 0.0 0.0 0.0 -0.9545765742552822 0.2979657092402575
1629013169.004486561 3.326930401540446 1.610663673637162 0.0 0.0 0.0 -0.9470347571549166 0.32113107719516665
1629013169.004486561 3.3265327263279034 1.6107734010200172 0.0 0.0 0.0 -0.9470347503513645 0.3211310972592481
1629013169.305072069 3.3263396880491136 1.6092913183966975 0.0 0.0 0.0 -0.9470347553948781 0.3211310823856253
1629013169.305072069 3.2983150213786727 1.542769611131233 0.0 0.0 0.0 -0.9345076163155062 0.3559431345711149
1629013169.305072069 3.298063882245974 1.5423551155875295 0.0 0.0 0.0 -0.9345076152868568 0.35594313727177285
1629013169.305072069 3.297822824353412 1.5433416262451152 0.0 0.0 0.0 -0.9345076344136982 0.3559430870553798
1629013169.605694056 3.2977842622070335 1.5444750541931902 0.0 0.0 0.0 -0.9345076329996489 0.35594309076788305
1629013169.605694056 3.270331154030579 1.4728463786524542 0.0 0.0 0.0 -0.9216545396714455 0.38801148114845246
1629013169.705881596 3.2707706472844778 1.4726420185813827 0.0 0.0 0.0 -0.9216545337380017 0.3880114952423274
1629013169.705881596 3.265776212592222 1.4492128378192803 0.0 0.0 0.0 -0.9180024478099509 0.39657471656037074
1629013169.806046009 3.265877842325221 1.450382342141115 0.0 0.0 0.0 -0.9180024492009707 0.39657471334039845
1629013169.806046009 3.2641945338026406 1.4240438669830062 0.0 0.0 0.0 -0.9154675725352307 0.4023917539369466
1629013169.806046009 3.2631629085395137 1.4240804658140267 0.0 0.0 0.0 -0.9154676037620743 0.4023916828938265
1629013170.010056734 3.2635369442819 1.4245539432384124 0.0 0.0 0.0 -0.9154676091813024 0.402391670564725
1629013170.010056734 3.258324996080233 1.3700006476315059 0.0 0.0 0.0 -0.9108396259854876 0.4127604338288943
1629013170.106631994 3.2582187248184833 1.3691626969187036 0.0 0.0 0.0 -0.9108396380755305 0.4127604071497612
1629013170.106631994 3.2582174344354975 1.3422124947308784 0.0 0.0 0.0 -0.909276907943508 0.41619166820191533
1629013170.206834793 3.258649264195555 1.3429339403952645 0.0 0.0 0.0 -0.9092769095567946 0.416191664677279
1629013170.206834793 3.2557435105885957 1.3192028083986571 0.0 0.0 0.0 -0.9076203862683226 0.41979189419299273
1629013170.307057381 3.25694048566376 1.3202982636833094 0.0 0.0 0.0 -0.9076204054111657 0.4197918528047812
1629013170.307057381 3.255211414416312 1.2923476872766204 0.0 0.0 0.0 -0.9063548410026074 0.4225173395153602
1629013170.407232761 3.2560091535284723 1.2925118736280083 0.0 0.0 0.0 -0.9063548422215983 0.42251733690046567
1629013170.407232761 3.25440808891331 1.2613826735511509 0.0 0.0 0.0 -0.9058082548973162 0.42368786312553103
1629013170.507467270 3.254988107113391 1.2605924968327962 0.0 0.0 0.0 -0.9058082762756589 0.42368781742046774
1629013170.507467270 3.2503721278015414 1.2298747618213177 0.0 0.0 0.0 -0.9056290291225786 0.4240708214561521
1629013170.707806826 3.2494628770020495 1.2294838532114774 0.0 0.0 0.0 -0.9056290238387438 0.4240708327401025
1629013170.707806826 3.249297915784981 1.2284342769653682 0.0 0.0 0.0 -0.9056290307539636 0.4240708179722302
1629013170.707806826 3.246028128222284 1.1685476063422597 0.0 0.0 0.0 -0.907765572827047 0.41947784779411573
1629013170.707806826 3.245979762631317 1.1684269506554827 0.0 0.0 0.0 -0.9077655873048289 0.4194778164636589
1629013171.009956837 3.2463869411532844 1.1693852585407951 0.0 0.0 0.0 -0.9077655961546752 0.419477797312262
1629013171.108597279 3.2476145494624014 1.1685466242065563 0.0 0.0 0.0 -0.9077655867058361 0.4194778177599015
1629013171.009956837 3.226430698865798 1.0781140283833064 0.0 0.0 0.0 -0.913775561576619 0.40621942723771176
1629013171.108597279 3.2248101072832367 1.078556699819455 0.0 0.0 0.0 -0.9137755729618425 0.40621940162707204
1629013171.108597279 3.2222431916813115 1.0467322706601374 0.0 0.0 0.0 -0.9159252130871963 0.4013489803539733
1629013171.309024096 3.222101881546615 1.045945831130886 0.0 0.0 0.0 -0.9159252006193678 0.4013490088070118
1629013171.309024096 3.2116384929513693 0.9748922731592912 0.0 0.0 0.0 -0.921240889604546 0.3889925748913786
1629013171.309024096 3.2119686251001536 0.9736190100078798 0.0 0.0 0.0 -0.9212408852035842 0.3889925853140605
1629013171.309024096 3.2115982153042255 0.9727882756990288 0.0 0.0 0.0 -0.9212408783468069 0.3889926015527851
1629013171.509395123 3.211636934057834 0.9739234246999064 0.0 0.0 0.0 -0.9212408598159777 0.3889926454388543
1629013171.509395123 3.2013780081387995 0.9092597494483309 0.0 0.0 0.0 -0.926568103267627 0.37612703971800826
1629013171.709802628 3.200647006399458 0.9093983690658294 0.0 0.0 0.0 -0.9265680956327472 0.37612705852611045
1629013171.709802628 3.1903124523891933 0.8448650651817596 0.0 0.0 0.0 -0.9318999551652886 0.3627154167704114
1629013171.709802628 3.190166472028782 0.8447320202725281 0.0 0.0 0.0 -0.9318999571648635 0.36271541163304
1629013171.709802628 3.1908501403817024 0.8456491657716871 0.0 0.0 0.0 -0.9318999606096661 0.3627154027825435
1629013171.709802628 3.1909057589775562 0.8465427969780327 0.0 0.0 0.0 -0.9318999512417772 0.3627154268508212
1629013171.709802628 3.1916521487752743 0.8463573602798017 0.0 0.0 0.0 -0.9318999484432696 0.3627154340408353
1629013172.310935020 3.1917096328223025 0.8465056501063817 0.0 0.0 0.0 -0.9318999605705848 0.3627154028829526
1629013172.310935020 3.1918014312651466 0.8459834125039433 0.0 0.0 0.0 -0.9318999588270884 0.36271540736239866
1629013172.411147356 3.19233016198038 0.8451073388914083 0.0 0.0 0.0 -0.9318999513799656 0.3627154264957829
1629013172.411147356 3.1928091540893107 0.8437304215477578 0.0 0.0 0.0 -0.9318999581805337 0.3627154090235477
1629013172.611762047 3.191505987973493 0.8426341075177058 0.0 0.0 0.0 -0.9318999544885571 0.36271541850909117
1629013172.611762047 3.191785499477658 0.8423241348589884 0.0 0.0 0.0 -0.9318999399171348 0.3627154559464491
1629013172.811977863 3.1912337355012923 0.8420487609412499 0.0 0.0 0.0 -0.931899940348425 0.3627154548383648
1629013172.811977863 3.191764350502112 0.8414985479251544 0.0 0.0 0.0 -0.9318999356903505 0.3627154668060362
1629013172.811977863 3.191999630616391 0.8429130761980029 0.0 0.0 0.0 -0.9318999205682381 0.36271550565823824
1629013173.112493277 3.193090050958007 0.8433087114075919 0.0 0.0 0.0 -0.9318999135766377 0.36271552362127424
1629013174.916043282 3.1937351924769777 0.8433884480121883 0.0 0.0 0.0 -0.9318999106411248 0.3627155311632847
1629013175.517198086 3.1943166158066694 0.8429355771957738 0.0 0.0 0.0 -0.9318999022584893 0.36271555270020905
1629013172.310935020 3.131430586006062 0.6508912173485638 0.0 0.0 0.0 -0.94738734384977 0.32008939487786503
1629013172.411147356 3.1066987859967954 0.6127478708971312 0.0 0.0 0.0 -0.9501550416902309 0.3117778002851317
1629013172.611762047 3.0585227255084413 0.5483069984754414 0.0 0.0 0.0 -0.9549165237603762 0.2968744391984582
1629013172.811977863 3.0030178411014052 0.48786154039388774 0.0 0.0 0.0 -0.9596637817528548 0.28115018405081843
1629013173.112493277 2.888642252882205 0.3913290972801231 0.0 0.0 0.0 -0.9665849371455649 0.2563465608961906
1629013173.212690830 2.859973279049795 0.3665826375878447 0.0 0.0 0.0 -0.9688048560869047 0.24782483899406021
1629013173.312892914 2.8450521563404 0.3377055308206903 0.0 0.0 0.0 -0.9709174013095839 0.23941470262756298
1629013173.413134813 2.829178464297218 0.31448617695823183 0.0 0.0 0.0 -0.9730263466834467 0.23069401522333668
1629013174.114495277 2.6210097786323323 0.15464796605661518 0.0 0.0 0.0 -0.9856236689277335 0.1689555659024992
1629013174.314868450 2.512258788914744 0.10866837074538871 0.0 0.0 0.0 -0.9887495807855602 0.1495803011642205
1629013174.415051937 2.454169094198562 0.08576486819774048 0.0 0.0 0.0 -0.9900911214449922 0.14042639080955435
1629013175.817921162 2.4539151288192973 0.08470874611115807 0.0 0.0 0.0 -0.9900911138529215 0.14042644433824192
1629013175.817921162 2.455527150844483 0.08395427543669415 0.0 0.0 0.0 -0.9900911182036071 0.1404264136632813
1629013175.817921162 1.7259423713402067 -0.06533065008027532 0.0 0.0 0.0 0.9999304351163989 0.0117951230569776
1629013176.018274307 1.7271365414074216 -0.065225019957328 0.0 0.0 0.0 0.9999304351203286 0.011795122723834171
1629013176.018274307 1.7268697982980645 -0.06491774953753936 0.0 0.0 0.0 0.9999304355122075 0.011795089502292376
1629013176.018274307 1.595352488418403 -0.07168773142962409 0.0 0.0 0.0 0.9993174334164167 0.036941403195137584
1629013176.018274307 1.5954122685981724 -0.07193956107433733 0.0 0.0 0.0 0.9993174317903654 0.03694144718210659
1629013176.218912125 1.5949604473757322 -0.07123649629487801 0.0 0.0 0.0 0.9993174320285237 0.036941440739592046
1629013176.218912125 1.4829424489161096 -0.06712765819938997 0.0 0.0 0.0 0.9979638632337323 0.06378187579245623
1629013176.420287848 1.4842679297701893 -0.06638351914798442 0.0 0.0 0.0 0.9979638637309245 0.06378186801313337
1629013176.420287848 1.4852162758939165 -0.06588947586087993 0.0 0.0 0.0 0.9979638612763918 0.06378190641800151
1629013176.420287848 1.3757775129184133 -0.061775683657833966 0.0 0.0 0.0 0.9959960935204241 0.08939676555700832
1629013176.619600296 1.374993663948591 -0.06165364536092189 0.0 0.0 0.0 0.9959960916604227 0.0893967862798373
1629013176.619600296 1.3749388499077617 -0.062384341845878585 0.0 0.0 0.0 0.9959960913205043 0.08939679006696878
1629013176.619600296 1.27085511712174 -0.04201300812264587 0.0 0.0 0.0 0.9932378681826524 0.1160971024960578
1629013176.619600296 1.271439844509053 -0.0425618847107733 0.0 0.0 0.0 0.993237874692722 0.11609704680087626
1629013176.820007801 1.2731699345926566 -0.04252427892155505 0.0 0.0 0.0 0.9932378766295283 0.11609703023103517
1629013176.820007801 1.1741077383811547 -0.0194768326504631 0.0 0.0 0.0 0.989790008694065 0.14253328975857837
1629013176.820007801 1.1730797847082848 -0.01988589355592181 0.0 0.0 0.0 0.9897900088409602 0.142533288738497
1629013176.820007801 1.172201676374146 -0.02053896814392698 0.0 0.0 0.0 0.989790010974027 0.1425332739258997
1629013176.820007801 1.1721009114967076 -0.02110118836063413 0.0 0.0 0.0 0.9897900072230851 0.1425332999734633
1629013176.820007801 1.1728743718072512 -0.021212336833728935 0.0 0.0 0.0 0.9897900150965475 0.14253324529798755
1629013177.621303797 1.1747116892829563 -0.020705543103371905 0.0 0.0 0.0 0.9897900066539491 0.1425333039256978
1629013177.621303797 0.9264007370298228 0.13905555299363984 0.0 0.0 0.0 0.9775270332104252 0.2108101025634784
1629013177.721537590 0.9269251777859584 0.13947946721614485 0.0 0.0 0.0 0.9775270372137623 0.21081008399999188
1629013177.721537590 0.8305832033926177 0.16645462064956792 0.0 0.0 0.0 0.9768017137174868 0.2141457729645416
1629013177.721537590 0.8313663208208124 0.16583873003984298 0.0 0.0 0.0 0.9768017241636051 0.21414572531574944
1629013177.921918392 0.8304847800970946 0.16604964045178355 0.0 0.0 0.0 0.976801725336746 0.21414571996459852
1629013177.921918392 0.829232709569857 0.1666067638934731 0.0 0.0 0.0 0.9768017227516279 0.21414573175632473
1629013177.921918392 0.7485042700113548 0.2211372417103135 0.0 0.0 0.0 0.9778005891027327 0.20953760509834227
1629013178.122301817 0.74835020834581 0.22157878648648716 0.0 0.0 0.0 0.9778005886706556 0.20953760711461691
1629013178.122301817 0.7488902132558973 0.2210073397175848 0.0 0.0 0.0 0.977800582530914 0.20953763576552364
1629013178.122301817 0.6845153319437627 0.2704748992959286 0.0 0.0 0.0 0.9809489367005952 0.19426575505212354
1629013178.122301817 0.6838928240161507 0.2721591969079866 0.0 0.0 0.0 0.9809489380481253 0.194265748247742
1629013178.122301817 0.6841983851838972 0.2716430054637672 0.0 0.0 0.0 0.9809489487237675 0.19426569434085758
1629013178.523101568 0.6845777643377243 0.27206964966194147 0.0 0.0 0.0 0.980948954442321 0.19426566546489185
1629013178.523101568 0.5439913119124689 0.3623352121311606 0.0 0.0 0.0 0.9888730717468759 0.14876171541730104
1629013178.523101568 0.5433789518287918 0.361499180032124 0.0 0.0 0.0 0.9888730696465603 0.14876172937885979
1629013178.523101568 0.5439593396201611 0.3612164163451198 0.0 0.0 0.0 0.988873066743978 0.14876174867337366
1629013178.723504305 0.42302581239444226 0.3930274312610413 0.0 0.0 0.0 0.9925432227187831 0.12189319519567954
1629013178.723504305 0.42331732565316965 0.39250661664557296 0.0 0.0 0.0 0.992543219754963 0.12189321932926064
1629013178.723504305 0.42296354460755786 0.39239638392468745 0.0 0.0 0.0 0.9925432139118983 0.12189326690773256
1629013178.723504305 0.42280813762684116 0.39300659058233983 0.0 0.0 0.0 0.9925432121105127 0.12189328157591738
1629013178.723504305 0.42316782834307837 0.3923053184635757 0.0 0.0 0.0 0.9925432056172161 0.12189333444902004
1629013178.723504305 0.42296286341720984 0.3918789794301911 0.0 0.0 0.0 0.9925432049241698 0.12189334009230124
1629013178.723504305 0.4216935371876569 0.39189439388545433 0.0 0.0 0.0 0.9925432019377349 0.12189336440999897
1629013179.925849915 0.4212713355135413 0.3931671944644778 0.0 0.0 0.0 0.992543201202456 0.12189337039716701
1629013179.925849915 0.41969187084251547 0.3914797304100266 0.0 0.0 0.0 0.9925432013940549 0.12189336883703093
1629013179.925849915 0.22910059751483713 0.6216647015744803 0.0 0.0 0.0 0.9997201928181989 0.02365451482367009
1629013179.925849915 0.2294820490169105 0.6225289524476674 0.0 0.0 0.0 0.9997201932151843 0.02365449804570895
1629013179.925849915 0.22959442227710097 0.6215467750174075 0.0 0.0 0.0 0.9997201929548657 0.023654509047664106
1629013179.925849915 0.22923507868638307 0.6222973351570739 0.0 0.0 0.0 0.9997201931190993 0.023654502106590203
1629013179.925849915 0.22868710641934134 0.6232418628069516 0.0 0.0 0.0 0.9997201942929973 0.02365445249359662
1629013180.627175808 0.22964061380216252 0.6232082485315905 0.0 0.0 0.0 0.9997201946037818 0.023654439358745477
1629013180.627175808 0.22946252711052795 0.624706569791756 0.0 0.0 0.0 0.9997201943018855 0.02365445211794833
1629013180.627175808 -0.10164313954199718 0.6245432375706057 0.0 0.0 0.0 -0.9939494927671216 0.10983808914935524
1629013180.828376532 -0.10136041159225499 0.6247769917619296 0.0 0.0 0.0 -0.9939494958887184 0.10983806090132262
1629013180.828376532 -0.10129675653172264 0.6246918867511143 0.0 0.0 0.0 -0.9939494945630974 0.10983807289716535
1629013180.828376532 -0.41074079810845077 0.5086927572538931 0.0 0.0 0.0 -0.9814794779933534 0.19156731004504524
1629013180.828376532 -0.41161437849297433 0.5089940708145337 0.0 0.0 0.0 -0.9814794744465074 0.19156732821702027
1629013180.828376532 -0.4107997469225247 0.509624786234224 0.0 0.0 0.0 -0.9814794753251918 0.19156732371515336
1629013180.828376532 -0.4098159301233376 0.5090604227164133 0.0 0.0 0.0 -0.9814794760967971 0.19156731976189664
1629013181.328547478 -0.4104807269942589 0.5074526892257741 0.0 0.0 0.0 -0.9814794786720531 0.19156730656778276
1629013181.328547478 -0.410847834561431 0.5080519309453779 0.0 0.0 0.0 -0.9814794776781075 0.19156731166018215
1629013181.328547478 -0.7002028518064135 0.35253357427799403 0.0 0.0 0.0 -0.9542512700563464 0.2990058755206158
1629013181.428739548 -0.9323879927845707 0.19195932246329234 0.0 0.0 0.0 -0.9375615781154493 0.3478193313225535
1629013181.428739548 -0.9331763067521076 0.19272012344086836 0.0 0.0 0.0 -0.9375615861150881 0.34781930975919134
1629013181.629146099 -0.9329995904982289 0.19274745445318192 0.0 0.0 0.0 -0.9375615654936922 0.3478193653450265
1629013181.629146099 -0.9328793067531927 0.19380032462290162 0.0 0.0 0.0 -0.937561564191518 0.3478193688550913
1629013181.629146099 -0.9929359170433327 0.10468069920444649 0.0 0.0 0.0 -0.9208771362839564 0.3898529208168891
1629013181.629146099 -0.9917115929949719 0.10414862577013435 0.0 0.0 0.0 -0.9208771333910002 0.389852927650382
1629013181.832266808 -0.9920484113481425 0.10395297687184295 0.0 0.0 0.0 -0.9208771258845904 0.38985294538137877
1629013181.832266808 -1.0189722491905653 0.008183545669173148 0.0 0.0 0.0 -0.9029597367999272 0.42972516067622357
1629013181.832266808 -1.0191804310930601 0.008038560631463762 0.0 0.0 0.0 -0.9029597289461545 0.42972517717895853
1629013181.832266808 -1.0190276721356752 0.008234525050861245 0.0 0.0 0.0 -0.9029597290739217 0.42972517691048756
1629013181.832266808 -1.0177978078992578 0.00791255919778223 0.0 0.0 0.0 -0.9029597363455023 0.42972516163108376
1629013181.832266808 -1.0171517638114291 0.007484817643856365 0.0 0.0 0.0 -0.9029597294288972 0.42972517616459555
1629013182.330725193 -1.0177242337600718 0.007486227252711828 0.0 0.0 0.0 -0.9029597199424559 0.42972519609797327
1629013182.531440973 -1.0178925924916333 0.007385044670174749 0.0 0.0 0.0 -0.9029597118282896 0.4297252131478583
1629013182.531440973 -1.0181619765881436 0.006987456777618525 0.0 0.0 0.0 -0.9029597524039792 0.42972512788821715
1629013182.531440973 -1.0186268882716591 0.007268290444747222 0.0 0.0 0.0 -0.9029597545512072 0.4297251233763551
1629013182.734062195 -1.0186515767392694 0.007238401191429487 0.0 0.0 0.0 -0.9029597429345988 0.4297251477857482
1629013182.831467628 -1.0186644370058402 0.006415120428987793 0.0 0.0 0.0 -0.9029597544378442 0.42972512361455917
1629013182.831467628 -1.01832001545227 0.00579935803919828 0.0 0.0 0.0 -0.9029597418507315 0.429725150063224
1629013183.132084608 -1.0180120945048667 0.0056046650523352125 0.0 0.0 0.0 -0.9029597286186423 0.42972517786714337
1629013183.132084608 -1.0180806493368577 0.005560702249359748 0.0 0.0 0.0 -0.9029597310324856 0.42972517279505656
1629013183.132084608 -1.0198690024023491 0.005738158577445147 0.0 0.0 0.0 -0.902959756998486 0.4297251182340115
1629013182.330725193 -1.0411959705619271 -0.22348482568692482 0.0 0.0 0.0 -0.8592588822956508 0.511540978999756
1629013182.531440973 -1.0483796959298024 -0.34094165112129854 0.0 0.0 0.0 -0.8518154449893108 0.5238420064080986
1629013182.734062195 -1.04720973914776 -0.47174613507527985 0.0 0.0 0.0 -0.8611307041527029 0.5083836251940753
1629013182.831467628 -1.0534931556810774 -0.5369857697270035 0.0 0.0 0.0 -0.8661733804342989 0.49974360929082345
1629013183.132084608 -1.066247505854243 -0.7198749856601752 0.0 0.0 0.0 -0.8842894869013663 0.4669390788483207
1629013183.634452820 -1.06520863518201 -0.7201062288353386 0.0 0.0 0.0 -0.8842894923989634 0.4669390684369682
1629013183.634452820 -1.0654548280031797 -0.7191133976475086 0.0 0.0 0.0 -0.8842894839947202 0.46693908435292875
1629013183.634452820 -1.0663434949041986 -0.7185297919398037 0.0 0.0 0.0 -0.8842894611266959 0.4669391276604026
1629013183.634452820 -1.0665643893484777 -0.7186637531804445 0.0 0.0 0.0 -0.8842894603848872 0.4669391290652401
1629013183.634452820 -1.0668317441232333 -0.7179481226950046 0.0 0.0 0.0 -0.8842894741398983 0.46693910301599506
1629013183.634452820 -1.067761166399275 -0.7184554603808638 0.0 0.0 0.0 -0.8842894795010264 0.46693909286308827
1629013184.033816814 -1.0672699582512464 -0.7189152696339404 0.0 0.0 0.0 -0.8842894604790237 0.46693912888696454
1629013184.033816814 -1.068587550719804 -0.7193008169006452 0.0 0.0 0.0 -0.8842894515845074 0.4669391457314016
1629013184.033816814 -1.0693860375400062 -0.7184985293474117 0.0 0.0 0.0 -0.8842894301687765 0.4669391862885151
1629013184.033816814 -1.0680094756178469 -0.7177977656733061 0.0 0.0 0.0 -0.8842894271561739 0.46693919199378187
1629013184.033816814 -1.0677742440933229 -0.7185077002802515 0.0 0.0 0.0 -0.8842894031967491 0.466939237368137
1629013183.634452820 -1.1019967642520165 -1.0071797615553135 0.0 0.0 0.0 -0.9131932218624595 0.40752685745170303
1629013184.033816814 -1.2625932550007104 -1.215212770647849 0.0 0.0 0.0 -0.934193439955545 0.35676689412559776
1629013184.635001659 -1.2627365406937074 -1.2154037179201738 0.0 0.0 0.0 -0.9341934325486507 0.35676691352053586
1629013184.835386753 -1.2622680792988765 -1.2153163971512295 0.0 0.0 0.0 -0.9341934232160904 0.3567669379578249
1629013184.835386753 -1.2614408776305626 -1.2162343304825443 0.0 0.0 0.0 -0.934193424700306 0.35676693407141
1629013184.635001659 -1.5610372379086646 -1.5062054928228927 0.0 0.0 0.0 -0.9551096117465004 0.2962526447973912
1629013185.035778046 -1.5617200516527305 -1.5060511936536674 0.0 0.0 0.0 -0.955109611552444 0.29625264542302326
1629013184.835386753 -1.6820822592044202 -1.6009121621479843 0.0 0.0 0.0 -0.9532478485340039 0.30218957504403227
1629013185.035778046 -1.6820145974686367 -1.6009069766331159 0.0 0.0 0.0 -0.9532478490505998 0.30218957341444613
1629013185.035778046 -1.6816808407389163 -1.601049026197774 0.0 0.0 0.0 -0.9532478499426166 0.3021895706006062
1629013185.035778046 -1.7535745316739566 -1.6717211108178756 0.0 0.0 0.0 -0.9474036578120442 0.3200411054292232
1629013185.035778046 -1.7534317591519841 -1.6715829627212564 0.0 0.0 0.0 -0.9474036655334739 0.32004108257181213
1629013185.035778046 -1.7555625518711684 -1.670849084861347 0.0 0.0 0.0 -0.9474036631221133 0.32004108971005757
1629013185.035778046 -1.7553784295034107 -1.6704006879932647 0.0 0.0 0.0 -0.9474036835864121 0.3200410291304811
1629013185.737141132 -1.75481811677273 -1.670907360971924 0.0 0.0 0.0 -0.9474036963280218 0.3200409914120401
1629013185.737141132 -1.7548814821116654 -1.6711408853708478 0.0 0.0 0.0 -0.9474036834142971 0.3200410296399858
1629013185.737141132 -1.7546601614398314 -1.6707512384543317 0.0 0.0 0.0 -0.9474036703055125 0.32004106844535396
1629013185.737141132 -1.7595775326131744 -1.7005891111030673 0.0 0.0 0.0 -0.9412579825318358 0.33768833311220325
1629013185.737141132 -1.7597560952161606 -1.7004796940386468 0.0 0.0 0.0 -0.941257980564434 0.3376883385960545
1629013185.737141132 -1.75825391415116 -1.6999800766579003 0.0 0.0 0.0 -0.9412579699848443 0.33768836808514724
1629013185.737141132 -1.7590818030191202 -1.701244187292286 0.0 0.0 0.0 -0.9412579714932523 0.3376883638806759
1629013186.238120079 -1.7595784788155948 -1.7015594371580927 0.0 0.0 0.0 -0.941257961198452 0.3376883925759567
1629013186.238120079 -1.7593613401459862 -1.70172544450531 0.0 0.0 0.0 -0.9412579568568081 0.3376884046776661
1629013186.238120079 -1.761191435301946 -1.6813806090593366 0.0 0.0 0.0 -0.9565757441097699 0.29148386881753885
1629013186.238120079 -1.7603566615764021 -1.6820087552515097 0.0 0.0 0.0 -0.9565757575514272 0.2914838247054425
1629013186.538707733 -1.760404175589802 -1.6818100512805298 0.0 0.0 0.0 -0.9565757384252374 0.2914838874727244
1629013186.638895512 -1.7589207496926718 -1.6806946802183 0.0 0.0 0.0 -0.9565757376583288 0.2914838899895224
1629013186.638895512 -1.7589362868984677 -1.681050474546976 0.0 0.0 0.0 -0.9565757373210829 0.2914838910962774
1629013186.538707733 -1.7376669749311395 -1.5881271637360759 0.0 0.0 0.0 -0.9751372193708246 0.22160190296506072
1629013186.638895512 -1.7371290584665893 -1.5884109998007085 0.0 0.0 0.0 -0.9751372192980486 0.2216019032853044
1629013186.638895512 -1.7361243644835107 -1.5882604646270404 0.0 0.0 0.0 -0.9751372322837806 0.22160184614286993
1629013187.039713860 -1.737664275626768 -1.5877507488706142 0.0 0.0 0.0 -0.9751372235700091 0.22160188448696472
1629013186.638895512 -1.7320479348934084 -1.559810974428309 0.0 0.0 0.0 -0.9809510937753412 0.19425486254135785
1629013187.039713860 -1.732244376675919 -1.5609729686415892 0.0 0.0 0.0 -0.9809510946056674 0.19425485834836398
1629013187.039713860 -1.5653252751883613 -1.4582915285418132 0.0 0.0 0.0 -0.9939584562926328 0.10975694585932344
1629013187.039713860 -1.5657458224572844 -1.459422418081979 0.0 0.0 0.0 -0.9939584599872263 0.10975691240109432
1629013187.039713860 -1.5658816809944942 -1.4582499734865846 0.0 0.0 0.0 -0.9939584545850502 0.1097569613231832
1629013187.039713860 -1.56571569651409 -1.4581546556728944 0.0 0.0 0.0 -0.993958452223922 0.1097569827055456
1629013188.142455101 -1.566020360386282 -1.4581969293640902 0.0 0.0 0.0 -0.9939584467818519 0.10975703198888205
1629013188.142455101 -1.5657289716788796 -1.458224539924979 0.0 0.0 0.0 -0.9939584492918015 0.10975700925880418
1629013188.142455101 -1.25492565021475 -1.3819625109742915 0.0 0.0 0.0 -0.9965173548542486 0.0833856191096017
1629013188.142455101 -1.255005400229344 -1.3823202837420605 0.0 0.0 0.0 -0.9965173568246279 0.08338559556216592
1629013188.542624950 -1.2549246759478359 -1.3817929997304093 0.0 0.0 0.0 -0.9965173563413942 0.08338560133715418
1629013188.642812967 -1.2543530435535983 -1.3820169164209 0.0 0.0 0.0 -0.9965173541872578 0.08338562708061383
1629013188.542624950 -1.3434096582985664 -1.3956517399897077 0.0 0.0 0.0 -0.9993075974306997 0.03720652788533941
1629013188.642812967 -1.344367330250249 -1.3946960610778372 0.0 0.0 0.0 -0.9993075983628698 0.037206502848740566
1629013188.642812967 -1.4234765979440762 -1.4087217471430167 0.0 0.0 0.0 -0.9997450972202779 0.02257743528430823
1629013188.642812967 -1.423786937088878 -1.408213107739413 0.0 0.0 0.0 -0.9997450967543613 0.022577455915419233
1629013188.642812967 -1.4243607102764233 -1.4090528224164764 0.0 0.0 0.0 -0.9997450955217716 0.02257751049526503
1629013188.642812967 -1.425242979763548 -1.4090761069920212 0.0 0.0 0.0 -0.9997450966758856 0.022577459390375733
1629013189.150118589 -1.4251746664760039 -1.4088609982382734 0.0 0.0 0.0 -0.9997450962407248 0.022577478659580104
1629013189.243979216 -1.424577391983918 -1.4083809777448675 0.0 0.0 0.0 -0.999745095774427 0.022577499307532875
1629013189.150118589 -1.6177998157356226 -1.4112599305651405 0.0 0.0 0.0 0.9984323890834841 0.05597110351820989
1629013189.346075773 -1.619147957787376 -1.4120151883817904 0.0 0.0 0.0 0.998432389071738 0.05597110372774082
1629013189.346075773 -1.6199528352024373 -1.4117425166031798 0.0 0.0 0.0 0.9984323891226156 0.05597110282016979
1629013189.346075773 -1.768293452870821 -1.4060960123108783 0.0 0.0 0.0 0.996239204103953 0.08664553194667614
1629013189.346075773 -1.7691840537535637 -1.4065566129592928 0.0 0.0 0.0 0.9962392081515856 0.08664548540750266
1629013189.346075773 -1.7689425467569069 -1.4072540401830878 0.0 0.0 0.0 0.9962392074550982 0.08664549341562894
1629013189.945374012 -1.7691493634944129 -1.4079934054713967 0.0 0.0 0.0 0.9962392090797586 0.0866454747354817
1629013189.945374012 -1.7687188705689967 -1.407671152739213 0.0 0.0 0.0 0.9962392126332307 0.08664543387807952
1629013189.945374012 -2.000340712191795 -1.3455642015838765 0.0 0.0 0.0 0.9857715356205207 0.16809068849987047
1629013189.945374012 -2.0011310889984792 -1.3447638527695436 0.0 0.0 0.0 0.9857715253096325 0.1680907489682895
1629013190.145747185 -2.000667389451029 -1.3447434270258218 0.0 0.0 0.0 0.9857715289988873 0.16809072733258051
1629013190.145747185 -2.0014921064745264 -1.344676583361306 0.0 0.0 0.0 0.9857715241613552 0.16809075570238458
1629013190.145747185 -2.093095072631807 -1.3160104760000597 0.0 0.0 0.0 0.9808146826385482 0.19494244873973418
1629013190.145747185 -2.0925746500100897 -1.3158761145373887 0.0 0.0 0.0 0.9808146940380207 0.1949423913855162
1629013190.145747185 -2.0923826448155256 -1.3156651092710705 0.0 0.0 0.0 0.9808147044407068 0.19494233904641878
1629013190.145747185 -2.0932401787946593 -1.3160790727242286 0.0 0.0 0.0 0.9808147034299309 0.1949423441319421
1629013190.446377039 -2.0947293840851846 -1.3157829979004303 0.0 0.0 0.0 0.9808147000572921 0.19494236110072172
1629013190.446377039 -2.0938728690619954 -1.3158627732504917 0.0 0.0 0.0 0.9808147031416607 0.19494234558231818
1629013190.446377039 -2.1562502248680846 -1.2623202509068334 0.0 0.0 0.0 0.9716988913343111 0.23622291290150224
1629013190.446377039 -2.1569004178137456 -1.262500645307876 0.0 0.0 0.0 0.9716988974603994 0.23622288770194183
1629013190.446377039 -2.156307325612108 -1.261956476132471 0.0 0.0 0.0 0.9716988973312659 0.23622288823313015
1629013190.446377039 -2.155727803956218 -1.261580587230769 0.0 0.0 0.0 0.9716988955116953 0.23622289571790345
1629013191.448290825 -2.15579880998262 -1.26228785806219 0.0 0.0 0.0 0.9716989009381025 0.2362228733964678
1629013191.548486233 -2.154857655735924 -1.261551273606275 0.0 0.0 0.0 0.9716989053239029 0.23622285535554946
1629013191.548486233 -2.1553515640995826 -1.261863031515876 0.0 0.0 0.0 0.971698896913169 0.23622288995296462
1629013191.448290825 -2.2564765245819483 -1.1429566720298994 0.0 0.0 0.0 0.939952532815331 0.341305194882885
1629013191.548486233 -2.2567758194758034 -1.143465927558474 0.0 0.0 0.0 0.9399525155684216 0.3413052423807698
1629013191.548486233 -2.2780289692576177 -1.089300700006715 0.0 0.0 0.0 0.930728149559097 0.3657117876392546
1629013191.548486233 -2.2777902949877293 -1.0901008044545009 0.0 0.0 0.0 0.9307281379696251 0.3657118171341946
1629013191.548486233 -2.27834546387455 -1.0905514573318524 0.0 0.0 0.0 0.9307281176924967 0.36571186873901407
1629013191.949263096 -2.277523461626859 -1.0897867838890463 0.0 0.0 0.0 0.9307281197501077 0.36571186350244267
1629013192.049455166 -2.277215408008127 -1.0894354288569634 0.0 0.0 0.0 0.9307281227658877 0.365711855827353
1629013191.949263096 -2.3513248749314846 -0.9189466367549853 0.0 0.0 0.0 0.902578885393366 0.43052451224299554
1629013192.249902725 -2.350645152641953 -0.918109793533592 0.0 0.0 0.0 0.9025788866630552 0.43052450958113836
1629013192.049455166 -2.3715584234787968 -0.8677054700360888 0.0 0.0 0.0 0.8946156718117249 0.44683643511788096
1629013192.249902725 -2.370559681284361 -0.8677376164953516 0.0 0.0 0.0 0.8946156912514772 0.4468363961973573
1629013192.249902725 -2.419556626086348 -0.7684769814949658 0.0 0.0 0.0 0.8777694306673369 0.4790833190437121
1629013192.249902725 -2.4202220987035044 -0.7674326291741264 0.0 0.0 0.0 0.877769393029103 0.4790833880039259
1629013192.249902725 -2.420825969676034 -0.7690832259333058 0.0 0.0 0.0 0.8777693999503082 0.4790833753229972
1629013192.249902725 -2.420584937931837 -0.7689643879086235 0.0 0.0 0.0 0.8777693875043447 0.47908339812630485
1629013192.851044893 -2.421434602436373 -0.7683540592677051 0.0 0.0 0.0 0.8777694070725818 0.4790833622736738
1629013192.851044893 -2.4221680370515832 -0.7677419852709974 0.0 0.0 0.0 0.8777694156348593 0.479083346585996
1629013192.851044893 -2.5141389643793626 -0.5009334049554096 0.0 0.0 0.0 0.8216506295202702 0.569991441171658
1629013193.051414251 -2.515547999975895 -0.501224209158648 0.0 0.0 0.0 0.8216506203153993 0.569991454440608
1629013193.051414251 -2.515655517324352 -0.5001856270295757 0.0 0.0 0.0 0.8216506148913453 0.5699914622594572
1629013193.051414251 -2.5725530012724542 -0.35050482249048037 0.0 0.0 0.0 0.7972679589674349 0.6036255475076421
1629013193.051414251 -2.573452358149657 -0.350716533594168 0.0 0.0 0.0 0.7972679315508511 0.6036255837194341
1629013193.151612282 -2.5746123229087705 -0.35031056966237883 0.0 0.0 0.0 0.7972679337678527 0.603625580791221
1629013193.251803398 -2.574218465494362 -0.34974338431195756 0.0 0.0 0.0 0.7972679458660836 0.603625564811892
1629013193.151612282 -2.59479115005003 -0.2835280622456916 0.0 0.0 0.0 0.7856421050327862 0.6186812449069815
1629013193.251803398 -2.594925826532971 -0.282842901151291 0.0 0.0 0.0 0.7856420879970252 0.6186812665401099
1629013193.251803398 -2.610019172901869 -0.22097049239923097 0.0 0.0 0.0 0.7731965680443521 0.6341664349084045
1629013193.354059696 -2.6099835592527505 -0.22078037307063078 0.0 0.0 0.0 0.7731965895583685 0.6341664086778075
1629013193.354059696 -2.6090527527501295 -0.2211652430103799 0.0 0.0 0.0 0.773196610004753 0.6341663837489006
1629013193.354059696 -2.609665777774936 -0.21991222417420303 0.0 0.0 0.0 0.7731966552247839 0.6341663286151408
1629013193.354059696 -2.6240927507010823 -0.15613412055650416 0.0 0.0 0.0 0.7610686888997333 0.6486712964024545
1629013193.452210426 -2.623793122419281 -0.1561247339647404 0.0 0.0 0.0 0.7610686856006265 0.6486713002732083
1629013193.452210426 -2.6372092695431286 -0.09691743003483369 0.0 0.0 0.0 0.7480966316277846 0.6635898053369738
1629013193.552470684 -2.638457095302384 -0.09588727436473395 0.0 0.0 0.0 0.7480966465603669 0.6635897885027567
1629013193.552470684 -2.6385357134338436 -0.0964808312045625 0.0 0.0 0.0 0.748096655108582 0.6635897788659431
1629013193.552470684 -2.648658431458181 -0.03355940182408924 0.0 0.0 0.0 0.7350898309136517 0.6779697194472176
1629013193.552470684 -2.6482809208635354 -0.03399684642836999 0.0 0.0 0.0 0.7350898445272069 0.6779697046866967
1629013193.552470684 -2.647774672046321 -0.034164238672124723 0.0 0.0 0.0 0.7350898378316686 0.6779697119463458
1629013193.552470684 -2.647910078801354 -0.03418074255979824 0.0 0.0 0.0 0.7350898333543118 0.6779697168009278
1629013194.253760338 -2.645299644139279 -0.034784538302889356 0.0 0.0 0.0 0.735089832044658 0.677969718220922
1629013194.253760338 -2.6463250384473938 -0.035541293424567376 0.0 0.0 0.0 0.7350898188372366 0.6779697325410912
1629013194.253760338 -2.6475100129874036 -0.03472643627119658 0.0 0.0 0.0 0.7350898419287453 0.6779697075040834
1629013194.253760338 -2.647753272519239 -0.03594142272805373 0.0 0.0 0.0 0.7350898548184659 0.677969693528381
1629013194.554497957 -2.648437849614867 -0.035694679447543225 0.0 0.0 0.0 0.7350898181208793 0.6779697333178029
1629013194.554497957 -2.647460703391669 -0.036233867091256394 0.0 0.0 0.0 0.7350897913095165 0.6779697623880667
1629013194.554497957 -2.646388407673994 -0.03598616570845501 0.0 0.0 0.0 0.7350897944377799 0.677969758996242
1629013194.554497957 -2.6474995999605344 -0.03487553176941206 0.0 0.0 0.0 0.7350897975994726 0.6779697555681717
1629013194.554497957 -2.647106604977856 -0.03444416440222393 0.0 0.0 0.0 0.7350898326421675 0.6779697175730713
1629013194.854950905 -2.6472778983778014 -0.0353648478116126 0.0 0.0 0.0 0.7350898312474288 0.6779697190853192
1629013195.957142353 -2.6456227255246536 -0.03529480170002737 0.0 0.0 0.0 0.7350898412610453 0.6779697082280383
1629013195.957142353 -2.646227239378064 -0.034685228179114125 0.0 0.0 0.0 0.7350898462782596 0.6779697027881147
1629013194.253760338 -2.6769079655504657 0.0670216243110228 0.0 0.0 0.0 0.6827113256685859 0.7306882001263206
1629013194.554497957 -2.6919862957188343 0.25155079394600127 0.0 0.0 0.0 0.6365171108500176 0.7712625801859873
1629013194.854950905 -2.659620924454304 0.44142230703570556 0.0 0.0 0.0 0.5870610614144801 0.8095426549422235
1629013195.957142353 -2.511039853035676 0.7011868626933138 0.0 0.0 0.0 0.5005279633890772 0.8657203693257902
1629013196.458153248 -2.5103053330563903 0.7007479943420778 0.0 0.0 0.0 0.5005279564244749 0.8657203733524694
1629013196.458153248 -2.510395329231661 0.7005473508889006 0.0 0.0 0.0 0.5005279936096312 0.8657203518533667
1629013196.458153248 -2.509837324557002 0.7005062113136558 0.0 0.0 0.0 0.500528039209641 0.8657203254890994
1629013196.458153248 -2.362175396516952 0.9734927781606235 0.0 0.0 0.0 0.4035593852419084 0.914953453779575
1629013196.458153248 -2.3633916320405324 0.9740393329480679 0.0 0.0 0.0 0.40355940970680154 0.9149534429888211
1629013196.458153248 -2.363486855780351 0.9733861104287773 0.0 0.0 0.0 0.40355938300993194 0.914953454764035
1629013197.259631634 -2.363949435291038 0.9737280228568539 0.0 0.0 0.0 0.4035593823905448 0.9149534550372287
1629013197.259631634 -2.3643014234798247 0.9735522008702999 0.0 0.0 0.0 0.4035594001645323 0.914953447197639
1629013197.259631634 -2.3646722539617455 0.9748568488602002 0.0 0.0 0.0 0.4035593406263381 0.9149534734582055
1629013197.259631634 -2.167771509734125 1.2421988753325761 0.0 0.0 0.0 0.2513088749004883 0.9679069425292137
1629013197.359828949 -2.168964898144005 1.243554907161313 0.0 0.0 0.0 0.25130889959011704 0.9679069361187596
1629013197.359828949 -1.908610898925692 1.4461383309844147 0.0 0.0 0.0 0.14316336405184266 0.9896990710278349
1629013197.359828949 -1.9082559693598766 1.445877015741719 0.0 0.0 0.0 0.14316340163363425 0.9896990655914992
1629013197.359828949 -1.9086840342863476 1.4446034437106077 0.0 0.0 0.0 0.14316337891297845 0.9896990688781206
1629013197.359828949 -1.9092441606528 1.4461301102332949 0.0 0.0 0.0 0.1431633376804225 0.9896990748425509
1629013197.359828949 -1.9100207067178923 1.446790102723395 0.0 0.0 0.0 0.143163265185351 0.9896990853292069
1629013197.760605812 -1.911913838521548 1.4469067046075659 0.0 0.0 0.0 0.1431632522685486 0.9896990871976653
1629013197.760605812 -1.9121507797645778 1.446310676290869 0.0 0.0 0.0 0.14316327192002526 0.9896990843550139
1629013197.760605812 -1.9125279635415755 1.4462653067438596 0.0 0.0 0.0 0.1431632784792186 0.9896990834062047
1629013197.760605812 -1.9130573618486093 1.4459731713380135 0.0 0.0 0.0 0.14316327672420387 0.9896990836600734
1629013198.161396980 -1.9131434147712882 1.4444703699791765 0.0 0.0 0.0 0.14316329261481248 0.9896990813614437
1629013198.161396980 -1.9138746515448113 1.4435641477668713 0.0 0.0 0.0 0.1431633306316695 0.9896990758621771
1629013198.161396980 -1.9132315003065268 1.4442430822103378 0.0 0.0 0.0 0.1431633223402861 0.9896990770615538
1629013198.161396980 -1.9123133690121292 1.4446282326122142 0.0 0.0 0.0 0.14316332263818307 0.9896990770184619
1629013198.161396980 -1.9120113972671242 1.445071580224766 0.0 0.0 0.0 0.14316323859294566 0.9896990891758864
1629013198.562168837 -1.9131760689576889 1.4466041002374628 0.0 0.0 0.0 0.1431632287042473 0.9896990906063193
1629013205.475691319 -1.9137671371945928 1.4469485726744655 0.0 0.0 0.0 0.14316317375925988 0.9896990985542908
1629013205.676188707 -1.912996842467365 1.4460672314724665 0.0 0.0 0.0 0.1431631446149302 0.989699102770112
1629013205.878082752 -1.9136167413692782 1.4465762263941742 0.0 0.0 0.0 0.1431631428660468 0.9896991030230935
1629013206.076845169 -1.914109494109076 1.4472647150075197 0.0 0.0 0.0 0.14316310385620976 0.9896991086659905
1629013206.076845169 -1.913832342014673 1.4466705965385136 0.0 0.0 0.0 0.1431630429205307 0.9896991174805272
1629013206.076845169 -1.9153122822409379 1.445795229280942 0.0 0.0 0.0 0.1431630529738784 0.9896991160262792
1629013206.377456665 -1.9161152990242785 1.4453995731358957 0.0 0.0 0.0 0.14316302919897878 0.989699119465392
1629013206.477707386 -1.9158151623956692 1.4454956875871106 0.0 0.0 0.0 0.14316301411606294 0.9896991216471822
1629013207.078907251 -1.9144153385369014 1.445210778998925 0.0 0.0 0.0 0.14316301765118816 0.9896991211358155
1629013207.379912376 -1.9151215306610379 1.4447421271539997 0.0 0.0 0.0 0.1431630055319205 0.9896991228889047
1629013207.379912376 -1.9158709717327462 1.4453469203299845 0.0 0.0 0.0 0.14316297453895846 0.989699127372131
1629013207.580000401 -1.9173329827471237 1.44529268766677 0.0 0.0 0.0 0.1431629578012633 0.9896991297932891
1629013207.580000401 -1.917148876352016 1.4456065909145797 0.0 0.0 0.0 0.14316291509709614 0.9896991359705745
1629013208.080886364 -1.9170968574857359 1.445810083525419 0.0 0.0 0.0 0.14316290656244413 0.9896991372051371
1629013208.080886364 -1.9178152040265883 1.446040030163791 0.0 0.0 0.0 0.1431628899921664 0.9896991396020767
1629013208.481552601 -1.9173996038581247 1.4458210227397819 0.0 0.0 0.0 0.14316286485204538 0.9896991432386688
1629013208.481552601 -1.9168922087425024 1.4462719115149683 0.0 0.0 0.0 0.1431629075491537 0.9896991370624066
1629013197.760605812 -1.6497739115203829 1.5389702568877108 0.0 0.0 0.0 0.05819822552122361 0.9983050468399831
1629013198.161396980 -1.3798255413531646 1.56773894907611 0.0 0.0 0.0 -0.029006252442821286 0.9995792301359724
1629013198.562168837 -1.0869278943865333 1.560634022270552 0.0 0.0 0.0 -0.1145825355163691 0.9934137318130045
1629013199.163362503 -0.7073042617297609 1.4080078984993551 0.0 0.0 0.0 -0.21525170626727175 0.9765586019021225
1629013199.263733149 -0.4730265307301916 1.427276980832776 0.0 0.0 0.0 -0.2568257489829399 0.9664577252313481
1629013199.363727808 -0.39892151148795335 1.4034780696503424 0.0 0.0 0.0 -0.2563251464588738 0.9665906161828993
1629013199.865200996 -0.07578616775365613 1.2447391219927644 0.0 0.0 0.0 -0.2166766349736919 0.9762434306342233
1629013200.065204859 0.058896178769547586 1.1933674663385567 0.0 0.0 0.0 -0.18721480309953417 0.982318999867356
1629013200.767469406 0.413134490096661 1.0500424830233581 0.0 0.0 0.0 -0.09527265507430369 0.9954512148744873
1629013201.067073822 0.5924751912786459 1.0295115840276805 0.0 0.0 0.0 -0.05762926289206599 0.9983380529953354
1629013201.267458916 0.6891837726030539 1.017986764665327 0.0 0.0 0.0 -0.03617279087740995 0.9993455504479615
1629013208.481552601 0.6879359109026792 1.016729672532295 0.0 0.0 0.0 -0.03617279840263082 0.9993455501755749
1629013209.383306265 0.6877859983240365 1.0169572552584685 0.0 0.0 0.0 -0.036172775976558796 0.9993455509873197
1629013209.383306265 0.6879128073380902 1.0163016816149448 0.0 0.0 0.0 -0.03617276798554215 0.9993455512765662
1629013209.383306265 3.3381300689684363 0.5368478104935448 0.0 0.0 0.0 0.17757536148639483 0.9841072050305171
1629013209.483502388 3.337602526675779 0.5364511954050823 0.0 0.0 0.0 0.1775753669540788 0.9841072040439112
1629013209.784077168 3.338209424142895 0.5356102343395002 0.0 0.0 0.0 0.17757536463283605 0.9841072044627635
1629013209.483502388 3.453292209307059 0.4924180401541084 0.0 0.0 0.0 0.25093575423047915 0.9680037434063882
1629013209.986763000 3.452872072286643 0.492364381932198 0.0 0.0 0.0 0.2509358015787945 0.9680037311322761
1629013209.986763000 3.453535670246656 0.49301550737923033 0.0 0.0 0.0 0.2509357464464468 0.9680037454242439
1629013209.784077168 3.520136690208333 0.5273073295371944 0.0 0.0 0.0 0.2955552295761829 0.9553256545650649
1629013209.986763000 3.5206602836720466 0.5268123958170542 0.0 0.0 0.0 0.29555521205555096 0.9553256599855351
1629013209.986763000 3.5777998464802967 0.5779693243795028 0.0 0.0 0.0 0.3245510145408674 0.9458681932280489
1629013209.986763000 3.5769587925123028 0.5780218255458509 0.0 0.0 0.0 0.32455098830124024 0.9458682022315203
1629013210.385328293 3.5774493290139984 0.5780052224390322 0.0 0.0 0.0 0.3245509896735244 0.9458682017606553
1629013210.385328293 3.5767043753304133 0.5781241782952081 0.0 0.0 0.0 0.3245509987053764 0.9458681986616014
1629013210.385328293 3.6693770043274756 0.6746126498302265 0.0 0.0 0.0 0.38062607809091004 0.9247290352731077
1629013210.385328293 3.669634665543843 0.6728756754594993 0.0 0.0 0.0 0.3806261152220786 0.9247290199896124
1629013210.786072731 3.669139214029902 0.6739032853540871 0.0 0.0 0.0 0.3806260891661955 0.924729030714429
1629013210.786072731 3.7573853659796046 0.7972934403450747 0.0 0.0 0.0 0.44163622121261364 0.8971942086934375
1629013210.786072731 3.757458091508314 0.797168511349264 0.0 0.0 0.0 0.44163625783550947 0.8971941906661274
1629013210.786072731 3.7577237150847105 0.7960943444062992 0.0 0.0 0.0 0.44163626243957144 0.8971941883998168
1629013211.487395525 3.7579027062487578 0.7967941259767319 0.0 0.0 0.0 0.44163628625635976 0.8971941766762035
1629013211.487395525 3.759284498745344 0.7967136650958244 0.0 0.0 0.0 0.44163628087808215 0.8971941793236153
1629013211.687815666 3.7584135666623504 0.7961113025344111 0.0 0.0 0.0 0.44163626739765655 0.8971941859592413
1629013211.487395525 3.9275120060527087 1.0765790117802725 0.0 0.0 0.0 0.5439233721096787 0.8391348909876386
1629013211.687815666 3.928021333295371 1.0773592457933598 0.0 0.0 0.0 0.5439233483718453 0.8391349063743924
1629013211.687815666 4.0407508938750025 1.3016686209779194 0.0 0.0 0.0 0.6002895024101312 0.7997827913228672
1629013211.687815666 4.039657006401848 1.3015388430092858 0.0 0.0 0.0 0.6002895191314583 0.799782778772413
1629013212.089605808 4.039386465448406 1.3017188838805327 0.0 0.0 0.0 0.6002895263957599 0.7997827733200773
1629013212.089605808 4.078830817429327 1.5053918814075586 0.0 0.0 0.0 0.6548006993931204 0.755801590415289
1629013212.389182568 4.079799132885948 1.5058707110268346 0.0 0.0 0.0 0.6548007059463553 0.75580158473779
1629013212.489371300 4.079569748534353 1.5055486514064678 0.0 0.0 0.0 0.6548006832351256 0.7558016044140239
1629013212.489371300 4.099649827872595 1.742392497554509 0.0 0.0 0.0 0.6786367232233945 0.7344740961345156
1629013212.790127516 4.0989210028865175 1.743222184183531 0.0 0.0 0.0 0.6786367397433268 0.7344740808704879
1629013212.790127516 4.098562293059865 1.742556816103362 0.0 0.0 0.0 0.6786367600041222 0.73447406214999
1629013212.790127516 4.0987677037748025 1.743473223027877 0.0 0.0 0.0 0.6786367645420743 0.734474057957029
1629013213.491334200 4.099217049451195 1.7436813080248912 0.0 0.0 0.0 0.6786367211146768 0.7344740980829211
1629013213.691732168 4.099065699823057 1.7442558494234495 0.0 0.0 0.0 0.6786367330583214 0.7344740870472753
1629013213.691732168 4.098457547644172 1.7435137397326614 0.0 0.0 0.0 0.6786367010557992 0.7344741166168497
1629013213.892106056 4.098069184633948 1.7433371115621272 0.0 0.0 0.0 0.6786366969675282 0.7344741203943154
1629013214.192687035 4.098155943823192 1.7435662390569149 0.0 0.0 0.0 0.6786367155752433 0.7344741032012267
1629013214.394271851 4.098192933696835 1.7447310108861058 0.0 0.0 0.0 0.6786367675992853 0.734474055132238
1629013214.394271851 4.096727747522032 1.744932822834383 0.0 0.0 0.0 0.6786367966585727 0.7344740282821381
1629013214.793873310 4.097993111904093 1.7453876869049936 0.0 0.0 0.0 0.6786368213246625 0.7344740054912482
1629013214.793873310 4.097404670212105 1.7448546282092847 0.0 0.0 0.0 0.6786368192374673 0.7344740074197678
1629013215.795802355 4.097316793389 1.745262581583252 0.0 0.0 0.0 0.6786368299379552 0.734473997532767
1629013215.795802355 4.097245465362307 1.7458433488335356 0.0 0.0 0.0 0.6786368575267548 0.734473972041359
1629013215.795802355 4.0974271767951 1.746500567084285 0.0 0.0 0.0 0.6786368474726657 0.7344739813311033
1629013212.790127516 4.101603951820876 1.9313298181482679 0.0 0.0 0.0 0.668739779207925 0.7434965418244632
1629013213.491334200 4.08185408402919 2.192129440723694 0.0 0.0 0.0 0.6215978000536634 0.7833365655760275
1629013213.691732168 4.087714063586511 2.2910102537376247 0.0 0.0 0.0 0.5958633313287452 0.8030858549232517
1629013213.992370605 4.143722279165359 2.4591921293759174 0.0 0.0 0.0 0.5556452849796817 0.8314194592862548
1629013214.192687035 4.145766795349108 2.5355107192903215 0.0 0.0 0.0 0.528289300886097 0.849064434874809
1629013214.394271851 4.157990458546051 2.6019438850676564 0.0 0.0 0.0 0.5006048511730767 0.8656759110556222
1629013214.793873310 4.133055102973589 2.6864715475474217 0.0 0.0 0.0 0.44741910426618303 0.8943244071016101
1629013215.094453812 4.122427721437424 2.742997706213636 0.0 0.0 0.0 0.4040419241595368 0.9147404678494655
1629013215.595432520 4.10738532828302 2.7912309632665333 0.0 0.0 0.0 0.3309218318703836 0.943658169673505
1629013215.695641518 4.105036685369088 2.795193783915556 0.0 0.0 0.0 0.3145278174723872 0.9492482562723288
1629013215.795802355 4.108311629335636 2.7902736123546936 0.0 0.0 0.0 0.29887691267242383 0.9542916698113844
1629013219.804655790 4.107704143027807 2.7912281943295736 0.0 0.0 0.0 0.29887692054386633 0.9542916673461083
1629013219.804655790 4.108474921889986 2.792073310676175 0.0 0.0 0.0 0.2988768938263769 0.9542916757138232
1629013220.204417229 4.109099957185984 2.7911290858047924 0.0 0.0 0.0 0.29887689033399045 0.9542916768076121
1629013220.204417229 5.948630674806087 2.821103257011759 0.0 0.0 0.0 -0.30118588734026 0.9535654467665343
1629013220.204417229 5.948853197725013 2.8220054542141515 0.0 0.0 0.0 -0.3011858721271364 0.9535654515716351
1629013220.204417229 5.948573112813552 2.822712636820939 0.0 0.0 0.0 -0.30118585530831815 0.9535654568838978
1629013220.204417229 5.94929072049458 2.8215099981359755 0.0 0.0 0.0 -0.3011858576366258 0.9535654561484965
1629013220.204417229 5.949272345204693 2.82207650524916 0.0 0.0 0.0 -0.3011858455810533 0.9535654599562768
1629013220.806005239 5.949570048020845 2.8228647573793944 0.0 0.0 0.0 -0.3011858540750575 0.9535654572734261
1629013220.806005239 5.949916817572454 2.823308044815034 0.0 0.0 0.0 -0.3011859117970786 0.9535654390417904
1629013220.806005239 6.241056337540203 2.734097700065236 0.0 0.0 0.0 -0.28734506027544204 0.9578271328038805
1629013220.806005239 6.239668130760969 2.734465951751585 0.0 0.0 0.0 -0.2873450777806162 0.9578271275523844
1629013220.806005239 6.239950457590105 2.734010512387422 0.0 0.0 0.0 -0.28734512079532204 0.957827114648109
1629013221.106210232 6.240336813379867 2.7343400001476392 0.0 0.0 0.0 -0.2873451024795189 0.9578271201427921
1629013221.106210232 6.241556249211163 2.735271620028121 0.0 0.0 0.0 -0.28734510636225663 0.9578271189779831
1629013221.106210232 6.294524404192894 2.7094583444135125 0.0 0.0 0.0 -0.2769411985292095 0.9608868677202353
1629013221.106210232 6.294606268060781 2.7098340306324786 0.0 0.0 0.0 -0.2769411732345361 0.960886875010518
1629013221.406772852 6.294922645330067 2.70993115096996 0.0 0.0 0.0 -0.27694119527273964 0.960886868658796
1629013221.406772852 6.294028374056427 2.709956929965522 0.0 0.0 0.0 -0.27694117782686645 0.9608868736869434
1629013221.707352638 6.294958223878072 2.711267125299135 0.0 0.0 0.0 -0.27694123563622797 0.9608868570254665
1629013221.807577133 6.295231673289429 2.7111466811613982 0.0 0.0 0.0 -0.27694123560821543 0.96088685703354
1629013221.907737732 6.295558602148417 2.710454905265529 0.0 0.0 0.0 -0.27694128545402563 0.9608868426672684
1629013221.907737732 6.295287563458682 2.7094706164534186 0.0 0.0 0.0 -0.2769412660210859 0.9608868482681184
1629013221.907737732 6.293498659106209 2.7091900199273 0.0 0.0 0.0 -0.27694128845948857 0.9608868418010512
1629013221.907737732 6.292531769206397 2.7095451228958787 0.0 0.0 0.0 -0.2769412757146519 0.9608868454742947
1629013221.907737732 6.292916688698555 2.7090439446328864 0.0 0.0 0.0 -0.27694127171696004 0.9608868466264865
1629013223.711259842 6.292730496270258 2.709861589050751 0.0 0.0 0.0 -0.2769412427599889 0.9608868549722974
1629013223.711259842 6.292296352001875 2.710053089157178 0.0 0.0 0.0 -0.2769412536970269 0.9608868518200876
1629013223.911646843 6.293247694589294 2.7086508420086157 0.0 0.0 0.0 -0.276941197103943 0.9608868681310173
1629013224.012077093 6.291975549026443 2.7079127235960843 0.0 0.0 0.0 -0.2769411840874083 0.9608868718825667
1629013221.406772852 6.254137973376022 2.7294762466934106 0.0 0.0 0.0 -0.29030654962380203 0.9569337005485401
1629013221.607167244 6.179397159417535 2.7636365880228344 0.0 0.0 0.0 -0.31253441721759045 0.9499064364738566
1629013221.707352638 6.138576766368825 2.7914772926324942 0.0 0.0 0.0 -0.32560511452959173 0.9455058484177512
1629013221.807577133 6.085071522414567 2.8220411702654253 0.0 0.0 0.0 -0.34168904839686665 0.9398130634363643
1629013221.907737732 6.031730761531552 2.8428034683310535 0.0 0.0 0.0 -0.3580976811604819 0.933684127929508
1629013223.711259842 5.864655868450469 2.872760148174817 0.0 0.0 0.0 -0.39908016315084954 0.916916039438449
1629013223.911646843 5.749751953467265 2.9390495287060854 0.0 0.0 0.0 -0.43670156923136394 0.8996064358545154
1629013224.012077093 5.713102281601328 2.997260972743247 0.0 0.0 0.0 -0.4563520448260225 0.8897993094979946
1629013224.212237358 5.645930134862101 3.0602718454585376 0.0 0.0 0.0 -0.4917142165266518 0.8707566418153703
1629013224.813429356 5.456214644344938 3.2455506103608616 0.0 0.0 0.0 -0.4957592163455765 0.8684600160101902
1629013225.014685154 5.369560267512325 3.376696480972764 0.0 0.0 0.0 -0.47504532819867135 0.8799613265119193
1629013225.614995480 5.096650376902967 3.7084250603189934 0.0 0.0 0.0 -0.3916070095320419 0.9201325720163216
1629013225.715173721 5.09696768652421 3.708101944905507 0.0 0.0 0.0 -0.39160704589716044 0.9201325565393822
1629013225.816148996 5.096555372172199 3.708305899065594 0.0 0.0 0.0 -0.39160702323433405 0.920132566184647
1629013225.715173721 5.05045170470613 3.745932788863991 0.0 0.0 0.0 -0.3741399607550268 0.9273722498361847
1629013225.915573120 5.050794672759622 3.745840750287041 0.0 0.0 0.0 -0.37413997900778717 0.9273722424722731
1629013225.816148996 4.999407225429396 3.7800619990244737 0.0 0.0 0.0 -0.3581134000633965 0.933678099076461
1629013226.015756130 4.998710269038165 3.779327435637616 0.0 0.0 0.0 -0.3581133781570579 0.9336781074786642
1629013225.915573120 4.945167823287553 3.7957941283564716 0.0 0.0 0.0 -0.3401474645966247 0.9403721084381905
1629013226.015756130 4.945585747500914 3.7959286011646647 0.0 0.0 0.0 -0.3401474482626153 0.94037211434646
1629013226.015756130 4.890940145236491 3.8307390032302053 0.0 0.0 0.0 -0.32030141050765015 0.947315684672649
1629013226.015756130 4.890973341307646 3.830527059117547 0.0 0.0 0.0 -0.3203014092410014 0.9473156851009217
1629013226.015756130 4.8898305319125885 3.8306823729326696 0.0 0.0 0.0 -0.3203013651419365 0.9473157000114649
1629013226.416540146 4.88896069316199 3.830783542973799 0.0 0.0 0.0 -0.3203013894256503 0.947315691800784
1629013226.416540146 4.888844055228068 3.8312503869343058 0.0 0.0 0.0 -0.32030141279721913 0.947315683898512
1629013226.416540146 4.707643976181545 3.8637618587102716 0.0 0.0 0.0 -0.2439671968872353 0.9697834845175417
1629013226.416540146 4.706642231579976 3.863753480622244 0.0 0.0 0.0 -0.24396718421895164 0.9697834877044855
1629013226.618190289 4.704666565061692 3.864154038068697 0.0 0.0 0.0 -0.24396716192983864 0.9697834933117288
1629013226.618190289 4.70555318877696 3.8651707078569064 0.0 0.0 0.0 -0.24396715376468955 0.9697834953658246
1629013226.618190289 4.574227811373935 3.9199129166033386 0.0 0.0 0.0 -0.20044683404891364 0.9797045813508107
1629013226.817325592 4.574043157893498 3.91881614580781 0.0 0.0 0.0 -0.20044685822670166 0.9797045764040528
1629013226.817325592 4.436671641448198 3.966980566714931 0.0 0.0 0.0 -0.15626450273544343 0.9877152449895894
1629013226.917517185 4.435929583021644 3.966996481814722 0.0 0.0 0.0 -0.1562645076471764 0.9877152442125137
1629013226.917517185 4.367522080139863 3.978268725006916 0.0 0.0 0.0 -0.1337408637303556 0.9910163375891734
1629013226.917517185 4.367239771535623 3.9784160681434306 0.0 0.0 0.0 -0.1337408929797902 0.991016333641867
1629013226.917517185 4.367375550285029 3.9796199008389013 0.0 0.0 0.0 -0.13374091972546084 0.991016330032451
1629013227.318311214 4.366475006442951 3.979686150840955 0.0 0.0 0.0 -0.13374090773759476 0.9910163316502529
1629013227.418504953 4.365674561408089 3.9796620172865964 0.0 0.0 0.0 -0.13374093682118174 0.991016327725327
1629013227.318311214 4.114603821264577 3.9575530917239514 0.0 0.0 0.0 -0.0509081768119406 0.9987033381008017
1629013227.418504953 4.114799119482982 3.9576645430766875 0.0 0.0 0.0 -0.050908145484952115 0.9987033396976717
1629013227.418504953 4.036690983501084 3.954963914044436 0.0 0.0 0.0 -0.026870223923442068 0.9996389303475051
1629013227.618903399 4.037442646022626 3.95544529765041 0.0 0.0 0.0 -0.02687024384344229 0.9996389298120567
1629013227.618903399 4.036824781891189 3.9559372979134304 0.0 0.0 0.0 -0.026870220005670766 0.9996389304528145
1629013227.618903399 4.03752971969729 3.955577498540002 0.0 0.0 0.0 -0.026870192421483693 0.9996389311942749
1629013227.618903399 3.90915925979487 3.941955580286647 0.0 0.0 0.0 -0.005842390624160042 0.9999829330902577
1629013227.819284201 3.910168534686462 3.941106284777458 0.0 0.0 0.0 -0.0058424085409142 0.999982932985579
1629013227.819284201 3.909859673524853 3.9412220382201024 0.0 0.0 0.0 -0.00584241371879811 0.9999829329553271
1629013227.819284201 3.909165485459038 3.942176633309779 0.0 0.0 0.0 -0.005842412130152555 0.9999829329646088
1629013228.220059395 3.910197052138516 3.9412051172321925 0.0 0.0 0.0 -0.005842388915545351 0.9999829331002402
1629013228.420449734 3.9099841272337854 3.94146218440404 0.0 0.0 0.0 -0.005842409511343243 0.9999829329799093
1629013228.420449734 3.909940757146884 3.9419008630540486 0.0 0.0 0.0 -0.005842433833555118 0.9999829328378063
1629013228.620867252 3.9109877592883437 3.9423767804342065 0.0 0.0 0.0 -0.005842450830271801 0.9999829327385023
1629013228.620867252 3.9111764271442917 3.9422908926124887 0.0 0.0 0.0 -0.005842513805389146 0.9999829323705649
1629013228.821250439 3.9124153771683807 3.9417167331825897 0.0 0.0 0.0 -0.00584248876889877 0.9999829325168431
1629013228.821250439 3.9122566626104804 3.941629721530162 0.0 0.0 0.0 -0.005842463815596938 0.9999829326626347
1629013229.021659851 3.9119167458212005 3.940573501163134 0.0 0.0 0.0 -0.005842466434262048 0.999982932647335
1629013229.121829271 3.911245595333227 3.9400857952123487 0.0 0.0 0.0 -0.005842466240119085 0.9999829326484693
1629013247.157055855 3.912648392855502 3.9396591799886114 0.0 0.0 0.0 -0.005842527449840623 0.9999829322908456
1629013227.819284201 3.7961789842639933 3.936956795436509 0.0 0.0 0.0 -0.009085870112392262 0.9999587226302398
1629013228.220059395 3.6929835313184953 3.9337879960485465 0.0 0.0 0.0 -0.021299053218170733 0.9997731494354154
1629013228.420449734 3.708947218212477 3.9367220757773635 0.0 0.0 0.0 -0.016350460062402043 0.9998663222930092
1629013228.620867252 3.753674505571144 3.9456437657246393 0.0 0.0 0.0 -0.004832224903261486 0.9999883247330862
1629013228.821250439 3.825144810071361 3.9462700196910427 0.0 0.0 0.0 0.015589666670608399 0.9998784737622364
1629013229.021659851 3.9093148136735403 3.952789179698257 0.0 0.0 0.0 0.044013641496501485 0.9990309301329051
1629013229.121829271 3.9529398935598534 3.9689300923934767 0.0 0.0 0.0 0.05982147167784386 0.998209092087573
1629013229.222027302 4.002616496951653 3.974800382035879 0.0 0.0 0.0 0.07662669505321178 0.9970598525691535
1629013229.422421217 4.113682744565696 3.9950321554556467 0.0 0.0 0.0 0.11285539973212863 0.9936114224138637
1629013230.023580551 4.367425358855945 4.054872935168585 0.0 0.0 0.0 0.21286900037549372 0.9770807482900981
1629013230.123798370 4.4939084355510595 4.056775766998805 0.0 0.0 0.0 0.2509726454098785 0.9679941793502518
1629013247.358104467 5.858569950866764 -1.9623392098272208 0.0 0.0 0.0 0.8321946884073061 0.5544835440179147
1629013247.358104467 5.859369874604848 -1.9635711424986935 0.0 0.0 0.0 0.8321946959609559 0.5544835326810457
1629013247.358104467 5.858484751235887 -1.964030260318495 0.0 0.0 0.0 0.8321946997072803 0.5544835270583874
1629013247.358104467 5.859248848175113 -1.963431998451144 0.0 0.0 0.0 0.8321946961405658 0.5544835324114786
1629013247.557822704 5.8826554483298725 -1.9668698615822973 0.0 0.0 0.0 0.8248997124246005 0.5652791031356205
1629013247.557822704 5.8837223736842645 -1.9676266374008977 0.0 0.0 0.0 0.8248997013873371 0.5652791192420626
1629013247.557822704 5.883317248507035 -1.9685217641591377 0.0 0.0 0.0 0.8248997034197427 0.5652791162762166
1629013247.557822704 5.8829370615771115 -1.9693173551187517 0.0 0.0 0.0 0.8248997046296673 0.5652791145105995
1629013247.958601952 5.883766642302726 -1.9714310728653617 0.0 0.0 0.0 0.8248996946632505 0.5652791290543778
1629013247.958601952 5.884313519617629 -1.9711024256107144 0.0 0.0 0.0 0.8248996676966144 0.565279168406209
1629013247.958601952 5.885441456840323 -1.9710559878550116 0.0 0.0 0.0 0.8248996526070516 0.5652791904260811
1629013248.259931803 5.885721913795696 -1.9702391908014028 0.0 0.0 0.0 0.8248996597971043 0.5652791799337931
1629013248.359395504 5.885446319721243 -1.9693659943648303 0.0 0.0 0.0 0.8248996952262072 0.5652791282328674
1629013248.459567547 5.884778187407762 -1.9677480386115864 0.0 0.0 0.0 0.824899677503776 0.5652791540948298
1629013248.559775829 5.883324623148248 -1.9672479338345412 0.0 0.0 0.0 0.8248996762915358 0.5652791558638258
1629013248.559775829 5.882881725363307 -1.9673939447612532 0.0 0.0 0.0 0.8248996685792327 0.5652791671182231
1629013248.559775829 5.882213469485653 -1.9676478523622718 0.0 0.0 0.0 0.8248996810298362 0.5652791489493261
1629013248.559775829 5.882387183161234 -1.9680511638298464 0.0 0.0 0.0 0.8248996877519802 0.5652791391398462
1629013252.868175983 5.8828471281110435 -1.9688416433553628 0.0 0.0 0.0 0.8248996899095417 0.5652791359913633
1629013252.868175983 5.8842537298571465 -1.9684247910304649 0.0 0.0 0.0 0.8248996729694238 0.5652791607117121
1629013253.068570137 5.883549724035906 -1.96843787181855 0.0 0.0 0.0 0.8248996691214183 0.5652791663270234
1629013253.168779850 5.883191643294235 -1.9697782141907205 0.0 0.0 0.0 0.8248996518353506 0.5652791915522074
1629013253.168779850 5.883237986394877 -1.9706234439872408 0.0 0.0 0.0 0.8248996501177766 0.565279194058626
1629013253.168779850 5.885029622901982 -1.9704054144319565 0.0 0.0 0.0 0.8248996439846399 0.5652792030085791
1629013253.168779850 5.8836504646152905 -1.9697818314015167 0.0 0.0 0.0 0.8248996686365749 0.565279167034545
1629013253.168779850 5.882584191575756 -1.9695585555613295 0.0 0.0 0.0 0.8248996550494521 0.5652791868619391
1629013253.168779850 5.882543740562492 -1.9702269870549138 0.0 0.0 0.0 0.8248996575703627 0.5652791831832289
1629013253.769940376 5.882670272170814 -1.9697564205724667 0.0 0.0 0.0 0.8248996345496418 0.5652792167768663
1629013253.769940376 5.8831787879173 -1.9705097154195403 0.0 0.0 0.0 0.8248996615862967 0.5652791773228634
1629013256.174642801 5.882705551881782 -1.9710314029088571 0.0 0.0 0.0 0.8248996607638371 0.5652791785230609
1629013256.174642801 5.88248292149454 -1.972066013728847 0.0 0.0 0.0 0.8248996615446236 0.5652791773836761
1629013256.174642801 5.882532732981436 -1.9708116258868007 0.0 0.0 0.0 0.8248996410561236 0.5652792072820991
1629013247.958601952 5.923461659141942 -1.9865992839498074 0.0 0.0 0.0 0.8333239618558 0.5527849261665454
1629013248.259931803 5.964110599287142 -2.01030747406635 0.0 0.0 0.0 0.8472582625982883 0.5311811710320029
1629013248.359395504 5.975745085273866 -2.015383443966852 0.0 0.0 0.0 0.8531535969152457 0.5216597934195988
1629013248.459567547 5.98753743091603 -2.0168093670614495 0.0 0.0 0.0 0.8585170989839177 0.5127849361596322
1629013248.559775829 6.004487972106594 -2.015956464234217 0.0 0.0 0.0 0.8643842962311096 0.5028317695104889
1629013248.960558414 6.070265807901951 -2.022901318352921 0.0 0.0 0.0 0.8866232173517958 0.46249245448196263
1629013249.261137486 6.124074711408124 -2.028363685020974 0.0 0.0 0.0 0.9037519216235308 0.4280566132671885
1629013249.461553097 6.171095934021934 -2.029598262045229 0.0 0.0 0.0 0.9143353670871647 0.40495782063516184
1629013249.661929369 6.228748738746489 -2.0855797648363583 0.0 0.0 0.0 0.923789723265974 0.3829001791435664
1629013250.263106346 6.410634324262338 -2.269610427150373 0.0 0.0 0.0 0.9216687857182647 0.3879776403771478
1629013250.363283634 6.447810249212007 -2.3185072731785215 0.0 0.0 0.0 0.9188461171780253 0.3946160322983173
1629013256.876011133 6.447537706104196 -2.3188112301263195 0.0 0.0 0.0 0.9188461223690944 0.39461602021114045
1629013256.876011133 6.4485188240585085 -2.3186335091549775 0.0 0.0 0.0 0.9188461301867967 0.3946160020079625
1629013256.876011133 7.546864665947929 -3.0112477754633384 0.0 0.0 0.0 0.8576218852979319 0.5142807617031974
1629013257.076419830 7.54576236540598 -3.0109287588595284 0.0 0.0 0.0 0.8576218936847957 0.5142807477171443
1629013257.076419830 7.542446138251656 -3.009505549565855 0.0 0.0 0.0 0.857177674314705 0.515020809925612
1629013257.276793480 7.542702419938311 -3.0099003368039363 0.0 0.0 0.0 0.8571776696559527 0.5150208176794316
1629013257.276793480 7.542534177598509 -3.0096615451316686 0.0 0.0 0.0 0.857177659514766 0.5150208345579701
1629013257.276793480 7.536709905549007 -3.0096148498202124 0.0 0.0 0.0 0.8558773462944068 0.5171788550395735
1629013257.276793480 7.5370869485223375 -3.009513482118362 0.0 0.0 0.0 0.855877337408082 0.5171788697455185
1629013257.276793480 7.537109462734868 -3.00962499887206 0.0 0.0 0.0 0.8558773344152993 0.5171788746982633
1629013257.276793480 7.536730869449407 -3.010153809680634 0.0 0.0 0.0 0.8558773356339565 0.5171788726815121
1629013257.276793480 7.537142914725669 -3.011024026634232 0.0 0.0 0.0 0.8558773429880248 0.5171788605112927
1629013258.078352928 7.537786735528029 -3.0117020856424355 0.0 0.0 0.0 0.8558773538517486 0.5171788425329567
1629013258.078352928 7.538798332444624 -3.010699592546443 0.0 0.0 0.0 0.8558773602392202 0.5171788319623534
1629013258.078352928 7.5383110338244546 -3.0108899194119028 0.0 0.0 0.0 0.8558773607659202 0.5171788310907193
1629013258.078352928 7.538687382894644 -3.00995901905766 0.0 0.0 0.0 0.8558773666763141 0.5171788213096301
1629013258.078352928 7.537666787252324 -3.0101699297313878 0.0 0.0 0.0 0.855877371029625 0.5171788141053513
1629013258.579374075 7.537966738629246 -3.0110001222782876 0.0 0.0 0.0 0.8558773846923667 0.5171787914949283
1629013258.779723406 7.537952681083895 -3.011110618145006 0.0 0.0 0.0 0.8558773682999703 0.5171788186226471
1629013258.779723406 7.53753177892599 -3.0106691315777736 0.0 0.0 0.0 0.855877377392886 0.5171788035748134
1629013258.779723406 7.537393686591035 -3.00980774273118 0.0 0.0 0.0 0.8558773678999999 0.5171788192845568
1629013258.980110645 7.538363389214709 -3.0112610318098056 0.0 0.0 0.0 0.8558773925987463 0.5171787784106879
1629013258.980110645 7.53747802706956 -3.0114766133487088 0.0 0.0 0.0 0.8558773845114691 0.5171787917942952
1629013259.581286430 7.537636861114143 -3.0116119329383366 0.0 0.0 0.0 0.8558773966180017 0.5171787717592359
1629013259.581286430 7.538000842327225 -3.0114787672342604 0.0 0.0 0.0 0.8558773948032329 0.5171787747624906
1629013258.078352928 7.461345136119599 -3.015929623955187 0.0 0.0 0.0 0.8349501477205495 0.5503255861955106
1629013258.579374075 7.397373129380812 -2.9571538974152265 0.0 0.0 0.0 0.8078929857943273 0.5893292148742729
1629013258.779723406 7.360708391705043 -2.913032425669071 0.0 0.0 0.0 0.7963064172322895 0.6048934533243643
1629013258.980110645 7.355589026717507 -2.898484626469856 0.0 0.0 0.0 0.7847316976673445 0.6198355932633487
1629013259.581286430 7.346328492165309 -2.892030504115875 0.0 0.0 0.0 0.7483493669363518 0.6633047753529002
1629013259.581286430 7.3468448015840995 -2.892335186074004 0.0 0.0 0.0 0.7483493480558073 0.6633047966541838
1629013259.581286430 7.346370076055577 -2.892849196906451 0.0 0.0 0.0 0.7483493446903076 0.6633048004511857
1629013259.581286430 7.347032082707207 -2.893538601452744 0.0 0.0 0.0 0.748349341914893 0.6633048035824455
1629013260.082254410 7.347222923452874 -2.893994910928493 0.0 0.0 0.0 0.7483493484524063 0.6633047962067355
1629013260.182537079 7.347483375697857 -2.894852075036428 0.0 0.0 0.0 0.7483493530720693 0.6633047909947699
1629013260.182537079 7.348008950448741 -2.8952709145406352 0.0 0.0 0.0 0.7483493582525628 0.6633047851500676
1629013260.382846355 7.3481139097059405 -2.895550853424049 0.0 0.0 0.0 0.7483493393015579 0.663304806530845
1629013260.382846355 7.347361969575059 -2.8961339568800493 0.0 0.0 0.0 0.7483493487111246 0.6633047959148461
1629013260.382846355 7.347636318415194 -2.8960319465774824 0.0 0.0 0.0 0.7483492992542585 0.6633048517127401
1629013260.683427811 7.347835711749773 -2.8950388415077932 0.0 0.0 0.0 0.748349340919145 0.6633048047058617
1629013260.783623695 7.3475916958152085 -2.893950488469737 0.0 0.0 0.0 0.7483493802341504 0.6633047603501447
1629013260.783623695 7.347916297708127 -2.894963415435789 0.0 0.0 0.0 0.7483493943964776 0.6633047443720158
1629013260.783623695 7.348739546639603 -2.894460890254548 0.0 0.0 0.0 0.7483493716584869 0.6633047700253238
1629013265.893932343 7.347928004426663 -2.8944046285328673 0.0 0.0 0.0 0.7483493603371854 0.6633047827981685
1629013260.082254410 7.351404157246235 -2.883458615286 0.0 0.0 0.0 0.7092633265129498 0.7049436386433917
1629013260.182537079 7.360661995733348 -2.880329608034295 0.0 0.0 0.0 0.7008858047289057 0.7132735020519929
1629013260.382846355 7.368613323747448 -2.876536840079513 0.0 0.0 0.0 0.6836582389574358 0.7298023104277058
1629013260.683427811 7.393321270952831 -2.862173816753826 0.0 0.0 0.0 0.6560781418241461 0.7546929652650642
1629013260.783623695 7.403054738890187 -2.850688489827073 0.0 0.0 0.0 0.6464388254463014 0.762965821616936
1629013260.984056950 7.425333396343812 -2.7907876890777845 0.0 0.0 0.0 0.6269793587312117 0.7790358680606424
1629013261.184803009 7.463169715192232 -2.67458109250798 0.0 0.0 0.0 0.6059736099264814 0.7954847478567194
1629013261.385650158 7.482808319687271 -2.636003962392927 0.0 0.0 0.0 0.5849354946858308 0.8110798154661737
1629013261.485024929 7.505535431164398 -2.624178542076845 0.0 0.0 0.0 0.574665662257759 0.8183882798658906
1629013262.086208582 7.630301876677558 -2.3529825665663195 0.0 0.0 0.0 0.5056516531388926 0.8627377386424596
1629013262.186375856 7.655433489157059 -2.260572701821123 0.0 0.0 0.0 0.48874949505506793 0.8724241692453368
1629013265.893932343 7.655858867662736 -2.2601971189042205 0.0 0.0 0.0 0.48874953541059685 0.8724241466373599
1629013265.893932343 7.655459970691859 -2.2604108047688785 0.0 0.0 0.0 0.48874952436682495 0.8724241528243027
1629013265.893932343 7.655459127799637 -2.260352319418264 0.0 0.0 0.0 0.4887494983766772 0.8724241673845048
1629013265.893932343 7.65568321817008 -2.2606781441986263 0.0 0.0 0.0 0.4887495280139087 0.8724241507811332
1629013266.795362473 7.655128299383387 -2.260107966664995 0.0 0.0 0.0 0.48874952463741717 0.8724241526727116
1629013266.795362473 7.656026316754227 -2.2596254173049943 0.0 0.0 0.0 0.48874954103764107 0.8724241434849767
1629013266.795362473 8.680715541811518 -0.8586131554750781 0.0 0.0 0.0 0.737343852811338 0.675517610963128
1629013266.795362473 8.681182351001706 -0.8585145566491603 0.0 0.0 0.0 0.7373438415584476 0.6755176232459305
1629013266.996018648 8.680161244112766 -0.8595953512389066 0.0 0.0 0.0 0.7373438321262318 0.6755176335414222
1629013266.996018648 8.714459325439593 -0.5372544142020292 0.0 0.0 0.0 0.828454565874163 0.5600562759957718
1629013266.996018648 8.713869081327394 -0.5372929826336006 0.0 0.0 0.0 0.8284545614661963 0.5600562825161881
1629013267.296465397 8.714177105321086 -0.5381747551186766 0.0 0.0 0.0 0.8284545532532356 0.5600562946650826
1629013267.396602631 8.714197984398668 -0.5383365606102878 0.0 0.0 0.0 0.8284545462069359 0.5600563050882116
1629013267.296465397 8.638541780793025 -0.33383158168927063 0.0 0.0 0.0 0.8722810753533987 0.48900483185784416
1629013267.396602631 8.638342087392488 -0.33413730876868913 0.0 0.0 0.0 0.8722810471906881 0.489004882094153
1629013267.396602631 8.604121571920214 -0.25687382951459964 0.0 0.0 0.0 0.8835286644587489 0.46837709068627553
1629013267.396602631 8.604854716788854 -0.2559599387676187 0.0 0.0 0.0 0.8835286814645431 0.46837705860719303
1629013267.596940279 8.605895206667281 -0.25574525967910555 0.0 0.0 0.0 0.8835286821046638 0.46837705739969354
1629013267.596940279 8.607485943135687 -0.25487657162012145 0.0 0.0 0.0 0.8835286705294338 0.46837707923476685
1629013267.596940279 8.5377715954696 -0.15350253017409382 0.0 0.0 0.0 0.9048504180757795 0.425729633579913
1629013267.596940279 8.53744549590169 -0.15391366069233453 0.0 0.0 0.0 0.9048504044433686 0.4257296625543871
1629013267.596940279 8.536867636437247 -0.15532920204430614 0.0 0.0 0.0 0.9048504258966971 0.42572961695724904
1629013267.596940279 8.536544348918172 -0.15501335779600936 0.0 0.0 0.0 0.9048504302732399 0.42572960765529644
1629013267.596940279 8.536988563595395 -0.15377838439040142 0.0 0.0 0.0 0.904850439306685 0.42572958845551145
1629013268.498708248 8.537579521170235 -0.15299474683099992 0.0 0.0 0.0 0.9048504387051184 0.425729589734088
1629013268.498708248 8.537763056018319 -0.15323907135382256 0.0 0.0 0.0 0.9048504294542713 0.4257296093959414
1629013268.498708248 8.538240366545978 -0.15349486278159252 0.0 0.0 0.0 0.904850425067128 0.42572961872042425
1629013268.498708248 8.538299703716765 -0.15354332474768034 0.0 0.0 0.0 0.904850432530254 0.4257296028582135
1629013268.498708248 8.537933615922437 -0.1530415081142792 0.0 0.0 0.0 0.9048504276901927 0.4257296131453334
1629013269.099856377 8.5383139410511 -0.15173805096693282 0.0 0.0 0.0 0.904850438469376 0.42572959023513757
1629013269.099856377 8.539159061420671 -0.15331219248623776 0.0 0.0 0.0 0.9048504348340615 0.42572959796167553
1629013269.200072765 8.539360222799402 -0.15312036944384216 0.0 0.0 0.0 0.9048504569208315 0.42572955101820487
1629013269.400448322 8.54045285167432 -0.1543732447300888 0.0 0.0 0.0 0.9048504714742286 0.42572952008624704
1629013269.500660896 8.540187440672481 -0.1555472616810655 0.0 0.0 0.0 0.9048504519115608 0.4257295616649662
1629013270.202024698 8.539697287947973 -0.15496792001564075 0.0 0.0 0.0 0.9048504475934971 0.42572957084262764
1629013271.204852819 8.539145804937357 -0.15518999135518355 0.0 0.0 0.0 0.9048504554653393 0.4257295541117248
1629013271.404375553 8.537708999665089 -0.15344931896299388 0.0 0.0 0.0 0.9048504592540917 0.42572954605906704
1629013271.404375553 8.537344688062557 -0.1525096716403564 0.0 0.0 0.0 0.904850456133324 0.4257295526919825
1629013271.404375553 8.53689894203581 -0.15250440564943935 0.0 0.0 0.0 0.904850483455822 0.4257294946204283
1629013271.404375553 8.536442548295028 -0.15115179964584394 0.0 0.0 0.0 0.9048504893752273 0.4257294820392542
1629013271.805147171 8.536747477047962 -0.15113808825761382 0.0 0.0 0.0 0.9048504935157532 0.4257294732389313
1629013271.905340433 8.538254181236786 -0.15112082538972255 0.0 0.0 0.0 0.9048505046029579 0.4257294496740534
1629013271.905340433 8.538719852937563 -0.15176738901683134 0.0 0.0 0.0 0.9048505058048153 0.42572944711961136
1629013271.905340433 8.5389377160375 -0.1507800029135878 0.0 0.0 0.0 0.9048505083064282 0.425729441802653
1629013272.206001997 8.53830591515668 -0.15064367756759425 0.0 0.0 0.0 0.9048505065268516 0.4257294455849867
1629013293.247035027 8.537532957917646 -0.15079217160659816 0.0 0.0 0.0 0.9048504984283908 0.42572946279755264
1629013268.498708248 8.320126434365982 -0.03359867581842926 0.0 0.0 0.0 0.9401001770966573 0.34089830891753287
1629013269.099856377 8.102490685853217 0.10926040828124722 0.0 0.0 0.0 0.9765328984865232 0.2153682849760141
1629013269.200072765 7.902898807703761 0.18855604466705153 0.0 0.0 0.0 0.9927276379850973 0.12038204509198885
1629013269.400448322 7.768510812727823 0.2150707175703287 0.0 0.0 0.0 0.9974616907310028 0.07120516500963502
1629013269.500660896 7.69327515755218 0.22917226294954862 0.0 0.0 0.0 0.9989213705355552 0.04643377528661717
1629013269.600833416 7.617425799175801 0.24070039864135068 0.0 0.0 0.0 0.999793221048157 0.02033507182556816
1629013269.702066660 7.541916622714656 0.2516244452424277 0.0 0.0 0.0 -0.9999748378756604 0.007093913979358322
1629013269.801248312 7.485664372066779 0.2587900874679272 0.0 0.0 0.0 -0.9994673404551063 0.03263487955541771
1629013269.901425600 7.4118919653393895 0.26563164864133887 0.0 0.0 0.0 -0.9983544717883734 0.05734412489660936
1629013270.202024698 7.194650587111562 0.2886960897180352 0.0 0.0 0.0 -0.9963639795294225 0.08519871064923797
1629013270.302225113 7.10364319544822 0.2959769635200933 0.0 0.0 0.0 -0.9968194416868266 0.07969316579960507
1629013293.848223686 4.483117951303313 -2.0698246588532694 0.0 0.0 0.0 0.5737449234852517 0.8190340425006171
1629013294.248976707 4.531925059660166 -1.9421169835822651 0.0 0.0 0.0 0.6112993815286643 0.7913994352681032
1629013294.449362993 4.5463424985585945 -1.899065308185658 0.0 0.0 0.0 0.6191729803899106 0.7852546213522563
1629013294.549557686 4.543933416632697 -1.8943322340640132 0.0 0.0 0.0 0.622178348632855 0.7828755344832877
1629013293.848223686 4.542882632846972 -1.8955723510053157 0.0 0.0 0.0 0.6221783357880687 0.7828755446914849
1629013293.848223686 4.54277498304124 -1.8958030285061418 0.0 0.0 0.0 0.6221783816341865 0.7828755082559835
1629013293.848223686 4.543487804043541 -1.896425531879385 0.0 0.0 0.0 0.6221783503703484 0.7828755331024415
1629013293.848223686 4.543984244734852 -1.8978144968646975 0.0 0.0 0.0 0.6221783428809998 0.7828755390544867
1629013294.248976707 4.545699047245923 -1.8989050596617352 0.0 0.0 0.0 0.6221783513954985 0.7828755322877192
1629013294.248976707 4.545963473314694 -1.899152052805663 0.0 0.0 0.0 0.6221783236043569 0.782875554374303
1629013294.248976707 4.546716399561832 -1.8992026465205911 0.0 0.0 0.0 0.6221783469451685 0.7828755358245507
1629013294.248976707 4.546532991770405 -1.8996537462099083 0.0 0.0 0.0 0.6221783081591542 0.7828755666491403
1629013294.449362993 4.545959600865282 -1.8987800387281806 0.0 0.0 0.0 0.6221783614243697 0.7828755243174271
1629013294.449362993 4.545868709175226 -1.8977452439098625 0.0 0.0 0.0 0.6221783346153493 0.7828755456234857
1629013294.449362993 4.54572417697289 -1.8975054581918462 0.0 0.0 0.0 0.6221783235355757 0.7828755544289657
1629013294.449362993 4.54491094236062 -1.896906192701641 0.0 0.0 0.0 0.62217833160299 0.7828755480175121
1629013294.449362993 4.5450242466488735 -1.8957931799524361 0.0 0.0 0.0 0.6221783105287898 0.7828755647659089
1629013294.549557686 4.544437917476792 -1.8964347795334582 0.0 0.0 0.0 0.6221783396578416 0.7828755416160422
1629013294.549557686 4.543908029461641 -1.8964567601940547 0.0 0.0 0.0 0.6221783640486941 0.7828755222317854
1629013294.549557686 4.544954090155121 -1.8957184226336867 0.0 0.0 0.0 0.622178311743285 0.7828755638007076
1629013295.150742054 4.5447283296007 -1.8952894975592953 0.0 0.0 0.0 0.6221783256661235 0.7828755527357456
1629013295.150742054 4.544609553531334 -1.8954578945413636 0.0 0.0 0.0 0.6221783074222171 0.7828755672348097
1629013295.150742054 4.544071577004617 -1.8952002529084047 0.0 0.0 0.0 0.6221783346944757 0.7828755455606012
1629013295.250942469 4.544312312878126 -1.8952395685135104 0.0 0.0 0.0 0.6221783390479686 0.7828755421007294
1629013295.250942469 4.5444816128366226 -1.8954524321181982 0.0 0.0 0.0 0.6221783289025636 0.7828755501636344
1629013295.250942469 4.544902473400138 -1.8965478019115933 0.0 0.0 0.0 0.6221782886722454 0.7828755821360608
1629013295.351131916 4.5454070260613415 -1.896426000084001 0.0 0.0 0.0 0.6221782905863272 0.7828755806148738
1629013295.651784420 4.546191174121086 -1.8970222754447021 0.0 0.0 0.0 0.6221783129740827 0.78287556282255
1629013295.651784420 4.546122261602515 -1.896941972559789 0.0 0.0 0.0 0.6221782947861974 0.7828755772770918
1629013296.252875090 4.545820783738358 -1.8966143861103484 0.0 0.0 0.0 0.6221783062939282 0.7828755681314999
1629013296.453254938 4.54600737294667 -1.8960812667200446 0.0 0.0 0.0 0.6221782937478945 0.782875578102267
1629013296.753854752 4.544763855693271 -1.8954470753942256 0.0 0.0 0.0 0.622178298324772 0.7828755744648641
1629013295.150742054 4.548205830338005 -1.884260419534018 0.0 0.0 0.0 0.631927806590508 0.7750272558160194
1629013295.250942469 4.5488673786435445 -1.8835054217318452 0.0 0.0 0.0 0.633038530063213 0.774120287458872
1629013295.351131916 4.548337769911172 -1.8837527613991076 0.0 0.0 0.0 0.6340109640855093 0.773324057183897
1629013295.651784420 4.546828451977714 -1.8836970261638604 0.0 0.0 0.0 0.6361025414956231 0.7716045338791169
1629013296.152692318 4.544140689424833 -1.883033996204155 0.0 0.0 0.0 0.63881219313469 0.7693627115362738
1629013296.252875090 4.548068939408277 -1.8837074525630804 0.0 0.0 0.0 0.6401261114085933 0.768269849397276
1629013296.453254938 4.5460459509112985 -1.883137558483548 0.0 0.0 0.0 0.6422081901391428 0.7665302606669919
1629013296.753854752 4.543334909214059 -1.882316507574269 0.0 0.0 0.0 0.6455209646563247 0.7637425509876794
1629013297.054462671 4.54105219250499 -1.8807971717295895 0.0 0.0 0.0 0.6489018495172099 0.7608721244027438
1629013297.154661655 4.540367664139107 -1.8815132153856926 0.0 0.0 0.0 0.6504546979662346 0.7595450519183536
1629013296.753854752 4.541042456129837 -1.8809951820821196 0.0 0.0 0.0 0.6504546906834677 0.7595450581551264
1629013297.054462671 4.541937220701966 -1.8809000592217204 0.0 0.0 0.0 0.6504546873083131 0.7595450610455212
1629013297.154661655 4.541984341852122 -1.8801223940185174 0.0 0.0 0.0 0.6504546512052615 0.7595450919632366
1629013297.154661655 4.542179281854738 -1.8799190698119779 0.0 0.0 0.0 0.6504546601504293 0.7595450843028276
1629013297.254834890 4.542728108182873 -1.8802087257218512 0.0 0.0 0.0 0.6504546647925916 0.7595450803274005
1629013297.254834890 4.543085493954133 -1.8808860572725676 0.0 0.0 0.0 0.6504546618199445 0.7595450828730982
1629013297.254834890 4.542160860553377 -1.8806201040002029 0.0 0.0 0.0 0.6520321551749638 0.7581913139952817
1629013297.555447102 4.5432151211826195 -1.8796411032757392 0.0 0.0 0.0 0.6520321485046328 0.7581913197316575
1629013297.555447102 4.542852595001149 -1.8803869690063677 0.0 0.0 0.0 0.6520321374496016 0.7581913292388036
1629013297.555447102 4.53615363188043 -1.8789123642880357 0.0 0.0 0.0 0.6553449236591357 0.7553297498670376
1629013297.755830765 4.536439745988543 -1.8792239224583163 0.0 0.0 0.0 0.6553449294643809 0.7553297448302467
1629013297.755830765 4.532831994323952 -1.8788150621593618 0.0 0.0 0.0 0.6575626208722407 0.7533998935702273
1629013297.856037855 4.532296347533963 -1.8781441051959464 0.0 0.0 0.0 0.6575626101475901 0.7533999029306337
1629013297.856037855 4.535027454253936 -1.8781745058503594 0.0 0.0 0.0 0.6591380831683498 0.7520219327367743
1629013297.856037855 4.5351979972472884 -1.8778296383932642 0.0 0.0 0.0 0.6591380809487755 0.7520219346822042
1629013297.956216335 4.534220789026874 -1.8770185399090622 0.0 0.0 0.0 0.6607528823089183 0.7506035095311351
1629013297.956216335 4.534934843246023 -1.8765661279365995 0.0 0.0 0.0 0.6607528968466755 0.7506034967336127
1629013298.056957483 4.53480660857933 -1.875690847987138 0.0 0.0 0.0 0.6607528629518761 0.7506035265710516
1629013298.056957483 4.53173064063453 -1.8761081966808624 0.0 0.0 0.0 0.6622003750810431 0.7493268067022064
1629013298.056957483 4.531510927736148 -1.8772589864937907 0.0 0.0 0.0 0.6622003776761634 0.7493268044088285
1629013298.156583786 4.531574455709579 -1.8777931808195263 0.0 0.0 0.0 0.6633780614446011 0.7482844028803508
1629013298.156583786 4.5319595011172895 -1.878504168691429 0.0 0.0 0.0 0.6633780516674369 0.7482844115481195
1629013298.356981039 4.530783313512569 -1.8780032682226153 0.0 0.0 0.0 0.6656384708790974 0.7462743638138302
1629013298.356981039 4.528949033909375 -1.8783426429668932 0.0 0.0 0.0 0.6656385042867642 0.7462743340159029
1629013298.557417154 4.528878766194426 -1.8780978359258405 0.0 0.0 0.0 0.6656384591421701 0.7462743742825674
1629013298.557417154 4.524977962677267 -1.8768061690062896 0.0 0.0 0.0 0.667619440515838 0.7445027082860877
1629013298.557417154 4.525274070651778 -1.8761915122355115 0.0 0.0 0.0 0.6676194430299762 0.7445027060315794
1629013298.557417154 4.525000562878081 -1.8752793316410572 0.0 0.0 0.0 0.6676194361416489 0.7445027122085632
1629013298.958150387 4.525117649968623 -1.8741827441817442 0.0 0.0 0.0 0.667619458599358 0.7445026920700154
1629013298.958150387 4.526087355667146 -1.873763017660751 0.0 0.0 0.0 0.6676194478842147 0.7445027016786281
1629013298.958150387 4.521527953968928 -1.8726340332338178 0.0 0.0 0.0 0.670628190813722 0.7417936570812088
1629013299.158659935 4.521736810549571 -1.8732331592523062 0.0 0.0 0.0 0.6706281848558824 0.7417936624674711
1629013299.158659935 4.5227378101712405 -1.8734788056357181 0.0 0.0 0.0 0.6706281661606743 0.7417936793691161
1629013299.358932257 4.52254953793958 -1.8727768820295452 0.0 0.0 0.0 0.6706281750069893 0.7417936713714905
1629013299.158659935 4.522133552786962 -1.872217249104604 0.0 0.0 0.0 0.6724596688210063 0.7401337675104025
1629013299.358932257 4.521016870683567 -1.872263550628185 0.0 0.0 0.0 0.6724596444667993 0.7401337896377829
1629013299.358932257 4.52117923779256 -1.8712669536793896 0.0 0.0 0.0 0.6724596370793 0.7401337963498059
1629013299.358932257 4.519239901177198 -1.8705558047760422 0.0 0.0 0.0 0.6744733153591603 0.7382992258349068
1629013299.358932257 4.51927592335714 -1.8706602246260111 0.0 0.0 0.0 0.6744732941162449 0.7382992452413732
1629013299.759720087 4.519837537886432 -1.8695237694974094 0.0 0.0 0.0 0.6744733167796108 0.7382992245372542
1629013299.759720087 4.519211854261013 -1.869481136954294 0.0 0.0 0.0 0.674473334771295 0.7382992081009492
1629013299.759720087 4.516648754938148 -1.867486356144608 0.0 0.0 0.0 0.6782282991666114 0.7348512599224182
1629013299.759720087 4.51721155675279 -1.868329476021827 0.0 0.0 0.0 0.6782282777888742 0.7348512796529225
1629013300.060306549 4.516425348087231 -1.8673321152174385 0.0 0.0 0.0 0.6782282847954724 0.7348512731862085
1629013300.060306549 4.511300853464393 -1.8653202053751983 0.0 0.0 0.0 0.6809591692384201 0.7323213842501942
1629013300.160758972 4.510994283096044 -1.8653113671550194 0.0 0.0 0.0 0.6809591420853865 0.7323214094988172
1629013300.160758972 4.508732890411768 -1.8633967410358665 0.0 0.0 0.0 0.6823312786497608 0.7310431082885485
1629013300.160758972 4.509160561663511 -1.8644963485500694 0.0 0.0 0.0 0.6823312867738391 0.7310431007058044
1629013300.361333370 4.508105908388368 -1.8641327451739458 0.0 0.0 0.0 0.6823312870955446 0.7310431004055353
1629013300.361333370 4.508605840884138 -1.8637783321038317 0.0 0.0 0.0 0.6840643562412071 0.7294216589328171
1629013300.461078167 4.5083385745572615 -1.864036868449064 0.0 0.0 0.0 0.6840643427625321 0.7294216715733532
1629013300.461078167 4.508175932613062 -1.862960857750329 0.0 0.0 0.0 0.6840643528118896 0.7294216621488908
1629013300.461078167 4.507910816085579 -1.8637194988886903 0.0 0.0 0.0 0.6844203887510912 0.7290876020491674
1629013300.461078167 4.50755725536316 -1.8634433819443321 0.0 0.0 0.0 0.6844204252150137 0.7290875678191886
1629013300.461078167 4.5072853958365515 -1.863323364816953 0.0 0.0 0.0 0.6844204438106503 0.7290875503628028
1629013300.461078167 4.50697387061829 -1.861875337793411 0.0 0.0 0.0 0.684420431394995 0.7290875620178203
1629013300.962058544 4.507294909060079 -1.861667098957283 0.0 0.0 0.0 0.6844204576815507 0.7290875373416944
1629013300.962058544 4.507163443315629 -1.8617301678156475 0.0 0.0 0.0 0.6832798835869369 0.730156559023763
1629013300.962058544 4.507439321332188 -1.8609362127377767 0.0 0.0 0.0 0.6832798575270793 0.7301565834105546
1629013300.962058544 4.507660958901193 -1.8614679218409715 0.0 0.0 0.0 0.6832798944094335 0.7301565488960798
1629013301.362841129 4.50765236920413 -1.8618978851490107 0.0 0.0 0.0 0.6832799215490108 0.7301565234988848
1629013301.362841129 4.50847038904995 -1.8620373763645348 0.0 0.0 0.0 0.6832799372112432 0.7301565088421793
1629013301.362841129 4.507762340079291 -1.8608184215359809 0.0 0.0 0.0 0.6832799279689732 0.7301565174910889
1629013301.362841129 4.507740449954323 -1.8615364961039471 0.0 0.0 0.0 0.6836363471653027 0.729822817425217
1629013301.362841129 4.5075427203233565 -1.861313482139186 0.0 0.0 0.0 0.6836363287454064 0.7298228346794191
1629013301.362841129 4.508140910757084 -1.861458218216086 0.0 0.0 0.0 0.6836363457271084 0.729822818772396
1629013301.863822460 4.508048957818788 -1.8619948613772082 0.0 0.0 0.0 0.683636312055547 0.7298228503130679
1629013301.863822460 4.508727248326647 -1.8623112411029974 0.0 0.0 0.0 0.6836363060242598 0.7298228559626675
1629013301.863822460 4.5094034164030345 -1.8632747038121595 0.0 0.0 0.0 0.6836363108180685 0.729822851472233
1629013301.863822460 4.508734460357977 -1.862856835865228 0.0 0.0 0.0 0.6836363052973033 0.7298228566436188
1629013301.863822460 4.507939651547471 -1.8635636017476576 0.0 0.0 0.0 0.683636289406584 0.7298228715287
1629013302.164443970 4.508760828031752 -1.8633087712543417 0.0 0.0 0.0 0.6836362957035809 0.7298228656302063
1629013302.164443970 4.508555320767598 -1.8637259020737098 0.0 0.0 0.0 0.6836363008508941 0.7298228608086389
1629013302.164443970 4.508622319808998 -1.8634134290326685 0.0 0.0 0.0 0.6836362965251573 0.729822864860623
1629013302.164443970 4.5073858785399 -1.8632033891160518 0.0 0.0 0.0 0.6836363253791382 0.7298228378326544
1629013302.164443970 4.507937156117981 -1.8625524499865294 0.0 0.0 0.0 0.6836363589835627 0.7298228063548695
1629013302.164443970 4.5086669455765085 -1.8616667737662609 0.0 0.0 0.0 0.6836363973697126 0.7298227703979648
1629013302.665424824 4.508409837437979 -1.8620201313804843 0.0 0.0 0.0 0.6836364082271378 0.7298227602276447
1629013302.665424824 4.509253403751123 -1.8618997814732903 0.0 0.0 0.0 0.6845444068260556 0.7289711620380904
1629013302.865775824 4.508641702785974 -1.8625448214502933 0.0 0.0 0.0 0.6845443893128587 0.7289711784839545
1629013302.865775824 4.507991110488944 -1.863275955383343 0.0 0.0 0.0 0.6845443874783608 0.7289711802066497
1629013302.865775824 4.507958570881394 -1.8628096852012226 0.0 0.0 0.0 0.684544447347753 0.7289711239859639
1629013302.865775824 4.507908018650818 -1.8633615406897768 0.0 0.0 0.0 0.6847223926586522 0.7288039825575945
1629013302.865775824 4.507339808287456 -1.8636198888622244 0.0 0.0 0.0 0.6847223712176623 0.728804002701729
1629013302.865775824 4.507191018291319 -1.8634886564944984 0.0 0.0 0.0 0.6847223693394386 0.7288040044663485
1629013302.865775824 4.5072764719419265 -1.8631988458967168 0.0 0.0 0.0 0.6847223534964403 0.7288040193510844
1629013303.867745638 4.507561778298705 -1.8630412300295072 0.0 0.0 0.0 0.684722362594584 0.7288040108032413
1629013303.867745638 4.50807675157844 -1.8623501307294714 0.0 0.0 0.0 0.6847223486685159 0.7288040238869922
1629013303.867745638 4.506121157728316 -1.861813104896254 0.0 0.0 0.0 0.6849002402453942 0.72863685118981
1629013304.068133831 4.507583611378537 -1.861729616346398 0.0 0.0 0.0 0.6849002124223705 0.7286368773427486
1629013304.168321133 4.507490082897838 -1.8623867966941736 0.0 0.0 0.0 0.6849002394902862 0.7286368518995924
1629013304.068133831 4.50775113894231 -1.8617719365566876 0.0 0.0 0.0 0.6847223287998403 0.7288040425539113
1629013304.168321133 4.508128060780113 -1.8617477760376862 0.0 0.0 0.0 0.6847223097404448 0.7288040604604988
1629013304.168321133 4.50813044446119 -1.8612508528329261 0.0 0.0 0.0 0.6847223074491978 0.7288040626131596
1629013304.168321133 4.508191635851468 -1.8613545329654935 0.0 0.0 0.0 0.6847223223189137 0.728804048642839
1629013304.370109081 4.50787925229281 -1.8616826131549162 0.0 0.0 0.0 0.6847223144621362 0.7288040560243991
1629013304.370109081 4.507800894915831 -1.8617743427102433 0.0 0.0 0.0 0.6843663357416305 0.7291383397569859
1629013304.370109081 4.507979280107671 -1.8631349978104967 0.0 0.0 0.0 0.6843663680524873 0.7291383094301433
1629013304.370109081 4.509306898001273 -1.8635311184207097 0.0 0.0 0.0 0.6843663658898502 0.7291383114599861
1629013304.769490957 4.50867259463997 -1.8637914983707806 0.0 0.0 0.0 0.6843663472072145 0.7291383289954344
1629013304.769490957 4.509194303181285 -1.8629526459454755 0.0 0.0 0.0 0.6843663508591801 0.729138325567714
1629013304.769490957 4.511511542080151 -1.8638832964026728 0.0 0.0 0.0 0.6838786952904784 0.7295957306123666
1629013304.769490957 4.510340759974992 -1.864604193684941 0.0 0.0 0.0 0.6838787013050321 0.7295957249746894
1629013304.769490957 4.509908052019015 -1.8627233970360053 0.0 0.0 0.0 0.683878679147419 0.7295957457438891
1629013304.769490957 4.510588364088231 -1.8625248503433731 0.0 0.0 0.0 0.6838787105285218 0.7295957163291505
1629013305.271343708 4.509882191689399 -1.8616724638843734 0.0 0.0 0.0 0.6838787130795629 0.7295957139379595
1629013305.271343708 4.510056507909074 -1.8615979337712854 0.0 0.0 0.0 0.6833152707529394 0.7301234421355317
1629013305.271343708 4.511039050991603 -1.8620750178312988 0.0 0.0 0.0 0.6833152636163654 0.7301234488145802
1629013305.470873833 4.511780407919612 -1.8611499894390786 0.0 0.0 0.0 0.6833152843808895 0.7301234293812685
1629013305.470873833 4.510795419043383 -1.861597215900292 0.0 0.0 0.0 0.6834413452978655 0.7300054297999734
1629013305.470873833 4.510571474694751 -1.8621179960542913 0.0 0.0 0.0 0.6834413216709844 0.7300054519197908
1629013305.571066380 4.511446571533226 -1.8614058181037618 0.0 0.0 0.0 0.6834413066798068 0.7300054659547408
1629013305.571066380 4.512090804285333 -1.861850021242488 0.0 0.0 0.0 0.683659557531592 0.7298010752223567
1629013305.571066380 4.51206623732469 -1.862656471796068 0.0 0.0 0.0 0.6836595878220508 0.7298010468470044
1629013305.571066380 4.512615727597901 -1.8613281664624013 0.0 0.0 0.0 0.683659609031793 0.7298010269782415
1629013305.571066380 4.513315930998158 -1.8619811851502004 0.0 0.0 0.0 0.683659628921111 0.7298010083464183
1629013306.072058678 4.512384174546694 -1.860479644928595 0.0 0.0 0.0 0.6836596184843835 0.7298010181232877
1629013306.172584057 4.511812864087358 -1.861240407114678 0.0 0.0 0.0 0.6836595918137753 0.7298010431076556
1629013306.072058678 4.512308931550591 -1.8602448729680165 0.0 0.0 0.0 0.6831554748829873 0.730272960705379
1629013306.272438526 4.51338362519441 -1.8606111140148438 0.0 0.0 0.0 0.6831554873299611 0.7302729490614885
1629013306.172584057 4.514478286485442 -1.8610179110288927 0.0 0.0 0.0 0.6828735493417946 0.7305365942985605
1629013306.272438526 4.515013658630803 -1.8609278348139007 0.0 0.0 0.0 0.682873537339471 0.7305366055178057
1629013306.272438526 4.514394621980264 -1.8622428508907913 0.0 0.0 0.0 0.6825397943220993 0.7308484310489736
1629013306.272438526 4.513769499082429 -1.8609033715390315 0.0 0.0 0.0 0.6825398124612676 0.7308484141087929
1629013306.575726032 4.51423132874043 -1.862232133081108 0.0 0.0 0.0 0.6825397625274622 0.7308484607420033
1629013306.575726032 4.514515075933346 -1.8606270237687592 0.0 0.0 0.0 0.6825397627447627 0.7308484605390662
1629013306.575726032 4.514292322569895 -1.860321094460174 0.0 0.0 0.0 0.6820193745035182 0.7313341047714306
1629013306.575726032 4.514174269129154 -1.859533110143199 0.0 0.0 0.0 0.6820193562011777 0.731334121839622
1629013306.575726032 4.513927162720916 -1.858896479378308 0.0 0.0 0.0 0.6820193761298383 0.7313341032547751
1629013306.575726032 4.514410566170265 -1.8601186708020387 0.0 0.0 0.0 0.6820193685620178 0.7313341103122885
1629013307.374596596 4.514255893154813 -1.8605125649474425 0.0 0.0 0.0 0.6820193932600116 0.7313340872797095
1629013307.374596596 4.5147008467433505 -1.8608612530468005 0.0 0.0 0.0 0.6820193639057601 0.7313341146545691
1629013307.374596596 4.514175095987959 -1.8604219243785307 0.0 0.0 0.0 0.6820193529022778 0.7313341249160731
1629013307.374596596 4.514569970594529 -1.860522316999007 0.0 0.0 0.0 0.6821978975000343 0.7311675790450043
1629013307.374596596 4.514119878362035 -1.8604906274066255 0.0 0.0 0.0 0.6821978850601356 0.7311675906517452
1629013307.374596596 4.513548619635334 -1.8599233232368335 0.0 0.0 0.0 0.6821978778882347 0.7311675973433103
1629013307.374596596 4.513780583108836 -1.8604672402164386 0.0 0.0 0.0 0.6821978899667678 0.731167586073733
1629013307.975763083 4.513474051708994 -1.8604500185059103 0.0 0.0 0.0 0.6821978521873379 0.7311676213228969
1629013308.075963020 4.514455445575578 -1.8617339440097198 0.0 0.0 0.0 0.6821978473546251 0.73116762583194
1629013308.075963020 4.5143457288916755 -1.8610564591371181 0.0 0.0 0.0 0.6821978841268531 0.7311675915225214
1629013307.975763083 4.514969586649205 -1.8613470793503009 0.0 0.0 0.0 0.6827331749059965 0.7306677848945977
1629013308.075963020 4.514703962266344 -1.860385115700406 0.0 0.0 0.0 0.6827331993174596 0.7306677620846194
1629013308.075963020 4.515217808745269 -1.8590843645116297 0.0 0.0 0.0 0.6829516650251597 0.7304635673593599
1629013308.075963020 4.515564945907381 -1.8592324825428654 0.0 0.0 0.0 0.6829516750055514 0.7304635580281276
1629013308.476742268 4.515308204327627 -1.8598709597886565 0.0 0.0 0.0 0.6829516689584034 0.730463563681948
1629013308.577086210 4.516086179728617 -1.859327539082723 0.0 0.0 0.0 0.6829516500177811 0.7304635813906059
1629013308.476742268 4.515620991521362 -1.859094268925565 0.0 0.0 0.0 0.6830777319763033 0.7303456798517464
1629013308.577086210 4.516380341355148 -1.8595086642684953 0.0 0.0 0.0 0.6830777442312689 0.7303456683899215
1629013308.577086210 4.5172665357120385 -1.8589410368326615 0.0 0.0 0.0 0.6833596181903315 0.7300819352831327
1629013308.777350664 4.5187878789742655 -1.8579402570339634 0.0 0.0 0.0 0.6833596311262968 0.7300819231750171
1629013308.777350664 4.516410620787895 -1.8579456959212521 0.0 0.0 0.0 0.6830261166891433 0.7303939511801483
1629013308.777350664 4.5161631613566575 -1.858771944507072 0.0 0.0 0.0 0.6830261295068476 0.7303939391937032
1629013308.777350664 4.516514842352765 -1.859109851621671 0.0 0.0 0.0 0.6830261235340932 0.73039394477911
1629013308.777350664 4.516346428913216 -1.8590057974658651 0.0 0.0 0.0 0.6830260986932266 0.7303939680089853
1629013308.777350664 4.517302730161815 -1.859607204791691 0.0 0.0 0.0 0.683026105660705 0.7303939614933652
