1629013127.723922968 -0.0018245415482616464 -0.0008030488292085906 0.0 0.0 0.0 -8.668699113685316e-09 1.0
1629013127.723922968 -0.0016049654167289698 -0.0006022315436056464 0.0 0.0 0.0 3.954599067819503e-08 0.9999999999999992
1629013127.723922968 -0.0008502962638632595 -0.0005989780218569606 0.0 0.0 0.0 2.6649484741766907e-08 0.9999999999999997
1629013127.723922968 -0.0006980010215940418 -0.001990749296970029 0.0 0.0 0.0 2.774925144299049e-08 0.9999999999999997
1629013128.224887848 -0.0011558937978493802 -0.00244029024876247 0.0 0.0 0.0 1.4315907214091233e-08 0.9999999999999999
1629013128.325093031 -0.0008636846258572735 -0.0024430483559741505 0.0 0.0 0.0 4.8283788194931814e-09 1.0
1629013128.224887848 -0.0006176455437964011 0.0009031352289458802 0.0 0.0 0.0 -2.7657442273497095e-08 0.9999999999999997
1629013128.425327301 -0.0002238279512081428 0.0010062924071543495 0.0 0.0 0.0 -3.1450372553808656e-08 0.9999999999999996
1629013128.325093031 0.00034265137480387974 -0.00037182659962410565 0.0 0.0 0.0 0.0005178676940977906 0.9999998659065167
1629013128.525490284 -0.00011047477167499533 -0.001398778702643872 0.0 0.0 0.0 0.0005178359832213509 0.9999998659229382
1629013128.425327301 -0.0012293689445905536 0.0016536704197976449 0.0 0.0 0.0 -0.00039563012973666136 0.9999999217383971
1629013128.625700474 -0.0010916242925351008 0.001664518074685812 0.0 0.0 0.0 -0.00039564498085723203 0.9999999217325215
1629013128.525490284 -0.002573059132490255 0.0012200368923817296 0.0 0.0 0.0 0.00012222144117288525 0.9999999925309596
1629013128.625700474 -0.004931083197402938 0.005116828562195276 0.0 0.0 0.0 0.000122404270381506 0.9999999925085973
1629013128.625700474 -0.004308681405868965 0.004878992406628182 0.0 0.0 0.0 0.00012237268349706912 0.9999999925124632
1629013128.625700474 -0.004455900355324013 0.0036607507803717377 0.0 0.0 0.0 0.0008128810880898895 0.9999996696121137
1629013128.625700474 -0.0004924368350165909 -0.0017404243702338184 0.0 0.0 0.0 0.0008129148518724329 0.9999996695846672
1629013128.926275730 0.0066399195137110106 -0.0017910580172051244 0.0 0.0 0.0 0.0008127669237465258 0.9999996697049093
1629013128.926275730 0.0057273982400546505 -0.002076209080875924 0.0 0.0 0.0 0.00029484350937194613 0.9999999565336516
1629013128.926275730 -0.0037266413476261494 0.0016351135211805997 0.0 0.0 0.0 0.0002950128856054673 0.9999999564836978
1629013128.926275730 -0.003785499258300598 0.001218585469806291 0.0 0.0 0.0 0.00029504106103693073 0.9999999564753852
1629013128.926275730 0.003469402887939873 0.003313600300151813 0.0 0.0 0.0 0.0002949216057053052 0.9999999565106223
1629013128.926275730 0.008208555938860851 0.0028218626866022677 0.0 0.0 0.0 0.00029491259942974573 0.9999999565132784
1629013129.327075481 0.008534520323175365 0.004151855905454709 0.0 0.0 0.0 0.0007177715610952227 0.9999997424019599
1629013129.327075481 -0.0022938189559425946 0.0028552129496546177 0.0 0.0 0.0 0.0007175392822655658 0.9999997425686561
1629013129.327075481 -0.0026504847712932535 0.0026804111589444337 0.0 0.0 0.0 0.0007175212109018902 0.9999997425816228
1629013129.327075481 -0.002222850026698239 0.0023585078695800617 0.0 0.0 0.0 0.0007175524609703133 0.9999997425591998
1629013129.727863789 -0.0022698177648939654 0.003028899452543369 0.0 0.0 0.0 0.0007181859291690114 0.9999997421044523
1629013129.727863789 -0.0025795420647213613 0.0032299703149480646 0.0 0.0 0.0 0.0007181577810922484 0.9999997421246675
1629013129.928267002 0.002128106214403677 -0.001057428810229097 0.0 0.0 0.0 0.0007179380727362186 0.9999997422824286
1629013129.928267002 0.0025813939682755036 -0.0015623708250165058 0.0 0.0 0.0 0.0007179431717279865 0.9999997422787679
1629013129.928267002 0.0025419284285859533 -0.0012743179758027447 0.0 0.0 0.0 0.0007179313513391294 0.9999997422872542
1629013129.928267002 -0.0013611259246120602 -0.003324883173904119 0.0 0.0 0.0 0.0007175193628264861 0.9999997425829489
1629013130.128615141 0.000100424119100013 -0.0014720403804566575 0.0 0.0 0.0 0.0007175190942112561 0.9999997425831416
1629013130.128615141 -0.0005203363664729435 -0.0014914588953333558 0.0 0.0 0.0 0.000717528159896063 0.9999997425766367
1629013130.128615141 0.007994471409468497 -0.0019438816679001535 0.0 0.0 0.0 0.0007180312362381346 0.9999997422155387
1629013130.128615141 -0.0022529704176368352 -0.004712228144501331 0.0 0.0 0.0 0.0007178783864576358 0.9999997423252779
1629013130.128615141 0.002603837868602093 -0.0068648647748437526 0.0 0.0 0.0 0.0007177701576646287 0.9999997424029672
1629013130.128615141 -0.0013330364760795127 0.0045426676944870775 0.0 0.0 0.0 0.0007178076766102765 0.9999997423760365
1629013130.729794502 -0.0017001319954117482 -0.00378644597140606 0.0 0.0 0.0 0.0007180929785730758 0.9999997421712038
1629013130.830001831 -0.008650243753855013 0.00028833391387861167 0.0 0.0 0.0 0.0007175478244848467 0.9999997425625267
1629013130.830001831 -0.002351280953148489 0.00200646008098488 0.0 0.0 0.0 0.0007176056239421922 0.9999997425210511
1629013130.729794502 -0.0031477514926568934 0.0001994104289828522 0.0 0.0 0.0 0.0014293196471844632 0.9999989785221514
1629013130.830001831 -0.001374884989192911 -0.002229702144833418 0.0 0.0 0.0 0.002600152396902263 0.9999966195980429
1629013130.830001831 -0.007905682135855987 -0.0012131410218443493 0.0 0.0 0.0 0.0026001640721326573 0.9999966195676854
1629013130.830001831 -0.003199241137207186 -0.007590848034718068 0.0 0.0 0.0 0.002600408005668709 0.9999966189333862
1629013131.230769873 0.003283264540359115 -0.002474331382469331 0.0 0.0 0.0 0.002600552484888521 0.9999966185576696
1629013131.230769873 -0.0012102818037383325 -0.011855995827686662 0.0 0.0 0.0 0.0026004159997835455 0.9999966189125982
1629013131.230769873 0.005471702991058492 -0.009101118154375585 0.0 0.0 0.0 0.002599782289451847 0.9999966205603135
1629013131.230769873 0.005896014538858702 0.0010413855679191025 0.0 0.0 0.0 0.002600447854540163 0.9999966188297618
1629013131.230769873 -0.0022547267572167063 -0.003502420705068239 0.0 0.0 0.0 0.002600648819124463 0.9999966183071418
1629013131.631546736 -0.0027676059354205793 -0.002918594724431579 0.0 0.0 0.0 0.0026000604901514316 0.999996619837011
1629013131.731744289 -0.0028686822114777173 -0.003677724496571183 0.0 0.0 0.0 0.002600385134798876 0.9999966189928597
1629013131.831948757 -0.0013342273434722386 0.0043620848537369765 0.0 0.0 0.0 0.0026000110043089683 0.9999966199656765
1629013131.831948757 -0.0032654810039178476 0.005394744781257783 0.0 0.0 0.0 0.0026000382640940663 0.9999966198948
1629013131.831948757 -0.006292951074654328 7.053949988746654e-05 0.0 0.0 0.0 0.0026002196928132334 0.9999966194230604
1629013131.831948757 -0.0029570486121946868 -0.004261019293318888 0.0 0.0 0.0 0.0026004103283655787 0.9999966189273463
1629013131.831948757 0.00442159396596969 0.0049197622998308314 0.0 0.0 0.0 0.0026002767960001294 0.9999966192745774
1629013132.533311367 0.0029857473580390662 0.001306049497185539 0.0 0.0 0.0 0.0026006569200325647 0.9999966182860741
1629013132.533311367 -0.0006405845241961674 -0.0034693415077787387 0.0 0.0 0.0 0.002600633972922836 0.9999966183457516
1629013132.533311367 -0.000513247908405032 -0.004052218727165079 0.0 0.0 0.0 0.0026006149602210912 0.9999966183951967
1629013132.533311367 0.008541600822453043 0.003537906116440242 0.0 0.0 0.0 0.0026002964949528714 0.9999966192233544
1629013132.533311367 0.008875505278677113 -0.005615121291195768 0.0 0.0 0.0 0.0026006947290055683 0.9999966181877449
1629013132.934135914 -4.794582542495496 0.291929729470799 0.0 0.0 0.0 0.0026004668928609016 0.9999966187802533
1629013132.934135914 -4.795674730665227 0.29287604236150444 0.0 0.0 0.0 0.002600451662732279 0.9999966188198587
1629013133.134488583 -4.796455645928566 0.2932426347219441 0.0 0.0 0.0 0.0026004039105972107 0.9999966189440351
1629013133.134488583 -4.795672449977349 0.2911578657266879 0.0 0.0 0.0 0.002600379644197633 0.9999966190071374
1629013133.134488583 -4.794634820521453 0.2900075753704229 0.0 0.0 0.0 0.0026003903010840823 0.9999966189794254
1629013133.134488583 -4.795765582967528 0.2891892589159428 0.0 0.0 0.0 0.0026003589202485597 0.9999966190610275
1629013133.134488583 -4.796388623973059 0.2896637999518345 0.0 0.0 0.0 0.00260035378980778 0.9999966190743685
1629013133.635461807 -4.797150408366442 0.28905515332529214 0.0 0.0 0.0 0.002600358089133784 0.9999966190631888
1629013133.635461807 -4.798008012535717 0.28951698511712726 0.0 0.0 0.0 0.002600353238330554 0.9999966190758026
1629013133.635461807 -4.7989048188529235 0.2909314667100588 0.0 0.0 0.0 0.0026003366302610915 0.9999966191189895
1629013135.038238049 -4.7981603182869925 0.29009303429888145 0.0 0.0 0.0 0.00260031451554455 0.9999966191764952
1629013135.038238049 -4.798381827258171 0.2903287301016049 0.0 0.0 0.0 0.0026003335405117055 0.9999966191270239
1629013137.552075386 -4.799008989889861 0.29117457092836996 0.0 0.0 0.0 0.0026003545409479132 0.9999966190724153
1629013137.552075386 -4.800192486881858 0.2909703013831674 0.0 0.0 0.0 0.0026003294938485755 0.9999966191375466
1629013138.044185638 -4.8014195152806725 0.2892833575527687 0.0 0.0 0.0 0.0026003733362797866 0.9999966190235405
1629013138.044185638 -4.802020568033084 0.28983355754390216 0.0 0.0 0.0 0.0026003380117802302 0.9999966191153971
1629013138.044185638 -4.80337638184606 0.2905604216717679 0.0 0.0 0.0 0.0026003091391503235 0.9999966191904754
1629013138.044185638 -4.8041166094215635 0.29102179422553814 0.0 0.0 0.0 0.0026003713965097198 0.9999966190285846
1629013138.044185638 -4.803887998916792 0.28982501415064965 0.0 0.0 0.0 0.0026003192909163767 0.9999966191640777
1629013138.545035839 -4.804539290580019 0.2889085409002744 0.0 0.0 0.0 0.0026003459449828823 0.9999966190947679
1629013138.545035839 -4.804638758702377 0.28842682068290537 0.0 0.0 0.0 0.0026003036781069703 0.999996619204676
1629013138.545035839 -4.804844178918782 0.28940789794693383 0.0 0.0 0.0 0.0026002771012827545 0.9999966192737836
1629013138.945878506 -4.804941930537912 0.28858405150929356 0.0 0.0 0.0 0.002600330853336809 0.9999966191340115
1629013138.945878506 -4.804595881011552 0.28728107750711374 0.0 0.0 0.0 0.0026003390845997427 0.9999966191126074
1629013131.230769873 -4.759383153010959 0.28125247024921396 0.0 0.0 0.0 0.007141538342473173 0.9999744988898982
1629013131.631546736 -4.689333123037928 0.27839486246931583 0.0 0.0 0.0 0.014620477330098096 0.9998931151091301
1629013131.731744289 -4.685654387158283 0.27073956878623767 0.0 0.0 0.0 0.01627607033635664 0.9998675359938465
1629013131.831948757 -4.684200331403171 0.2664138309742913 0.0 0.0 0.0 0.018002157020648047 0.9998379480408832
1629013132.533311367 -4.6627054913208 0.25326995312898826 0.0 0.0 0.0 0.02324585516576416 0.9997297785990034
1629013132.934135914 -4.647102470618883 0.2511895662569463 0.0 0.0 0.0 0.024679430621200853 0.9996954164665423
1629013133.134488583 -4.646528801399232 0.24953830913124483 0.0 0.0 0.0 0.024334293966737804 0.999703877224221
1629013133.635461807 -4.646921391681076 0.24592171234464832 0.0 0.0 0.0 0.01860739827023683 0.9998268673773539
1629013135.038238049 -4.6431945460733575 0.22983124505311275 0.0 0.0 0.0 -0.027558913915725854 0.9996201810006566
1629013135.243909359 -4.639986881173156 0.21546523321805672 0.0 0.0 0.0 -0.03705675355895272 0.9993131626350525
1629013135.639563084 -4.629524868237701 0.19240101282820452 0.0 0.0 0.0 -0.053734772712604954 0.9985552434400036
1629013138.945878506 -4.62955990113684 0.19249617982062842 0.0 0.0 0.0 -0.053734755025794514 0.9985552443917752
1629013138.945878506 -4.6286622446901236 0.19391868577659865 0.0 0.0 0.0 -0.053734739445984135 0.9985552452301636
1629013138.945878506 -4.627803854740263 0.19372488076502356 0.0 0.0 0.0 -0.053734734242579976 0.9985552455101717
1629013139.446808338 -4.626840239846355 0.19515699490179045 0.0 0.0 0.0 -0.05373471271805577 0.9985552466684595
1629013139.446808338 -4.62759796394364 0.19565365226456213 0.0 0.0 0.0 -0.053734755596461355 0.9985552443610661
1629013139.446808338 -4.627429932756258 0.19535396368673066 0.0 0.0 0.0 -0.05373470771036319 0.9985552469379357
1629013139.446808338 -4.627317028702562 0.19572447049583788 0.0 0.0 0.0 -0.05373475316727743 0.9985552444917867
1629013139.446808338 -3.6505599899300702 -0.359282488571797 0.0 0.0 0.0 -0.24916008946925616 0.9684623120264785
1629013139.847644329 -3.6507537769324054 -0.359367246967356 0.0 0.0 0.0 -0.2491600901704813 0.9684623118460716
1629013139.847644329 -3.6512659385074318 -0.35892187863470315 0.0 0.0 0.0 -0.2491601168319466 0.9684623049867717
1629013139.847644329 -3.6508598926231937 -0.3586559748595304 0.0 0.0 0.0 -0.24916012925921732 0.9684623017895586
1629013140.047982454 -3.651384308751395 -0.35808630713572026 0.0 0.0 0.0 -0.2491601173876003 0.9684623048438165
1629013140.248363495 -3.6520752283303355 -0.3582908134647687 0.0 0.0 0.0 -0.24916014283604146 0.9684622982965952
1629013140.248363495 -3.6519238051937397 -0.3571296237976702 0.0 0.0 0.0 -0.24916013832483647 0.9684622994572109
1629013140.248363495 -3.6513699164995557 -0.3572113264272173 0.0 0.0 0.0 -0.24916015545929385 0.9684622950489609
1629013140.248363495 -3.6511580809287127 -0.3568326185474259 0.0 0.0 0.0 -0.24916010878256034 0.968462307057669
1629013140.649135590 -3.6519571357896488 -0.3567554015979412 0.0 0.0 0.0 -0.24916009677616358 0.9684623101466019
1629013140.649135590 -3.652809011718822 -0.35642107731504585 0.0 0.0 0.0 -0.2491600490607492 0.9684623224225324
1629013140.649135590 -3.652048021236726 -0.3563531398489194 0.0 0.0 0.0 -0.24916005141327716 0.9684623218172884
1629013140.649135590 -3.6524098584239306 -0.35674859460710145 0.0 0.0 0.0 -0.2491600185584048 0.9684623302699881
1629013139.847644329 -3.5560248478131458 -0.427689584503723 0.0 0.0 0.0 -0.2565752056442735 0.966524269663519
1629013140.047982454 -3.516169282825795 -0.4653808636256951 0.0 0.0 0.0 -0.26048262186305277 0.9654785361194468
1629013140.248363495 -3.4438909385968226 -0.48541226009290556 0.0 0.0 0.0 -0.2632152530524224 0.964737130290189
1629013140.649135590 -3.325614775028146 -0.5274633134443846 0.0 0.0 0.0 -0.26477723334674375 0.9643096062475184
1629013141.250308990 -3.3256655612466015 -0.5291408759584159 0.0 0.0 0.0 -0.26477726059477746 0.9643095987658348
1629013141.250308990 -3.1852272671491875 -0.6240882865072956 0.0 0.0 0.0 -0.260295102184023 0.9655291087165674
1629013141.250308990 -3.186051199150613 -0.6244200081575803 0.0 0.0 0.0 -0.26029516990367413 0.9655290904601567
1629013141.250308990 -3.1858006750311105 -0.6244849087769119 0.0 0.0 0.0 -0.2602952064000108 0.9655290806211773
1629013141.250308990 -3.1857418223892178 -0.6254355821269819 0.0 0.0 0.0 -0.2602952461550442 0.9655290699036901
1629013141.751293659 -3.185412761253025 -0.6253461632060615 0.0 0.0 0.0 -0.2602952623208471 0.9655290655455803
1629013141.751293659 -3.017485451083621 -0.7294454471298973 0.0 0.0 0.0 -0.24895276633416327 0.9685156272020434
1629013141.751293659 -3.017483794654462 -0.7294523092576332 0.0 0.0 0.0 -0.24895273480349417 0.9685156353068654
1629013141.751293659 -3.0179924977014867 -0.7302902249763942 0.0 0.0 0.0 -0.24895271077737435 0.9685156414826748
1629013141.751293659 -3.01886686753822 -0.7301683861714807 0.0 0.0 0.0 -0.24895275705996783 0.9685156295859353
1629013141.751293659 -3.019257574778129 -0.7288210649580394 0.0 0.0 0.0 -0.24895276260254595 0.9685156281612395
1629013142.853490353 -3.01881334143444 -0.7286765917894069 0.0 0.0 0.0 -0.248952759607012 0.9685156289312286
1629013142.853490353 -2.644017490231667 -0.8899345394861193 0.0 0.0 0.0 -0.19445335565542132 0.9809117658965796
1629013142.853490353 -2.643111686582919 -0.8892405453720871 0.0 0.0 0.0 -0.19445335405615932 0.9809117662136131
1629013142.853490353 -2.643008919372613 -0.8905398189233236 0.0 0.0 0.0 -0.19445335723061252 0.9809117655843179
1629013143.053889513 -2.546638653851338 -0.923147615165034 0.0 0.0 0.0 -0.17527658832849558 0.984519231698357
1629013143.053889513 -2.547448130168298 -0.9222556162818397 0.0 0.0 0.0 -0.17527662120547152 0.9845192258451806
1629013143.154386997 -2.5479188050110246 -0.923160091173306 0.0 0.0 0.0 -0.17527661198611902 0.9845192274865268
1629013143.154386997 -2.5240059352508157 -0.9514725419152268 0.0 0.0 0.0 -0.16370839492573178 0.9865087741276509
1629013143.254235268 -2.523887720683888 -0.9504390162873848 0.0 0.0 0.0 -0.16370837206935784 0.9865087779206025
1629013143.254235268 -2.508643212523018 -0.9710636802886471 0.0 0.0 0.0 -0.15134878514019337 0.9884804222829037
1629013143.354449272 -2.5077337217562707 -0.9711615740640723 0.0 0.0 0.0 -0.15134879445567423 0.9884804208565864
1629013143.354449272 -2.505032065958992 -0.9822180733053865 0.0 0.0 0.0 -0.13737104786788817 0.9905196591727387
1629013143.454634190 -2.5065687255316083 -0.9820922477832945 0.0 0.0 0.0 -0.13737105814514822 0.9905196577474282
1629013143.454634190 -2.50253226066043 -0.9972700447762811 0.0 0.0 0.0 -0.12348468216034288 0.9923464784397429
1629013143.454634190 -2.5014314865448677 -0.9971112359505866 0.0 0.0 0.0 -0.12348472142377595 0.9923464735539158
1629013143.454634190 -2.502017587454028 -0.9984174678261056 0.0 0.0 0.0 -0.12348467901394401 0.9923464788312715
1629013143.454634190 -2.5017390605535743 -0.9981229357815986 0.0 0.0 0.0 -0.12348463278413584 0.9923464845839719
1629013143.454634190 -2.500670262140833 -0.9995325280077091 0.0 0.0 0.0 -0.12348465720677716 0.992346481544891
1629013144.055785656 -2.501012569073314 -0.9988048868592178 0.0 0.0 0.0 -0.12348468761837184 0.9923464777605617
1629013144.055785656 -2.4292191300887347 -1.119673103254449 0.0 0.0 0.0 -0.050578262391291866 0.9987201006155216
1629013144.055785656 -2.4285345416692588 -1.1186038006296248 0.0 0.0 0.0 -0.05057823432127244 0.9987201020370735
1629013144.256221533 -2.429022831046413 -1.1186459443654628 0.0 0.0 0.0 -0.05057822544591645 0.9987201024865485
1629013144.256221533 -2.402194912738671 -1.1286585310853723 0.0 0.0 0.0 -0.015277848093073018 0.9998832868678449
1629013144.357876301 -2.4030602906481477 -1.1291048606167737 0.0 0.0 0.0 -0.01527788227360373 0.9998832863455784
1629013144.357876301 -2.4021949995988154 -1.1285550607881525 0.0 0.0 0.0 -0.015277885589605165 0.999883286294911
1629013144.357876301 -2.399285044108893 -1.1321828798801237 0.0 0.0 0.0 0.0037358716908815646 0.9999930216070056
1629013144.357876301 -2.3995844970099087 -1.1326828283682908 0.0 0.0 0.0 0.003735913385270924 0.9999930214512388
1629013144.656959772 -2.4002292718700726 -1.13432279108723 0.0 0.0 0.0 0.0037358888653566394 0.9999930215428434
1629013144.757164955 -2.3995427856279266 -1.132985462999744 0.0 0.0 0.0 0.0037359250707250753 0.9999930214075826
1629013144.656959772 -2.3803979548189047 -1.1531902317312601 0.0 0.0 0.0 0.05580427404479578 0.9984417273924069
1629013144.757164955 -2.380845428283279 -1.1533458803697094 0.0 0.0 0.0 0.05580428215209018 0.998441726939279
1629013144.757164955 -2.377587070292513 -1.1571554812285587 0.0 0.0 0.0 0.07321401094779817 0.9973162530516264
1629013144.957559347 -2.377329510463644 -1.157651233100192 0.0 0.0 0.0 0.07321397946529225 0.997316255362789
1629013145.057746887 -2.3772365998871208 -1.1568344424083075 0.0 0.0 0.0 0.07321401579380654 0.9973162526958759
1629013144.957559347 -2.361177157729186 -1.1658229044862973 0.0 0.0 0.0 0.10712494586651036 0.9942455662325567
1629013145.157940865 -2.360799991913242 -1.1653454338712605 0.0 0.0 0.0 0.10712492204092927 0.9942455687996425
1629013145.057746887 -2.3602289565418872 -1.163366073583748 0.0 0.0 0.0 0.12558545353028444 0.9920828059499835
1629013145.258138657 -2.3602058294389483 -1.1636205777507629 0.0 0.0 0.0 0.12558547186511165 0.9920828036290203
1629013145.157940865 -2.36160372169737 -1.1557561396127376 0.0 0.0 0.0 0.14254068747444582 0.9897889433683892
1629013145.258138657 -2.3618709450010185 -1.1551562238655706 0.0 0.0 0.0 0.14254073132878128 0.989788937052873
1629013145.258138657 -2.3633123101714544 -1.147597635241576 0.0 0.0 0.0 0.15937741720838886 0.9872177261799867
1629013145.258138657 -2.3625723824772646 -1.1481437126140803 0.0 0.0 0.0 0.15937739850667107 0.9872177291992106
1629013145.658915520 -2.3633986332201196 -1.149270105726166 0.0 0.0 0.0 0.15937742592559892 0.9872177247726716
1629013145.658915520 -2.362869136437238 -1.1506424779034148 0.0 0.0 0.0 0.1593774012522793 0.9872177287559568
1629013145.658915520 -2.3631301091761174 -1.1501693496613459 0.0 0.0 0.0 0.15937738077592273 0.9872177320616797
1629013145.859305143 -2.3642104321963306 -1.1487388543299795 0.0 0.0 0.0 0.1593774206441263 0.9872177256253177
1629013145.859305143 -2.363345812115559 -1.149891802618966 0.0 0.0 0.0 0.15937747242762534 0.9872177172653364
1629013145.959497690 -2.363001989878885 -1.149168538197721 0.0 0.0 0.0 0.15937750725240157 0.987217711643187
1629013145.959497690 -2.362850059938631 -1.149791532543035 0.0 0.0 0.0 0.15937745916356316 0.9872177194067004
1629013145.959497690 -2.3631849424012112 -1.1496839363433617 0.0 0.0 0.0 0.1593774644672814 0.9872177185504626
1629013146.260293722 -2.362586111745603 -1.1503945424961188 0.0 0.0 0.0 0.1593774500503702 0.9872177208779438
1629013146.360308409 -2.3622590478973367 -1.1513487772340487 0.0 0.0 0.0 0.1593774478910797 0.9872177212265419
1629013146.360308409 -2.3615499709774705 -1.1513336197976227 0.0 0.0 0.0 0.15937745480082594 0.9872177201110253
1629013146.360308409 -2.361769123185182 -1.1504638252563455 0.0 0.0 0.0 0.15937745652841107 0.9872177198321221
1629013147.662840843 -2.3610643463772294 -1.1511989339367448 0.0 0.0 0.0 0.15937748230949178 0.9872177156699973
1629013147.963420868 -2.3607227142065508 -1.151426308130933 0.0 0.0 0.0 0.15937746464135574 0.9872177185223598
1629013148.163911819 -2.3617277780611308 -1.1522023211300823 0.0 0.0 0.0 0.1593775089899332 0.987217711362678
1629013145.658915520 -2.287019733159297 -1.1152636223636736 0.0 0.0 0.0 0.22746355734705245 0.9737865937047111
1629013145.859305143 -2.2450678580598686 -1.0637006049154427 0.0 0.0 0.0 0.25356948514273014 0.9673171745629511
1629013145.959497690 -2.2259150282163374 -1.0432295789957848 0.0 0.0 0.0 0.26149785533098674 0.9652040570041623
1629013146.260293722 -2.160072696530322 -0.9768457096421952 0.0 0.0 0.0 0.2676823812438197 0.96350720950683
1629013146.360308409 -2.1397282580876302 -0.9437787059757256 0.0 0.0 0.0 0.26675618897240133 0.9637640456278292
1629013146.761072397 -2.0626612806913074 -0.8491610391159655 0.0 0.0 0.0 0.25027116483612966 0.9681757815869837
1629013146.861275196 -2.0517806187275833 -0.8267902136950285 0.0 0.0 0.0 0.24500323770936105 0.9695222604519869
1629013146.961471319 -2.048742857628843 -0.8087321816595121 0.0 0.0 0.0 0.2393206999238181 0.9709405762393359
1629013147.363122463 -2.0086349518558055 -0.7278084805499279 0.0 0.0 0.0 0.21372779258691024 0.9768932544940244
1629013147.662840843 -1.9372435389717408 -0.6735533662848956 0.0 0.0 0.0 0.19286691248238974 0.9812249253201379
1629013147.963420868 -1.8406938170716058 -0.632828854239913 0.0 0.0 0.0 0.17401746358245374 0.9847425665463687
1629013148.163911819 -1.8407092902797302 -0.6316361156873367 0.0 0.0 0.0 0.17401746548568395 0.984742566210042
1629013148.163911819 -1.841390775259119 -0.6331533565000882 0.0 0.0 0.0 0.17401750055253334 0.9847425600132499
1629013148.464430809 -1.8408079113177713 -0.6320229815251885 0.0 0.0 0.0 0.1740175181894208 0.9847425568965701
1629013148.464430809 -1.7236157934750922 -0.5734580925943185 0.0 0.0 0.0 0.14302550720111906 0.9897190026921089
1629013148.564584255 -1.722747676596707 -0.572963569890712 0.0 0.0 0.0 0.14302553374557023 0.9897189988561373
1629013148.564584255 -1.7032022227794579 -0.5523787619796092 0.0 0.0 0.0 0.1371513075235927 0.9905501092042588
1629013148.564584255 -1.7039169476857947 -0.5517565375822864 0.0 0.0 0.0 0.13715135924140887 0.9905501020434221
1629013148.564584255 -1.7029260072601171 -0.5524956210646015 0.0 0.0 0.0 0.13715133720996672 0.9905501050938907
1629013148.967636585 -1.702881889414348 -0.5524112615901751 0.0 0.0 0.0 0.13715133780072533 0.9905501050120944
1629013148.967636585 -1.7023585942737716 -0.5515273021433174 0.0 0.0 0.0 0.13715128788896402 0.990550111922864
1629013148.967636585 -1.6616482990028603 -0.523840191070615 0.0 0.0 0.0 0.11306638972905587 0.9935874352635692
1629013148.967636585 -1.6607404688826537 -0.5241001919740393 0.0 0.0 0.0 0.11306640624846274 0.9935874333837247
1629013148.967636585 -1.6614726465654235 -0.5240870098791856 0.0 0.0 0.0 0.11306637211540933 0.9935874372679335
1629013148.967636585 -1.6605890468206885 -0.523601655175127 0.0 0.0 0.0 0.11306636344437515 0.9935874382546633
1629013149.566569805 -1.6606757703754929 -0.5222660417268999 0.0 0.0 0.0 0.11306633815476118 0.9935874411325222
1629013149.566569805 -1.660297341887113 -0.5224328496721569 0.0 0.0 0.0 0.11306629111672857 0.9935874464852639
1629013149.566569805 -1.533598742425215 -0.47392031968533044 0.0 0.0 0.0 0.09195282170973135 0.9957633647506914
1629013149.566569805 -1.5345371725485704 -0.47412749962218237 0.0 0.0 0.0 0.09195286593928709 0.9957633606663541
1629013149.566569805 -1.5348302691123372 -0.4739545821839797 0.0 0.0 0.0 0.09195288795564892 0.9957633586332728
1629013149.566569805 -1.5359351956756124 -0.47430039648256417 0.0 0.0 0.0 0.09195285318410891 0.9957633618442193
1629013149.566569805 -1.535104036164031 -0.47436961051215143 0.0 0.0 0.0 0.09195280512324032 0.995763366282355
1629013150.267954588 -1.5344243502571062 -0.47449924091285944 0.0 0.0 0.0 0.09195280388119643 0.9957633663970503
1629013150.267954588 -1.2833290069292715 -0.4186514233769961 0.0 0.0 0.0 0.10027573688889982 0.9949596859126445
1629013150.368111134 -1.2833467186306433 -0.4185088734647621 0.0 0.0 0.0 0.10027571937660526 0.9949596876775985
1629013150.368111134 -1.2093643691032387 -0.40340057898330045 0.0 0.0 0.0 0.1044681201212267 0.9945282358376443
1629013150.468353271 -1.2087776338757803 -0.4037769810423894 0.0 0.0 0.0 0.10446815028645037 0.9945282326690015
1629013150.468353271 -1.1895468841604462 -0.4042278136370786 0.0 0.0 0.0 0.10915632111308027 0.9940245960543723
1629013150.571737289 -1.1894587477622034 -0.4039097920068365 0.0 0.0 0.0 0.1091562957445466 0.994024598840154
1629013150.571737289 -1.1826019466041389 -0.4062346917608469 0.0 0.0 0.0 0.11586603170549335 0.9932648502271797
1629013150.668736935 -1.183166184921789 -0.406202072547335 0.0 0.0 0.0 0.11586599628106867 0.9932648543594983
1629013150.668736935 -1.1829843623101624 -0.4003154132387145 0.0 0.0 0.0 0.12371266984233562 0.9923180817260568
1629013150.768898010 -1.183484261401784 -0.4019698212113944 0.0 0.0 0.0 0.1237127092664331 0.9923180768110389
1629013150.768898010 -1.1830973591169944 -0.40102075825374184 0.0 0.0 0.0 0.13310721966855368 0.9911016436633063
1629013150.869095564 -1.1832219035527398 -0.40106077783898336 0.0 0.0 0.0 0.13310721397602437 0.991101644427826
1629013150.869095564 -1.1834498325003096 -0.39975531503366596 0.0 0.0 0.0 0.14272503761319272 0.989762377360502
1629013150.869095564 -1.182033032809531 -0.4006373885518233 0.0 0.0 0.0 0.14272502796093794 0.9897623787523697
1629013150.869095564 -1.1827486405111445 -0.399648631702818 0.0 0.0 0.0 0.14272502458370945 0.9897623792393705
1629013150.869095564 -1.182889358986669 -0.39934937268982085 0.0 0.0 0.0 0.1427250111054421 0.9897623811829541
1629013150.869095564 -1.18298329229494 -0.39834786185511933 0.0 0.0 0.0 0.142725025806515 0.9897623790630404
1629013151.470263958 -1.1829966319894685 -0.39841709031892014 0.0 0.0 0.0 0.14272502487482724 0.989762379197391
1629013151.570468903 -1.1835278610181363 -0.3977399927057514 0.0 0.0 0.0 0.14272500111604797 0.9897623826234376
1629013151.470263958 -1.1872855488542526 -0.3519805569471892 0.0 0.0 0.0 0.2088597429529833 0.9779456057335775
1629013151.570468903 -1.1876275846817779 -0.35240067175391143 0.0 0.0 0.0 0.20885968486337625 0.9779456181397671
1629013151.570468903 -1.1885638935089917 -0.35166439261252774 0.0 0.0 0.0 0.21932444160401685 0.9756519816589757
1629013151.570468903 -1.1889839502071553 -0.3513493432173904 0.0 0.0 0.0 0.21932443990056735 0.9756519820419074
1629013151.770849705 -1.1882925418670072 -0.3504962011436509 0.0 0.0 0.0 0.21932450903204845 0.9756519665012985
1629013151.971232891 -1.188058120513999 -0.3505877689111064 0.0 0.0 0.0 0.21932450363415426 0.9756519677147337
1629013151.971232891 -1.1865393474096815 -0.35006293156878676 0.0 0.0 0.0 0.21932449910672008 0.9756519687324914
1629013151.770849705 -1.1874544583198967 -0.32541626113312666 0.0 0.0 0.0 0.24154983558408388 0.9703884154962393
1629013151.971232891 -1.1890989321227297 -0.2919023991876874 0.0 0.0 0.0 0.26402238739858797 0.9645165519328064
1629013152.171621323 -1.18909800205048 -0.2915160019903542 0.0 0.0 0.0 0.26402232377224033 0.964516569349592
1629013152.171621323 -1.190176683978791 -0.29188854506435796 0.0 0.0 0.0 0.2640223341432286 0.9645165665106854
1629013152.171621323 -1.1884966095217018 -0.2768719100647807 0.0 0.0 0.0 0.28583794253022504 0.958277971472833
1629013152.171621323 -1.1884549770316464 -0.2764699151039276 0.0 0.0 0.0 0.2858379605581808 0.9582779660954017
1629013152.171621323 -1.1890606182694208 -0.2757023356691969 0.0 0.0 0.0 0.2858379453808668 0.9582779706225353
1629013152.171621323 -1.1877635277457448 -0.27665338468827516 0.0 0.0 0.0 0.28583797307611064 0.9582779623615169
1629013152.672604084 -1.1880132074846141 -0.27747772290096906 0.0 0.0 0.0 0.2858379708087481 0.9582779630378324
1629013152.772806168 -1.187900126949725 -0.27712939107881523 0.0 0.0 0.0 0.28583789326337444 0.9582779861682912
1629013152.672604084 -1.1707473781566944 -0.18093869786092748 0.0 0.0 0.0 0.3408367841915329 0.9401224848614006
1629013152.872993946 -1.171218738425109 -0.18041922291347648 0.0 0.0 0.0 0.3408367811915604 0.9401224859490259
1629013152.772806168 -1.1617329765394546 -0.15237892216443916 0.0 0.0 0.0 0.3512432987075078 0.9362842223988763
1629013152.872993946 -1.161534340724165 -0.15149674258568244 0.0 0.0 0.0 0.35124326343441287 0.9362842356314367
1629013152.872993946 -1.1636428119594604 -0.1308072134569096 0.0 0.0 0.0 0.36246628755534094 0.9319968832489993
1629013152.872993946 -1.1649202627093862 -0.13021279679649833 0.0 0.0 0.0 0.36246629840517786 0.9319968790293498
1629013153.073383331 -1.164796025655911 -0.12896812914581007 0.0 0.0 0.0 0.36246627483064464 0.931996888197807
1629013153.073383331 -1.142167250119572 -0.08047818394782247 0.0 0.0 0.0 0.3843840476862988 0.923173279446658
1629013153.073383331 -1.142279925532867 -0.08262735717051088 0.0 0.0 0.0 0.3843840546598658 0.9231732765430558
1629013153.073383331 -1.1423005238413662 -0.08197852733772715 0.0 0.0 0.0 0.384384059878702 0.9231732743700753
1629013153.073383331 -1.1424037303356969 -0.08251483454528342 0.0 0.0 0.0 0.384384128880115 0.9231732456397743
1629013153.574472904 -1.142299724928078 -0.0822401355122491 0.0 0.0 0.0 0.38438416727379193 0.9231732296536949
1629013153.574472904 -1.14258243859845 -0.08328434316190755 0.0 0.0 0.0 0.38438422987441934 0.9231732035884975
1629013153.574472904 -0.98401239477037 0.09404899491012947 0.0 0.0 0.0 0.4386570469868255 0.8986545471585831
1629013153.574472904 -0.9840775335182991 0.09464274834662502 0.0 0.0 0.0 0.4386570666365657 0.898654537567025
1629013153.874973774 -0.9834676329026342 0.09484682683455706 0.0 0.0 0.0 0.4386570222521689 0.8986545592322226
1629013153.975163460 -0.983042903093883 0.09521155040988723 0.0 0.0 0.0 0.4386570373507264 0.8986545518622178
1629013153.874973774 -0.9054337233570636 0.20784643364518013 0.0 0.0 0.0 0.47011626511883114 0.88260449651626
1629013153.975163460 -0.9052064417118266 0.2089206138503994 0.0 0.0 0.0 0.47011624615499203 0.8826045066172838
1629013153.975163460 -0.9063442123139778 0.2090251020767509 0.0 0.0 0.0 0.4701162741958568 0.8826044916814133
1629013154.278061152 -0.9058392180536848 0.21013867041897802 0.0 0.0 0.0 0.4701162987984544 0.8826044785769231
1629013154.375954628 -0.9062965233950475 0.21048409455940648 0.0 0.0 0.0 0.47011626355709546 0.8826044973481132
1629013153.975163460 -0.8873624871328807 0.24540250545795791 0.0 0.0 0.0 0.48057649165302113 0.8769528126817735
1629013154.278061152 -0.8204032762640681 0.3728710742496911 0.0 0.0 0.0 0.5109456728063694 0.8596130056254655
1629013154.375954628 -0.8149907890935061 0.4070689286025557 0.0 0.0 0.0 0.5210275443691725 0.8535398631631858
1629013154.375954628 -0.8150516457712172 0.40896103437487485 0.0 0.0 0.0 0.5210275286899575 0.853539872734271
1629013154.576766491 -0.8149295021898559 0.4088914624320577 0.0 0.0 0.0 0.5210275124268129 0.8535398826618047
1629013154.576766491 -0.7733916457644895 0.49049748123715536 0.0 0.0 0.0 0.5399643248144311 0.841687904111551
1629013154.678047657 -0.7728764414855964 0.49075274516984185 0.0 0.0 0.0 0.5399643458483414 0.8416878906177591
1629013154.678047657 -0.7561282066960964 0.5268180106525603 0.0 0.0 0.0 0.5498342815724002 0.8352737651858596
1629013154.678047657 -0.7562687637764708 0.5259383510457452 0.0 0.0 0.0 0.5498342314388562 0.8352737981871826
1629013154.878062725 -0.7562524319651784 0.5264766346616077 0.0 0.0 0.0 0.5498341669413166 0.8352738406438623
1629013154.878062725 -0.7476927376661775 0.6133007063718657 0.0 0.0 0.0 0.5688480307961524 0.8224426532344609
1629013154.878062725 -0.7460991492218829 0.6130650783504391 0.0 0.0 0.0 0.5688480555965991 0.8224426360810634
1629013154.878062725 -0.7464832726264439 0.6135582584992905 0.0 0.0 0.0 0.5688480174689367 0.8224426624523197
1629013154.878062725 -0.7463915427556311 0.6133316212983762 0.0 0.0 0.0 0.5688480366806311 0.8224426491644212
1629013154.878062725 -0.7465980184895752 0.6143663129909345 0.0 0.0 0.0 0.568848019417561 0.8224426611045406
1629013155.377923250 -0.7466413365868886 0.6130340115971674 0.0 0.0 0.0 0.5688480339628099 0.8224426510442208
1629013155.377923250 -0.7472084014996853 0.6126745846849755 0.0 0.0 0.0 0.5688480340259298 0.8224426510005635
1629013155.578306198 -0.7464720287296029 0.6134546826516085 0.0 0.0 0.0 0.568848015720403 0.8224426636617048
1629013155.578306198 -0.7461182957273059 0.6134916836592291 0.0 0.0 0.0 0.5688480211820355 0.8224426598841299
1629013155.778695822 -0.7457979471362839 0.6143594257670967 0.0 0.0 0.0 0.5688480047519053 0.8224426712481401
1629013155.878878117 -0.7465250117132419 0.6140559461409792 0.0 0.0 0.0 0.5688480105106041 0.8224426672650974
1629013155.979108810 -0.7461737461213417 0.6141290840535446 0.0 0.0 0.0 0.5688480141743034 0.822442664731075
1629013156.079273701 -0.7467736581143659 0.6138497068874148 0.0 0.0 0.0 0.568847994267923 0.8224426784994568
1629013156.079273701 -0.7459800389569211 0.6134925681450597 0.0 0.0 0.0 0.5688479846096006 0.8224426851797002
1629013156.279649734 -0.7460494484499048 0.6136725915156456 0.0 0.0 0.0 0.5688479978733035 0.8224426760057713
1629013156.780653477 -0.7450813270356861 0.6133015936765152 0.0 0.0 0.0 0.5688479544698632 0.8224427060260504
1629013155.377923250 -0.7260222030498064 0.8085068437037037 0.0 0.0 0.0 0.6153563458605081 0.7882490517654954
1629013155.578306198 -0.7177863119412844 0.8941034520795791 0.0 0.0 0.0 0.6327795878269152 0.7743319657805684
1629013155.778695822 -0.7216230722984048 0.9806338003890799 0.0 0.0 0.0 0.6501827705371757 0.7597778391718216
1629013155.878878117 -0.7245112525827133 1.021149145638425 0.0 0.0 0.0 0.6589890174009237 0.7521525609508785
1629013156.279649734 -0.7364293876546957 1.1911468518501453 0.0 0.0 0.0 0.69218549834409 0.7217196380050523
1629013156.379860163 -0.7410636657337453 1.2325711977476086 0.0 0.0 0.0 0.6998277342736192 0.714311656310782
1629013156.480060577 -0.744818955645445 1.2738516996508327 0.0 0.0 0.0 0.7075764205278189 0.7066368297173868
1629013156.581030369 -0.744418038289435 1.316268550972627 0.0 0.0 0.0 0.715582668951144 0.6985280551966095
1629013156.680430412 -0.7476895817870197 1.3569724708673372 0.0 0.0 0.0 0.7238921558581934 0.6899131443065691
1629013156.780653477 -0.7473461788871328 1.3564516759521301 0.0 0.0 0.0 0.7238921378148055 0.6899131632386141
1629013156.780653477 -0.7473482270439068 1.356238202001541 0.0 0.0 0.0 0.7238921506849516 0.689913149734599
1629013157.181401730 -0.7486472791783823 1.3556847395123255 0.0 0.0 0.0 0.7238921176967124 0.6899131843475447
1629013157.181401730 -0.7619042831792879 1.5758959612166328 0.0 0.0 0.0 0.7651965550716636 0.6437967319787034
1629013157.181401730 -0.761572151234897 1.5758953829361517 0.0 0.0 0.0 0.7651965864597647 0.6437966946717913
1629013157.181401730 -0.7620121494370989 1.5764523925840712 0.0 0.0 0.0 0.7651965888192629 0.6437966918673658
1629013157.181401730 -0.7614429070069779 1.5765819409832404 0.0 0.0 0.0 0.7651965809724172 0.6437967011938808
1629013157.181401730 -0.7601906316069407 1.5761359914728528 0.0 0.0 0.0 0.7651965387808446 0.6437967513414583
1629013157.686052322 -0.7612042565538452 1.5751866627843196 0.0 0.0 0.0 0.7651965425082748 0.643796746911152
1629013157.686052322 -0.7605530543963928 1.5757993468190954 0.0 0.0 0.0 0.765196576335674 0.6437967067049685
1629013157.686052322 -0.7819511975781026 1.7986234383246429 0.0 0.0 0.0 0.8058388252063233 0.5921349405246179
1629013157.686052322 -0.782508814238739 1.79788341931169 0.0 0.0 0.0 0.8058388206258984 0.5921349467581365
1629013157.982985973 -0.7820762290202504 1.7973137692938717 0.0 0.0 0.0 0.8058388119211547 0.592134958604457
1629013157.982985973 -0.8017183822558427 1.942509586478373 0.0 0.0 0.0 0.8297115498772842 0.558192389772769
1629013157.982985973 -0.8025351397662831 1.9427932964456427 0.0 0.0 0.0 0.829711563820526 0.5581923690471746
1629013157.982985973 -0.8026657005478817 1.9436939871099947 0.0 0.0 0.0 0.8297115939666806 0.5581923242371488
1629013157.982985973 -0.8023673241366368 1.9438242448780947 0.0 0.0 0.0 0.8297116135940459 0.5581922950625212
1629013157.982985973 -0.8032127276941046 1.9436360476325012 0.0 0.0 0.0 0.8297116279527249 0.5581922737194049
1629013157.982985973 -0.8026459024445253 1.9428677816268407 0.0 0.0 0.0 0.8297116116706182 0.5581922979215542
1629013158.684444427 -0.837878163145973 2.255599538674223 0.0 0.0 0.0 0.8806894921278959 0.4736940135314239
1629013158.684444427 -0.8382069758843591 2.2554592640527984 0.0 0.0 0.0 0.8806895001267286 0.4736939986600346
1629013158.784572601 -0.8372277387866984 2.340409048083072 0.0 0.0 0.0 0.8932432126691348 0.44957375704162594
1629013158.784572601 -0.8377113086315485 2.339040206703869 0.0 0.0 0.0 0.8932432035862661 0.4495737750880765
1629013158.984942913 -0.8383516664572882 2.3371219284968854 0.0 0.0 0.0 0.8932432036214003 0.4495737750182694
1629013158.984942913 -0.8482064212030167 2.4210722816470254 0.0 0.0 0.0 0.9037920493757478 0.4279718816525052
1629013159.085130692 -0.8480760761721223 2.4208330389797497 0.0 0.0 0.0 0.9037920307489358 0.42797192098864945
1629013159.085130692 -0.850993782024132 2.449728606314603 0.0 0.0 0.0 0.9066144252890739 0.42196005007318205
1629013159.085130692 -0.8501727666249387 2.4496294887954164 0.0 0.0 0.0 0.9066144143920118 0.421960073486378
1629013159.085130692 -0.8507946518638522 2.4507104067768672 0.0 0.0 0.0 0.9066144236729038 0.42196005354565086
1629013159.085130692 -0.8515103702216849 2.4494869459080215 0.0 0.0 0.0 0.9066144265274809 0.4219600474123669
1629013159.485904694 -0.8516185804606877 2.4479174181547934 0.0 0.0 0.0 0.9066144264011761 0.4219600476837429
1629013159.485904694 -0.8731893195926123 2.5827816753238344 0.0 0.0 0.0 0.9075450606717517 0.4199547152376152
1629013159.485904694 -0.8723343160810627 2.5827148665075104 0.0 0.0 0.0 0.9075450524318827 0.4199547330444215
1629013159.485904694 -0.8726367491354771 2.5823857038776636 0.0 0.0 0.0 0.9075450364974942 0.4199547674795011
1629013159.686296701 -0.8724792011393172 2.5819135058167455 0.0 0.0 0.0 0.9075450483729666 0.4199547418159602
1629013159.686296701 -0.8727502320143565 2.612034247619688 0.0 0.0 0.0 0.9060751342497133 0.4231168291315815
1629013159.886710405 -0.8736961022289165 2.611365987229738 0.0 0.0 0.0 0.906075130802468 0.42311683651361637
1629013159.886710405 -0.8734696453955528 2.6269673540678005 0.0 0.0 0.0 0.9054085522669423 0.42454134484391465
1629013159.886710405 -0.8740290668181869 2.626588055570076 0.0 0.0 0.0 0.9054085422410489 0.4245413662258823
1629013159.886710405 -0.8741847084929715 2.628337639607437 0.0 0.0 0.0 0.9054085425593418 0.4245413655470673
1629013160.187287807 -0.8748607036116033 2.628638947260466 0.0 0.0 0.0 0.9054085523428301 0.42454134468207055
1629013160.187287807 -0.8746625575000889 2.6081877177120334 0.0 0.0 0.0 0.9070341013035935 0.4210571684134856
1629013160.287604094 -0.8746878959864135 2.608174266998654 0.0 0.0 0.0 0.9070340698141124 0.421057236247577
1629013160.287604094 -0.8739010937705637 2.599055144072338 0.0 0.0 0.0 0.9080969719443137 0.41875994262294036
1629013160.287604094 -0.8744565805505037 2.59842187594782 0.0 0.0 0.0 0.9080969768289602 0.41875993203039724
1629013160.287604094 -0.8749982952048811 2.5983643510897254 0.0 0.0 0.0 0.9080969834509703 0.41875991767031406
1629013160.490854502 -0.8750131934972196 2.598289499308629 0.0 0.0 0.0 0.9080969749572888 0.4187599360891884
1629013160.490854502 -0.8707760926706016 2.5665912540697877 0.0 0.0 0.0 0.9119932689595319 0.4102051649754144
1629013160.588062286 -0.8711193031851553 2.56576200784945 0.0 0.0 0.0 0.9119932749887583 0.4102051515708685
1629013160.588062286 -0.867355736971798 2.539587910426966 0.0 0.0 0.0 0.9147164328849615 0.4040963343191964
1629013160.788452625 -0.8675413388199577 2.539838793195979 0.0 0.0 0.0 0.9147164527633587 0.4040962893222581
1629013160.788452625 -0.868765237848504 2.5388538356031956 0.0 0.0 0.0 0.9147164676982219 0.40409625551554895
1629013160.788452625 -0.860108553696695 2.4603178240916836 0.0 0.0 0.0 0.9227307166223481 0.38544522905544965
1629013160.788452625 -0.861448883345674 2.461012753203834 0.0 0.0 0.0 0.9227307286225876 0.38544520032765817
1629013161.089177847 -0.8622230403437399 2.460294977395503 0.0 0.0 0.0 0.922730760367134 0.38544512433327105
1629013161.089177847 -0.8621703291108863 2.4599610646328043 0.0 0.0 0.0 0.9227307512889985 0.38544514606574104
1629013161.089177847 -0.8624914459227166 2.460661749670209 0.0 0.0 0.0 0.9227307682919533 0.38544510536176413
1629013161.089177847 -0.8621005679785262 2.4601997867400662 0.0 0.0 0.0 0.9227307617687096 0.38544512097798933
1629013161.089177847 -0.8630702141052291 2.4603321044252784 0.0 0.0 0.0 0.9227307398450878 0.385445173461722
1629013161.590049744 -0.8630173696963808 2.4593579844146944 0.0 0.0 0.0 0.9227307354989339 0.38544518386613214
1629013161.590049744 -0.8622922332012497 2.4586688576532314 0.0 0.0 0.0 0.9227307428303709 0.38544516631514764
1629013161.790414810 -0.8620428281654736 2.4592070667000465 0.0 0.0 0.0 0.9227307351030015 0.3854451848139686
1629013161.790414810 -0.8620498366937488 2.459559741614969 0.0 0.0 0.0 0.9227307256031634 0.38544520755596323
1629013161.790414810 -0.8626837483851382 2.4584228886255994 0.0 0.0 0.0 0.9227307231167609 0.3854452135082489
1629013161.990804672 -0.8616830861146235 2.457478019417632 0.0 0.0 0.0 0.9227307244500685 0.3854452103163971
1629013161.089177847 -0.8335746091909128 2.3183248627541855 0.0 0.0 0.0 0.9381091467013887 0.3463397593046349
1629013161.590049744 -0.7613227066751937 2.0917385126217973 0.0 0.0 0.0 0.9644921832432732 0.26411139404165096
1629013161.790414810 -0.7209155343178408 2.0003144513944195 0.0 0.0 0.0 0.9700726078966975 0.2428150230288484
1629013161.990804672 -0.6607961992018773 1.9196680428374047 0.0 0.0 0.0 0.9690130639989127 0.2470094771449855
1629013161.990804672 -0.6623238361550047 1.9195920379322113 0.0 0.0 0.0 0.9690130756046719 0.24700943161582797
1629013161.990804672 -0.659922031884658 1.9201174754896626 0.0 0.0 0.0 0.9690130604302228 0.2470094911448814
1629013162.391571283 -0.6597036069227735 1.9197482052413133 0.0 0.0 0.0 0.9690130786044246 0.24700941984785732
1629013162.391571283 -0.6615593665871582 1.919972397666253 0.0 0.0 0.0 0.9690130925292098 0.24700936522119396
1629013162.391571283 -0.6611902227814077 1.91935520296946 0.0 0.0 0.0 0.9690130799655744 0.2470094145080939
1629013162.391571283 -0.6621726263563696 1.9200097875300435 0.0 0.0 0.0 0.9690130852602968 0.2470093937370009
1629013162.391571283 -0.6629005374889257 1.919232419425406 0.0 0.0 0.0 0.9690130819509546 0.247009406719486
1629013162.792377234 -0.6627796963476361 1.9192558699837208 0.0 0.0 0.0 0.9690130757222896 0.24700943115441626
1629013162.992767334 -0.6622444926466342 1.919208029331654 0.0 0.0 0.0 0.9690130755315876 0.24700943190253655
1629013162.992767334 -0.6620814203299181 1.9191050682079889 0.0 0.0 0.0 0.9690130714809292 0.247009447793188
1629013162.992767334 -0.6632842263263231 1.920131401735172 0.0 0.0 0.0 0.9690130762976392 0.24700942889733102
1629013162.992767334 -0.663069490013409 1.9204322397994829 0.0 0.0 0.0 0.9690130775752009 0.24700942388548186
1629013163.994716644 -0.6631090232629626 1.9204023347864885 0.0 0.0 0.0 0.9690130812537615 0.24700940945456096
1629013163.994716644 -0.6639798754376398 1.9200744629995563 0.0 0.0 0.0 0.9690130797410876 0.24700941538875099
1629013165.898430824 -0.6625962075921912 1.9205190413760567 0.0 0.0 0.0 0.9690130839834398 0.24700939874608635
1629013165.998615742 -0.6631623217980973 1.9211139563819333 0.0 0.0 0.0 0.9690130695377785 0.24700945541612826
1629013166.299229145 -0.6641686045313333 1.9205055473045896 0.0 0.0 0.0 0.969013079212423 0.24700941746269217
1629013166.299229145 -0.6654463085104718 1.920694962013914 0.0 0.0 0.0 0.9690130686289758 0.24700945898134313
1629013162.391571283 -0.5484282123531509 1.8178138838642628 0.0 0.0 0.0 0.9609601923540085 0.2766866616064945
1629013162.792377234 -0.5203157699232003 1.7994775928560962 0.0 0.0 0.0 0.9591548918269136 0.28288141240544873
1629013162.992767334 -0.5244227658880256 1.8146556182035973 0.0 0.0 0.0 0.9608857613313448 0.276945037273972
1629013163.794341564 -0.5678510807283391 1.9312475949538621 0.0 0.0 0.0 0.9762691617991469 0.21656066983640193
1629013163.994716644 -0.6143502627389138 1.9659589380941407 0.0 0.0 0.0 0.9808704534190059 0.19466163877249607
1629013164.297129869 -0.6418436211402047 2.0180837604524933 0.0 0.0 0.0 0.9869198646345669 0.16121160252813108
1629013164.395480871 -0.6441571578165168 2.0368276689276765 0.0 0.0 0.0 0.9887014177047808 0.14989832096643577
1629013164.796288013 -0.6974543368193971 2.0872425866598916 0.0 0.0 0.0 0.994073711046809 0.10870812759690703
1629013165.197075605 -0.8079018362089867 2.114815161991406 0.0 0.0 0.0 0.9972888003628192 0.07358701428165791
1629013165.597881317 -0.9069616575516143 2.1300333102065703 0.0 0.0 0.0 0.9990835423220603 0.042802750626613
1629013165.898430824 -0.9803103275824907 2.1342332171463223 0.0 0.0 0.0 0.9997558902789163 0.02209433983199167
1629013166.299229145 -0.9799090094020945 2.1349896916389675 0.0 0.0 0.0 0.9997558903361763 0.022094337241007168
1629013167.200989485 -0.9793672919979849 2.135365057608107 0.0 0.0 0.0 0.9997558910043503 0.022094307006507826
1629013167.200989485 -0.9795733686323206 2.136062036321628 0.0 0.0 0.0 0.9997558908193298 0.022094315378583026
1629013167.200989485 -0.9787823564122298 2.1356099940027713 0.0 0.0 0.0 0.9997558904859016 0.022094330466023715
1629013167.200989485 -0.9786100370287829 2.13641686169953 0.0 0.0 0.0 0.9997558905864202 0.022094325917612647
1629013167.200989485 -0.9783902789821377 2.1358546908956146 0.0 0.0 0.0 0.9997558897003929 0.022094366009821967
1629013167.902340412 -0.9786622042495746 2.1360175134630306 0.0 0.0 0.0 0.9997558891528203 0.022094390787112582
1629013167.902340412 -0.97894349446086 2.1361635741113143 0.0 0.0 0.0 0.9997558884422173 0.02209442294138419
1629013168.102773190 -0.97865239096098 2.136150275856259 0.0 0.0 0.0 0.9997558877490755 0.022094454305501585
1629013168.206339836 -0.9783854592852953 2.136804453143237 0.0 0.0 0.0 0.9997558871632619 0.022094480813071693
1629013168.206339836 -0.9784189283677835 2.1358264286722233 0.0 0.0 0.0 0.9997558880681439 0.022094439867917415
1629013168.403431416 -0.9779421632718275 2.1346700713528945 0.0 0.0 0.0 0.999755888465859 0.022094421871610224
1629013169.004486561 -0.9776148739563119 2.136573788736556 0.0 0.0 0.0 0.9997558883261821 0.022094428191888726
1629013167.200989485 -1.1535107991806084 2.140421146153125 0.0 0.0 0.0 -0.9957717367036173 0.0918621161429554
1629013167.902340412 -1.3692860277118906 2.0787225888609853 0.0 0.0 0.0 -0.9824606989073184 0.18646976994286138
1629013168.206339836 -1.456337107775346 2.0304843416718303 0.0 0.0 0.0 -0.9741953610373617 0.22570644326931483
1629013168.403431416 -1.468193267181971 1.9998796946379718 0.0 0.0 0.0 -0.968288348659542 0.24983529344385505
1629013168.603710651 -1.4721481820137703 1.9655264333455853 0.0 0.0 0.0 -0.9617208453074646 0.27403104879027057
1629013168.804109335 -1.4903518858835765 1.9272335917477024 0.0 0.0 0.0 -0.9545768678855328 0.29796476855132753
1629013169.004486561 -1.4959008693814382 1.8902530524368644 0.0 0.0 0.0 -0.9470350803740094 0.3211301240011494
1629013169.305072069 -1.4963310702869816 1.8901494140993964 0.0 0.0 0.0 -0.9470350792163029 0.3211301274153064
1629013169.305072069 -1.523865646602991 1.823529577747656 0.0 0.0 0.0 -0.9345079469596868 0.3559422664831914
1629013169.305072069 -1.523324495642105 1.8228634966996387 0.0 0.0 0.0 -0.934507960663132 0.35594223050550494
1629013169.305072069 -1.5233386685206296 1.8226364352829914 0.0 0.0 0.0 -0.9345079557499164 0.3559422434048987
1629013169.605694056 -1.5226073542749383 1.8230810327419227 0.0 0.0 0.0 -0.934507952375297 0.3559422522647875
1629013169.605694056 -1.5498443848624615 1.749496851517792 0.0 0.0 0.0 -0.9216549085287927 0.38801060499009904
1629013169.705881596 -1.5500777733823161 1.7492376046890183 0.0 0.0 0.0 -0.9216548963984109 0.3880106338038102
1629013169.705881596 -1.5561478725470552 1.72520381166124 0.0 0.0 0.0 -0.9180028072723342 0.3965738844655731
1629013169.806046009 -1.5567529300449712 1.7252371494630017 0.0 0.0 0.0 -0.918002807510629 0.3965738839139601
1629013169.806046009 -1.5576503739647425 1.6991542468803322 0.0 0.0 0.0 -0.9154679589778526 0.40239087475354696
1629013169.806046009 -1.5574255265461168 1.6980765859528792 0.0 0.0 0.0 -0.9154679721003923 0.4023908448988313
1629013170.010056734 -1.557011267485526 1.6992644599814135 0.0 0.0 0.0 -0.9154679742846629 0.4023908399294595
1629013170.010056734 -1.5615448801125649 1.6453471293653696 0.0 0.0 0.0 -0.9108400065737745 0.4127595939826067
1629013170.106631994 -1.5614331791153175 1.645969708638937 0.0 0.0 0.0 -0.9108400025024758 0.41275960296677516
1629013170.106631994 -1.5624131550168634 1.6193702409545976 0.0 0.0 0.0 -0.9092772843082682 0.4161908459360693
1629013170.206834793 -1.5627275289758191 1.6194985262012331 0.0 0.0 0.0 -0.9092772825145852 0.41619084985483684
1629013170.206834793 -1.5635087340133569 1.5961642671267184 0.0 0.0 0.0 -0.9076207665305518 0.41979107203761923
1629013170.307057381 -1.5629272660557039 1.596235270053865 0.0 0.0 0.0 -0.9076207811444889 0.4197910404411555
1629013170.307057381 -1.5653591115814363 1.5684351188184134 0.0 0.0 0.0 -0.9063552203806673 0.4225165256989506
1629013170.407232761 -1.5656298068175925 1.5696063641574955 0.0 0.0 0.0 -0.9063552242191568 0.4225165174648701
1629013170.407232761 -1.567513014531533 1.5386624197451344 0.0 0.0 0.0 -0.9058086325663559 0.42368705570062964
1629013170.507467270 -1.5666546557957728 1.5387273949641744 0.0 0.0 0.0 -0.9058086239375326 0.4236870741483551
1629013170.507467270 -1.5709938174713503 1.5101356815982576 0.0 0.0 0.0 -0.9056293805275839 0.424070071008583
1629013170.707806826 -1.5719211040368715 1.5103843673678101 0.0 0.0 0.0 -0.9056293787452661 0.42407007481483927
1629013170.707806826 -1.571723845325503 1.509971109786942 0.0 0.0 0.0 -0.9056293853028557 0.4240700608106775
1629013170.707806826 -1.57487661683725 1.4491906857969263 0.0 0.0 0.0 -0.9077658973832464 0.4194771454417861
1629013170.707806826 -1.5754689086841198 1.4502657019042586 0.0 0.0 0.0 -0.9077658989079151 0.4194771421423398
1629013170.707806826 -1.575684803355998 1.4502562565127959 0.0 0.0 0.0 -0.9077659046277541 0.4194771297643714
1629013171.009956837 -1.5751783635979373 1.4497158058024542 0.0 0.0 0.0 -0.9077659244549721 0.4194770868574469
1629013171.009956837 -1.597041315004874 1.359507643145179 0.0 0.0 0.0 -0.9137759148847494 0.40621863248322215
1629013171.108597279 -1.5972388667450836 1.359492131740533 0.0 0.0 0.0 -0.9137759054717188 0.4062186536575349
1629013171.108597279 -1.6013681903808916 1.3272565345122085 0.0 0.0 0.0 -0.9159255305093374 0.4013482559588228
1629013171.309024096 -1.6025143039478194 1.3268892847169664 0.0 0.0 0.0 -0.9159255105022933 0.4013483016173277
1629013171.309024096 -1.6024319668270293 1.326736988027703 0.0 0.0 0.0 -0.9159254957114007 0.4013483353719372
1629013171.309024096 -1.6139564571802385 1.2564423672273806 0.0 0.0 0.0 -0.9212411676635048 0.3889919163709989
1629013171.309024096 -1.6146349287701116 1.2568650517003541 0.0 0.0 0.0 -0.9212411486446695 0.38899196141289333
1629013171.509395123 -1.6146682280221616 1.2568947241297612 0.0 0.0 0.0 -0.9212411521485049 0.38899195311483675
1629013171.509395123 -1.6271923863697428 1.191357424299323 0.0 0.0 0.0 -0.9265683884415266 0.3761263372071576
1629013171.709802628 -1.6273570484416802 1.1913022820027683 0.0 0.0 0.0 -0.926568385974727 0.3761263432839946
1629013171.709802628 -1.6270860155779185 1.1909296898249468 0.0 0.0 0.0 -0.926568402411534 0.3761263027927422
1629013171.709802628 -1.6401565207541253 1.1265926254474001 0.0 0.0 0.0 -0.9319002286163907 0.36271471421038154
1629013171.709802628 -1.6407004167763084 1.1270069540599208 0.0 0.0 0.0 -0.9319002284448282 0.3627147146511663
1629013171.709802628 -1.641870939751547 1.1278445738009097 0.0 0.0 0.0 -0.931900228183347 0.3627147153229738
1629013171.709802628 -1.6422884535596285 1.1268848701624812 0.0 0.0 0.0 -0.9319002318782962 0.36271470582977183
1629013172.310935020 -1.6431518555236724 1.1255731940977454 0.0 0.0 0.0 -0.9319002256494984 0.3627147218330324
1629013172.310935020 -1.6420537758813019 1.1243876133147457 0.0 0.0 0.0 -0.9319001935606086 0.36271480427699704
1629013172.411147356 -1.6409175925180477 1.1243088045306546 0.0 0.0 0.0 -0.9319001884838714 0.36271481732033656
1629013172.411147356 -1.6413577039853495 1.1251267019692268 0.0 0.0 0.0 -0.9319001801593411 0.3627148387080236
1629013172.611762047 -1.6416444822937086 1.1261857997220672 0.0 0.0 0.0 -0.9319001855850317 0.36271482476814115
1629013172.611762047 -1.6411505282702203 1.126159481470865 0.0 0.0 0.0 -0.9319001719723999 0.36271485974221046
1629013172.811977863 -1.6407882430379592 1.1261239072499656 0.0 0.0 0.0 -0.9319001686942445 0.3627148681645662
1629013172.811977863 -1.6406935911721747 1.1253316707844319 0.0 0.0 0.0 -0.931900153406774 0.3627149074416862
1629013172.811977863 -1.6403012334928502 1.1247967012810665 0.0 0.0 0.0 -0.9319001567835198 0.36271489876602964
1629013173.112493277 -1.6407948724953698 1.1254659908645994 0.0 0.0 0.0 -0.9319001492194335 0.3627149181999515
1629013176.619600296 -1.6424597443367048 1.1249008986439892 0.0 0.0 0.0 -0.9319001266892781 0.3627149760852278
1629013172.310935020 -1.7050828375251537 0.9329819088189941 0.0 0.0 0.0 -0.947387544941998 0.3200887996927942
1629013172.411147356 -1.7287681152463348 0.8942301290604148 0.0 0.0 0.0 -0.9501552113566372 0.3117772832196472
1629013172.611762047 -1.775476542748726 0.8306670693223586 0.0 0.0 0.0 -0.9549166920824208 0.29687389777878254
1629013172.811977863 -1.830667413370387 0.7701389593085983 0.0 0.0 0.0 -0.9596639450757284 0.2811496265722032
1629013173.112493277 -1.9455415988854932 0.6742868784795832 0.0 0.0 0.0 -0.9665850787505831 0.256346026957176
1629013173.212690830 -1.9724713570629568 0.6492872208390074 0.0 0.0 0.0 -0.9688049817357908 0.2478243478028625
1629013173.312892914 -1.9877266742733022 0.6201112953829416 0.0 0.0 0.0 -0.9709175230151033 0.2394142090649936
1629013173.413134813 -2.0053624464645567 0.5980294544846905 0.0 0.0 0.0 -0.973026466744298 0.23069350882742137
1629013174.114495277 -2.2137491983061905 0.4388588242444278 0.0 0.0 0.0 -0.9856237671436247 0.16895499294667224
1629013174.314868450 -2.3225494065158685 0.39275772904784567 0.0 0.0 0.0 -0.9887496743885362 0.14957968243235276
1629013174.415051937 -2.379300247241076 0.3706415209800975 0.0 0.0 0.0 -0.9900912094839668 0.14042577008005272
1629013176.820007801 -2.378995362573893 0.37123073798142237 0.0 0.0 0.0 -0.990091213860947 0.14042573921954793
1629013176.820007801 -2.378454519544794 0.3694952887303647 0.0 0.0 0.0 -0.990091207974714 0.14042578072124726
1629013177.621303797 -2.377905047220029 0.3700278540581329 0.0 0.0 0.0 -0.9900912102547962 0.1404257646452135
1629013177.621303797 -3.9121833170952316 0.4262816366599613 0.0 0.0 0.0 0.9775269124111293 0.21081066270937118
1629013177.721537590 -3.912751372456945 0.4266911580031108 0.0 0.0 0.0 0.97752691284927 0.21081066067771775
1629013177.721537590 -4.008497650128602 0.4530713482824608 0.0 0.0 0.0 0.9768015859928828 0.21414635556504064
1629013177.921918392 -4.008444294005314 0.4525217661862316 0.0 0.0 0.0 0.976801590223518 0.2141463362675309
1629013177.921918392 -4.008290448929884 0.45326816451429014 0.0 0.0 0.0 0.9768016009288213 0.21414628743663014
1629013177.921918392 -4.089396862945246 0.5084728828172129 0.0 0.0 0.0 0.9778004744688702 0.209538140032912
1629013178.122301817 -4.089797358226825 0.5082875355510272 0.0 0.0 0.0 0.9778004713832937 0.20953815443161786
1629013178.122301817 -4.089117935381453 0.5083481947051874 0.0 0.0 0.0 0.9778004696674817 0.20953816243837836
1629013178.122301817 -4.152868675303156 0.5573048494588682 0.0 0.0 0.0 0.9809488350448061 0.19426626836442246
1629013178.122301817 -4.1538144909651376 0.5574235794538394 0.0 0.0 0.0 0.9809488368373969 0.19426625931272307
1629013178.122301817 -4.1531310713499545 0.5577176923127494 0.0 0.0 0.0 0.9809488278734648 0.19426630457615526
1629013178.523101568 -4.152549070508889 0.5571178684843051 0.0 0.0 0.0 0.9809488257205664 0.19426631544722792
1629013178.523101568 -4.15220454578112 0.5557019740636393 0.0 0.0 0.0 0.9809488257501088 0.1942663152980536
1629013178.523101568 -4.2932642565095005 0.6469963140152601 0.0 0.0 0.0 0.9888729739133907 0.1487623657505035
1629013178.523101568 -4.29229882015858 0.647121398672797 0.0 0.0 0.0 0.9888729750705492 0.14876235805848584
1629013178.723504305 -4.292904468563102 0.6463027712225655 0.0 0.0 0.0 0.9888729753849587 0.14876235596850057
1629013178.723504305 -4.4122540013185985 0.6775528308163191 0.0 0.0 0.0 0.9925431414377694 0.1218938570431015
1629013178.723504305 -4.411962468931561 0.6767568929419899 0.0 0.0 0.0 0.9925431410652362 0.1218938600765215
1629013178.723504305 -4.411126723964172 0.6768052836429814 0.0 0.0 0.0 0.9925431445080779 0.12189383204254738
1629013178.723504305 -4.410309061846132 0.6765950616761166 0.0 0.0 0.0 0.992543143415236 0.1218938409412151
1629013178.723504305 -4.410165196130614 0.6763007929109824 0.0 0.0 0.0 0.992543142722676 0.12189384658051308
1629013178.723504305 -4.41083138099424 0.6763994869571452 0.0 0.0 0.0 0.9925431407558126 0.12189386259606017
1629013179.925849915 -4.411469892862132 0.6769618662381205 0.0 0.0 0.0 0.9925431366301568 0.12189389618996506
1629013179.925849915 -4.603252128980585 0.9084033805976582 0.0 0.0 0.0 0.9997201790047353 0.023655098620384084
1629013179.925849915 -4.6040439725208335 0.9074791661237676 0.0 0.0 0.0 0.9997201799036217 0.023655060631292267
1629013179.925849915 -4.604590302407309 0.907544843582288 0.0 0.0 0.0 0.9997201792037047 0.023655090211465835
1629013179.925849915 -4.604802514270611 0.9075507395987142 0.0 0.0 0.0 0.9997201776619782 0.023655155368391016
1629013179.925849915 -4.604708957037964 0.905952401051047 0.0 0.0 0.0 0.9997201768541424 0.023655189509328253
1629013180.627175808 -4.604727772317637 0.9059604242198642 0.0 0.0 0.0 0.9997201778751584 0.023655146358914737
1629013180.627175808 -4.934632464364804 0.9038271023620598 0.0 0.0 0.0 -0.9939495705072342 0.10983738565936756
1629013180.828376532 -4.93539404828385 0.9024034814235434 0.0 0.0 0.0 -0.9939495659456563 0.10983742693836822
1629013180.828376532 -4.934889875853671 0.9033481221348569 0.0 0.0 0.0 -0.9939495654109884 0.10983743177672756
1629013180.828376532 -5.245126585833689 0.7881831803732905 0.0 0.0 0.0 -0.981479610215448 0.1915666326146916
1629013180.828376532 -5.24413253972211 0.7888674904864901 0.0 0.0 0.0 -0.9814796114681112 0.19156662619675
1629013180.828376532 -5.2431721888334675 0.788847047527702 0.0 0.0 0.0 -0.9814796029468285 0.19156666985500356
1629013180.828376532 -5.244239048620792 0.7895070361725501 0.0 0.0 0.0 -0.9814796058747667 0.19156665485389857
1629013181.328547478 -5.244883000202584 0.788981554158999 0.0 0.0 0.0 -0.9814795988717437 0.19156669073343857
1629013181.428739548 -5.245159934091101 0.7906962121728877 0.0 0.0 0.0 -0.9814796089760939 0.19156663896444437
1629013181.328547478 -5.534792706268438 0.6366027749404707 0.0 0.0 0.0 -0.9542514585060241 0.29900527409917993
1629013181.428739548 -5.5348605955556325 0.6345651679840408 0.0 0.0 0.0 -0.9542514719588541 0.29900523116554406
1629013181.428739548 -5.76770939068519 0.47423428041805155 0.0 0.0 0.0 -0.9375618082903515 0.34781871087583266
1629013181.629146099 -5.768830796105728 0.474123917211884 0.0 0.0 0.0 -0.9375618043247452 0.3478187215653122
1629013181.629146099 -5.768436078916308 0.4752528675641865 0.0 0.0 0.0 -0.93756181426404 0.3478186947734722
1629013181.629146099 -5.827080634744808 0.38608015460183437 0.0 0.0 0.0 -0.9208774242875766 0.38985224051873646
1629013181.629146099 -5.82675834926942 0.3850810868001548 0.0 0.0 0.0 -0.9208774359225704 0.3898522130354939
1629013181.832266808 -5.826210071314388 0.38435045479154284 0.0 0.0 0.0 -0.9208774086517025 0.38985227745253115
1629013181.832266808 -5.853479610058449 0.2876059209631045 0.0 0.0 0.0 -0.9029600837342583 0.42972443167990965
1629013181.832266808 -5.852973246730375 0.28740181760967287 0.0 0.0 0.0 -0.9029600845314429 0.4297244300048223
1629013181.832266808 -5.8526579104104055 0.2874417917369504 0.0 0.0 0.0 -0.9029600816041662 0.4297244361557736
1629013181.832266808 -5.851645608909068 0.28603832813916785 0.0 0.0 0.0 -0.9029600700612619 0.4297244604103437
1629013181.832266808 -5.85109764528617 0.28535212855532627 0.0 0.0 0.0 -0.9029601094623214 0.42972437761871557
1629013182.330725193 -5.850757750350223 0.28527871731366633 0.0 0.0 0.0 -0.9029600987473544 0.4297244001335833
1629013182.531440973 -5.850678794549393 0.2857975198971662 0.0 0.0 0.0 -0.9029600905656596 0.4297244173254014
1629013182.531440973 -5.851550920780633 0.2859039831893472 0.0 0.0 0.0 -0.9029601151291106 0.42972436571135153
1629013182.330725193 -5.872305119606299 0.05682254349591387 0.0 0.0 0.0 -0.8592593097074802 0.5115402610557888
1629013182.531440973 -5.8770770614863945 -0.06060392266366048 0.0 0.0 0.0 -0.8518158989352108 0.5238412682494562
1629013182.734062195 -5.8771154399001855 -0.06125799447879955 0.0 0.0 0.0 -0.8518159110852963 0.523841248492257
1629013182.831467628 -5.8779205859759305 -0.06187291222723125 0.0 0.0 0.0 -0.8518159127164177 0.5238412458398979
1629013182.734062195 -5.8761452164426915 -0.1927404988166122 0.0 0.0 0.0 -0.8611311716840475 0.5083828332605848
1629013182.831467628 -5.8763639483127585 -0.19222081682427325 0.0 0.0 0.0 -0.8611311478202148 0.5083828736826599
1629013182.831467628 -5.883268113489944 -0.2570290324731684 0.0 0.0 0.0 -0.8661738299151416 0.4997428302338468
1629013182.831467628 -5.883375579676127 -0.2565232688303959 0.0 0.0 0.0 -0.8661738309530432 0.499742828434915
1629013183.132084608 -5.884720598418662 -0.2553066568495819 0.0 0.0 0.0 -0.866173850679385 0.4997427942444458
1629013183.132084608 -5.896273917596459 -0.435250756254013 0.0 0.0 0.0 -0.8842899061538263 0.4669382848669159
1629013183.132084608 -5.896128749609164 -0.4346382121392348 0.0 0.0 0.0 -0.8842898994803778 0.4669382975051236
1629013183.132084608 -5.8943845949396785 -0.434869504498249 0.0 0.0 0.0 -0.8842898981192249 0.4669383000828813
1629013183.132084608 -5.894616400828835 -0.4344838136648553 0.0 0.0 0.0 -0.884289865135418 0.466938362547761
1629013183.132084608 -5.894994224371685 -0.43446729342724094 0.0 0.0 0.0 -0.8842898542266532 0.46693838320682574
1629013183.634452820 -5.894783872518097 -0.43494451233762527 0.0 0.0 0.0 -0.8842898807316236 0.4669383330115989
1629013183.634452820 -5.895380641502474 -0.4347787444671523 0.0 0.0 0.0 -0.8842898708983945 0.4669383516338112
1629013183.634452820 -5.8948653587388415 -0.4351097277810677 0.0 0.0 0.0 -0.8842898679216278 0.46693835727122496
1629013183.634452820 -5.895773032174608 -0.43559343215784974 0.0 0.0 0.0 -0.8842898697337206 0.4669383538394757
1629013183.634452820 -5.895935823506644 -0.4357838286032526 0.0 0.0 0.0 -0.8842898887406746 0.4669383178440224
1629013183.634452820 -5.896820387098928 -0.43570450246506304 0.0 0.0 0.0 -0.8842898909416389 0.46693831367582633
1629013184.033816814 -5.897133136468854 -0.43585694057358904 0.0 0.0 0.0 -0.8842898552434056 0.4669383812812958
1629013184.033816814 -5.897648730385666 -0.43686443537071823 0.0 0.0 0.0 -0.8842898660409173 0.46693836083292245
1629013184.033816814 -5.898235662410647 -0.43731930596425944 0.0 0.0 0.0 -0.8842898684398645 0.466938356289786
1629013184.033816814 -5.897617627308691 -0.4370094737463476 0.0 0.0 0.0 -0.8842898725833634 0.46693834844280985
1629013184.033816814 -5.897459498023885 -0.43692882999814137 0.0 0.0 0.0 -0.8842898803643809 0.4669383337070848
1629013183.634452820 -5.931321808467254 -0.7267021078423561 0.0 0.0 0.0 -0.9131936178329321 0.4075259701530698
1629013184.033816814 -6.091058035288036 -0.9348530071341565 0.0 0.0 0.0 -0.9341937919206559 0.35676597250425424
1629013184.635001659 -6.090534353986941 -0.9351179921590669 0.0 0.0 0.0 -0.9341937835675141 0.35676599437700407
1629013184.835386753 -6.089316214758458 -0.9347825314785392 0.0 0.0 0.0 -0.9341937654709133 0.3567660417630527
1629013184.835386753 -6.0895608986586005 -0.9351052691394034 0.0 0.0 0.0 -0.9341937548860966 0.35676606947945005
1629013184.635001659 -6.3894767676855055 -1.2250487862576394 0.0 0.0 0.0 -0.9551098581323147 0.29625185045577285
1629013185.035778046 -6.389647708419054 -1.2242121313805485 0.0 0.0 0.0 -0.9551098468031481 0.29625188698076976
1629013184.835386753 -6.509873177336424 -1.3180788138200936 0.0 0.0 0.0 -0.9532481071676911 0.30218875919069876
1629013185.035778046 -6.508795926516278 -1.3179598716391403 0.0 0.0 0.0 -0.9532481117968821 0.3021887445880126
1629013185.035778046 -6.5097932598833355 -1.3180945541793156 0.0 0.0 0.0 -0.9532481173524776 0.3021887270630013
1629013185.035778046 -6.58212061113526 -1.3896214452296034 0.0 0.0 0.0 -0.9474039557746585 0.32004022338220056
1629013185.035778046 -6.581063679896093 -1.3903751301328258 0.0 0.0 0.0 -0.9474039537438476 0.3200402293939399
1629013185.035778046 -6.581253182812366 -1.3911957342420032 0.0 0.0 0.0 -0.947403953546659 0.32004022997767023
1629013185.737141132 -6.581470319982615 -1.3917523354554133 0.0 0.0 0.0 -0.947403952236353 0.3200402338565236
1629013185.737141132 -6.581432110214627 -1.3912555272570848 0.0 0.0 0.0 -0.9474039469106263 0.3200402496220858
1629013185.737141132 -6.581049363893898 -1.3915126528801063 0.0 0.0 0.0 -0.9474039436354129 0.3200402593175856
1629013185.737141132 -6.585352789023732 -1.4222611782638837 0.0 0.0 0.0 -0.941258266241261 0.33768754231166925
1629013185.737141132 -6.584183809766314 -1.4226919013580175 0.0 0.0 0.0 -0.9412582802010954 0.3376875034005199
1629013185.737141132 -6.584010502910215 -1.4220553592121936 0.0 0.0 0.0 -0.941258280724726 0.33768750194097047
1629013186.238120079 -6.583694729516594 -1.4214852636770805 0.0 0.0 0.0 -0.9412582591536772 0.337687562067348
1629013186.238120079 -6.58369334642752 -1.421096571186821 0.0 0.0 0.0 -0.941258259871544 0.3376875600663917
1629013186.238120079 -6.5847286621080015 -1.4015058438018073 0.0 0.0 0.0 -0.9565760180284216 0.29148296988484385
1629013186.238120079 -6.5849260288941975 -1.4013439503248355 0.0 0.0 0.0 -0.9565760077716465 0.2914830035450762
1629013186.538707733 -6.585484242862347 -1.4013590037612569 0.0 0.0 0.0 -0.9565759908508337 0.2914830590750442
1629013186.638895512 -6.5864742105373955 -1.400919185699642 0.0 0.0 0.0 -0.9565760177887814 0.29148297067128465
1629013186.638895512 -6.586116606908716 -1.4008068126541695 0.0 0.0 0.0 -0.9565760401162897 0.2914828973978377
1629013186.538707733 -6.563823177718143 -1.3074264213166622 0.0 0.0 0.0 -0.9751374441414546 0.2216009138818508
1629013186.638895512 -6.563805389468089 -1.3072108982912465 0.0 0.0 0.0 -0.9751374345345317 0.22160095615635722
1629013186.638895512 -6.56304590266196 -1.3072815674755287 0.0 0.0 0.0 -0.9751374263934504 0.22160099198053734
1629013187.039713860 -6.562716179612835 -1.3071754358116667 0.0 0.0 0.0 -0.9751374216275001 0.22160101295271917
1629013186.638895512 -6.55647015364371 -1.2794284460643703 0.0 0.0 0.0 -0.9809512634758862 0.1942540055830574
1629013187.039713860 -6.555432795116581 -1.279415057882153 0.0 0.0 0.0 -0.980951268064592 0.19425398241083477
1629013187.039713860 -6.388031236625646 -1.176944233448736 0.0 0.0 0.0 -0.9939585535462533 0.10975606512735349
1629013187.039713860 -6.3878869505738045 -1.176491337509936 0.0 0.0 0.0 -0.9939585535876386 0.10975606475256536
1629013187.039713860 -6.387086884506294 -1.177367974143431 0.0 0.0 0.0 -0.9939585579521402 0.1097560252273287
1629013187.039713860 -6.387718834222031 -1.1770802525090491 0.0 0.0 0.0 -0.9939585581396609 0.10975602352912689
1629013188.142455101 -6.387383651912904 -1.176164741761505 0.0 0.0 0.0 -0.993958556226844 0.1097560408517348
1629013188.142455101 -6.387317620518878 -1.176203161494355 0.0 0.0 0.0 -0.993958556260097 0.10975604055059376
1629013188.142455101 -6.077885031860593 -1.0992595157067326 0.0 0.0 0.0 -0.9965174363899647 0.08338464469416858
1629013188.142455101 -6.076385758138996 -1.0990268438314859 0.0 0.0 0.0 -0.9965174371744877 0.08338463531845
1629013188.542624950 -6.07790863156644 -1.099182585778983 0.0 0.0 0.0 -0.9965174373041672 0.08338463376866966
1629013188.642812967 -6.0783651643994245 -1.0977942153583127 0.0 0.0 0.0 -0.9965174330847913 0.08338468419379143
1629013188.542624950 -6.167373883623492 -1.1109570107031033 0.0 0.0 0.0 -0.9993076345044443 0.03720553213074634
1629013188.642812967 -6.1688228099288045 -1.1117397613836595 0.0 0.0 0.0 -0.9993076337573376 0.037205552197365405
1629013188.642812967 -6.248609991561568 -1.1265309237711225 0.0 0.0 0.0 -0.9997451173307469 0.022576544760684204
1629013188.642812967 -6.249524474893641 -1.126699118447439 0.0 0.0 0.0 -0.9997451162606511 0.022576592147114678
1629013188.642812967 -6.249176146330891 -1.1274210167300818 0.0 0.0 0.0 -0.9997451175972776 0.022576532958045906
1629013188.642812967 -6.249473177004307 -1.1272526760307608 0.0 0.0 0.0 -0.9997451174799808 0.02257653815223213
1629013189.150118589 -6.249630287298515 -1.1273872447267412 0.0 0.0 0.0 -0.9997451170563756 0.02257655691051707
1629013189.243979216 -6.249911299101069 -1.1284810435699748 0.0 0.0 0.0 -0.9997451163475893 0.02257658829728163
1629013189.150118589 -6.443863501855059 -1.131179472511164 0.0 0.0 0.0 0.9984323369189895 0.05597203403920022
1629013189.346075773 -6.4447196742334185 -1.1311709330273447 0.0 0.0 0.0 0.9984323339995758 0.05597208611584492
1629013189.346075773 -6.444920046351838 -1.1321779042714923 0.0 0.0 0.0 0.998432336245818 0.055972046047270844
1629013189.346075773 -6.592776748513714 -1.1272981230681425 0.0 0.0 0.0 0.9962391169768618 0.08664653371695041
1629013189.346075773 -6.59303569397562 -1.1266948397134047 0.0 0.0 0.0 0.9962391131521496 0.08664657769247626
1629013189.346075773 -6.5925240664839455 -1.1269867932190802 0.0 0.0 0.0 0.9962391118986934 0.0866465921043787
1629013189.945374012 -6.592160789688897 -1.1267058491725177 0.0 0.0 0.0 0.996239107536515 0.08664664225951324
1629013189.945374012 -6.59205240918843 -1.1253816546807403 0.0 0.0 0.0 0.9962391081510098 0.08664663519422255
1629013189.945374012 -6.8224653925369925 -1.0625814436388994 0.0 0.0 0.0 0.985771328686957 0.16809190206179242
1629013189.945374012 -6.822416040608484 -1.0623652711202811 0.0 0.0 0.0 0.985771321273566 0.1680919455374586
1629013190.145747185 -6.822379736277033 -1.063431185812125 0.0 0.0 0.0 0.9857713164451962 0.16809197385331873
1629013190.145747185 -6.822706092803625 -1.063808759057448 0.0 0.0 0.0 0.9857713127392764 0.16809199558659418
1629013190.145747185 -6.915453241751491 -1.03577951023341 0.0 0.0 0.0 0.9808144326556041 0.19494370647565287
1629013190.145747185 -6.916292092716655 -1.0361927564610995 0.0 0.0 0.0 0.980814432079678 0.19494370937329247
1629013190.145747185 -6.916054908158414 -1.036545214944936 0.0 0.0 0.0 0.9808144293360329 0.19494372317731132
1629013190.145747185 -6.917703245177414 -1.0373144284423248 0.0 0.0 0.0 0.9808144248587218 0.19494374570386866
1629013190.446377039 -6.918682456182875 -1.0365340288085294 0.0 0.0 0.0 0.9808144184811636 0.19494377779107747
1629013190.446377039 -6.918203679287657 -1.0370472786683231 0.0 0.0 0.0 0.9808144149096182 0.19494379576047913
1629013190.446377039 -6.981780338889355 -0.9838734055638462 0.0 0.0 0.0 0.9716985542137401 0.23622429963686478
1629013190.446377039 -6.980529830630638 -0.983698617836992 0.0 0.0 0.0 0.9716985576751996 0.23622428539829818
1629013190.446377039 -6.981089652205722 -0.98147544309293 0.0 0.0 0.0 0.9716985554500877 0.23622429455120156
1629013190.446377039 -6.980558839439507 -0.9816391449694891 0.0 0.0 0.0 0.9716985565642013 0.23622428996834255
1629013191.448290825 -6.979973081603651 -0.9822344105551106 0.0 0.0 0.0 0.9716985485462328 0.23622432294991227
1629013191.548486233 -6.979680911040952 -0.9827379408108954 0.0 0.0 0.0 0.97169855287463 0.23622430514523654
1629013191.548486233 -6.980926641959882 -0.98240600086448 0.0 0.0 0.0 0.9716985493201702 0.23622431976635433
1629013191.448290825 -7.082319068774738 -0.8648957849032252 0.0 0.0 0.0 0.9399520338329196 0.3413065690744289
1629013191.548486233 -7.081629480854518 -0.8648896533230017 0.0 0.0 0.0 0.9399520397525385 0.34130655277190663
1629013191.548486233 -7.103553732100808 -0.8104087779340252 0.0 0.0 0.0 0.9307276225302474 0.36571312891280416
1629013191.548486233 -7.103401340501973 -0.8088898831837706 0.0 0.0 0.0 0.9307276182966926 0.3657131396870587
1629013191.548486233 -7.102625648687237 -0.8086467159556073 0.0 0.0 0.0 0.93072762174271 0.36571313091706065
1629013191.949263096 -7.103009086174161 -0.808446705651059 0.0 0.0 0.0 0.930727624951335 0.36571312275121753
1629013192.049455166 -7.102732725501576 -0.8091645980110398 0.0 0.0 0.0 0.9307276267978062 0.36571311805201023
1629013191.949263096 -7.176238802776405 -0.638427734985455 0.0 0.0 0.0 0.9025782988610082 0.4305257418844647
1629013192.249902725 -7.174818743710581 -0.6374870615257584 0.0 0.0 0.0 0.9025782998342702 0.43052573984406356
1629013192.049455166 -7.195629018242719 -0.5857666880654977 0.0 0.0 0.0 0.8946150580233222 0.44683766398763636
1629013192.249902725 -7.195559730039972 -0.5865660042719543 0.0 0.0 0.0 0.8946150423947881 0.4468376952775712
1629013192.249902725 -7.245256333666927 -0.4856140682867766 0.0 0.0 0.0 0.8777687332937377 0.479084596759181
1629013192.249902725 -7.245290337863116 -0.48761788145933466 0.0 0.0 0.0 0.8777687562623498 0.4790845546765702
1629013192.249902725 -7.245631027337475 -0.48861777888047997 0.0 0.0 0.0 0.8777687780585443 0.47908451474203395
1629013192.249902725 -7.245815503163659 -0.4889395440955748 0.0 0.0 0.0 0.8777687842601467 0.4790845033795855
1629013192.851044893 -7.246294021537144 -0.48966640208481 0.0 0.0 0.0 0.8777687881074252 0.4790844963306808
1629013192.851044893 -7.245818114059784 -0.4897266950520515 0.0 0.0 0.0 0.877768758796119 0.4790845500342509
1629013192.851044893 -7.33642154223256 -0.22207028301246973 0.0 0.0 0.0 0.8216498722810852 0.5699925327409793
1629013193.051414251 -7.336902186409542 -0.22302248549390002 0.0 0.0 0.0 0.8216498908695994 0.5699925059454515
1629013193.051414251 -7.337274038426658 -0.22353946363689026 0.0 0.0 0.0 0.8216499130968821 0.5699924739046001
1629013193.051414251 -7.395171719241885 -0.07410983039799073 0.0 0.0 0.0 0.7972672561711857 0.6036264757590317
1629013193.051414251 -7.395128476937923 -0.07251525294481627 0.0 0.0 0.0 0.7972672659901527 0.6036264627901821
1629013193.151612282 -7.394531272829326 -0.07326002377015874 0.0 0.0 0.0 0.7972672474874479 0.6036264872284751
1629013193.251803398 -7.395483230643643 -0.0736855795883256 0.0 0.0 0.0 0.7972672745799857 0.603626451444767
1629013193.151612282 -7.415900415603618 -0.008363523406238426 0.0 0.0 0.0 0.7856414176388565 0.6186821178039719
1629013193.251803398 -7.4153746401662515 -0.009506068936294017 0.0 0.0 0.0 0.7856414300336717 0.6186821020642567
1629013193.251803398 -7.432248023650516 0.05136283086234176 0.0 0.0 0.0 0.7731958780891096 0.6341672761235877
1629013193.354059696 -7.431453383548918 0.050750587451460716 0.0 0.0 0.0 0.7731958730161104 0.6341672823087413
1629013193.354059696 -7.4314167146543175 0.0511553067996711 0.0 0.0 0.0 0.7731958597204339 0.6341672985192307
1629013193.354059696 -7.430377352808621 0.05130559211651678 0.0 0.0 0.0 0.773195864406345 0.6341672928060268
1629013193.354059696 -7.4439264604622775 0.11476501118081671 0.0 0.0 0.0 0.7610678689179707 0.6486722584639013
1629013193.452210426 -7.4431444381165965 0.11529683343869719 0.0 0.0 0.0 0.761067876962245 0.6486722490257937
1629013193.452210426 -7.454716621800357 0.1740857314393918 0.0 0.0 0.0 0.7480958025548252 0.66359073998953
1629013193.552470684 -7.454697276278298 0.1734984979160232 0.0 0.0 0.0 0.7480958104242565 0.6635907311179646
1629013193.552470684 -7.454567748849114 0.1739935397474597 0.0 0.0 0.0 0.7480958392376093 0.663590698635369
1629013193.552470684 -7.46502440466301 0.23743295264565542 0.0 0.0 0.0 0.7350889622711662 0.6779706612731115
1629013193.552470684 -7.464612726085669 0.2381338623087482 0.0 0.0 0.0 0.7350889607522243 0.6779706629200225
1629013193.552470684 -7.463739467839474 0.23817277303813367 0.0 0.0 0.0 0.7350890025896621 0.6779706175578228
1629013193.552470684 -7.463362316743738 0.23884593094704376 0.0 0.0 0.0 0.7350889871992702 0.6779706342448405
1629013194.253760338 -7.463001636912466 0.23854282232558832 0.0 0.0 0.0 0.7350890064470834 0.6779706133754174
1629013194.253760338 -7.4632463928386965 0.23823697073436487 0.0 0.0 0.0 0.7350889939721341 0.6779706269013693
1629013194.253760338 -7.462533729909608 0.23809846969369078 0.0 0.0 0.0 0.7350889732783653 0.6779706493385673
1629013194.253760338 -7.462024550997118 0.23777060341803 0.0 0.0 0.0 0.7350889845604333 0.6779706371059967
1629013194.554497957 -7.462241533169358 0.23771368578647725 0.0 0.0 0.0 0.7350889272413617 0.6779706992541374
1629013194.554497957 -7.462799162061842 0.23743464939773487 0.0 0.0 0.0 0.735088953565524 0.6779706707121945
1629013194.554497957 -7.463213609922101 0.23772295617844597 0.0 0.0 0.0 0.7350889107798954 0.6779707171024624
1629013194.554497957 -7.463392027766885 0.2392910168522029 0.0 0.0 0.0 0.7350889075112764 0.6779707206464584
1629013194.554497957 -7.462532810446817 0.23952482583792506 0.0 0.0 0.0 0.7350889040229637 0.6779707244286571
1629013194.854950905 -7.462933431314212 0.2408964328294162 0.0 0.0 0.0 0.7350889129020324 0.6779707148015379
1629013195.957142353 -7.46337166436784 0.24162269797749042 0.0 0.0 0.0 0.7350889232144688 0.6779707036202912
1629013195.957142353 -7.462889321266705 0.24153652164116327 0.0 0.0 0.0 0.7350889425560803 0.6779706826491716
1629013194.253760338 -7.491870303398433 0.3438767874899884 0.0 0.0 0.0 0.6827103494793725 0.7306891122178797
1629013194.554497957 -7.50727127349079 0.5275659503965966 0.0 0.0 0.0 0.6365160918690227 0.7712634211420802
1629013194.854950905 -7.47495896050559 0.7179341469044649 0.0 0.0 0.0 0.5870600209399641 0.8095434094685527
1629013195.957142353 -7.326732215517369 0.9760609628130834 0.0 0.0 0.0 0.5005269124882281 0.8657209769175064
1629013195.957142353 -7.326889011395235 0.9762274492473519 0.0 0.0 0.0 0.5005269279364537 0.8657209679859302
1629013196.458153248 -7.326366499702447 0.975663584241689 0.0 0.0 0.0 0.5005269173071862 0.8657209741313682
1629013196.458153248 -7.326617718459577 0.9744680600272316 0.0 0.0 0.0 0.500526984514347 0.8657209352747424
1629013196.458153248 -7.326595347975936 0.9748075271653909 0.0 0.0 0.0 0.5005269809536746 0.865720937333388
1629013196.458153248 -7.179545515028941 1.2497857493854136 0.0 0.0 0.0 0.4035582803014927 0.9149539411358922
1629013196.458153248 -7.178467323124526 1.249810235404172 0.0 0.0 0.0 0.4035582509006575 0.9149539541037035
1629013196.458153248 -7.1781979330880485 1.249695098847107 0.0 0.0 0.0 0.4035582472886622 0.9149539556968443
1629013197.259631634 -7.178084969971285 1.249518773604906 0.0 0.0 0.0 0.40355823108467925 0.9149539628439262
1629013197.259631634 -7.178006904133742 1.2487285331701963 0.0 0.0 0.0 0.40355823101101657 0.9149539628764165
1629013197.259631634 -7.178999834362928 1.2480670460757237 0.0 0.0 0.0 0.4035582117504587 0.9149539713716598
1629013197.259631634 -6.98276363059391 1.515191270527346 0.0 0.0 0.0 0.2513077962080623 0.9679072226019636
1629013197.359828949 -6.981973015840121 1.514672389974345 0.0 0.0 0.0 0.2513077617831999 0.9679072315400471
1629013197.359828949 -6.721923884041659 1.7166317948494547 0.0 0.0 0.0 0.1431622059566993 0.9896992385495765
1629013197.359828949 -6.720448346333432 1.7161507540332277 0.0 0.0 0.0 0.14316218014468493 0.9896992422833417
1629013197.359828949 -6.719671147638305 1.7158092528387558 0.0 0.0 0.0 0.14316218658138782 0.9896992413522584
1629013197.359828949 -6.718643731501611 1.715854470833562 0.0 0.0 0.0 0.14316216727546013 0.9896992441449034
1629013197.359828949 -6.7183109225723285 1.715721052194957 0.0 0.0 0.0 0.1431621433018897 0.9896992476127328
1629013197.760605812 -6.717791809613613 1.7159309283862274 0.0 0.0 0.0 0.14316216051332187 0.9896992451230615
1629013197.760605812 -6.718722956365355 1.7161839800436618 0.0 0.0 0.0 0.14316216998963466 0.9896992437522921
1629013197.760605812 -6.719230567171519 1.7158030126467334 0.0 0.0 0.0 0.14316217515211088 0.9896992430055286
1629013197.760605812 -6.718892794754915 1.715161620148731 0.0 0.0 0.0 0.14316215496522874 0.9896992459256053
1629013198.161396980 -6.719201525677176 1.715644528948905 0.0 0.0 0.0 0.14316212643236542 0.9896992500529458
1629013198.161396980 -6.719677910064728 1.715896546375405 0.0 0.0 0.0 0.14316213775306919 0.9896992484153816
1629013198.161396980 -6.720703156879549 1.7171060914757006 0.0 0.0 0.0 0.1431621288285032 0.9896992497063394
1629013198.161396980 -6.718750396702922 1.7166291428426623 0.0 0.0 0.0 0.14316205493301132 0.9896992603954786
1629013198.161396980 -6.718683617237888 1.717168252447898 0.0 0.0 0.0 0.14316202590986518 0.9896992645937366
1629013198.562168837 -6.718234613690471 1.7181443434671275 0.0 0.0 0.0 0.14316204331723306 0.989699262075725
1629013202.074606419 -6.718757955359884 1.7194500844057805 0.0 0.0 0.0 0.1431620247474147 0.9896992647618874
1629013202.169236660 -6.71948885465938 1.719918002974725 0.0 0.0 0.0 0.14316198386085877 0.9896992706762107
1629013202.169236660 -6.719131371331494 1.7200034019036057 0.0 0.0 0.0 0.14316199427799306 0.9896992691693512
1629013202.369596958 -6.720065914880169 1.7192589513802203 0.0 0.0 0.0 0.14316193501271718 0.989699277742191
1629013202.369596958 -6.720553760937548 1.7190917173130855 0.0 0.0 0.0 0.14316188430996457 0.989699285076442
1629013197.760605812 -6.452995175543038 1.8142354822109654 0.0 0.0 0.0 0.05819724805209997 0.9983051038230558
1629013198.161396980 -6.1819615774295045 1.8411072376125626 0.0 0.0 0.0 -0.0290072796112598 0.9995792003285954
1629013198.562168837 -5.888829068450011 1.833480251654633 0.0 0.0 0.0 -0.11458355455561577 0.9934136142742358
1629013199.163362503 -5.5107897803176655 1.6822653960867249 0.0 0.0 0.0 -0.2152527171639643 0.9765583790811128
1629013199.263733149 -5.276870983124958 1.6995005562170036 0.0 0.0 0.0 -0.25682677041596 0.9664574537959277
1629013199.363727808 -5.202206784940281 1.6770119188808374 0.0 0.0 0.0 -0.256326223889886 0.9665903304639211
1629013199.865200996 -4.878889989939726 1.516614562375832 0.0 0.0 0.0 -0.2166777415701766 0.9762431850251493
1629013200.065204859 -4.744584725430949 1.4648539123016915 0.0 0.0 0.0 -0.18721587299123185 0.9823187959619478
1629013200.767469406 -4.388380037553231 1.3236229510962254 0.0 0.0 0.0 -0.09527374661895757 0.9954511104043164
1629013201.067073822 -4.209454426643649 1.304130416067516 0.0 0.0 0.0 -0.05763040531131249 0.9983379870483011
1629013201.267458916 -4.113114372467069 1.2918708522218934 0.0 0.0 0.0 -0.03617399042024631 0.9993455070280127
1629013202.670295238 -4.113612636683231 1.2927568599157437 0.0 0.0 0.0 -0.03617400250469795 0.9993455065905835
1629013202.770405769 -4.1136301909365205 1.2934051327309952 0.0 0.0 0.0 -0.0361740108969722 0.9993455062868025
1629013202.670295238 -3.8198021212954045 1.2002487858829103 0.0 0.0 0.0 0.09045940911575656 0.9959001432384816
1629013202.870672941 -3.8195523119825414 1.2016466496985863 0.0 0.0 0.0 0.09045939352017444 0.9959001446550564
1629013203.171209335 -3.819227420244335 1.2002941472742694 0.0 0.0 0.0 0.09045944431960758 0.9959001400408516
1629013202.870672941 -3.8018274266092136 1.1921238250242026 0.0 0.0 0.0 0.09021634551499776 0.9959221912388129
1629013203.171209335 -3.8007665715729466 1.1920153583631645 0.0 0.0 0.0 0.09021635551843471 0.9959221903326441
1629013203.171209335 -3.768649814039937 1.1774664546303328 0.0 0.0 0.0 0.07248916818679023 0.9973691996926651
1629013203.571948051 -3.767873347850413 1.1783522421432744 0.0 0.0 0.0 0.07248919756690415 0.9973691975573069
1629013203.677692413 -3.7671473979269834 1.1787080018922789 0.0 0.0 0.0 0.07248918997370525 0.9973691981091837
1629013203.571948051 -3.685341379797856 1.1664033898644453 0.0 0.0 0.0 0.028811933255341378 0.9995848500763153
1629013203.878424644 -3.685120202089828 1.1654114626882432 0.0 0.0 0.0 0.02881191830511875 0.9995848505072389
1629013204.072945595 -3.68456730283504 1.1652104226105555 0.0 0.0 0.0 0.028811883206809004 0.999584851518908
1629013203.878424644 -3.5669049770580834 1.1504480308837497 0.0 0.0 0.0 -0.006034018428875896 0.9999817951450917
1629013204.072945595 -3.567803837113399 1.1509080858684861 0.0 0.0 0.0 -0.006034035242312927 0.999981795043637
1629013204.072945595 -3.5665478775496156 1.1514706352296076 0.0 0.0 0.0 -0.0060340844333431525 0.99998179474681
1629013204.072945595 -3.5410190195758333 1.1346379467831784 0.0 0.0 0.0 -0.026759939678085272 0.9996418886923583
1629013204.573929071 -3.54041447873537 1.1346335093000006 0.0 0.0 0.0 -0.026759946325693916 0.9996418885144049
1629013204.573929071 -3.540408082679977 1.1343017618646591 0.0 0.0 0.0 -0.026760001010351656 0.9996418870505207
1629013204.573929071 -3.3500319113251376 1.0882750679823596 0.0 0.0 0.0 -0.05118596757095768 0.9986891391838728
1629013204.573929071 -3.350405035500035 1.0878646588597505 0.0 0.0 0.0 -0.05118595616860081 0.9986891397682794
1629013204.573929071 -3.3509079267850246 1.088093574694417 0.0 0.0 0.0 -0.05118591569318746 0.9986891418427708
1629013204.573929071 -3.3502919857229867 1.0879221466995344 0.0 0.0 0.0 -0.05118593291470774 0.9986891409601143
1629013205.475691319 -3.352729498701218 1.0883678562856987 0.0 0.0 0.0 -0.05118590019673802 0.9986891426370117
1629013205.676188707 -3.353018694851366 1.0874762708468728 0.0 0.0 0.0 -0.05118590333025816 0.9986891424764092
1629013205.878082752 -3.35332434130728 1.087405478757523 0.0 0.0 0.0 -0.05118586655585806 0.99868914436121
1629013205.475691319 -2.9743414254117653 1.0075813051869458 0.0 0.0 0.0 -0.07119709606951415 0.9974622667105099
1629013206.076845169 -2.9748218629297045 1.0084383329063238 0.0 0.0 0.0 -0.07119710419917902 0.9974622661302287
1629013205.878082752 -2.7733614365829724 0.9894674124841616 0.0 0.0 0.0 -0.07952429647151864 0.9968329279627103
1629013206.076845169 -2.773199295739009 0.9896054519120489 0.0 0.0 0.0 -0.07952429845001244 0.9968329278048721
1629013206.076845169 -2.7721760126706223 0.9890374238066133 0.0 0.0 0.0 -0.07952426326872504 0.9968329306115276
1629013206.076845169 -2.6722953666291738 0.9838967531471051 0.0 0.0 0.0 -0.08488548220943998 0.9963907139822565
1629013206.377456665 -2.671815337240462 0.9833145323396811 0.0 0.0 0.0 -0.08488549341727347 0.9963907130274278
1629013206.477707386 -2.6716167970020646 0.983725510697047 0.0 0.0 0.0 -0.08488550765954499 0.9963907118140862
1629013206.377456665 -2.530413761238823 0.9698298862129243 0.0 0.0 0.0 -0.09053434772031224 0.9958933335869146
1629013207.078907251 -2.531440675904657 0.9707471008075174 0.0 0.0 0.0 -0.09053430669527567 0.9958933373164045
1629013206.477707386 -2.502980839254967 0.9527605019996971 0.0 0.0 0.0 -0.09185481622477451 0.9957724101100175
1629013207.078907251 -2.502564226540446 0.9528022860126055 0.0 0.0 0.0 -0.09185479085961853 0.9957724124498206
1629013207.078907251 -2.2175879594853005 0.874479730612521 0.0 0.0 0.0 -0.09121156061430699 0.9958315375656178
1629013207.379912376 -2.2183519810114434 0.874602070142779 0.0 0.0 0.0 -0.09121155432279031 0.9958315381418791
1629013207.379912376 -2.2191258435361316 0.8755334164031356 0.0 0.0 0.0 -0.0912115209491702 0.9958315411986804
1629013207.379912376 -2.0644816707051974 0.8852670266208467 0.0 0.0 0.0 -0.068352740362959 0.9976612164882797
1629013207.580000401 -2.064118098518071 0.8846867750786659 0.0 0.0 0.0 -0.06835275668279898 0.9976612153701586
1629013207.580000401 -2.063922434229336 0.8838405088442105 0.0 0.0 0.0 -0.06835275621112989 0.9976612154024741
1629013207.580000401 -1.9762697067283281 0.8678049096381348 0.0 0.0 0.0 -0.048100457274858746 0.9988425031054443
1629013207.580000401 -1.9765066605387973 0.8683294323677717 0.0 0.0 0.0 -0.048100459258206524 0.9988425030099338
1629013208.080886364 -1.9765010301894481 0.8678440145054053 0.0 0.0 0.0 -0.04810054869921547 0.9988424987027906
1629013208.080886364 -1.976366461332772 0.8688061364653502 0.0 0.0 0.0 -0.0481005213264074 0.9988425000209632
1629013208.080886364 -1.9756769308008941 0.870155660716379 0.0 0.0 0.0 -0.0481005797700362 0.9988424972065347
1629013208.080886364 -1.796057935397149 0.7940503047834958 0.0 0.0 0.0 0.00914413761830563 0.9999581914996334
1629013208.481552601 -1.7952122888783393 0.7945248007305065 0.0 0.0 0.0 0.009144121808399122 0.9999581916442073
1629013208.481552601 -1.795360656844143 0.794358137688167 0.0 0.0 0.0 0.009144148367959562 0.9999581914013329
1629013208.481552601 -1.7944434227606574 0.793756183508669 0.0 0.0 0.0 0.009144146919332088 0.99995819141458
1629013208.481552601 -1.627407543030447 0.8061639931805337 0.0 0.0 0.0 0.06695299208730812 0.9977561309511241
1629013208.481552601 -1.6265919028380043 0.8065754703651599 0.0 0.0 0.0 0.06695305760434367 0.9977561265546955
1629013208.481552601 -1.626761034063401 0.8077281985100618 0.0 0.0 0.0 0.06695306313179238 0.9977561261837835
1629013209.383306265 -1.6266343229303448 0.8079760502991651 0.0 0.0 0.0 0.06695308341483565 0.9977561248227175
1629013209.483502388 -1.6263423327711117 0.8083511146106025 0.0 0.0 0.0 0.06695307983616917 0.997756125062859
1629013209.383306265 -1.4555511299497519 0.8190755939644169 0.0 0.0 0.0 0.1775742289125304 0.9841074093949909
1629013209.483502388 -1.456017936619834 0.8191618522247439 0.0 0.0 0.0 0.177574214645734 0.984107411969319
1629013209.483502388 -1.3410886091472238 0.7763125463141477 0.0 0.0 0.0 0.2509346445465302 0.9680040310692444
1629013209.784077168 -1.340528734571592 0.7776711350242922 0.0 0.0 0.0 0.25093457453183354 0.9680040492190762
1629013209.986763000 -1.3404404556012746 0.7776545647962483 0.0 0.0 0.0 0.2509345589222706 0.9680040532655251
1629013209.986763000 -1.3393281018908019 0.7767270162523315 0.0 0.0 0.0 0.25093452783485076 0.9680040613242801
1629013209.784077168 -1.2721457962915226 0.8116570334068302 0.0 0.0 0.0 0.29555407786044036 0.955326010877996
1629013209.986763000 -1.2726760750936854 0.8110600615477027 0.0 0.0 0.0 0.29555403643390277 0.9553260236943341
1629013209.986763000 -1.2167083790509594 0.8618836631026694 0.0 0.0 0.0 0.32454979284189045 0.9458686124226166
1629013210.385328293 -1.2151248924893403 0.8610350006039246 0.0 0.0 0.0 0.32454978772273146 0.9458686141791205
1629013210.385328293 -1.2152459989043922 0.8615888003558753 0.0 0.0 0.0 0.3245497665756162 0.9458686214351933
1629013210.385328293 -1.2145923826734084 0.8612900905936556 0.0 0.0 0.0 0.3245497661274095 0.9458686215889835
1629013210.385328293 -1.120578556913962 0.9569776251651932 0.0 0.0 0.0 0.38062479181567316 0.9247295647135304
1629013210.786072731 -1.1205655943120665 0.958251320063335 0.0 0.0 0.0 0.3806247555146162 0.9247295796552842
1629013210.786072731 -1.120264838022933 0.9598132015831075 0.0 0.0 0.0 0.3806247691482862 0.9247295740435761
1629013210.786072731 -1.0326700483330908 1.0826100576750775 0.0 0.0 0.0 0.4416349492263459 0.8971948348167431
1629013210.786072731 -1.0329291113615269 1.0826589793714243 0.0 0.0 0.0 0.4416349668910901 0.8971948261214538
1629013210.786072731 -1.0327569228686317 1.0811939765406902 0.0 0.0 0.0 0.4416348717440844 0.897194872956587
1629013211.487395525 -1.0336260487511655 1.0814526678525178 0.0 0.0 0.0 0.441634828748269 0.8971948941208299
1629013211.487395525 -1.033509514680884 1.0823506430617091 0.0 0.0 0.0 0.44163479238672737 0.8971949120194186
1629013211.487395525 -0.8643316236620291 1.3629735083446355 0.0 0.0 0.0 0.5439219813878291 0.8391357924455005
1629013211.687815666 -0.8645459211985278 1.3633588317138665 0.0 0.0 0.0 0.5439219687782116 0.8391358006189666
1629013211.687815666 -0.8646846943211991 1.363234579495636 0.0 0.0 0.0 0.5439219643412903 0.8391358034949481
1629013211.687815666 -0.7513197741299082 1.587275136217754 0.0 0.0 0.0 0.600288206913858 0.7997837636762484
1629013211.687815666 -0.7514917577399495 1.5869849078596978 0.0 0.0 0.0 0.6002882188748109 0.799783754698798
1629013212.089605808 -0.7529149706845837 1.5866361535452673 0.0 0.0 0.0 0.600288192369738 0.7997837745925285
1629013212.089605808 -0.7146433461331353 1.7903055435330286 0.0 0.0 0.0 0.6547994321252729 0.7558026883310354
1629013212.389182568 -0.7147006905565129 1.7910104565981633 0.0 0.0 0.0 0.6547994261286194 0.7558026935263136
1629013212.489371300 -0.7154466021317939 1.7891387407360082 0.0 0.0 0.0 0.6547994177329302 0.7558027008000273
1629013212.489371300 -0.6954427657007339 2.027314538103648 0.0 0.0 0.0 0.6786354911510575 0.7344752345383492
1629013212.790127516 -0.6955740522803472 2.027096249547532 0.0 0.0 0.0 0.6786355236564653 0.7344752045042195
1629013212.790127516 -0.6907566687792187 2.213789327994929 0.0 0.0 0.0 0.6687384625227648 0.7434977261180351
1629013212.790127516 -0.6901887377662638 2.2134557552616028 0.0 0.0 0.0 0.6687384401601009 0.7434977462321155
1629013212.790127516 -0.6907516083889075 2.2145389715469572 0.0 0.0 0.0 0.6687384110810992 0.7434977723871987
1629013213.491334200 -0.6912437797569867 2.215170155904674 0.0 0.0 0.0 0.6687384227185512 0.7434977619199027
1629013213.691732168 -0.6925311573592097 2.215090603427139 0.0 0.0 0.0 0.6687384576801142 0.7434977304737534
1629013213.491334200 -0.7119959974169392 2.476710074294308 0.0 0.0 0.0 0.6215963785164922 0.7833376936003921
1629013213.892106056 -0.7120454335760016 2.4767833196583533 0.0 0.0 0.0 0.6215963809656059 0.7833376916569643
1629013213.992370605 -0.7115505717708336 2.4768867063433997 0.0 0.0 0.0 0.6215963994127374 0.7833376770187431
1629013213.691732168 -0.7068014070167393 2.5754042326136957 0.0 0.0 0.0 0.5958618644237539 0.8030869433165053
1629013214.192687035 -0.7067887255757465 2.5755262248925157 0.0 0.0 0.0 0.5958618639079571 0.8030869436992082
1629013214.394271851 -0.7073319367746833 2.575286071383532 0.0 0.0 0.0 0.595861819113047 0.8030869769354315
1629013213.992370605 -0.6495061526180133 2.7444999660237794 0.0 0.0 0.0 0.5556437640840507 0.8314204757128055
1629013214.394271851 -0.64991356528802 2.744511463516554 0.0 0.0 0.0 0.555643752345186 0.8314204835579657
1629013214.192687035 -0.6491565015660307 2.819600728696924 0.0 0.0 0.0 0.5282877887878183 0.8490653757030006
1629013214.793873310 -0.6499066012421009 2.819836120643374 0.0 0.0 0.0 0.5282877780606628 0.8490653823774279
1629013214.394271851 -0.6372853360733508 2.8854382070175455 0.0 0.0 0.0 0.5006033096746281 0.8656768024746929
1629013214.793873310 -0.6384704048127999 2.8849360470232854 0.0 0.0 0.0 0.5006033102151553 0.8656768021621171
1629013214.793873310 -0.6637872369068364 2.9696743796254084 0.0 0.0 0.0 0.4474174960289578 0.8943252116803918
1629013215.094453812 -0.6635968701439416 2.969647074845988 0.0 0.0 0.0 0.4474174842208916 0.8943252175877902
1629013215.094453812 -0.6641395497382457 2.970081726938112 0.0 0.0 0.0 0.44741751279551006 0.8943252032923368
1629013215.094453812 -0.6758149982249761 3.0270281475715857 0.0 0.0 0.0 0.4040402850809291 0.9147411918306301
1629013215.094453812 -0.675181409707545 3.02543532874965 0.0 0.0 0.0 0.4040402940116393 0.914741187885944
1629013215.595432520 -0.6746345997547868 3.0258115872136453 0.0 0.0 0.0 0.40404027088236144 0.9147411981021233
1629013215.695641518 -0.6751568837331532 3.0262946326019122 0.0 0.0 0.0 0.4040402762279385 0.9147411957409872
1629013215.595432520 -0.6897830899264089 3.0760572691717774 0.0 0.0 0.0 0.3309201157064971 0.9436587714957132
1629013215.795802355 -0.6910727023691037 3.0763676754943035 0.0 0.0 0.0 0.3309201186434442 0.9436587704657912
1629013215.695641518 -0.6934340153609397 3.080748717305901 0.0 0.0 0.0 0.31452610842475864 0.9492488225534846
1629013215.795802355 -0.6949926976252029 3.0804779982321224 0.0 0.0 0.0 0.31452616965341884 0.949248802265849
1629013215.795802355 -0.6917047971990057 3.077083252553198 0.0 0.0 0.0 0.2988753209844418 0.9542921683145298
1629013215.795802355 -0.6922324566424995 3.0753375774796488 0.0 0.0 0.0 0.2988753177068613 0.9542921693410371
1629013215.996199131 -0.6917857744553526 3.074277544358599 0.0 0.0 0.0 0.2988753208195572 0.9542921683661701
1629013215.996199131 -0.6485150671393795 3.1146705146898173 0.0 0.0 0.0 0.2662092013588024 0.9639152769366759
1629013216.196589470 -0.6474138882900897 3.1149988698335958 0.0 0.0 0.0 0.2662091941720193 0.963915278921485
1629013216.497184753 -0.6476044789173417 3.1141620426760386 0.0 0.0 0.0 0.2662092007723102 0.9639152770986503
1629013216.196589470 -0.5579554034944954 3.170743800766935 0.0 0.0 0.0 0.2333530032102525 0.9723920895877115
1629013216.597385406 -0.5587745152854469 3.17022709292429 0.0 0.0 0.0 0.23335297915551423 0.9723920953603264
1629013216.597385406 -0.5578027849298945 3.170736847157263 0.0 0.0 0.0 0.23335299661951436 0.9723920911693456
1629013216.497184753 -0.4298285697043284 3.233006180441349 0.0 0.0 0.0 0.18255375028378135 0.9831958748170818
1629013216.597385406 -0.429583563432177 3.2327634036451722 0.0 0.0 0.0 0.1825537630398627 0.9831958724486112
1629013216.597385406 -0.38492235303788536 3.253479860003064 0.0 0.0 0.0 0.16548024485259794 0.9862131050455192
1629013216.597385406 -0.3854996914222608 3.2536706329000817 0.0 0.0 0.0 0.16548021880252578 0.9862131094165542
1629013216.597385406 -0.385767009795606 3.2543924455317788 0.0 0.0 0.0 0.16548023083999674 0.9862131073967438
1629013217.098364115 -0.38593865979153114 3.254646078751067 0.0 0.0 0.0 0.16548026911534 0.9862131009743861
1629013217.098364115 -0.38576900753026244 3.254050529536747 0.0 0.0 0.0 0.16548024999092711 0.9862131041833404
1629013217.098364115 -0.22660183235501316 3.2815306536053446 0.0 0.0 0.0 0.08648159332941015 0.9962534486842224
1629013217.499140263 -0.22672463355223163 3.2817235536696714 0.0 0.0 0.0 0.0864816299292972 0.9962534455071019
1629013217.599331856 -0.2275093454068271 3.2823421736403087 0.0 0.0 0.0 0.08648161729615839 0.9962534466037449
1629013217.599331856 -0.22808965150569172 3.282732661068759 0.0 0.0 0.0 0.0864816812305914 0.9962534410537965
1629013217.499140263 -0.012932796761587222 3.322045889771715 0.0 0.0 0.0 0.01594511430676579 0.9998728685836735
1629013217.599331856 -0.01403824610309155 3.3223812980474783 0.0 0.0 0.0 0.015945143473578362 0.9998728681185458
1629013217.799716949 -0.014217815812118659 3.321543006943072 0.0 0.0 0.0 0.01594509072817571 0.9998728689596844
1629013217.599331856 0.05566084150709768 3.321553978844527 0.0 0.0 0.0 -0.002709380027483952 0.9999963296231975
1629013217.799716949 0.05600753859799235 3.322750900768243 0.0 0.0 0.0 -0.0027093475473061296 0.9999963297111985
1629013217.799716949 0.05462978933292018 3.321469629782071 0.0 0.0 0.0 -0.002709375297685981 0.9999963296360124
1629013217.799716949 0.056044534727425765 3.322288732368059 0.0 0.0 0.0 -0.0027093523300701903 0.9999963296982403
1629013217.799716949 0.1717797032914469 3.3213891526388406 0.0 0.0 0.0 -0.04082563223072895 0.9991662863372449
1629013218.100379467 0.17159953518893073 3.3205745123141863 0.0 0.0 0.0 -0.04082563782473625 0.9991662861086754
1629013218.200509548 0.17191865524034783 3.319892578582444 0.0 0.0 0.0 -0.04082562033093498 0.9991662868234669
1629013218.100379467 0.3793520524045232 3.316802077631999 0.0 0.0 0.0 -0.09873233071472323 0.9951140270700833
1629013218.200509548 0.3785910589378235 3.3169293093354324 0.0 0.0 0.0 -0.09873228526240882 0.9951140315797292
1629013218.200509548 0.4645663754514253 3.3363607459515525 0.0 0.0 0.0 -0.11833176798692352 0.9929741148112013
1629013218.200509548 0.4661763367637761 3.335545815426128 0.0 0.0 0.0 -0.11833182111200846 0.9929741084803347
1629013218.200509548 0.46535323671083184 3.3355284380452126 0.0 0.0 0.0 -0.11833179225382158 0.9929741119193383
1629013218.200509548 0.46686644866599064 3.33478177374675 0.0 0.0 0.0 -0.11833180172862129 0.9929741107902352
1629013219.406359673 0.4664784634895456 3.334862281972153 0.0 0.0 0.0 -0.11833183684129883 0.9929741066058894
1629013219.406359673 0.6776918134442559 3.299225631606018 0.0 0.0 0.0 -0.16003527010283874 0.9871112968268124
1629013219.503051281 0.6777205020777602 3.299094486156001 0.0 0.0 0.0 -0.16003528894785793 0.9871112937715664
1629013219.503051281 0.677586197398294 3.297804133268574 0.0 0.0 0.0 -0.16003529863247437 0.9871112922014491
1629013219.503051281 0.6763194947862352 3.298537428131779 0.0 0.0 0.0 -0.16003533493763872 0.9871112863154781
1629013219.503051281 0.7420700707270537 3.280364208603227 0.0 0.0 0.0 -0.1800547857785261 0.9836565834264767
1629013219.804655790 0.7418837631577578 3.2796941763835696 0.0 0.0 0.0 -0.18005475298428023 0.9836565894293444
1629013219.804655790 0.7415345779660714 3.280024831837483 0.0 0.0 0.0 -0.18005471228181616 0.9836565968797812
1629013219.804655790 0.925066799681593 3.213252495234842 0.0 0.0 0.0 -0.2381335016561205 0.9712324311867857
1629013219.804655790 0.9244414556945112 3.214350150227863 0.0 0.0 0.0 -0.23813351031902508 0.9712324290627546
1629013220.204417229 0.9240474184085439 3.2160557773912966 0.0 0.0 0.0 -0.2381334920556785 0.9712324335406886
1629013220.204417229 0.92297266704965 3.216093669719276 0.0 0.0 0.0 -0.2381335080565216 0.971232429617491
1629013220.204417229 1.1464309788083789 3.105813892539249 0.0 0.0 0.0 -0.30118747133399104 0.953564946456945
1629013220.204417229 1.1477987456846568 3.1059658200948532 0.0 0.0 0.0 -0.3011874865654959 0.9535649416460104
1629013220.204417229 1.1483508678690242 3.1061302787537493 0.0 0.0 0.0 -0.30118743335698317 0.9535649584521407
1629013220.204417229 1.1484808932162824 3.1059101235994717 0.0 0.0 0.0 -0.3011875188755429 0.9535649314407459
1629013220.806005239 1.148177911734924 3.1049534937528516 0.0 0.0 0.0 -0.30118751297268864 0.9535649333051874
1629013220.806005239 1.1480516793369577 3.1054760615848145 0.0 0.0 0.0 -0.30118749420939644 0.9535649392316523
1629013220.806005239 1.1470575415418842 3.105331611836575 0.0 0.0 0.0 -0.30118748108189236 0.9535649433780296
1629013220.806005239 1.146162196302038 3.104919027458538 0.0 0.0 0.0 -0.3011874677525146 0.9535649475881692
1629013221.106210232 1.1457814267773123 3.1039854031846206 0.0 0.0 0.0 -0.3011874409761325 0.9535649560456009
1629013221.106210232 1.1457194822808148 3.1046578535097646 0.0 0.0 0.0 -0.30118741651843495 0.9535649637706656
1629013221.106210232 1.145937035098141 3.1046647671064638 0.0 0.0 0.0 -0.3011873917946149 0.9535649715797855
1629013221.406772852 1.1468684585808815 3.104679514759655 0.0 0.0 0.0 -0.3011873982979071 0.953564969525694
1629013221.406772852 1.1457391927369747 3.104320558164755 0.0 0.0 0.0 -0.3011874553481758 0.9535649515061313
1629013221.406772852 1.1453806223214686 3.1026430812783463 0.0 0.0 0.0 -0.30118745927389406 0.9535649502661769
1629013220.806005239 1.4357476188160752 3.0134307293329465 0.0 0.0 0.0 -0.287346699177214 0.9578266411370899
1629013221.106210232 1.4893842307764678 2.986890633108888 0.0 0.0 0.0 -0.2769427727402694 0.9608864140089252
1629013221.406772852 1.450875958769334 3.0072922817584753 0.0 0.0 0.0 -0.2903081303333259 0.9569332210046679
1629013221.607167244 1.376179191190749 3.041955381241986 0.0 0.0 0.0 -0.3125360017277549 0.949905915143194
1629013221.707352638 1.3359369477919325 3.068472365275287 0.0 0.0 0.0 -0.3256066330790233 0.9455053254714868
1629013221.807577133 1.2837294718412093 3.099619662126984 0.0 0.0 0.0 -0.3416905604433431 0.9398125136982983
1629013221.907737732 1.2288393660008952 3.1207822511116543 0.0 0.0 0.0 -0.3580992563481971 0.9336835237931899
1629013221.907737732 1.2280186372576356 3.1193681027655566 0.0 0.0 0.0 -0.3580992815338649 0.9336835141336328
1629013223.711259842 1.2277617272127712 3.1188568968458186 0.0 0.0 0.0 -0.35809925272524995 0.9336835251827128
1629013223.911646843 1.2286565634230822 3.1190133344727236 0.0 0.0 0.0 -0.3580992499631278 0.9336835262420802
1629013223.911646843 1.2300107147581192 3.1189271532763954 0.0 0.0 0.0 -0.35809924899911816 0.9336835266118105
1629013224.012077093 1.2298076138454406 3.1203656300146383 0.0 0.0 0.0 -0.35809925706899165 0.9336835235167408
1629013224.212237358 1.2299628553729964 3.1199390291019107 0.0 0.0 0.0 -0.35809927489119353 0.9336835166813225
1629013224.212237358 1.231490390832701 3.120717429414297 0.0 0.0 0.0 -0.35809925086732713 0.9336835258952891
1629013224.212237358 1.2309661820705484 3.120161360465818 0.0 0.0 0.0 -0.3580992013111908 0.9336835449017441
1629013224.212237358 1.2295961092036436 3.1196676785519317 0.0 0.0 0.0 -0.3580992035489658 0.9336835440434818
1629013224.212237358 1.2287181184276317 3.119507740958906 0.0 0.0 0.0 -0.3580991813406865 0.9336835525611074
1629013224.813429356 1.2284711466844251 3.118724095391624 0.0 0.0 0.0 -0.35809915100475154 0.9336835641959625
1629013224.813429356 1.2292980444038688 3.118413630998927 0.0 0.0 0.0 -0.3580991398008803 0.9336835684930251
1629013225.514781952 1.2296330639795519 3.1191875877427115 0.0 0.0 0.0 -0.35809905675054865 0.9336836003456243
1629013225.614995480 1.2291765943198336 3.119279943386646 0.0 0.0 0.0 -0.35809903916055585 0.9336836070919777
1629013225.715173721 1.2282581216437851 3.1193028298829955 0.0 0.0 0.0 -0.35809904040442786 0.933683606614911
1629013225.816148996 1.2273151834646023 3.1176232239812736 0.0 0.0 0.0 -0.3580990726969485 0.9336835942296435
1629013227.318311214 1.2268300373221028 3.116366631592193 0.0 0.0 0.0 -0.3580990864749923 0.9336835889453
1629013227.418504953 1.2271442917629436 3.1149054879714924 0.0 0.0 0.0 -0.3580990701911667 0.9336835951906951
1629013227.418504953 1.2282486280600375 3.1150181750646437 0.0 0.0 0.0 -0.35809904474532783 0.93368360495003
1629013227.618903399 1.2293242499135617 3.115594435789421 0.0 0.0 0.0 -0.35809903332860527 0.9336836093287267
1629013227.618903399 1.228222447311933 3.1144872988596677 0.0 0.0 0.0 -0.35809900368152875 0.9336836206993762
1629013227.819284201 1.2284099555333414 3.116167464604576 0.0 0.0 0.0 -0.35809900509283715 0.933683620158092
1629013227.819284201 1.2289413346591287 3.117021433942711 0.0 0.0 0.0 -0.35809904169444057 0.9336836061201478
1629013227.819284201 1.228222850824814 3.1179117160138903 0.0 0.0 0.0 -0.3580990443878875 0.9336836050871204
1629013227.819284201 1.2276422522956578 3.1175800118219903 0.0 0.0 0.0 -0.3580990637557248 0.9336835976589036
1629013228.220059395 1.2274190261246776 3.1182994275845712 0.0 0.0 0.0 -0.35809903156505984 0.9336836100051057
1629013228.220059395 1.2263964747841727 3.118439009761653 0.0 0.0 0.0 -0.35809900935372824 0.9336836185238973
1629013230.023580551 1.2271323069155564 3.1180753816361904 0.0 0.0 0.0 -0.35809904322392605 0.9336836055335387
1629013230.123798370 1.2266080276450966 3.118068126403281 0.0 0.0 0.0 -0.35809909043651283 0.9336835874259235
1629013223.711259842 1.0595472754928477 3.1495982228464436 0.0 0.0 0.0 -0.39908151233612177 0.9169154522154777
1629013223.911646843 0.9452597576644138 3.217168614341786 0.0 0.0 0.0 -0.43670296325542507 0.8996057591433766
1629013224.012077093 0.9067893485099942 3.275090610659927 0.0 0.0 0.0 -0.45635344408333034 0.8897985918584512
1629013224.212237358 0.8410478322763121 3.338299515707376 0.0 0.0 0.0 -0.4917156009434868 0.8707558600370058
1629013224.813429356 0.6517300857049207 3.5236948642687818 0.0 0.0 0.0 -0.49576063413409716 0.8684592066660114
1629013225.014685154 0.5653248320301199 3.6570267597732435 0.0 0.0 0.0 -0.4750467290868198 0.8799605702438682
1629013225.114006281 0.5222466588314889 3.721661122523873 0.0 0.0 0.0 -0.4630462456666502 0.8863341211834396
1629013225.314388275 0.43972863685687036 3.822319743706915 0.0 0.0 0.0 -0.43593035393300933 0.899980403408786
1629013225.514781952 0.3386507313700225 3.9382385916341804 0.0 0.0 0.0 -0.40699329167639314 0.9134311471207966
1629013225.614995480 0.2922654157433897 3.990975023812624 0.0 0.0 0.0 -0.39160851487070625 0.9201319313450435
1629013225.715173721 0.2462084249968315 4.028948096994687 0.0 0.0 0.0 -0.374141440533522 0.9273716528315393
1629013236.335923672 0.2462241028365681 4.02847808553053 0.0 0.0 0.0 -0.374141428392525 0.9273716577297373
1629013236.335923672 0.24793850015141325 4.028765943673968 0.0 0.0 0.0 -0.3741414544493424 0.9273716472173013
1629013236.335923672 -0.5124947589436171 2.374675386942744 0.0 0.0 0.0 0.6223852638526836 0.7827110471553507
1629013236.536616802 -0.5126508739072063 2.3747081894180675 0.0 0.0 0.0 0.6223852361569701 0.7827110691780413
1629013236.536616802 -0.540620462209986 2.240913772963107 0.0 0.0 0.0 0.5971721968726215 0.8021130639020455
1629013236.736684799 -0.540935377384526 2.2409886567670227 0.0 0.0 0.0 0.5971721950623554 0.8021130652497864
1629013236.736684799 -0.5404022621205163 2.240873135343768 0.0 0.0 0.0 0.5971722391674459 0.8021130324135987
1629013236.736684799 -0.5776762144555854 2.1152575126607633 0.0 0.0 0.0 0.570192612615223 0.8215110373689608
1629013236.736684799 -0.5776831927705329 2.1153687687195486 0.0 0.0 0.0 0.5701926032212787 0.8215110438890894
1629013237.037281513 -0.5782283950480238 2.1146168484219388 0.0 0.0 0.0 0.570192566053155 0.8215110696866589
1629013237.137472868 -0.5778942398707916 2.1153821691031425 0.0 0.0 0.0 0.5701925330098135 0.8215110926213064
1629013237.237663746 -0.5783367422739433 2.115189215551131 0.0 0.0 0.0 0.5701925284585304 0.8215110957802505
1629013237.337888718 -0.577544754832218 2.115342110783626 0.0 0.0 0.0 0.5701925639892365 0.8215110711191788
1629013237.337888718 -0.5774358029636825 2.1153382286845095 0.0 0.0 0.0 0.57019258728972 0.821511054946831
1629013237.337888718 -0.5770133278581203 2.1161587032550324 0.0 0.0 0.0 0.5701926290039339 0.8215110259939195
1629013237.337888718 -0.5769446571823944 2.114761441107531 0.0 0.0 0.0 0.570192643396212 0.8215110160045573
1629013237.738643646 -0.5761884806919454 2.115325694282762 0.0 0.0 0.0 0.5701926089372296 0.8215110399217747
1629013237.738643646 -0.5768441742067613 2.1160056493874015 0.0 0.0 0.0 0.5701926422868118 0.8215110167745676
1629013237.738643646 -0.5774222216349904 2.116932732677428 0.0 0.0 0.0 0.5701926265359306 0.821511027706906
1629013237.738643646 -0.5786341553776329 2.1167561556545063 0.0 0.0 0.0 0.5701926281936194 0.8215110265563409
1629013237.738643646 -0.5795616898380453 2.1171825596295397 0.0 0.0 0.0 0.5701926120430528 0.8215110377660916
1629013238.239623070 -0.5784045052051866 2.1167534066594267 0.0 0.0 0.0 0.5701925846820696 0.8215110567567432
1629013237.037281513 -0.6293006174337454 1.9243819135604792 0.0 0.0 0.0 0.5293638670038774 0.8483948940857089
1629013237.137472868 -0.6524179925617347 1.8466197523749444 0.0 0.0 0.0 0.5172282108422888 0.8558475202446315
1629013237.237663746 -0.6835823749231633 1.7967605133881943 0.0 0.0 0.0 0.5083194955697411 0.8611685609819508
1629013237.337888718 -0.7189164484981838 1.7579199264793761 0.0 0.0 0.0 0.50516591747872 0.8630222452624747
1629013237.738643646 -0.865128859858558 1.5885210193182067 0.0 0.0 0.0 0.5295201757419632 0.8482973437906076
1629013238.239623070 -1.0220461966295251 1.4131851245262872 0.0 0.0 0.0 0.5943114894310491 0.8042349492096499
1629013238.441780090 -1.056611859291584 1.2980873518681355 0.0 0.0 0.0 0.6275574893061623 0.7785702265150819
1629013238.640418053 -1.078663141155833 1.1692775559672708 0.0 0.0 0.0 0.6606142680083769 0.7507255083609164
1629013238.941011429 -1.0986097242380586 0.9666153115344317 0.0 0.0 0.0 0.7107505905575378 0.7034440972970853
1629013239.041179180 -1.0956064842494475 0.890729354817826 0.0 0.0 0.0 0.7267936092701316 0.6868559161309563
1629013239.141399860 -1.0912505244073512 0.823825123061916 0.0 0.0 0.0 0.7427223679280847 0.6695994953547223
1629013241.245482445 -0.4221235407756207 -0.2263753000540157 0.0 0.0 0.0 0.8933631133207637 0.44933545125866964
1629013241.245482445 -0.4215934683567024 -0.22611515836696738 0.0 0.0 0.0 0.8933631054447528 0.4493354669176554
1629013241.245482445 -0.42153262745604486 -0.22609165615555776 0.0 0.0 0.0 0.8933631391537074 0.4493353998979311
1629013241.245482445 -0.42199548851163493 -0.22452672640110927 0.0 0.0 0.0 0.8933631658173588 0.4493353468855821
1629013241.646275520 -0.4224216981980009 -0.2244645253033893 0.0 0.0 0.0 0.8933631499290632 0.44933537847450006
1629013241.646275520 -0.24974932912983186 -0.400254628382037 0.0 0.0 0.0 0.8644933897363207 0.5026441873753299
1629013241.746649981 -0.24898091276777523 -0.4007133266012978 0.0 0.0 0.0 0.8644933877390555 0.5026441908104092
1629013241.846660614 -0.2486547169689401 -0.4005773678548082 0.0 0.0 0.0 0.8644934044117969 0.5026441621351047
1629013241.746649981 -0.2159369932847266 -0.4799222959910355 0.0 0.0 0.0 0.8563601500276918 0.516379021111963
1629013241.846660614 -0.21648822565056838 -0.4793749834171354 0.0 0.0 0.0 0.8563601575777814 0.5163790085909356
1629013241.846660614 -0.18820555737956435 -0.5036982234664338 0.0 0.0 0.0 0.8474134910947176 0.5309334940561415
1629013241.846660614 -0.18877926466901923 -0.5030801351660849 0.0 0.0 0.0 0.8474134727797317 0.5309335232883633
1629013241.846660614 -0.1885721586800452 -0.5027829187806461 0.0 0.0 0.0 0.8474134684178019 0.5309335302503612
1629013242.247446537 -0.1880751684302025 -0.5035997544802449 0.0 0.0 0.0 0.847413446700371 0.5309335649131608
1629013242.247446537 -0.09817867326004633 -0.6016234408808453 0.0 0.0 0.0 0.8087877181578432 0.5881006945728164
1629013242.347635746 -0.09749030983210849 -0.6009756930643639 0.0 0.0 0.0 0.8087877196114921 0.5881006925736803
1629013242.347635746 -0.09721366454628694 -0.6009835655668038 0.0 0.0 0.0 0.8087877514363679 0.588100648806396
1629013242.347635746 -0.09660892287899216 -0.6007470616450287 0.0 0.0 0.0 0.808787764708374 0.5881006305540166
1629013242.347635746 -0.0957118233600812 -0.6008256785270915 0.0 0.0 0.0 0.8087877527432304 0.5881006470091281
1629013242.748418331 -0.09593321963069179 -0.6016632692355112 0.0 0.0 0.0 0.8087877451558603 0.588100657443689
1629013242.748418331 -0.09653171769774246 -0.6011946471140113 0.0 0.0 0.0 0.8087877613143916 0.5881006352216046
1629013242.948856115 -0.09635205776894328 -0.6004408312424538 0.0 0.0 0.0 0.8087877679435145 0.5881006261048765
1629013243.049047709 -0.09695910870757997 -0.600060713267941 0.0 0.0 0.0 0.8087877809294225 0.5881006082459536
1629013243.049047709 -0.09805720037838866 -0.6005565611372691 0.0 0.0 0.0 0.8087878246672039 0.5881005480953849
1629013243.049047709 -0.09849724038313408 -0.6008575552591667 0.0 0.0 0.0 0.8087878381700464 0.5881005295255419
1629013243.049047709 -0.09722966487757538 -0.600949094706767 0.0 0.0 0.0 0.8087878141618879 0.588100562542866
1629013243.049047709 -0.09641776375652962 -0.6006060677347748 0.0 0.0 0.0 0.8087878710373745 0.5881004843246019
1629013244.051008224 -0.09635629674202496 -0.6010413669001518 0.0 0.0 0.0 0.8087878763956218 0.5881004769556478
1629013244.351556540 -0.09581488589929775 -0.6007949674789005 0.0 0.0 0.0 0.8087878694058444 0.5881004865683711
1629013244.351556540 -0.0962047847588425 -0.6011674540448311 0.0 0.0 0.0 0.80878787939318 0.5881004728332422
1629013244.551958561 -0.09640117695676657 -0.6015597056284958 0.0 0.0 0.0 0.8087878543033546 0.5881005073381382
1629013242.347635746 -0.07396741488113438 -0.6482398680160303 0.0 0.0 0.0 0.798281873800226 0.6022840276497461
1629013242.748418331 -0.03176066671734867 -0.7170749385991472 0.0 0.0 0.0 0.769335009827267 0.6388455546171382
1629013242.948856115 -0.009091769086911148 -0.7387352799973806 0.0 0.0 0.0 0.7740267828649408 0.633152856273862
1629013243.049047709 -0.006492717697902959 -0.7415315003164852 0.0 0.0 0.0 0.7780698811602235 0.6281777296524572
1629013243.550235271 0.03046781920594635 -0.7476587461762902 0.0 0.0 0.0 0.8107006053831888 0.5854609538059146
1629013243.750394821 0.06760707850535402 -0.768307509388532 0.0 0.0 0.0 0.8257154046970216 0.5640869351846698
1629013243.850748301 0.0876588244531774 -0.7772501238362903 0.0 0.0 0.0 0.8330093405265568 0.5532589254549003
1629013244.051008224 0.1258152765486336 -0.7826478015254373 0.0 0.0 0.0 0.8463955027427507 0.5325548356149312
1629013244.351556540 0.19968094505357578 -0.8320627575632229 0.0 0.0 0.0 0.863239282602239 0.5047949494323133
1629013244.551958561 0.19955834103391376 -0.8309922268289698 0.0 0.0 0.0 0.8632392818619662 0.5047949506982384
1629013244.551958561 0.2605258700062769 -0.8999253404320703 0.0 0.0 0.0 0.8702334989150762 0.4926394801130175
1629013244.752338409 0.26032661970560617 -0.9001907933525747 0.0 0.0 0.0 0.8702334940434985 0.49263948871851954
1629013244.752338409 0.2606640326110451 -0.9000066659845173 0.0 0.0 0.0 0.8702334864224193 0.49263950218093666
1629013244.752338409 0.3329568274377933 -0.9862979109786199 0.0 0.0 0.0 0.875337358580423 0.48351267684875415
1629013244.752338409 0.33367081805374016 -0.9862627538011818 0.0 0.0 0.0 0.8753373503654345 0.48351269172093164
1629013245.052947521 0.33436793442918816 -0.9861619574743731 0.0 0.0 0.0 0.8753373503892973 0.48351269167773114
1629013245.052947521 0.3343502434662691 -0.9863287726549361 0.0 0.0 0.0 0.8753373372214703 0.4835127155163822
1629013245.052947521 0.4338725722603148 -1.0994525439867786 0.0 0.0 0.0 0.8810400335839527 0.4730417098125573
1629013245.253318071 0.4349173614765835 -1.1001138164012199 0.0 0.0 0.0 0.8810400523981944 0.47304167477103637
1629013245.253318071 0.43612350151835255 -1.0992627541413638 0.0 0.0 0.0 0.8810400705349554 0.47304164099132
1629013245.253318071 0.5076506941935198 -1.1656665719586294 0.0 0.0 0.0 0.8839051798979898 0.4676661554458505
1629013245.253318071 0.507475176926136 -1.1656048251934081 0.0 0.0 0.0 0.8839052056104558 0.46766610684839865
1629013245.253318071 0.5082061192427436 -1.1662761258987902 0.0 0.0 0.0 0.8839051820671082 0.46766615134614165
1629013245.654092550 0.5085629240401441 -1.167315483455094 0.0 0.0 0.0 0.883905169601246 0.4676661749070512
1629013245.654092550 0.6363724154218908 -1.2935520462490833 0.0 0.0 0.0 0.8837245627132602 0.4680073688065789
1629013245.654092550 0.6369805607028819 -1.2948470655673932 0.0 0.0 0.0 0.8837245626877767 0.4680073688546987
1629013245.858057976 0.6369345888209571 -1.2939448517513092 0.0 0.0 0.0 0.8837245550414459 0.46800738329304004
1629013245.954675913 0.6365332999469051 -1.2935757172711742 0.0 0.0 0.0 0.8837245414658028 0.46800740892752596
1629013245.858057976 0.7024351880546827 -1.3632679685854805 0.0 0.0 0.0 0.8821613629350268 0.4709472685392876
1629013245.954675913 0.7025696183551795 -1.3626187900037878 0.0 0.0 0.0 0.8821613595218376 0.47094727493275007
1629013245.954675913 0.7281111367048848 -1.3659934951271218 0.0 0.0 0.0 0.8813348972737316 0.4724921151167509
1629013245.954675913 0.7283073936487096 -1.366802804927252 0.0 0.0 0.0 0.8813349221382745 0.47249206873716065
1629013245.954675913 0.7283908747701183 -1.3671626849701455 0.0 0.0 0.0 0.8813349523777965 0.472492012331666
1629013246.255266666 0.7285206871421596 -1.3669416404651331 0.0 0.0 0.0 0.8813349424986915 0.47249203075906815
1629013246.255266666 0.8118132696136648 -1.4146564669788344 0.0 0.0 0.0 0.8789941709083344 0.47683251515513264
1629013246.255266666 0.8108342674201068 -1.4143425420544058 0.0 0.0 0.0 0.8789941781741267 0.4768325017613538
1629013246.255266666 0.8115280195636854 -1.4147395420504096 0.0 0.0 0.0 0.8789941810947863 0.47683249637740294
1629013246.555862904 0.8115211891493899 -1.415331645215484 0.0 0.0 0.0 0.8789941574849127 0.4768325398998986
1629013246.555862904 0.893964439564628 -1.4945464089432057 0.0 0.0 0.0 0.8737183544749384 0.48643215051392924
1629013246.555862904 0.8943763322125904 -1.4943048883577046 0.0 0.0 0.0 0.8737183522632553 0.48643215448650395
1629013246.555862904 0.8939888164186361 -1.4944441030281583 0.0 0.0 0.0 0.873718356573789 0.4864321467440214
1629013246.956682920 0.8934281337873095 -1.4950808155122248 0.0 0.0 0.0 0.873718380243866 0.4864321042283651
1629013247.057110310 0.8942582582970917 -1.4936937191044943 0.0 0.0 0.0 0.873718346584369 0.4864321646867902
1629013246.956682920 0.9937779937621473 -1.6131919127875591 0.0 0.0 0.0 0.8543216157531941 0.5197447227792233
1629013247.157055855 0.9935406376400161 -1.6147875258471158 0.0 0.0 0.0 0.8543215819195462 0.5197447783927069
1629013247.057110310 1.0151621449528663 -1.6320860742363987 0.0 0.0 0.0 0.8492052051905473 0.5280629881721313
1629013247.358104467 1.0150935092794848 -1.6319751750103408 0.0 0.0 0.0 0.8492052065673088 0.5280629859580903
1629013247.157055855 1.0318573489459455 -1.655452959070834 0.0 0.0 0.0 0.8435722593196368 0.5370156825516025
1629013247.358104467 1.0324645119821034 -1.6554299026704788 0.0 0.0 0.0 0.8435722596194485 0.5370156820806427
1629013247.358104467 1.0679052547365242 -1.6774916511669333 0.0 0.0 0.0 0.8321940303519834 0.554484531656675
1629013247.557822704 1.067826951377084 -1.6789510264431577 0.0 0.0 0.0 0.8321940464265111 0.5544845075313376
1629013247.557822704 1.0679687433805363 -1.678827668178017 0.0 0.0 0.0 0.8321940491482013 0.5544845034465086
1629013247.557822704 1.0913164673615878 -1.6829156525108067 0.0 0.0 0.0 0.824899065658979 0.5652800469457094
1629013247.557822704 1.0921243168719945 -1.6819216680533173 0.0 0.0 0.0 0.8248990348388504 0.5652800919207513
1629013247.557822704 1.0922184656610996 -1.6812669152310726 0.0 0.0 0.0 0.8248990353680455 0.5652800911485102
1629013247.958601952 1.091978624102465 -1.6823429343610647 0.0 0.0 0.0 0.8248990439454928 0.5652800786316565
1629013247.958601952 1.0921498602826736 -1.6816792237764728 0.0 0.0 0.0 0.8248990515464972 0.5652800675397014
1629013247.958601952 1.0927820991876571 -1.6817503603216488 0.0 0.0 0.0 0.8248990828387096 0.5652800218757565
1629013248.259931803 1.0926953653616895 -1.6814370213373215 0.0 0.0 0.0 0.8248990848105475 0.5652800189983024
1629013248.359395504 1.0931882753654008 -1.6815236419516653 0.0 0.0 0.0 0.824899078882474 0.5652800276489925
1629013248.359395504 1.0930952479995701 -1.6824857456666136 0.0 0.0 0.0 0.8248990992338343 0.5652799979507578
1629013248.459567547 1.0934945160004 -1.6816474223644398 0.0 0.0 0.0 0.8248991024493902 0.5652799932583766
1629013248.559775829 1.0941384849262712 -1.68164688339662 0.0 0.0 0.0 0.8248990999944381 0.5652799968408275
1629013248.559775829 1.095088913418625 -1.6806154500764838 0.0 0.0 0.0 0.8248990872416689 0.5652800154506273
1629013248.559775829 1.095379448184785 -1.6811479924653776 0.0 0.0 0.0 0.8248991176086212 0.5652799711368856
1629013248.960558414 1.095782187439113 -1.6805277910454097 0.0 0.0 0.0 0.8248991064119964 0.5652799874758435
1629013247.958601952 1.1359539914738352 -1.6971925004851096 0.0 0.0 0.0 0.8333234706628945 0.5527856666397457
1629013248.259931803 1.1778485946387949 -1.7214577491826606 0.0 0.0 0.0 0.8472577795458319 0.531181941521986
1629013248.359395504 1.1885250216749965 -1.7254664139269926 0.0 0.0 0.0 0.8531531474147507 0.5216605285588557
1629013248.459567547 1.2001044475401674 -1.7255441154240125 0.0 0.0 0.0 0.8585166396579103 0.512785705173701
1629013248.559775829 1.217253461238332 -1.724349465866334 0.0 0.0 0.0 0.8643838304693997 0.5028325701692842
1629013248.960558414 1.282819140113928 -1.7327168096909593 0.0 0.0 0.0 0.8866227723279816 0.4624933076158445
1629013249.261137486 1.3361792091485705 -1.7385512456695809 0.0 0.0 0.0 0.9037514939276275 0.42805751625638044
1629013249.461553097 1.381003770149623 -1.7401306553048759 0.0 0.0 0.0 0.9143349534512426 0.404958754563121
1629013249.661929369 1.4397401390720557 -1.7951052812618946 0.0 0.0 0.0 0.9237893272492282 0.3829011345770841
1629013250.263106346 1.4408153165881372 -1.7951034946438713 0.0 0.0 0.0 0.9237893338914088 0.38290111855212344
1629013250.263106346 1.6230607501078842 -1.9790206204988279 0.0 0.0 0.0 0.9216683718391637 0.38797862357524926
1629013250.363283634 1.6226417412257117 -1.9773981179565328 0.0 0.0 0.0 0.9216683669988587 0.38797863507370756
1629013250.363283634 1.65862362345885 -2.0267484468853714 0.0 0.0 0.0 0.91884566957832 0.3946170745129621
1629013250.463474512 1.6590414345638387 -2.027663040699466 0.0 0.0 0.0 0.9188456618974251 0.3946170923975326
1629013250.463474512 1.68504478061037 -2.026882380113643 0.0 0.0 0.0 0.916410249205268 0.4002402467912722
1629013250.666935921 1.6859084720326483 -2.02704676181891 0.0 0.0 0.0 0.9164102599254595 0.4002402222457805
1629013250.666935921 1.6865886271201258 -2.0257338440328123 0.0 0.0 0.0 0.9164102487669011 0.4002402477949792
1629013250.666935921 1.7369742843800073 -2.0399318657216887 0.0 0.0 0.0 0.9112653776997603 0.41181963455584913
1629013250.864261150 1.7381349336345628 -2.039426735124239 0.0 0.0 0.0 0.911265388404386 0.41181961086888935
1629013250.864261150 1.7382638391188814 -2.0392344738847266 0.0 0.0 0.0 0.9112653678472759 0.4118196563572081
1629013250.864261150 1.8006332276093688 -2.065885934839416 0.0 0.0 0.0 0.9077043854684421 0.4196102341475454
1629013250.864261150 1.8005510073078974 -2.066540550183146 0.0 0.0 0.0 0.9077043894259433 0.41961022558664535
1629013250.864261150 1.800902282574834 -2.0666258731449245 0.0 0.0 0.0 0.9077043792740249 0.41961024754736037
1629013250.864261150 1.8011308966520572 -2.0666037001321866 0.0 0.0 0.0 0.9077043887406289 0.4196102270691235
1629013251.365235329 1.8004837388008947 -2.0676492754523137 0.0 0.0 0.0 0.9077043923076339 0.41961021935294784
1629013251.465437651 1.8000252643202186 -2.067645891593818 0.0 0.0 0.0 0.9077043879864488 0.41961022870057213
1629013251.365235329 1.9433089653230295 -2.1910794164533924 0.0 0.0 0.0 0.9003373036156412 0.435192761564478
1629013251.565629005 1.9431474424805342 -2.1910726428642606 0.0 0.0 0.0 0.9003373151800611 0.4351927376397259
1629013251.465437651 1.9656926142500917 -2.2113224646353804 0.0 0.0 0.0 0.8991750817009831 0.4375890451645588
1629013251.565629005 1.9652705123634409 -2.211655674547696 0.0 0.0 0.0 0.8991750921096292 0.4375890237764653
1629013251.565629005 1.9900723492272252 -2.219780476293719 0.0 0.0 0.0 0.8979371451205329 0.4401237137587419
1629013251.565629005 1.990923877396181 -2.2195535137133064 0.0 0.0 0.0 0.897937145049813 0.4401237139030241
1629013251.565629005 1.9914174955392963 -2.2199770856072125 0.0 0.0 0.0 0.8979371305894528 0.4401237434049428
1629013251.565629005 1.992256984050275 -2.2197313545544204 0.0 0.0 0.0 0.897937140713559 0.44012372274981737
1629013252.166831970 1.9938754079025403 -2.219384264336369 0.0 0.0 0.0 0.8979371490826263 0.44012370567530806
1629013252.166831970 1.9943704920344114 -2.220308940906375 0.0 0.0 0.0 0.8979371543249497 0.44012369497995835
1629013252.166831970 2.150385768514932 -2.3428189610796113 0.0 0.0 0.0 0.890658025938503 0.4546738180622775
1629013252.367221832 2.1504943460661727 -2.3429031841602925 0.0 0.0 0.0 0.8906580201664154 0.4546738293691876
1629013252.467393875 2.150230570966697 -2.3422800276853644 0.0 0.0 0.0 0.8906580054281521 0.4546738582398881
1629013252.367221832 2.2114393095805713 -2.400703796275259 0.0 0.0 0.0 0.8879299228782579 0.4599787517455681
1629013252.567692995 2.2104519387557047 -2.4009416881150996 0.0 0.0 0.0 0.8879299155755243 0.45997876584255754
1629013252.467393875 2.2286811580998607 -2.4025767664826168 0.0 0.0 0.0 0.8865528646280185 0.4626272994753489
1629013252.667804718 2.2274627221082732 -2.402253914499741 0.0 0.0 0.0 0.8865528738173034 0.4626272818655214
1629013252.567692995 2.243921314204476 -2.4044309200336365 0.0 0.0 0.0 0.8851725909706332 0.46526281196151503
1629013252.667804718 2.244074325915327 -2.4059339940126074 0.0 0.0 0.0 0.8851726000848489 0.4652627946215216
1629013252.667804718 2.2637717917810343 -2.409768700351905 0.0 0.0 0.0 0.8840600354644047 0.4673733557817299
1629013252.868175983 2.2645000887208653 -2.409369871807913 0.0 0.0 0.0 0.8840600323577127 0.467373361658193
1629013252.868175983 2.264017093088603 -2.4084914051591046 0.0 0.0 0.0 0.8840600328931115 0.4673733606454593
1629013252.868175983 2.311142098542202 -2.446288829012432 0.0 0.0 0.0 0.8815858936461904 0.47202363513286905
1629013253.068570137 2.3112657467873845 -2.445211714215667 0.0 0.0 0.0 0.8815859136631717 0.4720235977476875
1629013253.168779850 2.312875048627058 -2.4439056074645653 0.0 0.0 0.0 0.881585914187347 0.4720235967686993
1629013253.068570137 2.348716648239281 -2.4455014346027677 0.0 0.0 0.0 0.8791349464110271 0.47657291781938327
1629013253.168779850 2.3492634453083556 -2.4456220216804017 0.0 0.0 0.0 0.8791349322713867 0.47657294390280314
1629013253.168779850 2.366788330343548 -2.4562821199506333 0.0 0.0 0.0 0.8775955994346555 0.47940167276817847
1629013253.168779850 2.3655184781783043 -2.4569282078209653 0.0 0.0 0.0 0.8775956071774991 0.4794016585940819
1629013253.168779850 2.3664330461361267 -2.4556236972513408 0.0 0.0 0.0 0.8775956175964759 0.4794016395210388
1629013253.168779850 2.3674324810512313 -2.4552387041692896 0.0 0.0 0.0 0.87759561972655 0.47940163562171195
1629013253.168779850 2.3661496678093967 -2.4553722618701914 0.0 0.0 0.0 0.8775956065767403 0.47940165969383464
1629013253.769940376 2.365278658254913 -2.454882665200918 0.0 0.0 0.0 0.8775956083629074 0.47940165642406624
1629013253.769940376 2.3664745229009845 -2.455152013441301 0.0 0.0 0.0 0.8775956353009289 0.47940160711115587
1629013253.769940376 2.4839386595807276 -2.5132596219829786 0.0 0.0 0.0 0.8699131890585559 0.4932048697062644
1629013253.970323563 2.484954973205619 -2.5119448570050333 0.0 0.0 0.0 0.8699131880861594 0.49320487142137426
1629013254.070553541 2.484415236819809 -2.511380825882557 0.0 0.0 0.0 0.8699131960729397 0.4932048573343161
1629013253.970323563 2.522787410817491 -2.5349780630637646 0.0 0.0 0.0 0.8677205978423256 0.49705227499746646
1629013254.170717239 2.522705199729824 -2.534802685056809 0.0 0.0 0.0 0.8677206009041504 0.49705226965233756
1629013254.070553541 2.5327838920248507 -2.5396623099565128 0.0 0.0 0.0 0.8665291330473147 0.49912649857553054
1629013254.170717239 2.5322022671124804 -2.5394952300954574 0.0 0.0 0.0 0.8665291419622302 0.4991264830984238
1629013254.170717239 2.5453520794644686 -2.538150546620848 0.0 0.0 0.0 0.8653611470659547 0.501148765486552
1629013254.170717239 2.5448595880310307 -2.5382253760119857 0.0 0.0 0.0 0.8653611194980263 0.5011488130896078
1629013254.170717239 2.5459952933805297 -2.5370266292678485 0.0 0.0 0.0 0.8653611199048085 0.5011488123871948
1629013254.170717239 2.5471931961811127 -2.536038380541682 0.0 0.0 0.0 0.8653611241419856 0.5011488050706288
1629013254.771917343 2.547955000240962 -2.5365891822938327 0.0 0.0 0.0 0.8653611234570607 0.5011488062533261
1629013254.771917343 2.548058340089676 -2.536426077111723 0.0 0.0 0.0 0.8653611202410468 0.5011488118065934
1629013254.771917343 2.6571228097361774 -2.5927640838571966 0.0 0.0 0.0 0.8584023762148727 0.5129769590426652
1629013254.972341061 2.656382539643389 -2.5924894079388294 0.0 0.0 0.0 0.858402353597578 0.5129769968898592
1629013254.972341061 2.6566911276824285 -2.591794903323268 0.0 0.0 0.0 0.8584023595973475 0.512976986850001
1629013254.972341061 2.692172384342941 -2.6323903367909316 0.0 0.0 0.0 0.8565756065639388 0.5160215404802597
1629013254.972341061 2.691393597330203 -2.633258425466673 0.0 0.0 0.0 0.8565756199408381 0.5160215182751287
1629013254.972341061 2.691199245368339 -2.632588330405657 0.0 0.0 0.0 0.85657557985356 0.5160215848184428
1629013254.972341061 2.6907037833064402 -2.6332695583120196 0.0 0.0 0.0 0.8565755756638161 0.5160215917732531
1629013254.972341061 2.6910573728064717 -2.633572336609414 0.0 0.0 0.0 0.8565755571843207 0.5160216224484887
1629013255.573482752 2.6905304019702854 -2.634414511935444 0.0 0.0 0.0 0.8565755484913936 0.5160216368784047
1629013255.573482752 2.6897993020830757 -2.635499289928045 0.0 0.0 0.0 0.8565755201147456 0.5160216839825175
1629013255.573482752 2.690845257741356 -2.6353953509348855 0.0 0.0 0.0 0.8565755028483747 0.516021712644007
1629013255.573482752 2.691471113992575 -2.634935686181962 0.0 0.0 0.0 0.8565754915428963 0.5160217314106507
1629013255.974318027 2.691287517671656 -2.6344962912592496 0.0 0.0 0.0 0.8565754605453549 0.5160217828653294
1629013256.074461937 2.690481440811011 -2.6342060773782525 0.0 0.0 0.0 0.8565754634014147 0.5160217781243847
1629013256.074461937 2.689716318220305 -2.6349499863946715 0.0 0.0 0.0 0.8565754632852609 0.5160217783171954
1629013256.174642801 2.6889117137449734 -2.6343855686236655 0.0 0.0 0.0 0.8565754518837319 0.516021797243276
1629013256.174642801 2.688410419757206 -2.633804964846087 0.0 0.0 0.0 0.8565754519483536 0.5160217971360065
1629013256.174642801 2.6882789957655864 -2.634663148159582 0.0 0.0 0.0 0.8565754382451902 0.5160218198827065
1629013255.573482752 2.7559771083715723 -2.70559973060132 0.0 0.0 0.0 0.8573510824096052 0.5147320871007346
1629013255.974318027 2.768280784034257 -2.712539307899154 0.0 0.0 0.0 0.8585409843036041 0.5127449446566964
1629013256.074461937 2.768717022008107 -2.7117587649744856 0.0 0.0 0.0 0.8587577160272879 0.5123818743511483
1629013256.174642801 2.7692176123481174 -2.711758802550344 0.0 0.0 0.0 0.8584386142175509 0.5129163144414992
1629013256.876011133 2.7694709891676133 -2.7117688115923344 0.0 0.0 0.0 0.8584385901228476 0.5129163547674198
1629013256.876011133 2.7650031611511188 -2.7115520094428827 0.0 0.0 0.0 0.857621129167038 0.5142820226356883
1629013257.076419830 2.764859133935097 -2.7124265863546917 0.0 0.0 0.0 0.8576211483515495 0.5142819906434305
1629013257.076419830 2.761618849598611 -2.711801393948948 0.0 0.0 0.0 0.8571769205399289 0.5150220644726636
1629013257.276793480 2.761430397914318 -2.7119664610865786 0.0 0.0 0.0 0.85717692680854 0.5150220540395013
1629013257.276793480 2.7610683550713664 -2.712539469087157 0.0 0.0 0.0 0.8571769092988353 0.5150220831817761
1629013257.276793480 2.7556313605118596 -2.7123991124693214 0.0 0.0 0.0 0.8558765536963944 0.5171801667047788
1629013257.276793480 2.7563674302799868 -2.7118222406162005 0.0 0.0 0.0 0.8558765155206188 0.5171802298815027
1629013257.276793480 2.755921753035282 -2.7114583236954877 0.0 0.0 0.0 0.8558765156015227 0.5171802297476156
1629013257.276793480 2.7563159609360306 -2.711405352349165 0.0 0.0 0.0 0.8558765084828444 0.5171802415282467
1629013258.078352928 2.7568040800106166 -2.7120665374511788 0.0 0.0 0.0 0.8558765125602815 0.517180234780536
1629013258.078352928 2.680461569851487 -2.7159930443286915 0.0 0.0 0.0 0.834949209201022 0.5503270101081611
1629013258.078352928 2.6803061168138353 -2.7169334380994683 0.0 0.0 0.0 0.8349491881125405 0.5503270421033384
1629013258.078352928 2.681217117513517 -2.717317349517797 0.0 0.0 0.0 0.8349491657161535 0.5503270760828501
1629013258.078352928 2.680102349432333 -2.7176458858954367 0.0 0.0 0.0 0.8349491775402614 0.5503270581434654
1629013258.078352928 2.680395190064144 -2.7185956259498756 0.0 0.0 0.0 0.8349491666913869 0.5503270746032387
1629013258.579374075 2.6795592383953157 -2.7182808258494378 0.0 0.0 0.0 0.8349491702063221 0.5503270692704241
1629013258.779723406 2.680901824332244 -2.718416103766082 0.0 0.0 0.0 0.8349491813956896 0.5503270522940589
1629013258.779723406 2.681480250484111 -2.718502802463267 0.0 0.0 0.0 0.8349491570123058 0.5503270892882159
1629013258.779723406 2.6814695551839516 -2.7178440564208675 0.0 0.0 0.0 0.8349491567889957 0.550327089627019
1629013258.980110645 2.6814120936938255 -2.718900730526872 0.0 0.0 0.0 0.8349491415593745 0.5503271127332031
1629013258.980110645 2.6811885261302804 -2.719225736725009 0.0 0.0 0.0 0.8349491412285982 0.5503271132350526
1629013258.980110645 2.681278505507889 -2.7208193570176595 0.0 0.0 0.0 0.8349491590718546 0.550327086163495
1629013258.980110645 2.6810955667100456 -2.72148754233825 0.0 0.0 0.0 0.8349491502570862 0.5503270995371478
1629013258.980110645 2.6800531123268327 -2.721499919129663 0.0 0.0 0.0 0.8349491482791436 0.5503271025380566
1629013259.581286430 2.6803204830313945 -2.7215139201978467 0.0 0.0 0.0 0.8349491256535779 0.5503271368652701
1629013260.182537079 2.6796635644160642 -2.7212922410745692 0.0 0.0 0.0 0.8349491121925051 0.5503271572882329
1629013260.382846355 2.6798367575628603 -2.721197900971428 0.0 0.0 0.0 0.8349491079235509 0.550327163765034
1629013258.579374075 2.6154660830939718 -2.6627004604936424 0.0 0.0 0.0 0.807891878986917 0.5893307321589369
1629013258.779723406 2.5782907908065376 -2.6180848741545284 0.0 0.0 0.0 0.796305231269838 0.6048950145705367
1629013258.980110645 2.571624192054747 -2.604470218154517 0.0 0.0 0.0 0.7847304387115965 0.6198371871382882
1629013259.581286430 2.562569731846665 -2.5988935801986304 0.0 0.0 0.0 0.7483480355297225 0.6633062774607257
1629013260.082254410 2.5677300101484253 -2.587689683360796 0.0 0.0 0.0 0.7092619063570975 0.7049450674986639
1629013260.182537079 2.5765418436545513 -2.58462040864697 0.0 0.0 0.0 0.7008843794169989 0.7132749026071563
1629013260.382846355 2.5773077163406257 -2.5847110416316816 0.0 0.0 0.0 0.700884387286796 0.7132748948740678
1629013260.382846355 2.584935726239912 -2.581881389068349 0.0 0.0 0.0 0.6836567653826855 0.7298036908282143
1629013260.382846355 2.584158172329233 -2.5830208038908165 0.0 0.0 0.0 0.6836567413311999 0.7298037133588763
1629013260.683427811 2.5832160370268236 -2.5817283591802256 0.0 0.0 0.0 0.68365672019012 0.729803733163162
1629013260.783623695 2.582226829817428 -2.58115303322262 0.0 0.0 0.0 0.6836567315907799 0.7298037224833896
1629013260.683427811 2.6071263804853793 -2.5679126610125818 0.0 0.0 0.0 0.6560766086078615 0.7546942981350839
1629013260.783623695 2.6073771343649725 -2.567396068405448 0.0 0.0 0.0 0.6560765699968356 0.7546943317007139
1629013260.783623695 2.6178175282711176 -2.5565890331757326 0.0 0.0 0.0 0.6464372395515361 0.7629671652967708
1629013260.783623695 2.617536628728616 -2.556510555433971 0.0 0.0 0.0 0.6464372404311133 0.7629671645515337
1629013260.984056950 2.6178563985433465 -2.556494035704569 0.0 0.0 0.0 0.6464373020356706 0.7629671123559935
1629013260.984056950 2.6387959749250345 -2.495842958253164 0.0 0.0 0.0 0.6269778291712667 0.7790370990701829
1629013261.184803009 2.6394257305481563 -2.4949662203505327 0.0 0.0 0.0 0.6269778532554491 0.7790370796869611
1629013261.184803009 2.6392704268312013 -2.495781031780934 0.0 0.0 0.0 0.6269778768572848 0.7790370606919362
1629013261.184803009 2.6754740503868586 -2.380353943462123 0.0 0.0 0.0 0.6059721028270476 0.795485895912282
1629013261.385650158 2.675257592778704 -2.3803988257673367 0.0 0.0 0.0 0.605972097489737 0.7954858999780503
1629013261.485024929 2.6752224754938565 -2.3809204703458366 0.0 0.0 0.0 0.6059720472693915 0.7954859382340724
1629013261.385650158 2.695195413548825 -2.3421982212041774 0.0 0.0 0.0 0.5849338792721647 0.8110809804696549
1629013261.485024929 2.6939575474702866 -2.3417861627863323 0.0 0.0 0.0 0.5849339388612104 0.8110809374953339
1629013261.485024929 2.7174537226490845 -2.329183182046903 0.0 0.0 0.0 0.5746641271617218 0.8183893577958211
1629013261.485024929 2.716554218966085 -2.3301453744919374 0.0 0.0 0.0 0.5746641309807102 0.8183893551141689
1629013261.485024929 2.7148342390840523 -2.3296491635151515 0.0 0.0 0.0 0.5746641297365626 0.8183893559877958
1629013261.485024929 2.7146803025648523 -2.329660770755102 0.0 0.0 0.0 0.5746640867366224 0.8183893861818857
1629013262.086208582 2.713691086973048 -2.330372960077135 0.0 0.0 0.0 0.5746641096892079 0.8183893700648305
1629013262.186375856 2.7128220253959108 -2.3308480355701855 0.0 0.0 0.0 0.5746641354789087 0.8183893519555826
1629013262.086208582 2.8376542482128624 -2.059610803310236 0.0 0.0 0.0 0.5056500378540079 0.8627386853608922
1629013262.186375856 2.837629206189171 -2.0585302074956595 0.0 0.0 0.0 0.5056500295495204 0.8627386902281415
1629013262.186375856 2.861669752925794 -1.9667718201616566 0.0 0.0 0.0 0.48874793612478473 0.8724250425874783
1629013262.286608219 2.862298068571337 -1.9664048832787266 0.0 0.0 0.0 0.4887479266489551 0.8724250478960056
1629013262.286608219 2.8944765242724353 -1.9018729675523949 0.0 0.0 0.0 0.47525528558807806 0.879847949091543
1629013262.286608219 2.8939237301887104 -1.90118829066897 0.0 0.0 0.0 0.47525526006228913 0.8798479628794544
1629013262.286608219 2.892911333637154 -1.9015522983494269 0.0 0.0 0.0 0.47525523709308165 0.879847975286412
1629013262.687365055 2.8948097711474805 -1.901532397893283 0.0 0.0 0.0 0.47525525998388 0.8798479629218077
1629013262.687365055 2.894646337063526 -1.9011594262371927 0.0 0.0 0.0 0.4752552210918447 0.8798479839295773
1629013262.687365055 3.042451166894345 -1.6848126129930996 0.0 0.0 0.0 0.4198754471056962 0.9075817367696376
1629013262.787581205 3.042345410982871 -1.6856164981903565 0.0 0.0 0.0 0.41987547384174373 0.9075817244007127
1629013262.887779713 3.0407043768492805 -1.6839145365640298 0.0 0.0 0.0 0.4198754454775789 0.9075817375228551
1629013262.787581205 3.0714335102847525 -1.5917600941481114 0.0 0.0 0.0 0.4045789091339105 0.914503092550274
1629013263.088128090 3.070960208252216 -1.5934593645856872 0.0 0.0 0.0 0.40457888299049605 0.9145031041161985
1629013262.887779713 3.1107157994102312 -1.5275403784341715 0.0 0.0 0.0 0.38966013694407464 0.9209587274556472
1629013263.088128090 3.110360550835454 -1.52695589131315 0.0 0.0 0.0 0.3896601093028803 0.920958739150711
1629013263.088128090 3.2005775688855596 -1.4288453750310233 0.0 0.0 0.0 0.3598449321828016 0.9330121246706041
1629013263.088128090 3.199810983453259 -1.428571712134621 0.0 0.0 0.0 0.35984497979527874 0.9330121063073809
1629013263.388790369 3.1992161066501335 -1.4283934187180538 0.0 0.0 0.0 0.35984495916112974 0.9330121142655785
1629013263.388790369 3.198495713643027 -1.4281417334628734 0.0 0.0 0.0 0.35984497357047185 0.9330121087081702
1629013263.388790369 3.3658258676881125 -1.314903177342842 0.0 0.0 0.0 0.3354320353781838 0.9420644084360946
1629013263.589112759 3.3666348487517546 -1.3166568289900578 0.0 0.0 0.0 0.3354320852533964 0.942064390677494
1629013263.689300060 3.366520946575285 -1.3171726543355178 0.0 0.0 0.0 0.335432084227447 0.9420643910427943
1629013263.589112759 3.4769069237639743 -1.2317193582602781 0.0 0.0 0.0 0.3403361776405491 0.9403038265310956
1629013263.689300060 3.4770043028765594 -1.2325169297624694 0.0 0.0 0.0 0.3403361603806075 0.9403038327782065
1629013263.689300060 3.5293612139285533 -1.1991926324723141 0.0 0.0 0.0 0.34973691026873244 0.9368479564986416
1629013263.689300060 3.529460847358549 -1.199736416662767 0.0 0.0 0.0 0.34973691132626783 0.9368479561038505
1629013263.689300060 3.528760152042032 -1.199451946214377 0.0 0.0 0.0 0.3497369031158968 0.9368479591688834
1629013263.689300060 3.529247071456414 -1.1995206883392118 0.0 0.0 0.0 0.34973688949662657 0.9368479642531249
1629013264.691281557 3.5290199981451766 -1.1986835302055323 0.0 0.0 0.0 0.34973689417532533 0.936847962506509
1629013264.691281557 3.528860076113856 -1.1987867573153062 0.0 0.0 0.0 0.349736952717298 0.9368479406520668
1629013264.691281557 3.563251498606902 -1.1622646513448924 0.0 0.0 0.0 0.3850303733112848 0.9229039016212753
1629013264.691281557 3.5628305844610866 -1.1634398020343 0.0 0.0 0.0 0.3850303655169503 0.9229039048730283
1629013264.691281557 3.5628860358419217 -1.162541521964545 0.0 0.0 0.0 0.3850303628250095 0.922903905996091
1629013264.691281557 3.5633034353513633 -1.1631110318198377 0.0 0.0 0.0 0.3850303249405562 0.9229039218012727
1629013264.691281557 3.563201189364357 -1.1616311774130137 0.0 0.0 0.0 0.3850303405503859 0.9229039152889394
1629013265.292447567 3.5629646833251822 -1.16181463479563 0.0 0.0 0.0 0.3850302971369669 0.9229039334007733
1629013265.292447567 3.5631372197919142 -1.16186005623339 0.0 0.0 0.0 0.38503025853512496 0.9229039495052423
1629013265.292447567 3.671920391407073 -1.0466746827275621 0.0 0.0 0.0 0.4624044016127284 0.8866691431245223
1629013265.292447567 3.6719305747067774 -1.0465971556730693 0.0 0.0 0.0 0.4624044214182819 0.8866691327957819
1629013265.292447567 3.67277399084685 -1.0460026931559503 0.0 0.0 0.0 0.4624043546304683 0.8866691676261108
1629013265.292447567 3.673142978113064 -1.0461525767254858 0.0 0.0 0.0 0.46240436269746993 0.8866691634191113
1629013265.292447567 3.674394856281651 -1.0461148837844125 0.0 0.0 0.0 0.4624044019408403 0.8866691429534095
1629013265.893932343 3.674247008585732 -1.045654178756453 0.0 0.0 0.0 0.46240439951840134 0.886669144216729
1629013265.893932343 3.6741571797077492 -1.0458950685984028 0.0 0.0 0.0 0.4624044165173342 0.8866691353516619
1629013265.893932343 3.8235667749913373 -0.8745350700514883 0.0 0.0 0.0 0.5795611344291078 0.8149287646532337
1629013265.893932343 3.824650601511668 -0.8754008714998489 0.0 0.0 0.0 0.5795611067909973 0.8149287843089077
1629013265.893932343 3.8241738233305345 -0.8755786990923996 0.0 0.0 0.0 0.5795611302270982 0.8149287676416194
1629013265.893932343 3.8235860205263354 -0.8762270492773568 0.0 0.0 0.0 0.5795611308454569 0.814928767201855
1629013265.893932343 3.823276885878394 -0.8763486514867276 0.0 0.0 0.0 0.5795611331274538 0.8149287655789442
1629013266.795362473 3.8238350156319334 -0.876183190703247 0.0 0.0 0.0 0.5795611073321145 0.8149287839240759
1629013266.795362473 3.823553853760923 -0.8761656260721176 0.0 0.0 0.0 0.5795611087097188 0.8149287829443512
1629013266.795362473 3.8865070401651693 -0.5677317932664626 0.0 0.0 0.0 0.7373425914628083 0.6755189877530536
1629013266.795362473 3.8857434153509343 -0.5676876468521836 0.0 0.0 0.0 0.7373425972401567 0.6755189814469612
1629013266.996018648 3.885652353218138 -0.5675404774291993 0.0 0.0 0.0 0.7373425933153798 0.6755189857309344
1629013266.996018648 3.8859888982255795 -0.5675607320737139 0.0 0.0 0.0 0.7373425952686866 0.6755189835988606
1629013266.996018648 3.919278737677967 -0.24552270101386778 0.0 0.0 0.0 0.828453497004737 0.5600578571010519
1629013267.296465397 3.9190017325190762 -0.24553235942172355 0.0 0.0 0.0 0.828453509545741 0.5600578385500419
1629013267.396602631 3.918936903547913 -0.24608169849922523 0.0 0.0 0.0 0.828453519401626 0.5600578239709357
1629013267.296465397 3.843238350215435 -0.041566042685507225 0.0 0.0 0.0 0.8722801616833978 0.4890064616480904
1629013267.396602631 3.8426036998015634 -0.041825924711027446 0.0 0.0 0.0 0.8722801403342342 0.4890064997303091
1629013267.396602631 3.8088473773697027 0.034084784003472465 0.0 0.0 0.0 0.8835277947814918 0.46837873120857465
1629013267.396602631 3.809010051515325 0.03310933436621379 0.0 0.0 0.0 0.8835277919270109 0.4683787365931341
1629013267.596940279 3.8084904819542107 0.034067645974795745 0.0 0.0 0.0 0.8835277992382876 0.4683787228014826
1629013267.596940279 3.8081796075290018 0.03487451479253654 0.0 0.0 0.0 0.883527814988292 0.4683786930914069
1629013267.596940279 3.7387142360532883 0.13434238187384073 0.0 0.0 0.0 0.9048496121435072 0.42573134651296773
1629013267.596940279 3.73966880399959 0.13435228001615682 0.0 0.0 0.0 0.9048496199038275 0.4257313300191787
1629013267.596940279 3.740544736050699 0.13446591664877475 0.0 0.0 0.0 0.9048496209890946 0.4257313277125513
1629013267.596940279 3.7402825357158123 0.13444765238421705 0.0 0.0 0.0 0.9048496252843609 0.4257313185833898
1629013268.498708248 3.7411414437262662 0.13415594319986648 0.0 0.0 0.0 0.9048496224852973 0.42573132453252116
1629013268.498708248 3.740083064328067 0.1333432535776115 0.0 0.0 0.0 0.9048496345557536 0.42573129887796507
1629013268.498708248 3.5242525216400202 0.2505529190137028 0.0 0.0 0.0 0.9400994959208951 0.3409001873998881
1629013268.498708248 3.5234946578976736 0.25094616419939875 0.0 0.0 0.0 0.940099513170739 0.34090013983003803
1629013268.498708248 3.523582590772319 0.25154892052407984 0.0 0.0 0.0 0.9400995304713212 0.3409000921202593
1629013268.498708248 3.524011006884275 0.2508240385550367 0.0 0.0 0.0 0.940099525606406 0.34090010553622674
1629013268.498708248 3.52405340738469 0.25039671166412125 0.0 0.0 0.0 0.9400995102877348 0.34090014778049216
1629013269.099856377 3.523177277455573 0.250307228856296 0.0 0.0 0.0 0.9400995144727865 0.34090013623938487
1629013269.099856377 3.5225212076576264 0.250916266830104 0.0 0.0 0.0 0.9400995191205064 0.34090012342237813
1629013269.099856377 3.3046688465945784 0.3933193506331621 0.0 0.0 0.0 0.9765325157038734 0.21537002059958138
1629013269.200072765 3.3053675699427894 0.3929741037308492 0.0 0.0 0.0 0.9765325122807942 0.21537003612053485
1629013269.200072765 3.1046866488563745 0.47229171108710116 0.0 0.0 0.0 0.9927274229087627 0.12038381870054872
1629013269.400448322 3.105139361576765 0.47275167003601815 0.0 0.0 0.0 0.992727425789668 0.12038379494358557
1629013269.500660896 3.1064464359883956 0.47186991627777986 0.0 0.0 0.0 0.9927274242420433 0.12038380770584647
1629013269.400448322 2.973200696595635 0.4984830016827637 0.0 0.0 0.0 0.9974615643857961 0.07120693486620644
1629013269.600833416 2.974799091685729 0.49830220233201683 0.0 0.0 0.0 0.9974615655200048 0.07120691897829398
1629013269.500660896 2.8975441628400262 0.5135174948168046 0.0 0.0 0.0 0.9989212871961539 0.046435568117327665
1629013269.702066660 2.8972918845832036 0.512398560885428 0.0 0.0 0.0 0.9989212894733832 0.04643551912957685
1629013269.600833416 2.8226400622002887 0.5241318624637991 0.0 0.0 0.0 0.9997931860491502 0.020336792512322587
1629013269.801248312 2.8232882740575542 0.5244639975216251 0.0 0.0 0.0 0.9997931863334245 0.02033677853688567
1629013269.702066660 2.74622367378826 0.5370041732052474 0.0 0.0 0.0 -0.999974850217486 0.007092174033140448
1629013269.801248312 2.7462167634483965 0.5379439897084343 0.0 0.0 0.0 -0.9999748498211916 0.007092229909237533
1629013269.801248312 2.690928173584441 0.5444822577453853 0.0 0.0 0.0 -0.9994673948385397 0.03263321397997053
1629013269.901425600 2.691121449428846 0.5444623262450811 0.0 0.0 0.0 -0.9994673939337083 0.03263324169250704
1629013269.901425600 2.692318232857661 0.5461083349832819 0.0 0.0 0.0 -0.9994673946010607 0.032633221253311695
1629013269.901425600 2.6179536635713743 0.5524039882638451 0.0 0.0 0.0 -0.9983545687082083 0.057342437508771854
1629013269.901425600 2.6173152383079654 0.5510754629491762 0.0 0.0 0.0 -0.9983545663023958 0.05734247939490591
1629013270.202024698 2.617327802666439 0.5512441200113097 0.0 0.0 0.0 -0.9983545673704984 0.05734246079882612
1629013270.202024698 2.400038645819256 0.5753121915498585 0.0 0.0 0.0 -0.9963641225155861 0.0851970384681653
1629013270.302225113 2.3997688953638647 0.5744320070633641 0.0 0.0 0.0 -0.9963641164008091 0.08519710997935834
1629013270.302225113 2.3100884930146623 0.5820981941743649 0.0 0.0 0.0 -0.9968195682462543 0.07969158275094791
1629013270.403551102 2.3116592895543215 0.5808744010638853 0.0 0.0 0.0 -0.9968195704696544 0.07969155493961477
1629013270.403551102 2.2282546145892828 0.5877837836927676 0.0 0.0 0.0 -0.9976772651965974 0.06811809238255476
1629013270.403551102 2.2280731724519707 0.5881034775098692 0.0 0.0 0.0 -0.9976772631616219 0.06811812218738793
1629013270.702999592 2.2277174948278744 0.5887628668562399 0.0 0.0 0.0 -0.9976772657604454 0.06811808412427364
1629013270.602983952 2.0701317444325817 0.5937033081057767 0.0 0.0 0.0 -0.9993748170231571 0.035354986917423864
1629013270.702999592 2.0706949763856497 0.5929370603270636 0.0 0.0 0.0 -0.999374816671386 0.035354996860892114
1629013270.702999592 1.9887045271836867 0.5952134846194014 0.0 0.0 0.0 -0.9998680812807341 0.01624253785537682
1629013270.903461933 1.9883814738879781 0.5959388867454993 0.0 0.0 0.0 -0.9998680812746077 0.01624253823251179
1629013270.903461933 1.9872014696654012 0.5949078260507944 0.0 0.0 0.0 -0.999868081032849 0.016242553114836293
1629013270.903461933 1.8278818094577716 0.5868176608822091 0.0 0.0 0.0 0.9997611465868338 0.021855200190787037
1629013270.903461933 1.8264956863200585 0.58742915184981 0.0 0.0 0.0 0.9997611463554741 0.021855210774283918
1629013271.204852819 1.825840798932649 0.5867602330396364 0.0 0.0 0.0 0.9997611457247924 0.021855239624641174
1629013271.204852819 1.827428036025925 0.5857998858958 0.0 0.0 0.0 0.9997611456347357 0.021855243744253926
1629013271.204852819 1.5981140756006427 0.6223074451630198 0.0 0.0 0.0 0.996295609196615 0.08599452945127359
1629013271.404375553 1.597316097603285 0.6233020467973784 0.0 0.0 0.0 0.9962956106544578 0.08599451256133084
1629013271.404375553 1.5979912815908923 0.6214065786465947 0.0 0.0 0.0 0.9962956106975925 0.0859945120615913
1629013271.404375553 1.4493165294517696 0.6586946164584097 0.0 0.0 0.0 0.9915316465657489 0.12986529120059323
1629013271.404375553 1.4496536805308062 0.6580593354623628 0.0 0.0 0.0 0.9915316495549722 0.12986526837763734
1629013271.404375553 1.4508582462073853 0.6588552787679176 0.0 0.0 0.0 0.9915316498284805 0.1298652662893796
1629013271.805147171 1.4506177215265852 0.6584744450757517 0.0 0.0 0.0 0.9915316557054327 0.12986522141837448
1629013271.905340433 1.451136282242976 0.6585820693809071 0.0 0.0 0.0 0.9915316597954915 0.1298651901904346
1629013271.805147171 1.170841915067137 0.7147814596581462 0.0 0.0 0.0 0.9764986686918039 0.21552343270079607
1629013271.905340433 1.1715927048530814 0.7143741315583454 0.0 0.0 0.0 0.9764986639844923 0.2155234540287941
1629013271.905340433 1.0330980626076094 0.7769235640806648 0.0 0.0 0.0 0.9645476581945844 0.2639087248867365
1629013271.905340433 1.0320345927105754 0.7779957536547417 0.0 0.0 0.0 0.9645476436811097 0.2639087779313508
1629013272.206001997 1.0330150361194579 0.7772695604104186 0.0 0.0 0.0 0.9645476469421258 0.263908766012818
1629013272.206001997 1.0320982298760946 0.777297570135781 0.0 0.0 0.0 0.9645476368967595 0.2639088027271487
1629013272.206001997 1.0324284717538303 0.7770030674810218 0.0 0.0 0.0 0.9645476235177288 0.2639088516255219
1629013272.206001997 0.8351775145932233 0.846209315639368 0.0 0.0 0.0 0.9457169750978383 0.3249913891348428
1629013272.206001997 0.8358450021583922 0.8462048495703834 0.0 0.0 0.0 0.9457169747187232 0.32499139023805845
1629013272.206001997 0.8336732787945573 0.8460556971835859 0.0 0.0 0.0 0.9457169585263104 0.3249914373575784
1629013272.707123518 0.8333731699270465 0.8449587026721853 0.0 0.0 0.0 0.9457169545470893 0.3249914489370125
1629013272.707123518 0.8331940593507196 0.8444718387301867 0.0 0.0 0.0 0.9457169514430694 0.3249914579696319
1629013272.707123518 0.55036056813667 1.0280885243364797 0.0 0.0 0.0 0.905789303506462 0.42372837721030493
1629013272.707123518 0.5491538002508485 1.028573989110195 0.0 0.0 0.0 0.9057893045097839 0.42372837506553884
1629013272.707123518 0.5494422309813531 1.0288348415977082 0.0 0.0 0.0 0.905789300965756 0.4237283826414829
1629013272.707123518 0.5486087207067688 1.0292658477379837 0.0 0.0 0.0 0.9057892844640838 0.42372841791652727
1629013273.207884312 0.5474506514584381 1.02957306286314 0.0 0.0 0.0 0.905789280180609 0.42372842707316005
1629013273.207884312 0.5470958809145445 1.029534623878687 0.0 0.0 0.0 0.9057892676854087 0.42372845378370694
1629013273.207884312 0.23181544541893173 1.2762989460549636 0.0 0.0 0.0 0.8750702165249951 0.483995987742562
1629013273.207884312 0.23164673398481914 1.2764342190110234 0.0 0.0 0.0 0.8750702330175321 0.4839959579238675
1629013273.408269882 0.2317994810177725 1.2766904688052727 0.0 0.0 0.0 0.8750702188587487 0.4839959835231091
1629013273.408269882 0.23244746863436838 1.27659532455104 0.0 0.0 0.0 0.8750702218641058 0.48399597808938943
1629013273.408269882 0.059740401656609744 1.4895125000058862 0.0 0.0 0.0 0.8632089377257314 0.5048468379918948
1629013273.408269882 0.0609504134943741 1.4898086116453595 0.0 0.0 0.0 0.8632089230351103 0.5048468631105526
1629013273.809125662 0.061659997202465774 1.489946092226363 0.0 0.0 0.0 0.8632089181392807 0.504846871481653
1629013273.809125662 0.06086656297098026 1.4902381947107597 0.0 0.0 0.0 0.8632089105479623 0.5048468844616156
1629013274.009464025 0.06165376837335137 1.4897163630684025 0.0 0.0 0.0 0.8632088945493831 0.5048469118166733
1629013273.809125662 0.053542391798155536 1.5677548869615459 0.0 0.0 0.0 0.8719235697794715 0.48964200030534866
1629013274.009464025 0.05430780135025817 1.5682753467333364 0.0 0.0 0.0 0.8719235349297586 0.4896420623635127
1629013274.009464025 0.08314937006724873 1.5651684700822475 0.0 0.0 0.0 0.8663359422703403 0.4994617454125607
1629013274.009464025 0.08332585597578811 1.5649425981590652 0.0 0.0 0.0 0.8663359152172295 0.499461792337237
1629013274.009464025 0.08357854997741737 1.5658805396471462 0.0 0.0 0.0 0.8663359074473045 0.4994618058144742
1629013274.009464025 0.08380006059134772 1.566647072161988 0.0 0.0 0.0 0.8663359097080796 0.49946180189307177
1629013275.311985254 0.08350642108618132 1.5670455620044241 0.0 0.0 0.0 0.8663358903663637 0.49946183544202843
1629013275.311985254 0.08243003165112021 1.5673468657648795 0.0 0.0 0.0 0.8663358964805812 0.4994618248366814
1629013275.311985254 0.084412257705917 1.5073832703300774 0.0 0.0 0.0 0.8468169398462633 0.5318844521034716
1629013275.311985254 0.08375795371367363 1.5059708256342235 0.0 0.0 0.0 0.8468169247600035 0.5318844761224102
1629013275.311985254 0.08341227087607904 1.5069757924216685 0.0 0.0 0.0 0.846816941196549 0.5318844499536721
1629013275.311985254 0.08330530953283785 1.5064480188421216 0.0 0.0 0.0 0.8468169640358909 0.5318844135909949
1629013275.812977314 0.08387468725087724 1.5070272776051243 0.0 0.0 0.0 0.846816954113301 0.5318844293888207
1629013275.913190365 0.08340810216569339 1.5069272859616138 0.0 0.0 0.0 0.8468169561602334 0.5318844261298852
1629013276.013378859 0.08297861802795597 1.5073699604133382 0.0 0.0 0.0 0.8468169332998708 0.5318844625260284
1629013275.812977314 0.17119303691601154 1.3734532861970368 0.0 0.0 0.0 0.79022006587521 0.6128231779952344
1629013276.013378859 0.17205494216598985 1.3722192638632937 0.0 0.0 0.0 0.7902200730429668 0.6128231687525922
1629013275.913190365 0.19236323117043497 1.295984273712938 0.0 0.0 0.0 0.7738256231904109 0.633398693473528
1629013276.013378859 0.19241910861074416 1.295085460056098 0.0 0.0 0.0 0.773825618355417 0.6333986993804586
1629013276.313955784 0.19351025831311833 1.294982751800835 0.0 0.0 0.0 0.7738256412092958 0.6333986714597863
1629013276.013378859 0.207170917971685 1.2383234560138132 0.0 0.0 0.0 0.7583117148018703 0.6518921254273953
1629013276.313955784 0.2069327116068505 1.2390504410209062 0.0 0.0 0.0 0.7583116952280302 0.65189214819661
1629013276.514402390 0.20578366597367784 1.239501953423695 0.0 0.0 0.0 0.7583116506921628 0.6518922000028281
1629013276.313955784 0.2369910370741454 1.1777980337425245 0.0 0.0 0.0 0.711062786860219 0.7031285182259206
1629013276.614527225 0.23717967250048827 1.1789752860686744 0.0 0.0 0.0 0.7110628218085786 0.7031284828831936
1629013276.614527225 0.2379400560995215 1.1800616552960344 0.0 0.0 0.0 0.7110628127462194 0.7031284920478156
1629013276.614527225 0.2380299023742377 1.1800277454998065 0.0 0.0 0.0 0.7110627704887978 0.7031285347820804
1629013276.614527225 0.2381557754194668 1.17973786327282 0.0 0.0 0.0 0.711062769509267 0.7031285357726644
1629013276.514402390 0.2432136074775266 1.1457336811071666 0.0 0.0 0.0 0.6788147581541869 0.734309556053898
1629013277.015316010 0.24367315873055756 1.1456376055812514 0.0 0.0 0.0 0.678814770052478 0.7343095450548095
1629013276.614527225 0.24355002328487363 1.1320742283499188 0.0 0.0 0.0 0.6621114770893611 0.7494053588723157
1629013277.015316010 0.24366115703851396 1.1329483818931518 0.0 0.0 0.0 0.6621114971361101 0.7494053411606958
1629013277.015316010 0.22233861442753966 1.1134564240367062 0.0 0.0 0.0 0.5948045191695205 0.80387037759549
1629013277.015316010 0.22321740303336804 1.113863905344829 0.0 0.0 0.0 0.5948045524608487 0.8038703529623725
1629013277.215725422 0.2242367423881152 1.1143984362457715 0.0 0.0 0.0 0.5948045618240025 0.8038703460343318
1629013277.215725422 0.19497500801967907 1.1056074769820865 0.0 0.0 0.0 0.5591756265332836 0.829049225734582
1629013277.416112423 0.19587738795095777 1.1047964591730877 0.0 0.0 0.0 0.5591756179890357 0.8290492314974908
1629013277.416112423 0.19605689356864128 1.1035546925223358 0.0 0.0 0.0 0.5591756308071525 0.8290492228519505
1629013277.416112423 0.19406958925419604 1.1036409572656993 0.0 0.0 0.0 0.5591756281045209 0.8290492246748166
1629013277.416112423 0.15666994087222383 1.0840438601075248 0.0 0.0 0.0 0.5203752602408833 0.853937695929412
1629013277.616681337 0.15658656503094903 1.084645621394794 0.0 0.0 0.0 0.5203752707241258 0.8539376895411004
1629013277.616681337 0.10313107057168432 1.0258419611402207 0.0 0.0 0.0 0.4819262984370844 0.8762117568685838
1629013277.616681337 0.1018278589627583 1.0254155021437168 0.0 0.0 0.0 0.4819263562272127 0.8762117250833623
1629013277.616681337 0.10371398788852186 1.025137885513784 0.0 0.0 0.0 0.4819263483068754 0.8762117294396373
1629013277.616681337 0.10450241494074383 1.0243932183821958 0.0 0.0 0.0 0.4819263721514964 0.876211716324826
1629013278.117462635 0.10546794559894407 1.025644636189923 0.0 0.0 0.0 0.48192637267827343 0.8762117160350927
1629013278.117462635 0.10614531851174476 1.0254210175866907 0.0 0.0 0.0 0.4819263401348822 0.8762117339343258
1629013278.117462635 -0.06916017429811798 0.8652750850920632 0.0 0.0 0.0 0.41780761070236466 0.9085355251387703
1629013278.117462635 -0.06814628936539621 0.8656665437089628 0.0 0.0 0.0 0.4178075845197708 0.9085355371793415
1629013278.317893028 -0.16743969604036932 0.7536834870092558 0.0 0.0 0.0 0.41643082792926045 0.9091674023798646
1629013278.317893028 -0.16707244482984535 0.7529616684955129 0.0 0.0 0.0 0.4164308433693044 0.9091673953077782
1629013278.418324947 -0.21126896399379155 0.7269106817957119 0.0 0.0 0.0 0.426611337547902 0.9044350538737372
1629013278.418324947 -0.21152812356725706 0.7261592976558481 0.0 0.0 0.0 0.4266113341087899 0.9044350554959258
1629013278.518271446 -0.2563403194131965 0.7074486970236364 0.0 0.0 0.0 0.43851323227933875 0.8987247326717601
1629013278.518271446 -0.2566674562499479 0.7072487413695918 0.0 0.0 0.0 0.43851327790265804 0.89872471041085
1629013278.718654156 -0.2571625022155967 0.7068436495001164 0.0 0.0 0.0 0.438513348176699 0.8987246761221488
1629013278.919036388 -0.2577231410038725 0.7075736132380379 0.0 0.0 0.0 0.4385133375943326 0.8987246812855865
1629013278.718654156 -0.3440537979998064 0.6290599715482019 0.0 0.0 0.0 0.47065054442059795 0.8823197068164095
1629013278.919036388 -0.34420057649328967 0.6292467695209817 0.0 0.0 0.0 0.47065053897828496 0.88231970971947
1629013279.019241810 -0.34446868238333916 0.6276409350286376 0.0 0.0 0.0 0.4706505836229913 0.8823196859049093
1629013278.919036388 -0.42858817180515846 0.5343609379110663 0.0 0.0 0.0 0.5081767578908043 0.8612527983928939
1629013279.019241810 -0.4286834393194452 0.5355720820941801 0.0 0.0 0.0 0.5081767480857043 0.861252804178331
1629013279.019241810 -0.4654865673066688 0.45932717756698216 0.0 0.0 0.0 0.529032296855789 0.8486016903609657
1629013279.019241810 -0.46611015530553895 0.46040951860593393 0.0 0.0 0.0 0.5290322625365103 0.8486017117561695
1629013279.019241810 -0.46550293090206274 0.46133075002562385 0.0 0.0 0.0 0.5290322401558141 0.8486017257086631
1629013279.019241810 -0.4665295278840806 0.4617497188894145 0.0 0.0 0.0 0.5290322316309295 0.848601731023216
1629013279.822077751 -0.46650278622465957 0.46132724585378787 0.0 0.0 0.0 0.5290322822638556 0.8486016994578176
1629013279.822077751 -0.46660135515426454 0.4608605169207609 0.0 0.0 0.0 0.529032291647376 0.8486016936079763
1629013280.021559715 -0.4669710222551044 0.4595798661825549 0.0 0.0 0.0 0.5290323458887897 0.8486016597929821
1629013279.822077751 -0.5588736855755116 0.36730133546873833 0.0 0.0 0.0 0.5802797313319871 0.8144172354544548
1629013280.021559715 -0.5583922718093458 0.3671159114215584 0.0 0.0 0.0 0.5802797114325522 0.8144172496329839
1629013280.021559715 -0.5862779735835393 0.27197754567320714 0.0 0.0 0.0 0.6227298329266717 0.782436933677801
1629013280.021559715 -0.5864968410177535 0.2716201815045718 0.0 0.0 0.0 0.6227298060943123 0.782436955033273
1629013280.021559715 -0.5856798934167969 0.2711623302362818 0.0 0.0 0.0 0.6227298003679773 0.782436959590777
1629013280.021559715 -0.5858033898971265 0.27134183786184274 0.0 0.0 0.0 0.6227298075306013 0.7824369538901523
1629013280.822953224 -0.5857308523090896 0.2713901265264088 0.0 0.0 0.0 0.6227297668806626 0.7824369862428256
1629013280.822953224 -0.6321976826094399 0.1535810206760884 0.0 0.0 0.0 0.6945050958225074 0.719487784383147
1629013281.023141384 -0.6330398983228898 0.1523619136325104 0.0 0.0 0.0 0.6945051354282311 0.719487746152646
1629013281.023141384 -0.6334149510922005 0.15277444678700586 0.0 0.0 0.0 0.6945051053401021 0.7194877751960305
1629013281.023141384 -0.6342071238485902 -0.02979712874667607 0.0 0.0 0.0 0.7345093036169104 0.6785986169306576
1629013281.023141384 -0.6333481591589052 -0.030023598607681376 0.0 0.0 0.0 0.7345093282665622 0.6785985902500855
1629013281.323719501 -0.6346006185053895 -0.029835970498500636 0.0 0.0 0.0 0.7345093573038726 0.678598558820347
1629013281.323719501 -0.6336904705118915 -0.02914798216513878 0.0 0.0 0.0 0.7345093217515011 0.6785985973019322
1629013281.323719501 -0.6025241824339216 -0.2853208928649957 0.0 0.0 0.0 0.7874225108418936 0.616413651227362
1629013281.524127960 -0.602349467897048 -0.28675369833458564 0.0 0.0 0.0 0.7874224938390345 0.616413672947247
1629013281.524127960 -0.6024131516327429 -0.28681814053452714 0.0 0.0 0.0 0.7874224991307474 0.6164136661874785
1629013281.524127960 -0.5513604193468535 -0.4511480775109669 0.0 0.0 0.0 0.8046714965308006 0.5937202899268995
1629013281.724548578 -0.5516263664360223 -0.4499006299994024 0.0 0.0 0.0 0.804671466343763 0.5937203308395109
1629013281.824714661 -0.5520672889122864 -0.4494439937123111 0.0 0.0 0.0 0.8046714765203973 0.5937203170470788
1629013281.724548578 -0.504650078237931 -0.6441469155111531 0.0 0.0 0.0 0.799058646550598 0.6012530909465051
1629013281.824714661 -0.5052293337356021 -0.6451892375581284 0.0 0.0 0.0 0.7990586354488015 0.6012531057006686
1629013281.824714661 -0.46488069092440976 -0.7180620297328322 0.0 0.0 0.0 0.7900066110038282 0.613098323737919
1629013281.824714661 -0.46512086657643 -0.7169992105749341 0.0 0.0 0.0 0.7900065679985735 0.6130983791522493
1629013282.125304222 -0.4645809617670203 -0.7179165451158601 0.0 0.0 0.0 0.79000657038196 0.6130983760811419
1629013282.225491524 -0.46437007518408446 -0.7172380538628671 0.0 0.0 0.0 0.7900065925845884 0.6130983474719925
1629013282.125304222 -0.355071666760605 -0.9429899109136849 0.0 0.0 0.0 0.7546960672041614 0.6560745736168808
1629013282.225491524 -0.35506997434489296 -0.9428400030065744 0.0 0.0 0.0 0.7546960827929509 0.6560745556847755
1629013282.225491524 -0.3210514260947432 -1.0385183478272393 0.0 0.0 0.0 0.7394890580766336 0.6731685769440916
1629013282.225491524 -0.32067019647699035 -1.0381848459087197 0.0 0.0 0.0 0.7394890460239562 0.6731685901841968
1629013282.526069880 -0.3199050456655432 -1.03717712030852 0.0 0.0 0.0 0.739489062388655 0.6731685722072502
1629013282.526069880 -0.3192225204962432 -1.03709573478536 0.0 0.0 0.0 0.739489095791447 0.6731685355136172
1629013282.526069880 -0.3196744107684004 -1.0384689707766186 0.0 0.0 0.0 0.7394891289679992 0.6731684990685095
1629013282.526069880 -0.2756606987289774 -1.3094509510153667 0.0 0.0 0.0 0.6859844379303798 0.727616211279917
1629013282.526069880 -0.2754281143866137 -1.3105280642569956 0.0 0.0 0.0 0.685984443003502 0.7276162064970619
1629013282.526069880 -0.2743590911444486 -1.311980704354901 0.0 0.0 0.0 0.6859844524728743 0.7276161975694952
1629013283.027065277 -0.2736787372698294 -1.3113008329805704 0.0 0.0 0.0 0.6859844585334013 0.7276161918557311
1629013283.127244234 -0.2731631957779758 -1.3119870422278943 0.0 0.0 0.0 0.6859845137728814 0.7276161397768631
1629013283.027065277 -0.29158282691370097 -1.7197016913637215 0.0 0.0 0.0 0.5781245377802673 0.8159485393187197
1629013283.227453947 -0.2919604783672315 -1.720234818125843 0.0 0.0 0.0 0.5781245045410857 0.8159485628696972
1629013283.127244234 -0.29783753555873915 -1.9631563492533093 0.0 0.0 0.0 0.5229747655103487 0.8523481651528299
1629013283.227453947 -0.29606600050720555 -1.9626525409291102 0.0 0.0 0.0 0.5229747826023495 0.8523481546657007
1629013283.227453947 -0.3226569184583551 -2.0446078762671496 0.0 0.0 0.0 0.4983075080059336 0.8670003618597378
1629013283.227453947 -0.322341599601962 -2.044608837445845 0.0 0.0 0.0 0.49830746621882605 0.8670003858768308
1629013283.227453947 -0.32141992103105466 -2.045183350785255 0.0 0.0 0.0 0.4983074593588974 0.8670003898195668
1629013283.227453947 -0.3219602436042978 -2.045916577303367 0.0 0.0 0.0 0.49830742794964183 0.867000407871999
1629013283.728429317 -0.32131952485327475 -2.046354640810268 0.0 0.0 0.0 0.49830743417180573 0.8670004042958178
1629013283.728429317 -0.32146203235952986 -2.0478477776303676 0.0 0.0 0.0 0.49830744683221634 0.867000397019262
1629013283.728429317 -0.34488400959557247 -2.1366641309444296 0.0 0.0 0.0 0.42481899375788484 0.9052783122015783
1629013283.928811550 -0.34448383132091587 -2.1355897319818746 0.0 0.0 0.0 0.42481899841035503 0.9052783100183185
1629013284.029018402 -0.3455081995883127 -2.135277613212869 0.0 0.0 0.0 0.4248189401058928 0.9052783373787897
1629013283.928811550 -0.42539477310524426 -2.231447505622265 0.0 0.0 0.0 0.3798574817349457 0.9250450224556561
1629013284.129204512 -0.42634259545808645 -2.2321687279697713 0.0 0.0 0.0 0.37985748162763044 0.9250450224997238
1629013284.029018402 -0.47009126740971824 -2.265201828523039 0.0 0.0 0.0 0.35798947640912276 0.9337256207153802
1629013284.129204512 -0.46926463535337537 -2.2658746064528565 0.0 0.0 0.0 0.3579894870674478 0.9337256166289889
1629013284.129204512 -0.5077426258120108 -2.287562089212693 0.0 0.0 0.0 0.3352413994146103 0.942132264662735
1629013284.129204512 -0.5084943078145989 -2.287248089882447 0.0 0.0 0.0 0.3352414050536208 0.942132262656191
1629013284.129204512 -0.5085781233263613 -2.287856272268395 0.0 0.0 0.0 0.3352414612414308 0.9421322426627327
1629013284.129204512 -0.5086371780678876 -2.2884196040377693 0.0 0.0 0.0 0.33524148130421677 0.9421322355237371
1629013285.031048775 -0.5094080698575787 -2.288931847298685 0.0 0.0 0.0 0.3352415124469656 0.9421322244421273
1629013285.131157875 -0.5088600295360176 -2.2891337745617624 0.0 0.0 0.0 0.3352415646065348 0.942132205882042
1629013285.131157875 -0.5080647070615989 -2.2887936058034604 0.0 0.0 0.0 0.3352415732294392 0.9421322028137297
1629013285.031048775 -0.6120805861501676 -2.267051308826502 0.0 0.0 0.0 0.3557760298899501 0.9345712474475905
1629013285.331543922 -0.6106625705056842 -2.265808616172157 0.0 0.0 0.0 0.355776012433926 0.9345712540928139
1629013285.131157875 -0.6444934172362944 -2.2729517772503898 0.0 0.0 0.0 0.377505003499314 0.9260075444255208
1629013285.331543922 -0.6432002160791233 -2.272484100237584 0.0 0.0 0.0 0.3775050380136908 0.9260075303550624
1629013285.331543922 -0.6428597151453663 -2.27230074924618 0.0 0.0 0.0 0.3775050747086178 0.9260075153956586
1629013285.331543922 -0.6860086544104502 -2.2760889658524794 0.0 0.0 0.0 0.41942116047237 0.9077917658516244
1629013285.632148743 -0.6841261160214865 -2.2762428744604914 0.0 0.0 0.0 0.4194211504015627 0.9077917705045744
1629013285.732345343 -0.6844614130219352 -2.276411848778116 0.0 0.0 0.0 0.4194211222507925 0.9077917835108917
1629013285.732345343 -0.6849013728356387 -2.2760722126390953 0.0 0.0 0.0 0.4194211678229925 0.9077917624554638
1629013285.632148743 -0.7285356152385565 -2.3207938537529444 0.0 0.0 0.0 0.4834070442948028 0.8753956988277716
1629013285.932733774 -0.7286615639736308 -2.32034624381563 0.0 0.0 0.0 0.48340702198980695 0.8753957111449349
1629013285.732345343 -0.7535151106697745 -2.350328866250111 0.0 0.0 0.0 0.5055396970843572 0.8628033464653787
1629013285.932733774 -0.753551569367449 -2.350383287711563 0.0 0.0 0.0 0.5055396874998729 0.862803352081186
1629013285.932733774 -0.7858071910254255 -2.4301622519311423 0.0 0.0 0.0 0.5481728613705112 0.8363650602798196
1629013285.932733774 -0.7854699697414559 -2.430584439595074 0.0 0.0 0.0 0.5481728262018881 0.8363650833301415
1629013285.932733774 -0.785518953344583 -2.4311006896056497 0.0 0.0 0.0 0.5481728212232596 0.8363650865932486
1629013286.233335018 -0.7846114771065589 -2.4306938220077394 0.0 0.0 0.0 0.5481728068882343 0.8363650959887521
1629013286.233335018 -0.7861188948299876 -2.4313992624013636 0.0 0.0 0.0 0.5481728201108438 0.8363650873223514
1629013286.233335018 -0.8477754893736655 -2.625909725645211 0.0 0.0 0.0 0.609886122661638 0.7924890645206112
1629013286.233335018 -0.8473491977901151 -2.6254920998922233 0.0 0.0 0.0 0.6098861389737138 0.7924890519671145
1629013286.233335018 -0.848834278591388 -2.6260922017570714 0.0 0.0 0.0 0.6098861491280417 0.7924890441525158
1629013286.233335018 -0.848625618206704 -2.626606793662679 0.0 0.0 0.0 0.6098860963588825 0.7924890847627644
1629013287.335497141 -0.8489976078638437 -2.626688513449312 0.0 0.0 0.0 0.6098861664173321 0.7924890308469704
1629013287.335497141 -0.8502045826102816 -2.6270985832721494 0.0 0.0 0.0 0.6098862037756747 0.7924890020966198
1629013287.335497141 -0.8500587502832819 -2.6279358368327657 0.0 0.0 0.0 0.6098862222223684 0.7924889879003543
1629013287.335497141 -0.8498830598985762 -2.6274840898461234 0.0 0.0 0.0 0.6098862232774607 0.792488987088373
1629013287.335497141 -0.8488243376117515 -2.6277160581315875 0.0 0.0 0.0 0.6098862511114947 0.7924889656677667
1629013288.238262653 -0.847882227629524 -2.6280352256581994 0.0 0.0 0.0 0.6098862551242018 0.7924889625796545
1629013288.238262653 -0.847936777353937 -2.6284439404363877 0.0 0.0 0.0 0.6098862312843963 0.7924889809263695
1629013288.238262653 -0.8492446527269261 -2.62926026356643 0.0 0.0 0.0 0.6098862065995629 0.7924889999234029
1629013288.238262653 -0.8509464281803265 -2.628811933210297 0.0 0.0 0.0 0.6098862079040446 0.7924889989194958
1629013288.238262653 -0.8511155673459431 -2.6297303487112185 0.0 0.0 0.0 0.6098862232760666 0.7924889870894458
1629013287.335497141 -0.9898346959436687 -2.9356486107821502 0.0 0.0 0.0 0.7130528949122146 0.7011102403027004
1629013288.238262653 -1.094724129642148 -3.3473137139097173 0.0 0.0 0.0 0.7813022009823006 0.6241529225600186
1629013288.238262653 -1.093951042735686 -3.347973097044112 0.0 0.0 0.0 0.7813022117632493 0.6241529090646415
1629013289.139037371 -1.0927248701191752 -3.348228265236413 0.0 0.0 0.0 0.78130219778356 0.6241529265641385
1629013289.239264727 -1.0920922127022077 -3.348617433682882 0.0 0.0 0.0 0.7813021697969984 0.6241529615971572
1629013289.339389801 -1.0909011350108138 -3.3488913378153025 0.0 0.0 0.0 0.7813021860796755 0.6241529412148277
1629013289.539778709 -1.090446680640793 -3.349398426495505 0.0 0.0 0.0 0.781302181579048 0.6241529468486232
1629013289.539778709 -1.0902375492250067 -3.34865991578877 0.0 0.0 0.0 0.7813022052501918 0.6241529172175575
1629013289.539778709 -1.0911849476566498 -3.3485576196494575 0.0 0.0 0.0 0.7813022109298577 0.6241529101078646
1629013289.740151167 -1.0915707928241465 -3.3478732589369886 0.0 0.0 0.0 0.7813022302379262 0.6241528859384073
1629013289.940553188 -1.0914241108241958 -3.348770050064827 0.0 0.0 0.0 0.7813022173010427 0.6241529021325418
1629013289.940553188 -1.0902929641725547 -3.347641232485566 0.0 0.0 0.0 0.7813022285950056 0.6241528879949828
1629013289.940553188 -1.0900503294364432 -3.3477029387800266 0.0 0.0 0.0 0.7813022287165476 0.624152887842839
1629013290.241132259 -1.0905050026536751 -3.348272638470933 0.0 0.0 0.0 0.7813021985235947 0.6241529256377777
1629013289.139037371 -1.091548950396641 -3.6489907403257162 0.0 0.0 0.0 0.7909766866540328 0.6118462888420654
1629013289.239264727 -1.1040262426286436 -3.6403584674306795 0.0 0.0 0.0 0.786464143577661 0.6176359371560693
1629013289.339389801 -1.116750389762509 -3.6297634657979705 0.0 0.0 0.0 0.7810521364757546 0.6244658198065443
1629013289.539778709 -1.1436943184821848 -3.5565305863246697 0.0 0.0 0.0 0.763581351801688 0.6457116377925265
1629013289.740151167 -1.1676304265181205 -3.465514313637779 0.0 0.0 0.0 0.7415072114651959 0.6709448973985189
1629013289.940553188 -1.191296300212258 -3.3614957701141486 0.0 0.0 0.0 0.7155690143654251 0.6985420428865352
1629013290.241132259 -1.209489495181816 -3.1797539509241792 0.0 0.0 0.0 0.6708075666791761 0.741631450577686
1629013290.642004013 -1.1825125008381596 -2.9210093238648533 0.0 0.0 0.0 0.6051516922495715 0.7961101866999818
1629013290.942499161 -1.1265464525611668 -2.716374849567418 0.0 0.0 0.0 0.5519333159109243 0.8338882507791867
1629013291.042703152 -1.1041782541975993 -2.6436162464746635 0.0 0.0 0.0 0.5333025505618432 0.8459245767586095
1629013291.643872261 -1.0056307964917222 -2.5224323716738013 0.0 0.0 0.0 0.4655137909822059 0.8850406264151804
1629013292.144999266 -1.00580658791924 -2.5234107634828575 0.0 0.0 0.0 0.46551381898566496 0.8850406116859166
1629013292.144999266 -1.0049443910208113 -2.5231722923962683 0.0 0.0 0.0 0.465513817775977 0.8850406123221886
1629013292.144999266 -0.8083892231230992 -2.2548285041809564 0.0 0.0 0.0 0.3808937109385127 0.9246188300956718
1629013292.144999266 -0.8084015781152225 -2.2551847559714284 0.0 0.0 0.0 0.3808937855612782 0.9246187993550634
1629013292.345243454 -0.8081802613964861 -2.253881052149725 0.0 0.0 0.0 0.38089382823691187 0.9246187817749701
1629013292.445479393 -0.807490999776784 -2.254887279854915 0.0 0.0 0.0 0.38089386940305436 0.9246187648167048
1629013292.345243454 -0.7154109389840491 -2.1672715527752096 0.0 0.0 0.0 0.36572701981230227 0.9307221642247551
1629013292.445479393 -0.7161893766837142 -2.166396124999207 0.0 0.0 0.0 0.36572704503323367 0.9307221543141966
1629013292.445479393 -0.7153078860360136 -2.1656492403111276 0.0 0.0 0.0 0.36572703106137733 0.930722159804434
1629013292.445479393 -0.665886731713616 -2.115772223877327 0.0 0.0 0.0 0.3657270162836133 0.9307221656113523
1629013292.445479393 -0.6657958605223919 -2.1160081289069366 0.0 0.0 0.0 0.3657269806908404 0.9307221795975218
1629013292.445479393 -0.667200905452087 -2.1155269116037 0.0 0.0 0.0 0.3657269858137258 0.9307221775844856
1629013293.047432423 -0.6662264595410333 -2.1151998613046534 0.0 0.0 0.0 0.3657269418462534 0.9307221948614889
1629013293.047432423 -0.6659074301144384 -2.1138384806257378 0.0 0.0 0.0 0.36572694146269724 0.9307221950122071
1629013293.047432423 -0.5053825364171086 -2.0346060484698727 0.0 0.0 0.0 0.43531307809505265 0.9002791367344967
1629013293.247035027 -0.5050846084520064 -2.034431929764969 0.0 0.0 0.0 0.4353130835540001 0.9002791340949251
1629013293.247035027 -0.5056754719465323 -2.0344018912219264 0.0 0.0 0.0 0.43531306826932603 0.9002791414855423
1629013293.247035027 -0.4223560309158685 -1.9327241082126667 0.0 0.0 0.0 0.475558747598862 0.8796839646044492
1629013293.247035027 -0.4216139965185617 -1.9319265390627731 0.0 0.0 0.0 0.47555876320714374 0.8796839561665836
1629013293.247035027 -0.42156438433249926 -1.932514936410777 0.0 0.0 0.0 0.47555875662184793 0.8796839597266066
1629013293.247035027 -0.4227183141691715 -1.931374535512087 0.0 0.0 0.0 0.47555876802143665 0.879683953563968
1629013293.848223686 -0.42330688809416595 -1.9316134087498293 0.0 0.0 0.0 0.4755587947549863 0.8796839391117612
1629013293.848223686 -0.42314563754142753 -1.9316108273192567 0.0 0.0 0.0 0.4755588275194082 0.8796839213992522
1629013293.848223686 -0.42380242549773806 -1.9317556532410272 0.0 0.0 0.0 0.47555885031092965 0.8796839090781113
1629013293.848223686 -0.30242227271865757 -1.786277312194808 0.0 0.0 0.0 0.5737436682484756 0.8190349218102871
1629013293.848223686 -0.3027871321329779 -1.7861397357496207 0.0 0.0 0.0 0.5737436416318784 0.8190349404555283
1629013294.248976707 -0.3018779390960177 -1.7848765830002442 0.0 0.0 0.0 0.5737436048838122 0.8190349661979811
1629013294.248976707 -0.302290425290653 -1.7867614047016425 0.0 0.0 0.0 0.5737435872587288 0.8190349785445585
1629013294.248976707 -0.2535109826090977 -1.6577403626721032 0.0 0.0 0.0 0.6112981117403258 0.7914004160870224
1629013294.248976707 -0.2525406903760021 -1.656825380969184 0.0 0.0 0.0 0.611298101076515 0.7914004243240249
1629013294.449362993 -0.2538694485336932 -1.6578590584201671 0.0 0.0 0.0 0.611298151293734 0.7914003855349472
1629013294.549557686 -0.25383109725931957 -1.657642145051936 0.0 0.0 0.0 0.611298142142066 0.7914003926039325
1629013294.449362993 -0.23887855928546928 -1.6134648764874193 0.0 0.0 0.0 0.619171704108177 0.7852556276982523
1629013294.549557686 -0.2387790679584284 -1.6140606086422642 0.0 0.0 0.0 0.6191716778721603 0.7852556483852718
1629013294.549557686 -0.24271364464975617 -1.6085020831318504 0.0 0.0 0.0 0.6221770873584295 0.7828765368601752
1629013294.549557686 -0.24306695700101102 -1.6088886303823131 0.0 0.0 0.0 0.622177072645295 0.7828765485531747
1629013294.549557686 -0.24157982330207164 -1.6092041440235212 0.0 0.0 0.0 0.6221770836148979 0.7828765398352797
1629013294.549557686 -0.2416331902806227 -1.6096219641069796 0.0 0.0 0.0 0.6221770874997068 0.7828765367478976
1629013294.549557686 -0.2420451276540776 -1.6099491356297018 0.0 0.0 0.0 0.6221770668052966 0.7828765531944084
1629013295.150742054 -0.24273245437647778 -1.609505765304342 0.0 0.0 0.0 0.6221771133725057 0.7828765161859539
1629013295.250942469 -0.242514407173378 -1.6090074881738825 0.0 0.0 0.0 0.6221771533378172 0.7828764844242355
1629013295.150742054 -0.2382590340977258 -1.5988293425535107 0.0 0.0 0.0 0.631926597860735 0.7750282413668271
1629013295.351131916 -0.2384302523917401 -1.5984379987025257 0.0 0.0 0.0 0.6319265827639019 0.7750282536761725
1629013295.250942469 -0.23796589762535014 -1.5984067422040389 0.0 0.0 0.0 0.6330373180463101 0.7741212785867179
1629013295.351131916 -0.23742718712769054 -1.5987206789438326 0.0 0.0 0.0 0.6330373215326313 0.7741212757357804
1629013295.351131916 -0.23883782647383298 -1.5981648088447558 0.0 0.0 0.0 0.6340097748069692 0.7733250322142794
1629013295.351131916 -0.23827180869104586 -1.5981588305333232 0.0 0.0 0.0 0.6340098143836544 0.7733249997673708
1629013295.651784420 -0.23759833486996812 -1.5993618552475584 0.0 0.0 0.0 0.6340098115989546 0.7733250020504044
1629013295.651784420 -0.23683748632266444 -1.6005917241719345 0.0 0.0 0.0 0.6340097874227876 0.7733250218712128
1629013295.651784420 -0.23762552230754755 -1.6001174135527971 0.0 0.0 0.0 0.6361013453965867 0.771605519928838
1629013295.651784420 -0.23754870769147793 -1.5997682661797101 0.0 0.0 0.0 0.636101329493706 0.7716055330389613
1629013295.651784420 -0.2371373486749753 -1.599124950012496 0.0 0.0 0.0 0.6361013468264364 0.7716055187500889
1629013295.651784420 -0.23793201519202095 -1.5999351947884122 0.0 0.0 0.0 0.6361013546436157 0.7716055123057098
1629013296.152692318 -0.23709989444747662 -1.6014093716482722 0.0 0.0 0.0 0.6361013994752702 0.7716054753470861
1629013296.152692318 -0.24093337508894883 -1.6008510780246636 0.0 0.0 0.0 0.6388110725786165 0.7693636419476538
1629013296.252875090 -0.24094205439190602 -1.6006022826389672 0.0 0.0 0.0 0.6388110736647171 0.7693636410458525
1629013296.252875090 -0.23634307880615452 -1.6008144888559688 0.0 0.0 0.0 0.6401249415920968 0.7682708240924646
1629013296.453254938 -0.23790532912267323 -1.6008962611900976 0.0 0.0 0.0 0.6401249315593933 0.7682708324517351
1629013296.453254938 -0.23775136526076684 -1.600151673851999 0.0 0.0 0.0 0.6401249595060221 0.7682708091665422
1629013296.453254938 -0.2388035373402143 -1.5999947237760643 0.0 0.0 0.0 0.6422070766165618 0.766531193588108
1629013296.453254938 -0.23862339427807572 -1.60023322502457 0.0 0.0 0.0 0.642207077852641 0.7665311925525092
1629013296.753854752 -0.23811601776679725 -1.6005674658413411 0.0 0.0 0.0 0.6422070919829044 0.7665311807140407
1629013296.753854752 -0.2367188847997961 -1.600160874481909 0.0 0.0 0.0 0.6422070656217693 0.7665312027996489
1629013296.753854752 -0.23824895242921926 -1.6011262397908317 0.0 0.0 0.0 0.6455198234942873 0.7637435155049791
1629013296.753854752 -0.23907083794246828 -1.6014820448955351 0.0 0.0 0.0 0.6455197837681096 0.7637435490817405
1629013297.054462671 -0.23817446819853 -1.6024636715471097 0.0 0.0 0.0 0.6455198011134664 0.7637435344213598
1629013297.154661655 -0.23854873657931122 -1.6029858122114053 0.0 0.0 0.0 0.6455198430075858 0.7637434990122415
1629013297.054462671 -0.24101836198620535 -1.6015154856530098 0.0 0.0 0.0 0.6489007085522626 0.7608730974613123
1629013297.254834890 -0.24232686244368434 -1.6008485808362487 0.0 0.0 0.0 0.6489006833448496 0.7608731189591252
1629013297.154661655 -0.24318432350289929 -1.6010506251680197 0.0 0.0 0.0 0.6504535435321104 0.7595460405442984
1629013297.254834890 -0.24320810361385997 -1.6006715046050803 0.0 0.0 0.0 0.6504535585221491 0.759546027707257
1629013297.254834890 -0.24280740389454128 -1.60154507392727 0.0 0.0 0.0 0.6504535662830434 0.7595460210610483
1629013297.254834890 -0.24545736975601568 -1.5998148465979616 0.0 0.0 0.0 0.6520310756474693 0.7581922423699706
1629013297.555447102 -0.2441371055183422 -1.59992680152357 0.0 0.0 0.0 0.6520310523830386 0.758192262376943
1629013297.555447102 -0.24404388201993682 -1.5993139344515075 0.0 0.0 0.0 0.6520310484959941 0.758192265719728
1629013297.755830765 -0.24353784306855444 -1.6008472099419218 0.0 0.0 0.0 0.6520310599624297 0.7581922558588094
1629013297.555447102 -0.24937476908091602 -1.5986020412677255 0.0 0.0 0.0 0.6553438389053349 0.7553306910279884
1629013297.856037855 -0.2497695432277484 -1.598832959527219 0.0 0.0 0.0 0.6553438463565996 0.7553306845630844
1629013297.755830765 -0.2521119481056107 -1.5973658567008855 0.0 0.0 0.0 0.6575615764907518 0.753400805098453
1629013297.956216335 -0.2527811433600951 -1.596680253346345 0.0 0.0 0.0 0.6575615736404302 0.7534008075861885
1629013297.856037855 -0.2513819889775858 -1.5969899726620373 0.0 0.0 0.0 0.6591370153020942 0.7520228687072267
1629013297.956216335 -0.25054268368799304 -1.5961334215968916 0.0 0.0 0.0 0.6591370091859974 0.7520228740678959
1629013297.956216335 -0.2528851662324441 -1.59532577859578 0.0 0.0 0.0 0.6607517971342064 0.7506044648041448
1629013298.056957483 -0.2520600319908221 -1.596113017040576 0.0 0.0 0.0 0.6607518296355666 0.7506044361934262
1629013298.156583786 -0.2510989502502162 -1.59655340555465 0.0 0.0 0.0 0.6607518314471897 0.750604434598667
1629013298.056957483 -0.2541160921211952 -1.596591175603459 0.0 0.0 0.0 0.6621993128850995 0.749327745392163
1629013298.356981039 -0.2531018089420211 -1.5960945727353606 0.0 0.0 0.0 0.6621992916357684 0.7493277641707176
1629013298.156583786 -0.2528721315600074 -1.5958934754875165 0.0 0.0 0.0 0.6633769902577696 0.7482853525203758
1629013298.356981039 -0.25283477691697426 -1.5958531377375025 0.0 0.0 0.0 0.663377027243086 0.7482853197318026
1629013298.356981039 -0.2541791997865569 -1.5949359365195532 0.0 0.0 0.0 0.6656374021752469 0.7462753170414982
1629013298.557417154 -0.25460979675069845 -1.5950046056774458 0.0 0.0 0.0 0.6656374634483626 0.7462752623891734
1629013298.557417154 -0.25428518201728045 -1.5953378346883333 0.0 0.0 0.0 0.6656374488280112 0.7462752754297416
1629013298.557417154 -0.25749136358890307 -1.594947666759004 0.0 0.0 0.0 0.6676184388398099 0.7445036065198711
1629013298.557417154 -0.25694395403648024 -1.595346212248537 0.0 0.0 0.0 0.6676184531774683 0.7445035936628678
1629013298.557417154 -0.2570311795739931 -1.595070681173528 0.0 0.0 0.0 0.6676184762344797 0.7445035729869612
1629013298.958150387 -0.2567724297688584 -1.596053025448596 0.0 0.0 0.0 0.6676184862521061 0.7445035640038579
1629013298.958150387 -0.25701822020296944 -1.5958445232912104 0.0 0.0 0.0 0.6676184809353731 0.7445035687715303
1629013298.958150387 -0.26279125539021864 -1.5941590862421662 0.0 0.0 0.0 0.6706271773996281 0.7417945732701257
1629013299.158659935 -0.26243812980017517 -1.5951144228105951 0.0 0.0 0.0 0.6706272177678086 0.741794536774846
1629013299.158659935 -0.2623319329280252 -1.5938023059435884 0.0 0.0 0.0 0.6706272093785157 0.7417945443592749
1629013299.158659935 -0.26176637435390787 -1.5936112747331945 0.0 0.0 0.0 0.6706271918376121 0.7417945602173143
1629013299.158659935 -0.26201277590355737 -1.5933466874270796 0.0 0.0 0.0 0.6724586184733498 0.7401347218182064
1629013299.358932257 -0.2628612816782345 -1.5938096647611952 0.0 0.0 0.0 0.6724586005238521 0.7401347381264456
1629013299.358932257 -0.26217820181821877 -1.5931315349798538 0.0 0.0 0.0 0.6724585913830948 0.740134746431394
1629013299.358932257 -0.2625465977138525 -1.592753174487142 0.0 0.0 0.0 0.6744723215540243 0.7383001337244393
1629013299.358932257 -0.26143903438554195 -1.5921027485409542 0.0 0.0 0.0 0.6744723246064571 0.7383001309358965
1629013299.759720087 -0.26157273618465693 -1.5929762467071353 0.0 0.0 0.0 0.6744723293066256 0.7383001266420688
1629013299.759720087 -0.2612289997955235 -1.5938798867335426 0.0 0.0 0.0 0.6744722866961081 0.7383001655688036
1629013299.759720087 -0.2660123327171412 -1.5936404860413353 0.0 0.0 0.0 0.6782272768419232 0.7348522034719562
1629013299.759720087 -0.2656903169232537 -1.594616850948959 0.0 0.0 0.0 0.678227282364328 0.7348521983750869
1629013300.060306549 -0.2657889219019695 -1.5946404634849878 0.0 0.0 0.0 0.6782272757127937 0.7348522045140792
1629013300.160758972 -0.2651434140890675 -1.5949218137365209 0.0 0.0 0.0 0.6782272481331819 0.7348522299685096
1629013300.060306549 -0.2704130127434416 -1.5942799330955624 0.0 0.0 0.0 0.6809581138980398 0.7323223655716273
1629013300.160758972 -0.2695123467299678 -1.5946611381922664 0.0 0.0 0.0 0.6809580915810372 0.7323223863233403
1629013300.160758972 -0.27061742498971086 -1.5947986627347281 0.0 0.0 0.0 0.6823302279442912 0.7310440889806111
1629013300.361333370 -0.2696029569678246 -1.5945041913173263 0.0 0.0 0.0 0.682330263830124 0.7310440554860653
1629013300.361333370 -0.2700732628838218 -1.593811987775464 0.0 0.0 0.0 0.6840632870977986 0.7294226615926837
1629013300.461078167 -0.2706085315305564 -1.593978474445858 0.0 0.0 0.0 0.6840633088328221 0.7294226412092588
1629013300.461078167 -0.27096019750044303 -1.5923716231019067 0.0 0.0 0.0 0.6840633132218229 0.729422637093189
1629013300.461078167 -0.2715250974344143 -1.5915519775775067 0.0 0.0 0.0 0.6844193923984927 0.729088537359406
1629013300.461078167 -0.2723430000578467 -1.5908739388978996 0.0 0.0 0.0 0.6844194000919993 0.7290885301372583
1629013300.461078167 -0.271995894048387 -1.5906916947591332 0.0 0.0 0.0 0.6844193870806196 0.7290885423514685
1629013300.461078167 -0.27255989816720666 -1.5901446368074181 0.0 0.0 0.0 0.684419400737752 0.729088529531069
1629013300.962058544 -0.2727703942207017 -1.5907779161368698 0.0 0.0 0.0 0.6844194068428139 0.7290885238000464
1629013300.962058544 -0.2721750366569879 -1.5900553160753952 0.0 0.0 0.0 0.6832788024167474 0.7301575707804004
1629013300.962058544 -0.27287812671923994 -1.5912192800437932 0.0 0.0 0.0 0.683278781402062 0.7301575904458661
1629013300.962058544 -0.2730553541265104 -1.5915015952942588 0.0 0.0 0.0 0.6832787830696856 0.7301575888853101
1629013300.962058544 -0.2734186398848492 -1.5908528153375059 0.0 0.0 0.0 0.6832788084308621 0.7301575651524137
1629013301.362841129 -0.2717860884511565 -1.5904183659925077 0.0 0.0 0.0 0.6832788011640054 0.7301575719527119
1629013301.362841129 -0.27175867799456566 -1.5909163484278717 0.0 0.0 0.0 0.6832787865526484 0.7301575856259663
1629013301.362841129 -0.2716616218617811 -1.5911627480814767 0.0 0.0 0.0 0.6836352049599743 0.7298238873449772
1629013301.362841129 -0.2718359229453341 -1.5901396252177467 0.0 0.0 0.0 0.6836352020095573 0.7298238901086699
1629013301.362841129 -0.270872213291469 -1.5894934786868415 0.0 0.0 0.0 0.683635209188085 0.7298238833844527
1629013301.362841129 -0.2700102606998637 -1.5891044655829876 0.0 0.0 0.0 0.6836351886761529 0.7298239025982369
1629013301.863822460 -0.2701727375280386 -1.590037274032655 0.0 0.0 0.0 0.6836351842221837 0.7298239067703256
1629013301.863822460 -0.27000702823151856 -1.5905475701542842 0.0 0.0 0.0 0.6836351352724285 0.7298239526221707
1629013301.863822460 -0.2693110986043035 -1.5902026121804986 0.0 0.0 0.0 0.6836351475858332 0.7298239410880517
1629013301.863822460 -0.26982791029668746 -1.588870284987089 0.0 0.0 0.0 0.683635161495179 0.7298239280589945
1629013302.164443970 -0.2707948138891547 -1.5895056053813346 0.0 0.0 0.0 0.6836351806169253 0.7298239101474163
1629013302.164443970 -0.2710440003146997 -1.589286880614211 0.0 0.0 0.0 0.6836351860344071 0.7298239050727934
1629013302.164443970 -0.27199439544877535 -1.5897394785791035 0.0 0.0 0.0 0.6836351800638688 0.7298239106654711
1629013302.164443970 -0.2715005359490078 -1.5886649026263873 0.0 0.0 0.0 0.6836352146889032 0.7298238782317671
1629013302.164443970 -0.2730626517801852 -1.589632554039214 0.0 0.0 0.0 0.6836352455286814 0.7298238493437574
1629013302.164443970 -0.27472690157376933 -1.5903838627522489 0.0 0.0 0.0 0.6836352675466129 0.7298238287192815
1629013302.665424824 -0.2748766507714747 -1.590147281227948 0.0 0.0 0.0 0.6836352581523082 0.7298238375190461
1629013302.665424824 -0.27462849553096286 -1.5896934059563812 0.0 0.0 0.0 0.6836352286452906 0.7298238651586431
1629013302.665424824 -0.27464963355182026 -1.5897745269068675 0.0 0.0 0.0 0.684543236597961 0.7289722609454957
1629013302.865775824 -0.27517019646704866 -1.5896511269212892 0.0 0.0 0.0 0.6845432229277759 0.7289722737825172
1629013302.865775824 -0.27532679798933074 -1.5895188720210183 0.0 0.0 0.0 0.6847211759722718 0.7288051256509858
1629013302.865775824 -0.27473002976005234 -1.588690727872582 0.0 0.0 0.0 0.6847211739335782 0.728805127566363
1629013302.865775824 -0.2738920937421688 -1.5888729482295405 0.0 0.0 0.0 0.6847211788683033 0.7288051229301294
1629013302.865775824 -0.273456850133229 -1.5876892288212061 0.0 0.0 0.0 0.6847211385526385 0.7288051608071793
1629013302.865775824 -0.2734079309083896 -1.5875808386983425 0.0 0.0 0.0 0.6847211625077935 0.7288051383010248
1629013303.867745638 -0.27378487251341654 -1.5875773818797005 0.0 0.0 0.0 0.6847211897116359 0.7288051127426879
1629013303.867745638 -0.2749029038510927 -1.5860716040356762 0.0 0.0 0.0 0.6847211695559494 0.7288051316791978
1629013303.867745638 -0.2762172679697595 -1.5867607615962722 0.0 0.0 0.0 0.6848990545546012 0.7286379657073967
1629013304.068133831 -0.2757358040141507 -1.587133672767541 0.0 0.0 0.0 0.6848990523868095 0.7286379677450595
1629013304.168321133 -0.2756704934049198 -1.5872486313299228 0.0 0.0 0.0 0.6848990682131653 0.728637952868733
1629013304.068133831 -0.2754989066038239 -1.587772654191492 0.0 0.0 0.0 0.6847211332634892 0.7288051657763981
1629013304.168321133 -0.27492093790779815 -1.5880385316608614 0.0 0.0 0.0 0.6847211346765656 0.7288051644487961
1629013304.168321133 -0.27545931365766246 -1.5888794058587625 0.0 0.0 0.0 0.6847211449513892 0.7288051547954766
1629013304.168321133 -0.2745504607823018 -1.5891891464545091 0.0 0.0 0.0 0.6847211247135532 0.7288051738091648
1629013304.370109081 -0.27387884423291525 -1.5881100650993176 0.0 0.0 0.0 0.6847211352439562 0.7288051639157258
1629013304.370109081 -0.2740053195938992 -1.589112206982031 0.0 0.0 0.0 0.684365141018724 0.7291394611172968
1629013304.370109081 -0.27396820801981775 -1.5891040023110001 0.0 0.0 0.0 0.6843651074216978 0.7291394926512266
1629013304.370109081 -0.2735518564316849 -1.588243440790238 0.0 0.0 0.0 0.6843651027187206 0.7291394970654073
1629013304.370109081 -0.2727696481885207 -1.5898809269421499 0.0 0.0 0.0 0.6843650993329893 0.7291395002432304
1629013304.769490957 -0.2736967224440766 -1.5895698168666912 0.0 0.0 0.0 0.6843650953520126 0.7291395039797465
1629013304.769490957 -0.27404247964922723 -1.5898824260148774 0.0 0.0 0.0 0.684365095111869 0.7291395042051435
1629013304.769490957 -0.2743990903791786 -1.5899230924241698 0.0 0.0 0.0 0.6838774288798611 0.7295969176666459
1629013304.769490957 -0.27556264201629577 -1.591665810777336 0.0 0.0 0.0 0.6838773964680963 0.7295969480473573
1629013304.769490957 -0.2756939650969804 -1.5906664822624335 0.0 0.0 0.0 0.6838773997799547 0.7295969449430336
1629013304.769490957 -0.27555210023511106 -1.5902823519260936 0.0 0.0 0.0 0.6838774172060469 0.7295969286089315
1629013305.271343708 -0.2751377738802679 -1.5905467469742427 0.0 0.0 0.0 0.6838774357680053 0.7295969112101406
1629013305.271343708 -0.27495077255662737 -1.5906914576423745 0.0 0.0 0.0 0.6833139694875268 0.7301246599747192
1629013305.470873833 -0.2749646946729578 -1.5902751992682898 0.0 0.0 0.0 0.6833139504786727 0.7301246777648528
1629013305.571066380 -0.27479789944268274 -1.589316522493655 0.0 0.0 0.0 0.6833139760887353 0.7301246537967357
1629013305.470873833 -0.27547508502492896 -1.588355335605606 0.0 0.0 0.0 0.6834400117881506 0.7300066782482285
1629013305.571066380 -0.27545788920934633 -1.5878023783739994 0.0 0.0 0.0 0.6834399883820427 0.7300067001612749
1629013305.571066380 -0.275407761275296 -1.5882819674622333 0.0 0.0 0.0 0.683439991671014 0.7300066970821051
1629013305.571066380 -0.27587586329863323 -1.5885477915304853 0.0 0.0 0.0 0.6836582137329628 0.7298023340572807
1629013305.571066380 -0.27599672418072124 -1.5882602805814285 0.0 0.0 0.0 0.6836582018023313 0.729802345233559
1629013305.571066380 -0.27547675605081023 -1.590254824926366 0.0 0.0 0.0 0.6836582125300067 0.7298023351841758
1629013306.072058678 -0.2756696609019456 -1.5894182587573504 0.0 0.0 0.0 0.6836582187368339 0.7298023293697955
1629013306.172584057 -0.27545977659258103 -1.5888489691248335 0.0 0.0 0.0 0.6836582053464028 0.7298023419135731
1629013306.272438526 -0.2763067384356029 -1.5883381946015573 0.0 0.0 0.0 0.6836582076028751 0.7298023397997735
1629013306.072058678 -0.27620991272654327 -1.5890518075374123 0.0 0.0 0.0 0.6831540821954543 0.7302742635336991
1629013306.272438526 -0.27517852881653265 -1.5897067560506748 0.0 0.0 0.0 0.6831540855536035 0.7302742603922309
1629013306.172584057 -0.2750744849958722 -1.5906613667567318 0.0 0.0 0.0 0.6828721291161332 0.7305379218605966
1629013306.272438526 -0.2737854721728312 -1.5900611574122903 0.0 0.0 0.0 0.6828721657185505 0.7305378876463948
1629013306.272438526 -0.2726727946091785 -1.589775813891032 0.0 0.0 0.0 0.6825384214259157 0.7308497131951406
1629013306.575726032 -0.272976872636378 -1.5896386570002317 0.0 0.0 0.0 0.6825384213005079 0.7308497133122585
1629013306.575726032 -0.2739312946353009 -1.5896023378345447 0.0 0.0 0.0 0.6825384020208546 0.7308497313174701
1629013306.575726032 -0.2738493381759588 -1.589830363515544 0.0 0.0 0.0 0.6825383778963829 0.730849753847242
1629013306.575726032 -0.27290038846602654 -1.589686615568398 0.0 0.0 0.0 0.682017989228173 0.7313353966335553
1629013306.575726032 -0.273838881154281 -1.5901051863284952 0.0 0.0 0.0 0.6820180066228869 0.7313353804118489
1629013306.575726032 -0.2738164509906211 -1.590436042022289 0.0 0.0 0.0 0.6820180041551527 0.7313353827131723
1629013306.575726032 -0.2735120773909514 -1.5897473205593295 0.0 0.0 0.0 0.6820180301232268 0.7313353584962464
1629013307.374596596 -0.27453589042754223 -1.5898396096293081 0.0 0.0 0.0 0.682018062241868 0.7313353285435126
1629013307.374596596 -0.27429416853735844 -1.5889403156175688 0.0 0.0 0.0 0.6820180404923042 0.7313353488264038
1629013307.374596596 -0.2747887611362608 -1.588633819514759 0.0 0.0 0.0 0.682018062902089 0.7313353279278132
1629013307.374596596 -0.27481341064012005 -1.58929508884361 0.0 0.0 0.0 0.682196586042381 0.7311688026660603
1629013307.374596596 -0.27532287971521574 -1.588705754280133 0.0 0.0 0.0 0.6821965996317955 0.7311687899868373
1629013307.374596596 -0.2754172280740316 -1.5878613962941692 0.0 0.0 0.0 0.6821965953866062 0.7311687939476925
1629013307.975763083 -0.27551728503275785 -1.5879744451252982 0.0 0.0 0.0 0.6821966050486508 0.7311687849327918
1629013308.075963020 -0.27488069461472653 -1.5877082190299103 0.0 0.0 0.0 0.6821965793494437 0.7311688089107181
1629013307.975763083 -0.2751649670396599 -1.5868384272213292 0.0 0.0 0.0 0.6827319024754075 0.7306689738467829
1629013308.075963020 -0.2754547386272793 -1.5870079645503261 0.0 0.0 0.0 0.6827319033184249 0.7306689730590733
1629013308.075963020 -0.27562313946431805 -1.5877928185197356 0.0 0.0 0.0 0.6829503030925914 0.7304648407046964
1629013308.075963020 -0.27591482195090034 -1.5872300056300317 0.0 0.0 0.0 0.6829503250058904 0.7304648202167909
1629013308.476742268 -0.275995782706822 -1.587488153004203 0.0 0.0 0.0 0.6829503356156932 0.7304648102971231
1629013308.577086210 -0.2768540170614522 -1.5874841235155075 0.0 0.0 0.0 0.6829503454855774 0.7304648010692442
1629013308.476742268 -0.27783260287092587 -1.5867716724444574 0.0 0.0 0.0 0.6830764636596738 0.7303468660809016
1629013308.577086210 -0.2781161494850417 -1.586814287067147 0.0 0.0 0.0 0.6830764743473046 0.7303468560850085
1629013308.577086210 -0.2780155039744257 -1.5859511112633893 0.0 0.0 0.0 0.6833583449661423 0.7300831270239949
1629013308.777350664 -0.2785392771551039 -1.585592973102086 0.0 0.0 0.0 0.6833583464058685 0.7300831256764103
1629013308.777350664 -0.27885849662016154 -1.5861931959423567 0.0 0.0 0.0 0.6830248358687411 0.7303951489341091
1629013308.777350664 -0.2784462776266382 -1.5860484222339208 0.0 0.0 0.0 0.6830248173991061 0.7303951662058817
1629013308.777350664 -0.27859549521181376 -1.5861085528757042 0.0 0.0 0.0 0.6830248123808443 0.7303951708986803
1629013308.777350664 -0.27789467626309083 -1.58650932347193 0.0 0.0 0.0 0.6830248139169453 0.7303951694622044
1629013308.777350664 -0.2775660382888332 -1.5864859463924388 0.0 0.0 0.0 0.6830248100101121 0.7303951731156568
